0 verbose cli /data/data/com.termux/files/usr/bin/node /data/data/com.termux/files/usr/bin/npm
1 info using npm@11.15.0
2 info using node@v26.1.0
3 silly config load:file:/data/data/com.termux/files/usr/lib/node_modules/npm/npmrc
4 silly config load:file:/data/data/com.termux/files/home/xavi-bot-v1.5/.npmrc
5 silly config load:file:/data/data/com.termux/files/home/.npmrc
6 silly config load:file:/data/data/com.termux/files/usr/etc/npmrc
7 verbose title npm install
8 verbose argv "install" "--ignore-scripts"
9 verbose logfile logs-max:10 dir:/data/data/com.termux/files/home/.npm/_logs/2026-05-22T00_11_53_630Z-
10 verbose logfile /data/data/com.termux/files/home/.npm/_logs/2026-05-22T00_11_53_630Z-debug-0.log
11 silly logfile done cleaning log files
12 silly packumentCache heap:1071644672 maxSize:267911168 maxEntrySize:133955584
13 silly idealTree buildDeps
14 silly fetch manifest @adiwajshing/keyed-db@^0.2.4
15 silly packumentCache full:https://registry.npmjs.org/@adiwajshing%2fkeyed-db cache-miss
16 http fetch GET 200 https://registry.npmjs.org/@adiwajshing%2fkeyed-db 1982ms (cache revalidated)
17 silly packumentCache full:https://registry.npmjs.org/@adiwajshing%2fkeyed-db set size:39732 disposed:false
18 silly fetch manifest @distube/ytdl-core@^4.13.5
19 silly packumentCache full:https://registry.npmjs.org/@distube%2fytdl-core cache-miss
20 http fetch GET 200 https://registry.npmjs.org/@distube%2fytdl-core 1135ms (cache revalidated)
21 silly packumentCache full:https://registry.npmjs.org/@distube%2fytdl-core set size:186402 disposed:false
22 silly fetch manifest @hapi/boom@^9.1.4
23 silly packumentCache full:https://registry.npmjs.org/@hapi%2fboom cache-miss
24 http fetch GET 200 https://registry.npmjs.org/@hapi%2fboom 1026ms (cache revalidated)
25 silly packumentCache full:https://registry.npmjs.org/@hapi%2fboom set size:55492 disposed:false
26 silly fetch manifest @whiskeysockets/baileys@6.6.0
27 silly packumentCache full:https://registry.npmjs.org/@whiskeysockets%2fbaileys cache-miss
28 http fetch GET 200 https://registry.npmjs.org/@whiskeysockets%2fbaileys 785ms (cache revalidated)
29 silly packumentCache full:https://registry.npmjs.org/@whiskeysockets%2fbaileys set size:194192 disposed:false
30 silly fetch manifest jimp@^0.16.1
31 silly packumentCache full:https://registry.npmjs.org/jimp cache-miss
32 http fetch GET 200 https://registry.npmjs.org/jimp 277ms (cache revalidated)
33 silly packumentCache full:https://registry.npmjs.org/jimp set size:1198045 disposed:false
34 silly fetch manifest link-preview-js@^3.0.0
35 silly packumentCache full:https://registry.npmjs.org/link-preview-js cache-miss
36 http fetch GET 200 https://registry.npmjs.org/link-preview-js 430ms (cache revalidated)
37 silly packumentCache full:https://registry.npmjs.org/link-preview-js set size:150486 disposed:false
38 silly fetch manifest qrcode-terminal@^0.12.0
39 silly packumentCache full:https://registry.npmjs.org/qrcode-terminal cache-miss
40 http fetch GET 200 https://registry.npmjs.org/qrcode-terminal 558ms (cache revalidated)
41 silly packumentCache full:https://registry.npmjs.org/qrcode-terminal set size:29799 disposed:false
42 silly fetch manifest sharp@^0.32.2
43 silly packumentCache full:https://registry.npmjs.org/sharp cache-miss
44 http fetch GET 200 https://registry.npmjs.org/sharp 336ms (cache revalidated)
45 silly packumentCache full:https://registry.npmjs.org/sharp set size:1072564 disposed:false
46 silly fetch manifest acrcloud@^1.4.0
47 silly packumentCache full:https://registry.npmjs.org/acrcloud cache-miss
48 http fetch GET 200 https://registry.npmjs.org/acrcloud 479ms (cache revalidated)
49 silly packumentCache full:https://registry.npmjs.org/acrcloud set size:20858 disposed:false
50 silly fetch manifest anime-character-random@latest
51 silly packumentCache full:https://registry.npmjs.org/anime-character-random cache-miss
52 http fetch GET 200 https://registry.npmjs.org/anime-character-random 800ms (cache revalidated)
53 silly packumentCache full:https://registry.npmjs.org/anime-character-random set size:40189 disposed:false
54 silly fetch manifest async-g-i-s@^1.4.0
55 silly packumentCache full:https://registry.npmjs.org/async-g-i-s cache-miss
56 http fetch GET 200 https://registry.npmjs.org/async-g-i-s 991ms (cache revalidated)
57 silly packumentCache full:https://registry.npmjs.org/async-g-i-s set size:24267 disposed:false
58 silly fetch manifest node-fetch@^2.6.1
59 silly packumentCache full:https://registry.npmjs.org/node-fetch cache-miss
60 http fetch GET 200 https://registry.npmjs.org/node-fetch 497ms (cache revalidated)
61 silly packumentCache full:https://registry.npmjs.org/node-fetch set size:896010 disposed:false
62 silly fetch manifest encoding@^0.1.0
63 silly packumentCache full:https://registry.npmjs.org/encoding cache-miss
64 http fetch GET 200 https://registry.npmjs.org/encoding 702ms (cache revalidated)
65 silly packumentCache full:https://registry.npmjs.org/encoding set size:17833 disposed:false
66 silly fetch manifest axios@^0.24.0
67 silly packumentCache full:https://registry.npmjs.org/axios cache-miss
68 http fetch GET 200 https://registry.npmjs.org/axios 931ms (cache revalidated)
69 silly packumentCache full:https://registry.npmjs.org/axios set size:820578 disposed:false
70 silly fetch manifest bcryptjs@^2.4.3
71 silly packumentCache full:https://registry.npmjs.org/bcryptjs cache-miss
72 http fetch GET 200 https://registry.npmjs.org/bcryptjs 529ms (cache revalidated)
73 silly packumentCache full:https://registry.npmjs.org/bcryptjs set size:80385 disposed:false
74 silly fetch manifest canvas@^2.11.2
75 silly packumentCache full:https://registry.npmjs.org/canvas cache-miss
76 http fetch GET 200 https://registry.npmjs.org/canvas 687ms (cache revalidated)
77 silly packumentCache full:https://registry.npmjs.org/canvas set size:372046 disposed:false
78 silly fetch manifest cheerio@^1.0.0-rc.10
79 silly packumentCache full:https://registry.npmjs.org/cheerio cache-miss
80 http fetch GET 200 https://registry.npmjs.org/cheerio 428ms (cache revalidated)
81 silly packumentCache full:https://registry.npmjs.org/cheerio set size:169071 disposed:false
82 silly fetch manifest child_process@^1.0.2
83 silly packumentCache full:https://registry.npmjs.org/child_process cache-miss
84 http fetch GET 200 https://registry.npmjs.org/child_process 443ms (cache revalidated)
85 silly packumentCache full:https://registry.npmjs.org/child_process set size:2845 disposed:false
86 silly fetch manifest connect-pg-simple@^9.0.1
87 silly packumentCache full:https://registry.npmjs.org/connect-pg-simple cache-miss
88 http fetch GET 200 https://registry.npmjs.org/connect-pg-simple 487ms (cache revalidated)
89 silly packumentCache full:https://registry.npmjs.org/connect-pg-simple set size:90936 disposed:false
90 silly fetch manifest cookie-parser@^1.4.6
91 silly packumentCache full:https://registry.npmjs.org/cookie-parser cache-miss
92 http fetch GET 200 https://registry.npmjs.org/cookie-parser 460ms (cache revalidated)
93 silly packumentCache full:https://registry.npmjs.org/cookie-parser set size:44731 disposed:false
94 silly fetch manifest crypto-js@latest
95 silly packumentCache full:https://registry.npmjs.org/crypto-js cache-miss
96 http fetch GET 200 https://registry.npmjs.org/crypto-js 484ms (cache revalidated)
97 silly packumentCache full:https://registry.npmjs.org/crypto-js set size:45574 disposed:false
98 silly fetch manifest dotenv@^16.0.0
99 silly packumentCache full:https://registry.npmjs.org/dotenv cache-miss
100 http fetch GET 200 https://registry.npmjs.org/dotenv 484ms (cache revalidated)
101 silly packumentCache full:https://registry.npmjs.org/dotenv set size:277832 disposed:false
102 silly fetch manifest express@^4.18.1
103 silly packumentCache full:https://registry.npmjs.org/express cache-miss
104 http fetch GET 200 https://registry.npmjs.org/express 656ms (cache revalidated)
105 silly packumentCache full:https://registry.npmjs.org/express set size:804947 disposed:false
106 silly fetch manifest express-session@^1.17.3
107 silly packumentCache full:https://registry.npmjs.org/express-session cache-miss
108 http fetch GET 200 https://registry.npmjs.org/express-session 505ms (cache revalidated)
109 silly packumentCache full:https://registry.npmjs.org/express-session set size:198689 disposed:false
110 silly fetch manifest ffmpeg@^0.0.4
111 silly packumentCache full:https://registry.npmjs.org/ffmpeg cache-miss
112 http fetch GET 200 https://registry.npmjs.org/ffmpeg 485ms (cache revalidated)
113 silly packumentCache full:https://registry.npmjs.org/ffmpeg set size:28048 disposed:false
114 silly fetch manifest file-type@^16.5.3
115 silly packumentCache full:https://registry.npmjs.org/file-type cache-miss
116 http fetch GET 200 https://registry.npmjs.org/file-type 703ms (cache revalidated)
117 silly packumentCache full:https://registry.npmjs.org/file-type set size:558008 disposed:false
118 silly fetch manifest fluent-ffmpeg@^2.1.2
119 silly packumentCache full:https://registry.npmjs.org/fluent-ffmpeg cache-miss
120 http fetch GET 200 https://registry.npmjs.org/fluent-ffmpeg 421ms (cache revalidated)
121 silly packumentCache full:https://registry.npmjs.org/fluent-ffmpeg set size:135448 disposed:false
122 silly fetch manifest form-data@^4.0.0
123 silly packumentCache full:https://registry.npmjs.org/form-data cache-miss
124 http fetch GET 200 https://registry.npmjs.org/form-data 149ms (cache revalidated)
125 silly packumentCache full:https://registry.npmjs.org/form-data set size:153646 disposed:false
126 silly fetch manifest fs-extra@^10.1.0
127 silly packumentCache full:https://registry.npmjs.org/fs-extra cache-miss
128 http fetch GET 200 https://registry.npmjs.org/fs-extra 465ms (cache revalidated)
129 silly packumentCache full:https://registry.npmjs.org/fs-extra set size:234923 disposed:false
130 silly fetch manifest google-tts-api@^2.0.2
131 silly packumentCache full:https://registry.npmjs.org/google-tts-api cache-miss
132 http fetch GET 200 https://registry.npmjs.org/google-tts-api 547ms (cache revalidated)
133 silly packumentCache full:https://registry.npmjs.org/google-tts-api set size:30562 disposed:false
134 silly fetch manifest jsdom@^16.4.0
135 silly packumentCache full:https://registry.npmjs.org/jsdom cache-miss
136 http fetch GET 200 https://registry.npmjs.org/jsdom 608ms (cache revalidated)
137 silly packumentCache full:https://registry.npmjs.org/jsdom set size:1064917 disposed:false
138 silly fetch manifest moment@^2.30.1
139 silly packumentCache full:https://registry.npmjs.org/moment cache-miss
140 http fetch GET 200 https://registry.npmjs.org/moment 730ms (cache revalidated)
141 silly packumentCache full:https://registry.npmjs.org/moment set size:241531 disposed:false
142 silly fetch manifest moment-timezone@^0.5.34
143 silly packumentCache full:https://registry.npmjs.org/moment-timezone cache-miss
144 http fetch GET 200 https://registry.npmjs.org/moment-timezone 421ms (cache revalidated)
145 silly packumentCache full:https://registry.npmjs.org/moment-timezone set size:164337 disposed:false
146 silly fetch manifest mongoose@^6.2.1
147 silly packumentCache full:https://registry.npmjs.org/mongoose cache-miss
148 http fetch GET 200 https://registry.npmjs.org/mongoose 523ms (cache revalidated)
149 silly packumentCache full:https://registry.npmjs.org/mongoose set size:4150843 disposed:false
150 silly fetch manifest multer@^1.4.5-lts.1
151 silly packumentCache full:https://registry.npmjs.org/multer cache-miss
152 http fetch GET 200 https://registry.npmjs.org/multer 758ms (cache revalidated)
153 silly packumentCache full:https://registry.npmjs.org/multer set size:150932 disposed:false
154 silly fetch manifest node-cron@^3.0.0
155 silly packumentCache full:https://registry.npmjs.org/node-cron cache-miss
156 http fetch GET 200 https://registry.npmjs.org/node-cron 466ms (cache revalidated)
157 silly packumentCache full:https://registry.npmjs.org/node-cron set size:97388 disposed:false
158 silly fetch manifest node-webpmux@^3.1.0
159 silly packumentCache full:https://registry.npmjs.org/node-webpmux cache-miss
160 http fetch GET 200 https://registry.npmjs.org/node-webpmux 442ms (cache revalidated)
161 silly packumentCache full:https://registry.npmjs.org/node-webpmux set size:77757 disposed:false
162 silly fetch manifest path@^0.12.7
163 silly packumentCache full:https://registry.npmjs.org/path cache-miss
164 http fetch GET 200 https://registry.npmjs.org/path 489ms (cache revalidated)
165 silly packumentCache full:https://registry.npmjs.org/path set size:7442 disposed:false
166 silly fetch manifest pg@^8.11.3
167 silly packumentCache full:https://registry.npmjs.org/pg cache-miss
168 http fetch GET 200 https://registry.npmjs.org/pg 485ms (cache revalidated)
169 silly packumentCache full:https://registry.npmjs.org/pg set size:477609 disposed:false
170 silly fetch manifest pg-native@>=3.0.1
171 silly packumentCache full:https://registry.npmjs.org/pg-native cache-miss
172 http fetch GET 200 https://registry.npmjs.org/pg-native 529ms (cache revalidated)
173 silly packumentCache full:https://registry.npmjs.org/pg-native set size:92711 disposed:false
174 silly fetch manifest pino@^7.0.5
175 silly packumentCache full:https://registry.npmjs.org/pino cache-miss
176 http fetch GET 200 https://registry.npmjs.org/pino 497ms (cache revalidated)
177 silly packumentCache full:https://registry.npmjs.org/pino set size:1274379 disposed:false
178 silly fetch manifest pm2@^5.2.0
179 silly packumentCache full:https://registry.npmjs.org/pm2 cache-miss
180 http fetch GET 200 https://registry.npmjs.org/pm2 521ms (cache revalidated)
181 silly packumentCache full:https://registry.npmjs.org/pm2 set size:1060668 disposed:false
182 silly fetch manifest puppeteer@latest
183 silly packumentCache full:https://registry.npmjs.org/puppeteer cache-miss
184 http fetch GET 200 https://registry.npmjs.org/puppeteer 764ms (cache revalidated)
185 silly packumentCache full:https://registry.npmjs.org/puppeteer set size:4034148 disposed:false
186 silly fetch manifest qrcode@latest
187 silly packumentCache full:https://registry.npmjs.org/qrcode cache-miss
188 http fetch GET 200 https://registry.npmjs.org/qrcode 455ms (cache revalidated)
189 silly packumentCache full:https://registry.npmjs.org/qrcode set size:131489 disposed:false
190 silly fetch manifest simple-git@^3.15.1
191 silly packumentCache full:https://registry.npmjs.org/simple-git cache-miss
192 http fetch GET 200 https://registry.npmjs.org/simple-git 520ms (cache revalidated)
193 silly packumentCache full:https://registry.npmjs.org/simple-git set size:688732 disposed:false
194 silly fetch manifest translatte@^3.0.1
195 silly packumentCache full:https://registry.npmjs.org/translatte cache-miss
196 http fetch GET 200 https://registry.npmjs.org/translatte 845ms (cache revalidated)
197 silly packumentCache full:https://registry.npmjs.org/translatte set size:64840 disposed:false
198 silly fetch manifest util@^0.12.4
199 silly packumentCache full:https://registry.npmjs.org/util cache-miss
200 http fetch GET 200 https://registry.npmjs.org/util 512ms (cache revalidated)
201 silly packumentCache full:https://registry.npmjs.org/util set size:40411 disposed:false
202 silly fetch manifest wa-sticker-formatter@^4.3.2
203 silly packumentCache full:https://registry.npmjs.org/wa-sticker-formatter cache-miss
204 http fetch GET 200 https://registry.npmjs.org/wa-sticker-formatter 411ms (cache revalidated)
205 silly packumentCache full:https://registry.npmjs.org/wa-sticker-formatter set size:138861 disposed:false
206 silly fetch manifest ytdl-core@^4.11.5
207 silly packumentCache full:https://registry.npmjs.org/ytdl-core cache-miss
208 http fetch GET 200 https://registry.npmjs.org/ytdl-core 454ms (cache revalidated)
209 silly packumentCache full:https://registry.npmjs.org/ytdl-core set size:498609 disposed:false
210 silly placeDep ROOT @adiwajshing/keyed-db@0.2.4 OK for: xavi-bot-v1.5@1.5.0 want: ^0.2.4
211 silly placeDep ROOT @distube/ytdl-core@4.16.12 OK for: xavi-bot-v1.5@1.5.0 want: ^4.13.5
212 silly placeDep ROOT @hapi/boom@9.1.4 OK for: xavi-bot-v1.5@1.5.0 want: ^9.1.4
213 silly placeDep ROOT @whiskeysockets/baileys@6.6.0 OK for: xavi-bot-v1.5@1.5.0 want: 6.6.0
214 silly placeDep ROOT acrcloud@1.4.0 OK for: xavi-bot-v1.5@1.5.0 want: ^1.4.0
215 silly placeDep ROOT anime-character-random@1.0.14 OK for: xavi-bot-v1.5@1.5.0 want: latest
216 silly placeDep ROOT async-g-i-s@1.5.5 OK for: xavi-bot-v1.5@1.5.0 want: ^1.4.0
217 silly placeDep ROOT node-fetch@2.7.0 OK for: async-g-i-s@1.5.5 want: ^2.7.0
218 silly placeDep ROOT axios@0.24.0 OK for: xavi-bot-v1.5@1.5.0 want: ^0.24.0
219 silly placeDep ROOT bcryptjs@2.4.3 OK for: xavi-bot-v1.5@1.5.0 want: ^2.4.3
220 silly placeDep ROOT canvas@2.11.2 OK for: xavi-bot-v1.5@1.5.0 want: ^2.11.2
221 silly placeDep ROOT cheerio@1.2.0 OK for: xavi-bot-v1.5@1.5.0 want: ^1.0.0-rc.10
222 silly placeDep ROOT child_process@1.0.2 OK for: xavi-bot-v1.5@1.5.0 want: ^1.0.2
223 silly placeDep ROOT connect-pg-simple@9.0.1 OK for: xavi-bot-v1.5@1.5.0 want: ^9.0.1
224 silly placeDep ROOT cookie-parser@1.4.7 OK for: xavi-bot-v1.5@1.5.0 want: ^1.4.6
225 silly placeDep ROOT crypto-js@4.2.0 OK for: xavi-bot-v1.5@1.5.0 want: latest
226 silly placeDep ROOT dotenv@16.6.1 OK for: xavi-bot-v1.5@1.5.0 want: ^16.0.0
227 silly placeDep ROOT express@4.22.2 OK for: xavi-bot-v1.5@1.5.0 want: ^4.18.1
228 silly placeDep ROOT express-session@1.19.0 OK for: xavi-bot-v1.5@1.5.0 want: ^1.17.3
229 silly placeDep ROOT ffmpeg@0.0.4 OK for: xavi-bot-v1.5@1.5.0 want: ^0.0.4
230 silly placeDep ROOT file-type@16.5.4 OK for: xavi-bot-v1.5@1.5.0 want: ^16.5.3
231 silly placeDep ROOT fluent-ffmpeg@2.1.3 OK for: xavi-bot-v1.5@1.5.0 want: ^2.1.2
232 silly placeDep ROOT form-data@4.0.5 OK for: xavi-bot-v1.5@1.5.0 want: ^4.0.0
233 silly placeDep ROOT fs-extra@10.1.0 OK for: xavi-bot-v1.5@1.5.0 want: ^10.1.0
234 silly placeDep ROOT google-tts-api@2.0.2 OK for: xavi-bot-v1.5@1.5.0 want: ^2.0.2
235 silly placeDep ROOT jimp@0.16.13 OK for: xavi-bot-v1.5@1.5.0 want: ^0.16.1
236 silly placeDep ROOT jsdom@16.7.0 OK for: xavi-bot-v1.5@1.5.0 want: ^16.4.0
237 silly placeDep ROOT moment@2.30.1 OK for: xavi-bot-v1.5@1.5.0 want: ^2.30.1
238 silly placeDep ROOT moment-timezone@0.5.48 OK for: xavi-bot-v1.5@1.5.0 want: ^0.5.34
239 silly placeDep ROOT mongoose@6.13.9 OK for: xavi-bot-v1.5@1.5.0 want: ^6.2.1
240 silly placeDep ROOT multer@1.4.5-lts.2 OK for: xavi-bot-v1.5@1.5.0 want: ^1.4.5-lts.1
241 silly placeDep ROOT node-cron@3.0.3 OK for: xavi-bot-v1.5@1.5.0 want: ^3.0.0
242 silly placeDep ROOT node-webpmux@3.2.1 OK for: xavi-bot-v1.5@1.5.0 want: ^3.1.0
243 silly placeDep ROOT path@0.12.7 OK for: xavi-bot-v1.5@1.5.0 want: ^0.12.7
244 silly placeDep ROOT pg@8.21.0 OK for: xavi-bot-v1.5@1.5.0 want: ^8.11.3
245 silly placeDep ROOT pino@7.11.0 OK for: xavi-bot-v1.5@1.5.0 want: ^7.0.5
246 silly placeDep ROOT pm2@5.4.3 OK for: xavi-bot-v1.5@1.5.0 want: ^5.2.0
247 silly placeDep ROOT puppeteer@25.0.4 OK for: xavi-bot-v1.5@1.5.0 want: latest
248 silly placeDep ROOT qrcode@1.5.4 OK for: xavi-bot-v1.5@1.5.0 want: latest
249 silly placeDep ROOT simple-git@3.36.0 OK for: xavi-bot-v1.5@1.5.0 want: ^3.15.1
250 silly placeDep ROOT translatte@3.0.1 OK for: xavi-bot-v1.5@1.5.0 want: ^3.0.1
251 silly placeDep ROOT util@0.12.5 OK for: xavi-bot-v1.5@1.5.0 want: ^0.12.4
252 silly placeDep ROOT wa-sticker-formatter@4.4.4 OK for: xavi-bot-v1.5@1.5.0 want: ^4.3.2
253 silly placeDep ROOT ytdl-core@4.11.5 OK for: xavi-bot-v1.5@1.5.0 want: ^4.11.5
254 silly fetch manifest sax@^1.4.1
255 silly packumentCache full:https://registry.npmjs.org/sax cache-miss
256 silly fetch manifest undici@^7.8.0
257 silly packumentCache full:https://registry.npmjs.org/undici cache-miss
258 silly fetch manifest miniget@^4.2.3
259 silly packumentCache full:https://registry.npmjs.org/miniget cache-miss
260 silly fetch manifest m3u8stream@^0.8.6
261 silly packumentCache full:https://registry.npmjs.org/m3u8stream cache-miss
262 silly fetch manifest tough-cookie@^5.1.2
263 silly packumentCache full:https://registry.npmjs.org/tough-cookie cache-miss
264 silly fetch manifest http-cookie-agent@^7.0.1
265 silly packumentCache full:https://registry.npmjs.org/http-cookie-agent cache-miss
266 silly fetch manifest https-proxy-agent@^7.0.6
267 silly packumentCache full:https://registry.npmjs.org/https-proxy-agent cache-miss
268 http fetch GET 200 https://registry.npmjs.org/sax 440ms (cache revalidated)
269 silly packumentCache full:https://registry.npmjs.org/sax set size:91199 disposed:false
270 silly fetch manifest @hapi/hoek@9.x.x
271 silly packumentCache full:https://registry.npmjs.org/@hapi%2fhoek cache-miss
272 http fetch GET 200 https://registry.npmjs.org/m3u8stream 480ms (cache revalidated)
273 silly packumentCache full:https://registry.npmjs.org/m3u8stream set size:70942 disposed:false
274 silly fetch manifest ws@^8.13.0
275 silly packumentCache full:https://registry.npmjs.org/ws cache-miss
276 http fetch GET 200 https://registry.npmjs.org/tough-cookie 894ms (cache revalidated)
277 silly packumentCache full:https://registry.npmjs.org/tough-cookie set size:149007 disposed:false
278 silly fetch manifest pino@^7.0.0
279 silly packumentCache full:https://registry.npmjs.org/pino cache-miss
280 http fetch GET 200 https://registry.npmjs.org/http-cookie-agent 933ms (cache revalidated)
281 silly packumentCache full:https://registry.npmjs.org/http-cookie-agent set size:143093 disposed:false
282 silly fetch manifest uuid@^9.0.0
283 silly packumentCache full:https://registry.npmjs.org/uuid cache-miss
284 http fetch GET 200 https://registry.npmjs.org/miniget 995ms (cache revalidated)
285 silly packumentCache full:https://registry.npmjs.org/miniget set size:76662 disposed:false
286 silly fetch manifest axios@^1.3.3
287 silly packumentCache full:https://registry.npmjs.org/axios cache-hit
288 silly fetch manifest libsignal@github:adiwajshing/libsignal-node
289 http fetch GET 200 https://registry.npmjs.org/undici 1049ms (cache revalidated)
290 silly packumentCache full:https://registry.npmjs.org/undici set size:1412963 disposed:false
291 silly fetch manifest node-cache@^5.1.2
292 silly packumentCache full:https://registry.npmjs.org/node-cache cache-miss
293 http fetch GET 200 https://registry.npmjs.org/https-proxy-agent 1219ms (cache revalidated)
294 silly packumentCache full:https://registry.npmjs.org/https-proxy-agent set size:81258 disposed:false
295 silly fetch manifest protobufjs@^7.2.4
296 silly packumentCache full:https://registry.npmjs.org/protobufjs cache-miss
297 http fetch GET 200 https://registry.npmjs.org/ws 865ms (cache revalidated)
298 silly packumentCache full:https://registry.npmjs.org/ws set size:418167 disposed:false
299 silly fetch manifest futoin-hkdf@^1.5.1
300 silly packumentCache full:https://registry.npmjs.org/futoin-hkdf cache-miss
301 http fetch GET 200 https://registry.npmjs.org/@hapi%2fhoek 1054ms (cache revalidated)
302 silly packumentCache full:https://registry.npmjs.org/@hapi%2fhoek set size:121471 disposed:false
303 silly fetch manifest audio-decode@^2.1.3
304 silly packumentCache full:https://registry.npmjs.org/audio-decode cache-miss
305 http cache https://registry.npmjs.org/pino 648ms (cache hit)
306 silly packumentCache full:https://registry.npmjs.org/pino set size:1274379 disposed:false
307 silly fetch manifest cache-manager@4.0.1
308 silly packumentCache full:https://registry.npmjs.org/cache-manager cache-miss
309 http fetch GET 200 https://registry.npmjs.org/uuid 874ms (cache revalidated)
310 silly packumentCache full:https://registry.npmjs.org/uuid set size:234700 disposed:false
311 silly fetch manifest music-metadata@^7.12.3
312 silly packumentCache full:https://registry.npmjs.org/music-metadata cache-miss
313 http fetch GET 200 https://registry.npmjs.org/node-cache 723ms (cache revalidated)
314 silly packumentCache full:https://registry.npmjs.org/node-cache set size:113081 disposed:false
315 silly fetch manifest libphonenumber-js@^1.10.20
316 silly packumentCache full:https://registry.npmjs.org/libphonenumber-js cache-miss
317 http fetch GET 200 https://registry.npmjs.org/audio-decode 486ms (cache revalidated)
318 silly packumentCache full:https://registry.npmjs.org/audio-decode set size:120660 disposed:false
319 silly fetch manifest form-data@^2.5.1
320 silly packumentCache full:https://registry.npmjs.org/form-data cache-hit
321 silly fetch manifest node-fetch@^2.6.0
322 silly packumentCache full:https://registry.npmjs.org/node-fetch cache-hit
323 silly fetch manifest whatwg-url@^5.0.0
324 silly packumentCache full:https://registry.npmjs.org/whatwg-url cache-miss
325 http fetch GET 200 https://registry.npmjs.org/protobufjs 900ms (cache revalidated)
326 silly packumentCache full:https://registry.npmjs.org/protobufjs set size:694349 disposed:false
327 silly fetch manifest follow-redirects@^1.14.4
328 silly packumentCache full:https://registry.npmjs.org/follow-redirects cache-miss
329 http fetch GET 200 https://registry.npmjs.org/futoin-hkdf 861ms (cache revalidated)
330 silly packumentCache full:https://registry.npmjs.org/futoin-hkdf set size:61772 disposed:false
331 silly fetch manifest nan@^2.17.0
332 silly packumentCache full:https://registry.npmjs.org/nan cache-miss
333 http fetch GET 200 https://registry.npmjs.org/cache-manager 560ms (cache revalidated)
334 silly packumentCache full:https://registry.npmjs.org/cache-manager set size:325685 disposed:false
335 silly fetch manifest simple-get@^3.0.3
336 silly packumentCache full:https://registry.npmjs.org/simple-get cache-miss
337 http fetch GET 200 https://registry.npmjs.org/music-metadata 550ms (cache revalidated)
338 silly packumentCache full:https://registry.npmjs.org/music-metadata set size:1277084 disposed:false
339 silly fetch manifest @mapbox/node-pre-gyp@^1.0.0
340 silly packumentCache full:https://registry.npmjs.org/@mapbox%2fnode-pre-gyp cache-miss
341 http fetch GET 200 https://registry.npmjs.org/whatwg-url 587ms (cache revalidated)
342 silly packumentCache full:https://registry.npmjs.org/whatwg-url set size:170765 disposed:false
343 silly fetch manifest parse5@^7.3.0
344 silly packumentCache full:https://registry.npmjs.org/parse5 cache-miss
345 http fetch GET 200 https://registry.npmjs.org/libphonenumber-js 772ms (cache revalidated)
346 silly packumentCache full:https://registry.npmjs.org/libphonenumber-js set size:3159628 disposed:false
347 silly fetch manifest undici@^7.19.0
348 silly packumentCache full:https://registry.npmjs.org/undici cache-miss
349 http fetch GET 200 https://registry.npmjs.org/follow-redirects 801ms (cache revalidated)
350 silly packumentCache full:https://registry.npmjs.org/follow-redirects set size:188945 disposed:false
351 silly fetch manifest domutils@^3.2.2
352 silly packumentCache full:https://registry.npmjs.org/domutils cache-miss
353 http fetch GET 200 https://registry.npmjs.org/nan 807ms (cache revalidated)
354 silly packumentCache full:https://registry.npmjs.org/nan set size:243188 disposed:false
355 silly fetch manifest domhandler@^5.0.3
356 silly packumentCache full:https://registry.npmjs.org/domhandler cache-miss
357 http fetch GET 200 https://registry.npmjs.org/simple-get 765ms (cache revalidated)
358 silly packumentCache full:https://registry.npmjs.org/simple-get set size:90014 disposed:false
359 silly fetch manifest htmlparser2@^10.1.0
360 silly packumentCache full:https://registry.npmjs.org/htmlparser2 cache-miss
361 http cache https://registry.npmjs.org/undici 413ms (cache hit)
362 silly packumentCache full:https://registry.npmjs.org/undici set size:1412963 disposed:false
363 silly fetch manifest cheerio-select@^2.1.0
364 silly packumentCache full:https://registry.npmjs.org/cheerio-select cache-miss
365 http fetch GET 200 https://registry.npmjs.org/parse5 938ms (cache revalidated)
366 silly packumentCache full:https://registry.npmjs.org/parse5 set size:123116 disposed:false
367 silly fetch manifest dom-serializer@^2.0.0
368 silly packumentCache full:https://registry.npmjs.org/dom-serializer cache-miss
369 http fetch GET 200 https://registry.npmjs.org/htmlparser2 500ms (cache revalidated)
370 silly packumentCache full:https://registry.npmjs.org/htmlparser2 set size:176911 disposed:false
371 silly fetch manifest whatwg-mimetype@^4.0.0
372 silly packumentCache full:https://registry.npmjs.org/whatwg-mimetype cache-miss
373 http fetch GET 200 https://registry.npmjs.org/domutils 699ms (cache revalidated)
374 silly packumentCache full:https://registry.npmjs.org/domutils set size:110068 disposed:false
375 silly fetch manifest encoding-sniffer@^0.2.1
376 silly packumentCache full:https://registry.npmjs.org/encoding-sniffer cache-miss
377 http fetch GET 200 https://registry.npmjs.org/@mapbox%2fnode-pre-gyp 1284ms (cache revalidated)
378 silly packumentCache full:https://registry.npmjs.org/@mapbox%2fnode-pre-gyp set size:134009 disposed:false
379 silly fetch manifest parse5-parser-stream@^7.1.2
380 silly packumentCache full:https://registry.npmjs.org/parse5-parser-stream cache-miss
381 http fetch GET 200 https://registry.npmjs.org/domhandler 866ms (cache revalidated)
382 silly packumentCache full:https://registry.npmjs.org/domhandler set size:78187 disposed:false
383 silly fetch manifest parse5-htmlparser2-tree-adapter@^7.1.0
384 silly packumentCache full:https://registry.npmjs.org/parse5-htmlparser2-tree-adapter cache-miss
385 http fetch GET 200 https://registry.npmjs.org/cheerio-select 497ms (cache revalidated)
386 silly packumentCache full:https://registry.npmjs.org/cheerio-select set size:36915 disposed:false
387 silly fetch manifest pg@^8.8.0
388 silly packumentCache full:https://registry.npmjs.org/pg cache-hit
389 silly fetch manifest cookie@0.7.2
390 silly packumentCache full:https://registry.npmjs.org/cookie cache-miss
391 http fetch GET 200 https://registry.npmjs.org/dom-serializer 563ms (cache revalidated)
392 silly packumentCache full:https://registry.npmjs.org/dom-serializer set size:61296 disposed:false
393 silly fetch manifest cookie-signature@1.0.6
394 silly packumentCache full:https://registry.npmjs.org/cookie-signature cache-miss
395 http fetch GET 200 https://registry.npmjs.org/whatwg-mimetype 466ms (cache revalidated)
396 silly packumentCache full:https://registry.npmjs.org/whatwg-mimetype set size:28179 disposed:false
397 silly fetch manifest qs@~6.15.1
398 silly packumentCache full:https://registry.npmjs.org/qs cache-miss
399 http fetch GET 200 https://registry.npmjs.org/encoding-sniffer 460ms (cache revalidated)
400 silly packumentCache full:https://registry.npmjs.org/encoding-sniffer set size:33052 disposed:false
401 silly fetch manifest depd@2.0.0
402 silly packumentCache full:https://registry.npmjs.org/depd cache-miss
403 http fetch GET 200 https://registry.npmjs.org/parse5-parser-stream 415ms (cache revalidated)
404 silly packumentCache full:https://registry.npmjs.org/parse5-parser-stream set size:21978 disposed:false
405 silly fetch manifest etag@~1.8.1
406 silly packumentCache full:https://registry.npmjs.org/etag cache-miss
407 http fetch GET 200 https://registry.npmjs.org/cookie 545ms (cache revalidated)
408 silly packumentCache full:https://registry.npmjs.org/cookie set size:72891 disposed:false
409 silly fetch manifest send@~0.19.0
410 silly packumentCache full:https://registry.npmjs.org/send cache-miss
411 http fetch GET 200 https://registry.npmjs.org/parse5-htmlparser2-tree-adapter 628ms (cache revalidated)
412 silly packumentCache full:https://registry.npmjs.org/parse5-htmlparser2-tree-adapter set size:24244 disposed:false
413 silly fetch manifest vary@~1.1.2
414 silly packumentCache full:https://registry.npmjs.org/vary cache-miss
415 http fetch GET 200 https://registry.npmjs.org/cookie-signature 454ms (cache revalidated)
416 silly packumentCache full:https://registry.npmjs.org/cookie-signature set size:21777 disposed:false
417 silly fetch manifest debug@2.6.9
418 silly packumentCache full:https://registry.npmjs.org/debug cache-miss
419 http fetch GET 200 https://registry.npmjs.org/depd 474ms (cache revalidated)
420 silly packumentCache full:https://registry.npmjs.org/depd set size:40182 disposed:false
421 silly fetch manifest fresh@~0.5.2
422 silly packumentCache full:https://registry.npmjs.org/fresh cache-miss
423 http fetch GET 200 https://registry.npmjs.org/qs 530ms (cache revalidated)
424 silly packumentCache full:https://registry.npmjs.org/qs set size:356906 disposed:false
425 silly fetch manifest cookie@~0.7.1
426 silly packumentCache full:https://registry.npmjs.org/cookie cache-hit
427 silly fetch manifest accepts@~1.3.8
428 silly packumentCache full:https://registry.npmjs.org/accepts cache-miss
429 http fetch GET 200 https://registry.npmjs.org/etag 596ms (cache revalidated)
430 silly packumentCache full:https://registry.npmjs.org/etag set size:30032 disposed:false
431 silly fetch manifest methods@~1.1.2
432 silly packumentCache full:https://registry.npmjs.org/methods cache-miss
433 http fetch GET 200 https://registry.npmjs.org/send 453ms (cache revalidated)
434 silly packumentCache full:https://registry.npmjs.org/send set size:152810 disposed:false
435 silly fetch manifest type-is@~1.6.18
436 silly packumentCache full:https://registry.npmjs.org/type-is cache-miss
437 http fetch GET 200 https://registry.npmjs.org/vary 479ms (cache revalidated)
438 silly packumentCache full:https://registry.npmjs.org/vary set size:15994 disposed:false
439 silly fetch manifest parseurl@~1.3.3
440 silly packumentCache full:https://registry.npmjs.org/parseurl cache-miss
441 http fetch GET 200 https://registry.npmjs.org/accepts 406ms (cache revalidated)
442 silly packumentCache full:https://registry.npmjs.org/accepts set size:77054 disposed:false
443 silly fetch manifest statuses@~2.0.1
444 silly packumentCache full:https://registry.npmjs.org/statuses cache-miss
445 http fetch GET 200 https://registry.npmjs.org/debug 597ms (cache revalidated)
446 silly packumentCache full:https://registry.npmjs.org/debug set size:195840 disposed:false
447 silly fetch manifest encodeurl@~2.0.0
448 silly packumentCache full:https://registry.npmjs.org/encodeurl cache-miss
449 http fetch GET 200 https://registry.npmjs.org/fresh 582ms (cache revalidated)
450 silly packumentCache full:https://registry.npmjs.org/fresh set size:25427 disposed:false
451 silly fetch manifest proxy-addr@~2.0.7
452 silly packumentCache full:https://registry.npmjs.org/proxy-addr cache-miss
453 http fetch GET 200 https://registry.npmjs.org/methods 439ms (cache revalidated)
454 silly packumentCache full:https://registry.npmjs.org/methods set size:12600 disposed:false
455 silly fetch manifest body-parser@~1.20.5
456 silly packumentCache full:https://registry.npmjs.org/body-parser cache-miss
457 http fetch GET 200 https://registry.npmjs.org/type-is 442ms (cache revalidated)
458 silly packumentCache full:https://registry.npmjs.org/type-is set size:88614 disposed:false
459 silly fetch manifest escape-html@~1.0.3
460 silly packumentCache full:https://registry.npmjs.org/escape-html cache-miss
461 http fetch GET 200 https://registry.npmjs.org/parseurl 450ms (cache revalidated)
462 silly packumentCache full:https://registry.npmjs.org/parseurl set size:24148 disposed:false
463 silly fetch manifest http-errors@~2.0.0
464 silly packumentCache full:https://registry.npmjs.org/http-errors cache-miss
465 http fetch GET 200 https://registry.npmjs.org/proxy-addr 569ms (cache revalidated)
466 silly packumentCache full:https://registry.npmjs.org/proxy-addr set size:61619 disposed:false
467 silly fetch manifest on-finished@~2.4.1
468 silly packumentCache full:https://registry.npmjs.org/on-finished cache-miss
469 http fetch GET 200 https://registry.npmjs.org/body-parser 566ms (cache revalidated)
470 silly packumentCache full:https://registry.npmjs.org/body-parser set size:199299 disposed:false
471 silly fetch manifest safe-buffer@5.2.1
472 silly packumentCache full:https://registry.npmjs.org/safe-buffer cache-miss
473 http fetch GET 200 https://registry.npmjs.org/statuses 779ms (cache revalidated)
474 silly packumentCache full:https://registry.npmjs.org/statuses set size:37117 disposed:false
475 silly fetch manifest utils-merge@1.0.1
476 silly packumentCache full:https://registry.npmjs.org/utils-merge cache-miss
477 http fetch GET 200 https://registry.npmjs.org/encodeurl 749ms (cache revalidated)
478 silly packumentCache full:https://registry.npmjs.org/encodeurl set size:12296 disposed:false
479 silly fetch manifest content-type@~1.0.4
480 silly packumentCache full:https://registry.npmjs.org/content-type cache-miss
481 http fetch GET 200 https://registry.npmjs.org/http-errors 503ms (cache revalidated)
482 silly packumentCache full:https://registry.npmjs.org/http-errors set size:71987 disposed:false
483 silly fetch manifest finalhandler@~1.3.1
484 silly packumentCache full:https://registry.npmjs.org/finalhandler cache-miss
485 http fetch GET 200 https://registry.npmjs.org/escape-html 551ms (cache revalidated)
486 silly packumentCache full:https://registry.npmjs.org/escape-html set size:7345 disposed:false
487 silly fetch manifest range-parser@~1.2.1
488 silly packumentCache full:https://registry.npmjs.org/range-parser cache-miss
489 silly fetch manifest serve-static@~1.16.2
490 silly packumentCache full:https://registry.npmjs.org/serve-static cache-miss
491 http fetch GET 200 https://registry.npmjs.org/on-finished 625ms (cache revalidated)
492 silly packumentCache full:https://registry.npmjs.org/on-finished set size:23212 disposed:false
493 silly fetch manifest array-flatten@1.1.1
494 silly packumentCache full:https://registry.npmjs.org/array-flatten cache-miss
495 http fetch GET 200 https://registry.npmjs.org/safe-buffer 598ms (cache revalidated)
496 silly packumentCache full:https://registry.npmjs.org/safe-buffer set size:41183 disposed:false
497 silly fetch manifest path-to-regexp@~0.1.12
498 silly packumentCache full:https://registry.npmjs.org/path-to-regexp cache-miss
499 http fetch GET 200 https://registry.npmjs.org/utils-merge 561ms (cache revalidated)
500 silly packumentCache full:https://registry.npmjs.org/utils-merge set size:5237 disposed:false
501 silly fetch manifest setprototypeof@1.2.0
502 silly packumentCache full:https://registry.npmjs.org/setprototypeof cache-miss
503 http fetch GET 200 https://registry.npmjs.org/content-type 565ms (cache revalidated)
504 silly packumentCache full:https://registry.npmjs.org/content-type set size:18994 disposed:false
505 silly fetch manifest cookie-signature@~1.0.6
506 silly packumentCache full:https://registry.npmjs.org/cookie-signature cache-hit
507 silly fetch manifest merge-descriptors@1.0.3
508 silly packumentCache full:https://registry.npmjs.org/merge-descriptors cache-miss
509 http fetch GET 200 https://registry.npmjs.org/range-parser 550ms (cache revalidated)
510 silly packumentCache full:https://registry.npmjs.org/range-parser set size:22228 disposed:false
511 silly fetch manifest content-disposition@~0.5.4
512 silly packumentCache full:https://registry.npmjs.org/content-disposition cache-miss
513 http fetch GET 200 https://registry.npmjs.org/finalhandler 594ms (cache revalidated)
514 silly packumentCache full:https://registry.npmjs.org/finalhandler set size:79291 disposed:false
515 silly fetch manifest cookie@~0.7.2
516 silly packumentCache full:https://registry.npmjs.org/cookie cache-hit
517 silly fetch manifest cookie-signature@~1.0.7
518 silly packumentCache full:https://registry.npmjs.org/cookie-signature cache-hit
519 silly fetch manifest debug@~2.6.9
520 silly packumentCache full:https://registry.npmjs.org/debug cache-hit
521 silly fetch manifest depd@~2.0.0
522 silly packumentCache full:https://registry.npmjs.org/depd cache-hit
523 silly fetch manifest on-headers@~1.1.0
524 silly packumentCache full:https://registry.npmjs.org/on-headers cache-miss
525 http fetch GET 200 https://registry.npmjs.org/serve-static 391ms (cache revalidated)
526 silly packumentCache full:https://registry.npmjs.org/serve-static set size:150391 disposed:false
527 silly fetch manifest safe-buffer@~5.2.1
528 silly packumentCache full:https://registry.npmjs.org/safe-buffer cache-hit
529 silly fetch manifest uid-safe@~2.1.5
530 silly packumentCache full:https://registry.npmjs.org/uid-safe cache-miss
531 http fetch GET 200 https://registry.npmjs.org/path-to-regexp 558ms (cache revalidated)
532 silly packumentCache full:https://registry.npmjs.org/path-to-regexp set size:216334 disposed:false
533 silly fetch manifest when@>= 0.0.1
534 silly packumentCache full:https://registry.npmjs.org/when cache-miss
535 http fetch GET 200 https://registry.npmjs.org/array-flatten 678ms (cache revalidated)
536 silly packumentCache full:https://registry.npmjs.org/array-flatten set size:24005 disposed:false
537 silly fetch manifest strtok3@^6.2.4
538 silly packumentCache full:https://registry.npmjs.org/strtok3 cache-miss
539 http fetch GET 200 https://registry.npmjs.org/setprototypeof 644ms (cache revalidated)
540 silly packumentCache full:https://registry.npmjs.org/setprototypeof set size:14532 disposed:false
541 silly fetch manifest token-types@^4.1.1
542 silly packumentCache full:https://registry.npmjs.org/token-types cache-miss
543 http fetch GET 200 https://registry.npmjs.org/merge-descriptors 627ms (cache revalidated)
544 silly packumentCache full:https://registry.npmjs.org/merge-descriptors set size:16527 disposed:false
545 silly fetch manifest readable-web-to-node-stream@^3.0.0
546 silly packumentCache full:https://registry.npmjs.org/readable-web-to-node-stream cache-miss
547 http fetch GET 200 https://registry.npmjs.org/uid-safe 538ms (cache revalidated)
548 silly packumentCache full:https://registry.npmjs.org/uid-safe set size:27213 disposed:false
549 silly fetch manifest async@^0.2.9
550 silly packumentCache full:https://registry.npmjs.org/async cache-miss
551 http fetch GET 200 https://registry.npmjs.org/content-disposition 772ms (cache revalidated)
552 silly packumentCache full:https://registry.npmjs.org/content-disposition set size:40258 disposed:false
553 silly fetch manifest which@^1.1.1
554 silly packumentCache full:https://registry.npmjs.org/which cache-miss
555 http fetch GET 200 https://registry.npmjs.org/on-headers 723ms (cache revalidated)
556 silly packumentCache full:https://registry.npmjs.org/on-headers set size:13226 disposed:false
557 silly fetch manifest asynckit@^0.4.0
558 silly packumentCache full:https://registry.npmjs.org/asynckit cache-miss
559 http fetch GET 200 https://registry.npmjs.org/asynckit 105ms (cache revalidated)
560 silly packumentCache full:https://registry.npmjs.org/asynckit set size:18932 disposed:false
561 silly fetch manifest combined-stream@^1.0.8
562 silly packumentCache full:https://registry.npmjs.org/combined-stream cache-miss
563 http fetch GET 200 https://registry.npmjs.org/when 585ms (cache revalidated)
564 silly packumentCache full:https://registry.npmjs.org/when set size:138568 disposed:false
565 silly fetch manifest es-set-tostringtag@^2.1.0
566 silly packumentCache full:https://registry.npmjs.org/es-set-tostringtag cache-miss
567 http fetch GET 200 https://registry.npmjs.org/readable-web-to-node-stream 538ms (cache revalidated)
568 silly packumentCache full:https://registry.npmjs.org/readable-web-to-node-stream set size:47148 disposed:false
569 silly fetch manifest hasown@^2.0.2
570 silly packumentCache full:https://registry.npmjs.org/hasown cache-miss
571 http fetch GET 200 https://registry.npmjs.org/strtok3 612ms (cache revalidated)
572 silly packumentCache full:https://registry.npmjs.org/strtok3 set size:412240 disposed:false
573 silly fetch manifest mime-types@^2.1.12
574 silly packumentCache full:https://registry.npmjs.org/mime-types cache-miss
575 http fetch GET 200 https://registry.npmjs.org/token-types 665ms (cache revalidated)
576 silly packumentCache full:https://registry.npmjs.org/token-types set size:155133 disposed:false
577 silly fetch manifest jsonfile@^6.0.1
578 silly packumentCache full:https://registry.npmjs.org/jsonfile cache-miss
579 http fetch GET 200 https://registry.npmjs.org/async 576ms (cache revalidated)
580 silly packumentCache full:https://registry.npmjs.org/async set size:230496 disposed:false
581 silly fetch manifest graceful-fs@^4.2.0
582 silly packumentCache full:https://registry.npmjs.org/graceful-fs cache-miss
583 http fetch GET 200 https://registry.npmjs.org/which 628ms (cache revalidated)
584 silly packumentCache full:https://registry.npmjs.org/which set size:70143 disposed:false
585 silly fetch manifest universalify@^2.0.0
586 silly packumentCache full:https://registry.npmjs.org/universalify cache-miss
587 http fetch GET 200 https://registry.npmjs.org/combined-stream 578ms (cache revalidated)
588 silly packumentCache full:https://registry.npmjs.org/combined-stream set size:40337 disposed:false
589 silly fetch manifest axios@^0.21.0
590 silly packumentCache full:https://registry.npmjs.org/axios cache-hit
591 silly fetch manifest @jimp/types@^0.16.13
592 silly packumentCache full:https://registry.npmjs.org/@jimp%2ftypes cache-miss
593 http fetch GET 200 https://registry.npmjs.org/universalify 301ms (cache revalidated)
594 silly packumentCache full:https://registry.npmjs.org/universalify set size:19431 disposed:false
595 silly fetch manifest @jimp/custom@^0.16.13
596 silly packumentCache full:https://registry.npmjs.org/@jimp%2fcustom cache-miss
597 http fetch GET 200 https://registry.npmjs.org/hasown 899ms (cache revalidated)
598 silly packumentCache full:https://registry.npmjs.org/hasown set size:15429 disposed:false
599 silly fetch manifest @jimp/plugins@^0.16.13
600 silly packumentCache full:https://registry.npmjs.org/@jimp%2fplugins cache-miss
601 http fetch GET 200 https://registry.npmjs.org/mime-types 831ms (cache revalidated)
602 silly packumentCache full:https://registry.npmjs.org/mime-types set size:139110 disposed:false
603 silly fetch manifest @babel/runtime@^7.7.2
604 silly packumentCache full:https://registry.npmjs.org/@babel%2fruntime cache-miss
605 http fetch GET 200 https://registry.npmjs.org/graceful-fs 688ms (cache revalidated)
606 silly packumentCache full:https://registry.npmjs.org/graceful-fs set size:124285 disposed:false
607 silly fetch manifest regenerator-runtime@^0.13.3
608 silly packumentCache full:https://registry.npmjs.org/regenerator-runtime cache-miss
609 http fetch GET 200 https://registry.npmjs.org/jsonfile 842ms (cache revalidated)
610 silly packumentCache full:https://registry.npmjs.org/jsonfile set size:53210 disposed:false
611 silly fetch manifest ws@^7.4.6
612 silly packumentCache full:https://registry.npmjs.org/ws cache-hit
613 silly fetch manifest abab@^2.0.5
614 silly packumentCache full:https://registry.npmjs.org/abab cache-miss
615 http fetch GET 200 https://registry.npmjs.org/es-set-tostringtag 1025ms (cache revalidated)
616 silly packumentCache full:https://registry.npmjs.org/es-set-tostringtag set size:22094 disposed:false
617 silly fetch manifest acorn@^8.2.4
618 silly packumentCache full:https://registry.npmjs.org/acorn cache-miss
619 http fetch GET 200 https://registry.npmjs.org/abab 529ms (cache revalidated)
620 silly packumentCache full:https://registry.npmjs.org/abab set size:30406 disposed:false
621 silly fetch manifest cssom@^0.4.4
622 silly packumentCache full:https://registry.npmjs.org/cssom cache-miss
623 http fetch GET 200 https://registry.npmjs.org/regenerator-runtime 577ms (cache revalidated)
624 silly packumentCache full:https://registry.npmjs.org/regenerator-runtime set size:59671 disposed:false
625 silly fetch manifest saxes@^5.0.1
626 silly packumentCache full:https://registry.npmjs.org/saxes cache-miss
627 http fetch GET 200 https://registry.npmjs.org/@jimp%2ftypes 1182ms (cache revalidated)
628 silly packumentCache full:https://registry.npmjs.org/@jimp%2ftypes set size:749307 disposed:false
629 silly fetch manifest nwsapi@^2.2.0
630 silly packumentCache full:https://registry.npmjs.org/nwsapi cache-miss
631 http fetch GET 200 https://registry.npmjs.org/@jimp%2fcustom 1066ms (cache revalidated)
632 silly packumentCache full:https://registry.npmjs.org/@jimp%2fcustom set size:1162364 disposed:false
633 silly fetch manifest parse5@6.0.1
634 silly packumentCache full:https://registry.npmjs.org/parse5 cache-hit
635 silly fetch manifest cssstyle@^2.3.0
636 silly packumentCache full:https://registry.npmjs.org/cssstyle cache-miss
637 http fetch GET 200 https://registry.npmjs.org/acorn 735ms (cache revalidated)
638 silly packumentCache full:https://registry.npmjs.org/acorn set size:379626 disposed:false
639 silly fetch manifest data-urls@^2.0.0
640 silly packumentCache full:https://registry.npmjs.org/data-urls cache-miss
641 http fetch GET 200 https://registry.npmjs.org/@jimp%2fplugins 992ms (cache revalidated)
642 silly packumentCache full:https://registry.npmjs.org/@jimp%2fplugins set size:931271 disposed:false
643 silly fetch manifest escodegen@^2.0.0
644 silly packumentCache full:https://registry.npmjs.org/escodegen cache-miss
645 http fetch GET 200 https://registry.npmjs.org/@babel%2fruntime 1056ms (cache revalidated)
646 silly packumentCache full:https://registry.npmjs.org/@babel%2fruntime set size:3404872 disposed:false
647 silly fetch manifest form-data@^3.0.0
648 silly packumentCache full:https://registry.npmjs.org/form-data cache-hit
649 silly fetch manifest decimal.js@^10.2.1
650 silly packumentCache full:https://registry.npmjs.org/decimal.js cache-miss
651 http fetch GET 200 https://registry.npmjs.org/nwsapi 711ms (cache revalidated)
652 silly packumentCache full:https://registry.npmjs.org/nwsapi set size:90535 disposed:false
653 silly fetch manifest whatwg-url@^8.5.0
654 silly packumentCache full:https://registry.npmjs.org/whatwg-url cache-hit
655 silly fetch manifest symbol-tree@^3.2.4
656 silly packumentCache full:https://registry.npmjs.org/symbol-tree cache-miss
657 http fetch GET 200 https://registry.npmjs.org/saxes 925ms (cache revalidated)
658 silly packumentCache full:https://registry.npmjs.org/saxes set size:228593 disposed:false
659 silly fetch manifest w3c-hr-time@^1.0.2
660 silly packumentCache full:https://registry.npmjs.org/w3c-hr-time cache-miss
661 http fetch GET 200 https://registry.npmjs.org/cssom 989ms (cache revalidated)
662 silly packumentCache full:https://registry.npmjs.org/cssom set size:42138 disposed:false
663 silly fetch manifest domexception@^2.0.1
664 silly packumentCache full:https://registry.npmjs.org/domexception cache-miss
665 http fetch GET 200 https://registry.npmjs.org/cssstyle 849ms (cache revalidated)
666 silly packumentCache full:https://registry.npmjs.org/cssstyle set size:165320 disposed:false
667 silly fetch manifest tough-cookie@^4.0.0
668 silly packumentCache full:https://registry.npmjs.org/tough-cookie cache-hit
669 silly fetch manifest acorn-globals@^6.0.0
670 silly packumentCache full:https://registry.npmjs.org/acorn-globals cache-miss
671 http fetch GET 200 https://registry.npmjs.org/escodegen 681ms (cache revalidated)
672 silly packumentCache full:https://registry.npmjs.org/escodegen set size:119723 disposed:false
673 silly fetch manifest whatwg-encoding@^1.0.5
674 silly packumentCache full:https://registry.npmjs.org/whatwg-encoding cache-miss
675 http fetch GET 200 https://registry.npmjs.org/data-urls 886ms (cache revalidated)
676 silly packumentCache full:https://registry.npmjs.org/data-urls set size:37311 disposed:false
677 silly fetch manifest whatwg-mimetype@^2.3.0
678 silly packumentCache full:https://registry.npmjs.org/whatwg-mimetype cache-hit
679 silly fetch manifest http-proxy-agent@^4.0.1
680 silly packumentCache full:https://registry.npmjs.org/http-proxy-agent cache-miss
681 http fetch GET 200 https://registry.npmjs.org/decimal.js 509ms (cache revalidated)
682 silly packumentCache full:https://registry.npmjs.org/decimal.js set size:107790 disposed:false
683 silly fetch manifest https-proxy-agent@^5.0.0
684 silly packumentCache full:https://registry.npmjs.org/https-proxy-agent cache-hit
685 silly fetch manifest w3c-xmlserializer@^2.0.0
686 silly packumentCache full:https://registry.npmjs.org/w3c-xmlserializer cache-miss
687 http fetch GET 200 https://registry.npmjs.org/symbol-tree 461ms (cache revalidated)
688 silly packumentCache full:https://registry.npmjs.org/symbol-tree set size:60614 disposed:false
689 silly fetch manifest webidl-conversions@^6.1.0
690 silly packumentCache full:https://registry.npmjs.org/webidl-conversions cache-miss
691 http fetch GET 200 https://registry.npmjs.org/domexception 516ms (cache revalidated)
692 silly packumentCache full:https://registry.npmjs.org/domexception set size:16884 disposed:false
693 silly fetch manifest xml-name-validator@^3.0.0
694 silly packumentCache full:https://registry.npmjs.org/xml-name-validator cache-miss
695 http fetch GET 200 https://registry.npmjs.org/w3c-hr-time 606ms (cache revalidated)
696 silly packumentCache full:https://registry.npmjs.org/w3c-hr-time set size:16565 disposed:false
697 silly fetch manifest html-encoding-sniffer@^2.0.1
698 silly packumentCache full:https://registry.npmjs.org/html-encoding-sniffer cache-miss
699 http fetch GET 200 https://registry.npmjs.org/acorn-globals 530ms (cache revalidated)
700 silly packumentCache full:https://registry.npmjs.org/acorn-globals set size:62159 disposed:false
701 silly fetch manifest is-potential-custom-element-name@^1.0.1
702 silly packumentCache full:https://registry.npmjs.org/is-potential-custom-element-name cache-miss
703 http fetch GET 200 https://registry.npmjs.org/whatwg-encoding 504ms (cache revalidated)
704 silly packumentCache full:https://registry.npmjs.org/whatwg-encoding set size:25704 disposed:false
705 silly fetch manifest ms@2.1.3
706 silly packumentCache full:https://registry.npmjs.org/ms cache-miss
707 http fetch GET 200 https://registry.npmjs.org/http-proxy-agent 708ms (cache revalidated)
708 silly packumentCache full:https://registry.npmjs.org/http-proxy-agent set size:54849 disposed:false
709 silly fetch manifest bson@^4.7.2
710 silly packumentCache full:https://registry.npmjs.org/bson cache-miss
711 http fetch GET 200 https://registry.npmjs.org/webidl-conversions 574ms (cache revalidated)
712 silly packumentCache full:https://registry.npmjs.org/webidl-conversions set size:46073 disposed:false
713 silly fetch manifest sift@16.0.1
714 silly packumentCache full:https://registry.npmjs.org/sift cache-miss
715 http fetch GET 200 https://registry.npmjs.org/w3c-xmlserializer 620ms (cache revalidated)
716 silly packumentCache full:https://registry.npmjs.org/w3c-xmlserializer set size:36375 disposed:false
717 silly fetch manifest mpath@0.9.0
718 silly packumentCache full:https://registry.npmjs.org/mpath cache-miss
719 http fetch GET 200 https://registry.npmjs.org/xml-name-validator 659ms (cache revalidated)
720 silly packumentCache full:https://registry.npmjs.org/xml-name-validator set size:11085 disposed:false
721 silly fetch manifest kareem@2.5.1
722 silly packumentCache full:https://registry.npmjs.org/kareem cache-miss
723 http fetch GET 200 https://registry.npmjs.org/html-encoding-sniffer 647ms (cache revalidated)
724 silly packumentCache full:https://registry.npmjs.org/html-encoding-sniffer set size:23370 disposed:false
725 silly fetch manifest mquery@4.0.3
726 silly packumentCache full:https://registry.npmjs.org/mquery cache-miss
727 http fetch GET 200 https://registry.npmjs.org/is-potential-custom-element-name 616ms (cache revalidated)
728 silly packumentCache full:https://registry.npmjs.org/is-potential-custom-element-name set size:6810 disposed:false
729 silly fetch manifest mongodb@4.17.2
730 silly packumentCache full:https://registry.npmjs.org/mongodb cache-miss
731 http fetch GET 200 https://registry.npmjs.org/ms 610ms (cache revalidated)
732 silly packumentCache full:https://registry.npmjs.org/ms set size:92208 disposed:false
733 silly fetch manifest xtend@^4.0.0
734 silly packumentCache full:https://registry.npmjs.org/xtend cache-miss
735 http fetch GET 200 https://registry.npmjs.org/sift 490ms (cache revalidated)
736 silly packumentCache full:https://registry.npmjs.org/sift set size:398463 disposed:false
737 silly fetch manifest busboy@^1.0.0
738 silly packumentCache full:https://registry.npmjs.org/busboy cache-miss
739 http fetch GET 200 https://registry.npmjs.org/bson 593ms (cache revalidated)
740 silly packumentCache full:https://registry.npmjs.org/bson set size:580424 disposed:false
741 silly fetch manifest mkdirp@^0.5.4
742 silly packumentCache full:https://registry.npmjs.org/mkdirp cache-miss
743 http fetch GET 200 https://registry.npmjs.org/mpath 676ms (cache revalidated)
744 silly packumentCache full:https://registry.npmjs.org/mpath set size:50773 disposed:false
745 silly fetch manifest type-is@^1.6.4
746 silly packumentCache full:https://registry.npmjs.org/type-is cache-hit
747 silly fetch manifest append-field@^1.0.0
748 silly packumentCache full:https://registry.npmjs.org/append-field cache-miss
749 http fetch GET 200 https://registry.npmjs.org/kareem 615ms (cache revalidated)
750 silly packumentCache full:https://registry.npmjs.org/kareem set size:117935 disposed:false
751 silly fetch manifest concat-stream@^1.5.2
752 silly packumentCache full:https://registry.npmjs.org/concat-stream cache-miss
753 http fetch GET 200 https://registry.npmjs.org/mquery 637ms (cache revalidated)
754 silly packumentCache full:https://registry.npmjs.org/mquery set size:172977 disposed:false
755 silly fetch manifest object-assign@^4.1.1
756 silly packumentCache full:https://registry.npmjs.org/object-assign cache-miss
757 http fetch GET 200 https://registry.npmjs.org/xtend 623ms (cache revalidated)
758 silly packumentCache full:https://registry.npmjs.org/xtend set size:28314 disposed:false
759 silly fetch manifest uuid@8.3.2
760 silly packumentCache full:https://registry.npmjs.org/uuid cache-hit
761 silly fetch manifest process@^0.11.1
762 silly packumentCache full:https://registry.npmjs.org/process cache-miss
763 http fetch GET 200 https://registry.npmjs.org/mongodb 718ms (cache revalidated)
764 silly packumentCache full:https://registry.npmjs.org/mongodb set size:4283421 disposed:false
765 silly fetch manifest util@^0.10.3
766 silly packumentCache full:https://registry.npmjs.org/util cache-hit
767 silly fetch manifest pg-connection-string@^2.13.0
768 silly packumentCache full:https://registry.npmjs.org/pg-connection-string cache-miss
769 http fetch GET 200 https://registry.npmjs.org/mkdirp 954ms (cache revalidated)
770 silly packumentCache full:https://registry.npmjs.org/mkdirp set size:116431 disposed:false
771 silly fetch manifest pg-pool@^3.14.0
772 silly packumentCache full:https://registry.npmjs.org/pg-pool cache-miss
773 http fetch GET 200 https://registry.npmjs.org/busboy 1118ms (cache revalidated)
774 silly packumentCache full:https://registry.npmjs.org/busboy set size:78901 disposed:false
775 silly fetch manifest pg-protocol@^1.14.0
776 silly packumentCache full:https://registry.npmjs.org/pg-protocol cache-miss
777 http fetch GET 200 https://registry.npmjs.org/append-field 980ms (cache revalidated)
778 silly packumentCache full:https://registry.npmjs.org/append-field set size:7798 disposed:false
779 silly fetch manifest pg-types@2.2.0
780 silly packumentCache full:https://registry.npmjs.org/pg-types cache-miss
781 http fetch GET 200 https://registry.npmjs.org/pg-protocol 547ms (cache revalidated)
782 silly packumentCache full:https://registry.npmjs.org/pg-protocol set size:53427 disposed:false
783 silly fetch manifest pgpass@1.0.5
784 silly packumentCache full:https://registry.npmjs.org/pgpass cache-miss
785 http fetch GET 200 https://registry.npmjs.org/pg-pool 595ms (cache revalidated)
786 silly packumentCache full:https://registry.npmjs.org/pg-pool set size:132010 disposed:false
787 silly fetch manifest pg-cloudflare@^1.4.0
788 silly packumentCache full:https://registry.npmjs.org/pg-cloudflare cache-miss
789 http fetch GET 200 https://registry.npmjs.org/object-assign 1299ms (cache revalidated)
790 silly packumentCache full:https://registry.npmjs.org/object-assign set size:28988 disposed:false
791 silly fetch manifest sonic-boom@^2.2.1
792 silly packumentCache full:https://registry.npmjs.org/sonic-boom cache-miss
793 http fetch GET 200 https://registry.npmjs.org/pg-connection-string 736ms (cache revalidated)
794 silly packumentCache full:https://registry.npmjs.org/pg-connection-string set size:76484 disposed:false
795 silly fetch manifest fast-redact@^3.0.0
796 silly packumentCache full:https://registry.npmjs.org/fast-redact cache-miss
797 http fetch GET 200 https://registry.npmjs.org/process 1308ms (cache revalidated)
798 silly packumentCache full:https://registry.npmjs.org/process set size:31260 disposed:false
799 silly fetch manifest atomic-sleep@^1.0.0
800 silly packumentCache full:https://registry.npmjs.org/atomic-sleep cache-miss
801 http fetch GET 200 https://registry.npmjs.org/concat-stream 1396ms (cache revalidated)
802 silly packumentCache full:https://registry.npmjs.org/concat-stream set size:63783 disposed:false
803 silly fetch manifest real-require@^0.1.0
804 silly packumentCache full:https://registry.npmjs.org/real-require cache-miss
805 http fetch GET 200 https://registry.npmjs.org/pg-types 677ms (cache revalidated)
806 silly packumentCache full:https://registry.npmjs.org/pg-types set size:51397 disposed:false
807 silly fetch manifest thread-stream@^0.15.1
808 silly packumentCache full:https://registry.npmjs.org/thread-stream cache-miss
809 http fetch GET 200 https://registry.npmjs.org/real-require 598ms (cache revalidated)
810 silly packumentCache full:https://registry.npmjs.org/real-require set size:10884 disposed:false
811 silly fetch manifest process-warning@^1.0.0
812 silly packumentCache full:https://registry.npmjs.org/process-warning cache-miss
813 http fetch GET 200 https://registry.npmjs.org/pg-cloudflare 706ms (cache revalidated)
814 silly packumentCache full:https://registry.npmjs.org/pg-cloudflare set size:22655 disposed:false
815 silly fetch manifest on-exit-leak-free@^0.2.0
816 silly packumentCache full:https://registry.npmjs.org/on-exit-leak-free cache-miss
817 http fetch GET 200 https://registry.npmjs.org/sonic-boom 704ms (cache revalidated)
818 silly packumentCache full:https://registry.npmjs.org/sonic-boom set size:170649 disposed:false
819 silly fetch manifest pino-std-serializers@^4.0.0
820 silly packumentCache full:https://registry.npmjs.org/pino-std-serializers cache-miss
821 http fetch GET 200 https://registry.npmjs.org/atomic-sleep 701ms (cache revalidated)
822 silly packumentCache full:https://registry.npmjs.org/atomic-sleep set size:5192 disposed:false
823 silly fetch manifest safe-stable-stringify@^2.1.0
824 silly packumentCache full:https://registry.npmjs.org/safe-stable-stringify cache-miss
825 http fetch GET 200 https://registry.npmjs.org/thread-stream 660ms (cache revalidated)
826 silly packumentCache full:https://registry.npmjs.org/thread-stream set size:132366 disposed:false
827 silly fetch manifest quick-format-unescaped@^4.0.3
828 silly packumentCache full:https://registry.npmjs.org/quick-format-unescaped cache-miss
829 http fetch GET 200 https://registry.npmjs.org/pgpass 835ms (cache revalidated)
830 silly packumentCache full:https://registry.npmjs.org/pgpass set size:26739 disposed:false
831 silly fetch manifest pino-abstract-transport@v0.5.0
832 silly packumentCache full:https://registry.npmjs.org/pino-abstract-transport cache-miss
833 http fetch GET 200 https://registry.npmjs.org/fast-redact 782ms (cache revalidated)
834 silly packumentCache full:https://registry.npmjs.org/fast-redact set size:114752 disposed:false
835 silly fetch manifest async@~3.2.0
836 silly packumentCache full:https://registry.npmjs.org/async cache-hit
837 silly fetch manifest chalk@3.0.0
838 silly packumentCache full:https://registry.npmjs.org/chalk cache-miss
839 http fetch GET 200 https://registry.npmjs.org/process-warning 547ms (cache revalidated)
840 silly packumentCache full:https://registry.npmjs.org/process-warning set size:32480 disposed:false
841 silly fetch manifest dayjs@~1.11.5
842 silly packumentCache full:https://registry.npmjs.org/dayjs cache-miss
843 http fetch GET 200 https://registry.npmjs.org/on-exit-leak-free 802ms (cache revalidated)
844 silly packumentCache full:https://registry.npmjs.org/on-exit-leak-free set size:18719 disposed:false
845 silly fetch manifest debug@^4.3.1
846 silly packumentCache full:https://registry.npmjs.org/debug cache-hit
847 silly fetch manifest croner@~4.1.92
848 silly packumentCache full:https://registry.npmjs.org/croner cache-miss
849 http fetch GET 200 https://registry.npmjs.org/quick-format-unescaped 739ms (cache revalidated)
850 silly packumentCache full:https://registry.npmjs.org/quick-format-unescaped set size:36121 disposed:false
851 silly fetch manifest fclone@1.0.11
852 silly packumentCache full:https://registry.npmjs.org/fclone cache-miss
853 http fetch GET 200 https://registry.npmjs.org/pino-std-serializers 801ms (cache revalidated)
854 silly packumentCache full:https://registry.npmjs.org/pino-std-serializers set size:96176 disposed:false
855 silly fetch manifest mkdirp@1.0.4
856 silly packumentCache full:https://registry.npmjs.org/mkdirp cache-hit
857 silly fetch manifest needle@2.4.0
858 silly packumentCache full:https://registry.npmjs.org/needle cache-miss
859 http fetch GET 200 https://registry.npmjs.org/pino-abstract-transport 768ms (cache revalidated)
860 silly packumentCache full:https://registry.npmjs.org/pino-abstract-transport set size:28687 disposed:false
861 silly fetch manifest semver@^7.2
862 silly packumentCache full:https://registry.npmjs.org/semver cache-miss
863 http fetch GET 200 https://registry.npmjs.org/chalk 753ms (cache revalidated)
864 silly packumentCache full:https://registry.npmjs.org/chalk set size:117861 disposed:false
865 silly fetch manifest vizion@~2.2.1
866 silly packumentCache full:https://registry.npmjs.org/vizion cache-miss
867 http fetch GET 200 https://registry.npmjs.org/safe-stable-stringify 873ms (cache revalidated)
868 silly packumentCache full:https://registry.npmjs.org/safe-stable-stringify set size:45091 disposed:false
869 silly fetch manifest @pm2/io@~6.0.1
870 silly packumentCache full:https://registry.npmjs.org/@pm2%2fio cache-miss
871 http fetch GET 200 https://registry.npmjs.org/dayjs 566ms (cache revalidated)
872 silly packumentCache full:https://registry.npmjs.org/dayjs set size:486327 disposed:false
873 silly fetch manifest blessed@0.1.81
874 silly packumentCache full:https://registry.npmjs.org/blessed cache-miss
875 http fetch GET 200 https://registry.npmjs.org/needle 514ms (cache revalidated)
876 silly packumentCache full:https://registry.npmjs.org/needle set size:233075 disposed:false
877 silly fetch manifest js-yaml@~4.1.0
878 silly packumentCache full:https://registry.npmjs.org/js-yaml cache-miss
879 http fetch GET 200 https://registry.npmjs.org/fclone 599ms (cache revalidated)
880 silly packumentCache full:https://registry.npmjs.org/fclone set size:19653 disposed:false
881 silly fetch manifest chokidar@^3.5.3
882 silly packumentCache full:https://registry.npmjs.org/chokidar cache-miss
883 http fetch GET 200 https://registry.npmjs.org/semver 573ms (cache revalidated)
884 silly packumentCache full:https://registry.npmjs.org/semver set size:235672 disposed:false
885 silly fetch manifest enquirer@2.3.6
886 silly packumentCache full:https://registry.npmjs.org/enquirer cache-miss
887 http fetch GET 200 https://registry.npmjs.org/croner 738ms (cache revalidated)
888 silly packumentCache full:https://registry.npmjs.org/croner set size:726306 disposed:false
889 silly fetch manifest pidusage@~3.0
890 silly packumentCache full:https://registry.npmjs.org/pidusage cache-miss
891 http fetch GET 200 https://registry.npmjs.org/vizion 736ms (cache revalidated)
892 silly packumentCache full:https://registry.npmjs.org/vizion set size:64651 disposed:false
893 silly fetch manifest pm2-axon@~4.0.1
894 silly packumentCache full:https://registry.npmjs.org/pm2-axon cache-miss
895 http fetch GET 200 https://registry.npmjs.org/blessed 572ms (cache revalidated)
896 silly packumentCache full:https://registry.npmjs.org/blessed set size:167906 disposed:false
897 silly fetch manifest promptly@^2
898 silly packumentCache full:https://registry.npmjs.org/promptly cache-miss
899 http fetch GET 200 https://registry.npmjs.org/chokidar 370ms (cache revalidated)
900 silly packumentCache full:https://registry.npmjs.org/chokidar set size:255902 disposed:false
901 silly fetch manifest commander@2.15.1
902 silly packumentCache full:https://registry.npmjs.org/commander cache-miss
903 http fetch GET 200 https://registry.npmjs.org/@pm2%2fio 988ms (cache revalidated)
904 silly packumentCache full:https://registry.npmjs.org/@pm2%2fio set size:523015 disposed:false
905 silly fetch manifest @pm2/agent@~2.0.0
906 silly packumentCache full:https://registry.npmjs.org/@pm2%2fagent cache-miss
907 http fetch GET 200 https://registry.npmjs.org/js-yaml 674ms (cache revalidated)
908 silly packumentCache full:https://registry.npmjs.org/js-yaml set size:152232 disposed:false
909 silly fetch manifest pm2-deploy@~1.0.2
910 silly packumentCache full:https://registry.npmjs.org/pm2-deploy cache-miss
911 http fetch GET 200 https://registry.npmjs.org/pidusage 498ms (cache revalidated)
912 silly packumentCache full:https://registry.npmjs.org/pidusage set size:111034 disposed:false
913 silly fetch manifest sprintf-js@1.1.2
914 silly packumentCache full:https://registry.npmjs.org/sprintf-js cache-miss
915 http fetch GET 200 https://registry.npmjs.org/enquirer 675ms (cache revalidated)
916 silly packumentCache full:https://registry.npmjs.org/enquirer set size:203040 disposed:false
917 silly fetch manifest @pm2/js-api@~0.8.0
918 silly packumentCache full:https://registry.npmjs.org/@pm2%2fjs-api cache-miss
919 http fetch GET 200 https://registry.npmjs.org/pm2-axon 539ms (cache revalidated)
920 silly packumentCache full:https://registry.npmjs.org/pm2-axon set size:44221 disposed:false
921 silly fetch manifest cli-tableau@^2.0.0
922 silly packumentCache full:https://registry.npmjs.org/cli-tableau cache-miss
923 http fetch GET 200 https://registry.npmjs.org/promptly 519ms (cache revalidated)
924 silly packumentCache full:https://registry.npmjs.org/promptly set size:37330 disposed:false
925 silly fetch manifest pm2-axon-rpc@~0.7.1
926 silly packumentCache full:https://registry.npmjs.org/pm2-axon-rpc cache-miss
927 http fetch GET 200 https://registry.npmjs.org/commander 466ms (cache revalidated)
928 silly packumentCache full:https://registry.npmjs.org/commander set size:306288 disposed:false
929 silly fetch manifest eventemitter2@5.0.1
930 silly packumentCache full:https://registry.npmjs.org/eventemitter2 cache-miss
931 http fetch GET 200 https://registry.npmjs.org/sprintf-js 521ms (cache revalidated)
932 silly packumentCache full:https://registry.npmjs.org/sprintf-js set size:20495 disposed:false
933 silly fetch manifest pm2-multimeter@^0.1.2
934 silly packumentCache full:https://registry.npmjs.org/pm2-multimeter cache-miss
935 http fetch GET 200 https://registry.npmjs.org/pm2-deploy 571ms (cache revalidated)
936 silly packumentCache full:https://registry.npmjs.org/pm2-deploy set size:43526 disposed:false
937 silly fetch manifest source-map-support@0.5.21
938 silly packumentCache full:https://registry.npmjs.org/source-map-support cache-miss
939 http fetch GET 200 https://registry.npmjs.org/cli-tableau 502ms (cache revalidated)
940 silly packumentCache full:https://registry.npmjs.org/cli-tableau set size:9593 disposed:false
941 silly fetch manifest @pm2/pm2-version-check@latest
942 silly packumentCache full:https://registry.npmjs.org/@pm2%2fpm2-version-check cache-miss
943 http fetch GET 200 https://registry.npmjs.org/@pm2%2fagent 928ms (cache revalidated)
944 silly packumentCache full:https://registry.npmjs.org/@pm2%2fagent set size:110996 disposed:false
945 silly fetch manifest pm2-sysmonit@^1.2.8
946 silly packumentCache full:https://registry.npmjs.org/pm2-sysmonit cache-miss
947 http fetch GET 200 https://registry.npmjs.org/pm2-axon-rpc 677ms (cache revalidated)
948 silly packumentCache full:https://registry.npmjs.org/pm2-axon-rpc set size:41743 disposed:false
949 silly fetch manifest @puppeteer/browsers@3.0.3
950 silly packumentCache full:https://registry.npmjs.org/@puppeteer%2fbrowsers cache-miss
951 http fetch GET 200 https://registry.npmjs.org/eventemitter2 630ms (cache revalidated)
952 silly packumentCache full:https://registry.npmjs.org/eventemitter2 set size:172525 disposed:false
953 silly fetch manifest chromium-bidi@16.0.1
954 silly packumentCache full:https://registry.npmjs.org/chromium-bidi cache-miss
955 http fetch GET 200 https://registry.npmjs.org/pm2-multimeter 417ms (cache revalidated)
956 silly packumentCache full:https://registry.npmjs.org/pm2-multimeter set size:7686 disposed:false
957 silly fetch manifest cosmiconfig@^9.0.0
958 silly packumentCache full:https://registry.npmjs.org/cosmiconfig cache-miss
959 http fetch GET 200 https://registry.npmjs.org/source-map-support 427ms (cache revalidated)
960 silly packumentCache full:https://registry.npmjs.org/source-map-support set size:125488 disposed:false
961 silly fetch manifest devtools-protocol@0.0.1608973
962 silly packumentCache full:https://registry.npmjs.org/devtools-protocol cache-miss
963 http fetch GET 200 https://registry.npmjs.org/pm2-sysmonit 392ms (cache revalidated)
964 silly packumentCache full:https://registry.npmjs.org/pm2-sysmonit set size:42261 disposed:false
965 silly fetch manifest puppeteer-core@25.0.4
966 silly packumentCache full:https://registry.npmjs.org/puppeteer-core cache-miss
967 http fetch GET 200 https://registry.npmjs.org/@pm2%2fjs-api 1456ms (cache revalidated)
968 silly packumentCache full:https://registry.npmjs.org/@pm2%2fjs-api set size:219753 disposed:false
969 silly fetch manifest typed-query-selector@^2.12.2
970 silly packumentCache full:https://registry.npmjs.org/typed-query-selector cache-miss
971 http fetch GET 200 https://registry.npmjs.org/cosmiconfig 571ms (cache revalidated)
972 silly packumentCache full:https://registry.npmjs.org/cosmiconfig set size:222324 disposed:false
973 silly fetch manifest pngjs@^5.0.0
974 silly packumentCache full:https://registry.npmjs.org/pngjs cache-miss
975 http fetch GET 200 https://registry.npmjs.org/chromium-bidi 691ms (cache revalidated)
976 silly packumentCache full:https://registry.npmjs.org/chromium-bidi set size:717564 disposed:false
977 silly fetch manifest yargs@^15.3.1
978 silly packumentCache full:https://registry.npmjs.org/yargs cache-miss
979 http fetch GET 200 https://registry.npmjs.org/devtools-protocol 729ms (cache revalidated)
980 silly packumentCache full:https://registry.npmjs.org/devtools-protocol set size:2988436 disposed:false
981 silly fetch manifest dijkstrajs@^1.0.1
982 silly packumentCache full:https://registry.npmjs.org/dijkstrajs cache-miss
983 http fetch GET 200 https://registry.npmjs.org/@pm2%2fpm2-version-check 1499ms (cache revalidated)
984 silly packumentCache full:https://registry.npmjs.org/@pm2%2fpm2-version-check set size:11335 disposed:false
985 silly fetch manifest @kwsites/file-exists@^1.1.1
986 silly packumentCache full:https://registry.npmjs.org/@kwsites%2ffile-exists cache-miss
987 http fetch GET 200 https://registry.npmjs.org/@puppeteer%2fbrowsers 1242ms (cache revalidated)
988 silly packumentCache full:https://registry.npmjs.org/@puppeteer%2fbrowsers set size:262200 disposed:false
989 silly fetch manifest @kwsites/promise-deferred@^1.1.1
990 silly packumentCache full:https://registry.npmjs.org/@kwsites%2fpromise-deferred cache-miss
991 http fetch GET 200 https://registry.npmjs.org/puppeteer-core 959ms (cache revalidated)
992 silly packumentCache full:https://registry.npmjs.org/puppeteer-core set size:1531872 disposed:false
993 silly fetch manifest @simple-git/args-pathspec@^1.0.3
994 silly packumentCache full:https://registry.npmjs.org/@simple-git%2fargs-pathspec cache-miss
995 http fetch GET 200 https://registry.npmjs.org/yargs 1055ms (cache revalidated)
996 silly packumentCache full:https://registry.npmjs.org/yargs set size:743056 disposed:false
997 silly fetch manifest @simple-git/argv-parser@^1.1.0
998 silly packumentCache full:https://registry.npmjs.org/@simple-git%2fargv-parser cache-miss
999 http fetch GET 200 https://registry.npmjs.org/pngjs 1328ms (cache revalidated)
1000 silly packumentCache full:https://registry.npmjs.org/pngjs set size:70154 disposed:false
1001 silly fetch manifest debug@^4.4.0
1002 silly packumentCache full:https://registry.npmjs.org/debug cache-hit
1003 silly fetch manifest tunnel@0.0.6
1004 silly packumentCache full:https://registry.npmjs.org/tunnel cache-miss
1005 http fetch GET 200 https://registry.npmjs.org/dijkstrajs 958ms (cache revalidated)
1006 silly packumentCache full:https://registry.npmjs.org/dijkstrajs set size:10832 disposed:false
1007 silly fetch manifest configstore@4.0.0
1008 silly packumentCache full:https://registry.npmjs.org/configstore cache-miss
1009 http fetch GET 200 https://registry.npmjs.org/typed-query-selector 1434ms (cache revalidated)
1010 silly packumentCache full:https://registry.npmjs.org/typed-query-selector set size:100364 disposed:false
1011 silly fetch manifest proxy-check@1.0.8
1012 silly packumentCache full:https://registry.npmjs.org/proxy-check cache-miss
1013 http fetch GET 200 https://registry.npmjs.org/@kwsites%2fpromise-deferred 1277ms (cache revalidated)
1014 silly packumentCache full:https://registry.npmjs.org/@kwsites%2fpromise-deferred set size:18336 disposed:false
1015 silly fetch manifest got@9.6.0
1016 silly packumentCache full:https://registry.npmjs.org/got cache-miss
1017 http fetch GET 200 https://registry.npmjs.org/@kwsites%2ffile-exists 1350ms (cache revalidated)
1018 silly packumentCache full:https://registry.npmjs.org/@kwsites%2ffile-exists set size:10491 disposed:false
1019 silly fetch manifest inherits@^2.0.3
1020 silly packumentCache full:https://registry.npmjs.org/inherits cache-miss
1021 http fetch GET 200 https://registry.npmjs.org/@simple-git%2fargs-pathspec 1086ms (cache revalidated)
1022 silly packumentCache full:https://registry.npmjs.org/@simple-git%2fargs-pathspec set size:6056 disposed:false
1023 silly fetch manifest is-arguments@^1.0.4
1024 silly packumentCache full:https://registry.npmjs.org/is-arguments cache-miss
1025 http fetch GET 200 https://registry.npmjs.org/tunnel 522ms (cache revalidated)
1026 silly packumentCache full:https://registry.npmjs.org/tunnel set size:16388 disposed:false
1027 silly fetch manifest is-generator-function@^1.0.7
1028 silly packumentCache full:https://registry.npmjs.org/is-generator-function cache-miss
1029 http fetch GET 200 https://registry.npmjs.org/configstore 522ms (cache revalidated)
1030 silly packumentCache full:https://registry.npmjs.org/configstore set size:82080 disposed:false
1031 silly fetch manifest is-typed-array@^1.1.3
1032 silly packumentCache full:https://registry.npmjs.org/is-typed-array cache-miss
1033 http fetch GET 200 https://registry.npmjs.org/proxy-check 523ms (cache revalidated)
1034 silly packumentCache full:https://registry.npmjs.org/proxy-check set size:21566 disposed:false
1035 silly fetch manifest which-typed-array@^1.1.2
1036 silly packumentCache full:https://registry.npmjs.org/which-typed-array cache-miss
1037 http fetch GET 200 https://registry.npmjs.org/@simple-git%2fargv-parser 1011ms (cache revalidated)
1038 silly packumentCache full:https://registry.npmjs.org/@simple-git%2fargv-parser set size:10009 disposed:false
1039 silly fetch manifest axios@^0.21.1
1040 silly packumentCache full:https://registry.npmjs.org/axios cache-hit
1041 silly fetch manifest image-size@^1.0.0
1042 silly packumentCache full:https://registry.npmjs.org/image-size cache-miss
1043 http fetch GET 200 https://registry.npmjs.org/inherits 490ms (cache revalidated)
1044 silly packumentCache full:https://registry.npmjs.org/inherits set size:12925 disposed:false
1045 silly fetch manifest sharp@^0.30.0
1046 silly packumentCache full:https://registry.npmjs.org/sharp cache-miss
1047 http fetch GET 200 https://registry.npmjs.org/got 568ms (cache revalidated)
1048 silly packumentCache full:https://registry.npmjs.org/got set size:686672 disposed:false
1049 silly fetch manifest miniget@^4.2.2
1050 silly packumentCache full:https://registry.npmjs.org/miniget cache-hit
1051 silly fetch manifest sax@^1.1.3
1052 silly packumentCache full:https://registry.npmjs.org/sax cache-hit
1053 http fetch GET 200 https://registry.npmjs.org/is-generator-function 662ms (cache revalidated)
1054 silly packumentCache full:https://registry.npmjs.org/is-generator-function set size:44643 disposed:false
1055 http fetch GET 200 https://registry.npmjs.org/is-arguments 695ms (cache revalidated)
1056 silly packumentCache full:https://registry.npmjs.org/is-arguments set size:27083 disposed:false
1057 http fetch GET 200 https://registry.npmjs.org/is-typed-array 661ms (cache revalidated)
1058 silly packumentCache full:https://registry.npmjs.org/is-typed-array set size:79965 disposed:false
1059 http fetch GET 200 https://registry.npmjs.org/which-typed-array 670ms (cache revalidated)
1060 silly packumentCache full:https://registry.npmjs.org/which-typed-array set size:93605 disposed:false
1061 http cache https://registry.npmjs.org/sharp 291ms (cache hit)
1062 silly packumentCache full:https://registry.npmjs.org/sharp set size:1072564 disposed:false
1063 http fetch GET 200 https://registry.npmjs.org/image-size 734ms (cache revalidated)
1064 silly packumentCache full:https://registry.npmjs.org/image-size set size:155542 disposed:false
1065 silly placeDep ROOT http-cookie-agent@7.0.4 OK for: @distube/ytdl-core@4.16.12 want: ^7.0.1
1066 silly placeDep ROOT tough-cookie@5.1.2 OK for: http-cookie-agent@7.0.4 want: ^4.0.0 || ^5.0.0 || ^6.0.0
1067 silly placeDep ROOT https-proxy-agent@7.0.6 OK for: @distube/ytdl-core@4.16.12 want: ^7.0.6
1068 silly placeDep ROOT m3u8stream@0.8.6 OK for: @distube/ytdl-core@4.16.12 want: ^0.8.6
1069 silly placeDep ROOT miniget@4.2.3 OK for: @distube/ytdl-core@4.16.12 want: ^4.2.3
1070 silly placeDep ROOT sax@1.6.0 OK for: @distube/ytdl-core@4.16.12 want: ^1.4.1
1071 silly placeDep ROOT undici@7.25.0 OK for: @distube/ytdl-core@4.16.12 want: ^7.8.0
1072 silly fetch manifest agent-base@^9.0.0
1073 silly packumentCache full:https://registry.npmjs.org/agent-base cache-miss
1074 silly fetch manifest tldts@^6.1.32
1075 silly packumentCache full:https://registry.npmjs.org/tldts cache-miss
1076 silly fetch manifest debug@4
1077 silly packumentCache full:https://registry.npmjs.org/debug cache-hit
1078 silly fetch manifest agent-base@^7.1.2
1079 silly packumentCache full:https://registry.npmjs.org/agent-base cache-miss
1080 silly fetch manifest sax@^1.2.4
1081 silly packumentCache full:https://registry.npmjs.org/sax cache-hit
1082 http fetch GET 200 https://registry.npmjs.org/agent-base 353ms (cache revalidated)
1083 silly packumentCache full:https://registry.npmjs.org/agent-base set size:72085 disposed:false
1084 http fetch GET 200 https://registry.npmjs.org/agent-base 446ms (cache revalidated)
1085 silly packumentCache full:https://registry.npmjs.org/agent-base set size:72085 disposed:false
1086 silly packumentCache full:https://registry.npmjs.org/agent-base dispose
1087 http fetch GET 200 https://registry.npmjs.org/tldts 484ms (cache revalidated)
1088 silly packumentCache full:https://registry.npmjs.org/tldts set size:3401976 disposed:false
1089 silly placeDep ROOT @hapi/hoek@9.3.0 OK for: @hapi/boom@9.1.4 want: 9.x.x
1090 silly fetch manifest bufferutil@^4.0.1
1091 silly packumentCache full:https://registry.npmjs.org/bufferutil cache-miss
1092 http fetch GET 200 https://registry.npmjs.org/bufferutil 433ms (cache revalidated)
1093 silly packumentCache full:https://registry.npmjs.org/bufferutil set size:52763 disposed:false
1094 silly fetch manifest utf-8-validate@>=5.0.2
1095 silly packumentCache full:https://registry.npmjs.org/utf-8-validate cache-miss
1096 http fetch GET 200 https://registry.npmjs.org/utf-8-validate 390ms (cache revalidated)
1097 silly packumentCache full:https://registry.npmjs.org/utf-8-validate set size:77148 disposed:false
1098 silly placeDep ROOT audio-decode@2.2.3 OK for: @whiskeysockets/baileys@6.6.0 want: ^2.1.3
1099 silly placeDep node_modules/@whiskeysockets/baileys axios@1.16.1 OK for: @whiskeysockets/baileys@6.6.0 want: ^1.3.3
1100 silly placeDep ROOT cache-manager@4.0.1 OK for: @whiskeysockets/baileys@6.6.0 want: 4.0.1
1101 silly placeDep ROOT futoin-hkdf@1.5.3 OK for: @whiskeysockets/baileys@6.6.0 want: ^1.5.1
1102 silly placeDep ROOT libphonenumber-js@1.13.2 OK for: @whiskeysockets/baileys@6.6.0 want: ^1.10.20
1103 silly placeDep ROOT libsignal@2.0.1 OK for: @whiskeysockets/baileys@6.6.0 want: github:adiwajshing/libsignal-node
1104 silly placeDep ROOT music-metadata@7.14.0 OK for: @whiskeysockets/baileys@6.6.0 want: ^7.12.3
1105 silly placeDep ROOT node-cache@5.1.2 OK for: @whiskeysockets/baileys@6.6.0 want: ^5.1.2
1106 silly placeDep ROOT protobufjs@7.6.0 OK for: @whiskeysockets/baileys@6.6.0 want: ^7.2.4
1107 silly placeDep ROOT uuid@9.0.1 OK for: @whiskeysockets/baileys@6.6.0 want: ^9.0.0
1108 silly placeDep ROOT ws@8.20.1 OK for: @whiskeysockets/baileys@6.6.0 want: ^8.13.0
1109 silly fetch manifest node-wav@^0.0.2
1110 silly packumentCache full:https://registry.npmjs.org/node-wav cache-miss
1111 silly fetch manifest audio-type@^2.2.1
1112 silly packumentCache full:https://registry.npmjs.org/audio-type cache-miss
1113 silly fetch manifest qoa-format@^1.0.1
1114 silly packumentCache full:https://registry.npmjs.org/qoa-format cache-miss
1115 silly fetch manifest audio-buffer@^5.0.0
1116 silly packumentCache full:https://registry.npmjs.org/audio-buffer cache-miss
1117 silly fetch manifest mpg123-decoder@^1.0.0
1118 silly packumentCache full:https://registry.npmjs.org/mpg123-decoder cache-miss
1119 silly fetch manifest ogg-opus-decoder@^1.6.12
1120 silly packumentCache full:https://registry.npmjs.org/ogg-opus-decoder cache-miss
1121 silly fetch manifest @wasm-audio-decoders/flac@^0.2.4
1122 silly packumentCache full:https://registry.npmjs.org/@wasm-audio-decoders%2fflac cache-miss
1123 http fetch GET 200 https://registry.npmjs.org/audio-type 425ms (cache revalidated)
1124 silly packumentCache full:https://registry.npmjs.org/audio-type set size:32162 disposed:false
1125 silly fetch manifest @wasm-audio-decoders/ogg-vorbis@^0.1.15
1126 silly packumentCache full:https://registry.npmjs.org/@wasm-audio-decoders%2fogg-vorbis cache-miss
1127 http fetch GET 200 https://registry.npmjs.org/node-wav 454ms (cache revalidated)
1128 silly packumentCache full:https://registry.npmjs.org/node-wav set size:4749 disposed:false
1129 silly fetch manifest follow-redirects@^1.16.0
1130 silly packumentCache full:https://registry.npmjs.org/follow-redirects cache-hit
1131 silly fetch manifest https-proxy-agent@^5.0.1
1132 silly packumentCache full:https://registry.npmjs.org/https-proxy-agent cache-hit
1133 silly fetch manifest proxy-from-env@^2.1.0
1134 silly packumentCache full:https://registry.npmjs.org/proxy-from-env cache-miss
1135 http fetch GET 200 https://registry.npmjs.org/ogg-opus-decoder 663ms (cache revalidated)
1136 silly packumentCache full:https://registry.npmjs.org/ogg-opus-decoder set size:146184 disposed:false
1137 silly fetch manifest async@3.2.3
1138 silly packumentCache full:https://registry.npmjs.org/async cache-hit
1139 silly fetch manifest lru-cache@^7.10.1
1140 silly packumentCache full:https://registry.npmjs.org/lru-cache cache-miss
1141 http fetch GET 200 https://registry.npmjs.org/audio-buffer 706ms (cache revalidated)
1142 silly packumentCache full:https://registry.npmjs.org/audio-buffer set size:94467 disposed:false
1143 silly fetch manifest lodash.clonedeep@^4.5.0
1144 silly packumentCache full:https://registry.npmjs.org/lodash.clonedeep cache-miss
1145 http fetch GET 200 https://registry.npmjs.org/qoa-format 740ms (cache revalidated)
1146 silly packumentCache full:https://registry.npmjs.org/qoa-format set size:10092 disposed:false
1147 silly fetch manifest curve25519-js@^0.0.4
1148 silly packumentCache full:https://registry.npmjs.org/curve25519-js cache-miss
1149 http fetch GET 200 https://registry.npmjs.org/mpg123-decoder 766ms (cache revalidated)
1150 silly packumentCache full:https://registry.npmjs.org/mpg123-decoder set size:112888 disposed:false
1151 silly fetch manifest protobufjs@6.8.8
1152 silly packumentCache full:https://registry.npmjs.org/protobufjs cache-hit
1153 silly fetch manifest debug@^4.3.4
1154 silly packumentCache full:https://registry.npmjs.org/debug cache-hit
1155 silly fetch manifest strtok3@^6.3.0
1156 silly packumentCache full:https://registry.npmjs.org/strtok3 cache-hit
1157 silly fetch manifest media-typer@^1.1.0
1158 silly packumentCache full:https://registry.npmjs.org/media-typer cache-miss
1159 http fetch GET 200 https://registry.npmjs.org/@wasm-audio-decoders%2fflac 1296ms (cache revalidated)
1160 silly packumentCache full:https://registry.npmjs.org/@wasm-audio-decoders%2fflac set size:78704 disposed:false
1161 silly fetch manifest token-types@^4.2.1
1162 silly packumentCache full:https://registry.npmjs.org/token-types cache-hit
1163 silly fetch manifest content-type@^1.0.5
1164 silly packumentCache full:https://registry.npmjs.org/content-type cache-hit
1165 silly fetch manifest @tokenizer/token@^0.3.0
1166 silly packumentCache full:https://registry.npmjs.org/@tokenizer%2ftoken cache-miss
1167 http fetch GET 200 https://registry.npmjs.org/lodash.clonedeep 606ms (cache revalidated)
1168 silly packumentCache full:https://registry.npmjs.org/lodash.clonedeep set size:48192 disposed:false
1169 silly fetch manifest clone@2.x
1170 silly packumentCache full:https://registry.npmjs.org/clone cache-miss
1171 http fetch GET 200 https://registry.npmjs.org/curve25519-js 614ms (cache revalidated)
1172 silly packumentCache full:https://registry.npmjs.org/curve25519-js set size:15295 disposed:false
1173 silly fetch manifest long@^5.3.2
1174 silly packumentCache full:https://registry.npmjs.org/long cache-miss
1175 http fetch GET 200 https://registry.npmjs.org/media-typer 563ms (cache revalidated)
1176 silly packumentCache full:https://registry.npmjs.org/media-typer set size:20873 disposed:false
1177 silly fetch manifest @types/node@>=13.7.0
1178 silly packumentCache full:https://registry.npmjs.org/@types%2fnode cache-miss
1179 http fetch GET 200 https://registry.npmjs.org/lru-cache 690ms (cache revalidated)
1180 silly packumentCache full:https://registry.npmjs.org/lru-cache set size:451987 disposed:false
1181 silly fetch manifest @protobufjs/path@^1.1.2
1182 silly packumentCache full:https://registry.npmjs.org/@protobufjs%2fpath cache-miss
1183 http fetch GET 200 https://registry.npmjs.org/@wasm-audio-decoders%2fogg-vorbis 1093ms (cache revalidated)
1184 silly packumentCache full:https://registry.npmjs.org/@wasm-audio-decoders%2fogg-vorbis set size:63949 disposed:false
1185 silly fetch manifest @protobufjs/pool@^1.1.0
1186 silly packumentCache full:https://registry.npmjs.org/@protobufjs%2fpool cache-miss
1187 http fetch GET 200 https://registry.npmjs.org/proxy-from-env 1083ms (cache revalidated)
1188 silly packumentCache full:https://registry.npmjs.org/proxy-from-env set size:21422 disposed:false
1189 silly fetch manifest @protobufjs/utf8@^1.1.1
1190 silly packumentCache full:https://registry.npmjs.org/@protobufjs%2futf8 cache-miss
1191 http fetch GET 200 https://registry.npmjs.org/clone 591ms (cache revalidated)
1192 silly packumentCache full:https://registry.npmjs.org/clone set size:82973 disposed:false
1193 silly fetch manifest @protobufjs/fetch@^1.1.1
1194 silly packumentCache full:https://registry.npmjs.org/@protobufjs%2ffetch cache-miss
1195 http fetch GET 200 https://registry.npmjs.org/long 613ms (cache revalidated)
1196 silly packumentCache full:https://registry.npmjs.org/long set size:80704 disposed:false
1197 silly fetch manifest @protobufjs/float@^1.0.2
1198 silly packumentCache full:https://registry.npmjs.org/@protobufjs%2ffloat cache-miss
1199 http fetch GET 200 https://registry.npmjs.org/@types%2fnode 995ms (cache revalidated)
1200 silly packumentCache full:https://registry.npmjs.org/@types%2fnode set size:11015753 disposed:false
1201 silly fetch manifest @protobufjs/base64@^1.1.2
1202 silly packumentCache full:https://registry.npmjs.org/@protobufjs%2fbase64 cache-miss
1203 http fetch GET 200 https://registry.npmjs.org/@protobufjs%2fpath 1979ms (cache revalidated)
1204 silly packumentCache full:https://registry.npmjs.org/@protobufjs%2fpath set size:10241 disposed:false
1205 silly fetch manifest @protobufjs/codegen@^2.0.5
1206 silly packumentCache full:https://registry.npmjs.org/@protobufjs%2fcodegen cache-miss
1207 http fetch GET 200 https://registry.npmjs.org/@tokenizer%2ftoken 2139ms (cache revalidated)
1208 silly packumentCache full:https://registry.npmjs.org/@tokenizer%2ftoken set size:11833 disposed:false
1209 silly fetch manifest @protobufjs/inquire@^1.1.2
1210 silly packumentCache full:https://registry.npmjs.org/@protobufjs%2finquire cache-miss
1211 http fetch GET 200 https://registry.npmjs.org/@protobufjs%2fpool 1966ms (cache revalidated)
1212 silly packumentCache full:https://registry.npmjs.org/@protobufjs%2fpool set size:10727 disposed:false
1213 silly fetch manifest @protobufjs/aspromise@^1.1.2
1214 silly packumentCache full:https://registry.npmjs.org/@protobufjs%2faspromise cache-miss
1215 http fetch GET 200 https://registry.npmjs.org/@protobufjs%2futf8 1964ms (cache revalidated)
1216 silly packumentCache full:https://registry.npmjs.org/@protobufjs%2futf8 set size:15634 disposed:false
1217 silly fetch manifest @protobufjs/eventemitter@^1.1.0
1218 silly packumentCache full:https://registry.npmjs.org/@protobufjs%2feventemitter cache-miss
1219 http fetch GET 200 https://registry.npmjs.org/@protobufjs%2ffetch 1558ms (cache revalidated)
1220 silly packumentCache full:https://registry.npmjs.org/@protobufjs%2ffetch set size:12023 disposed:false
1221 http fetch GET 200 https://registry.npmjs.org/@protobufjs%2ffloat 1540ms (cache revalidated)
1222 silly packumentCache full:https://registry.npmjs.org/@protobufjs%2ffloat set size:9957 disposed:false
1223 http fetch GET 200 https://registry.npmjs.org/@protobufjs%2finquire 907ms (cache revalidated)
1224 silly packumentCache full:https://registry.npmjs.org/@protobufjs%2finquire set size:10538 disposed:false
1225 http fetch GET 200 https://registry.npmjs.org/@protobufjs%2fcodegen 961ms (cache revalidated)
1226 silly packumentCache full:https://registry.npmjs.org/@protobufjs%2fcodegen set size:23820 disposed:false
1227 http fetch GET 200 https://registry.npmjs.org/@protobufjs%2fbase64 1059ms (cache revalidated)
1228 silly packumentCache full:https://registry.npmjs.org/@protobufjs%2fbase64 set size:14176 disposed:false
1229 http fetch GET 200 https://registry.npmjs.org/@protobufjs%2feventemitter 948ms (cache revalidated)
1230 silly packumentCache full:https://registry.npmjs.org/@protobufjs%2feventemitter set size:11306 disposed:false
1231 http fetch GET 200 https://registry.npmjs.org/@protobufjs%2faspromise 978ms (cache revalidated)
1232 silly packumentCache full:https://registry.npmjs.org/@protobufjs%2faspromise set size:11438 disposed:false
1233 silly placeDep node_modules/acrcloud form-data@2.5.5 OK for: acrcloud@1.4.0 want: ^2.5.1
1234 silly fetch manifest mime-types@^2.1.35
1235 silly packumentCache full:https://registry.npmjs.org/mime-types cache-hit
1236 silly fetch manifest safe-buffer@^5.2.1
1237 silly packumentCache full:https://registry.npmjs.org/safe-buffer cache-hit
1238 silly placeDep ROOT @wasm-audio-decoders/flac@0.2.10 OK for: audio-decode@2.2.3 want: ^0.2.4
1239 silly placeDep ROOT @wasm-audio-decoders/ogg-vorbis@0.1.20 OK for: audio-decode@2.2.3 want: ^0.1.15
1240 silly placeDep ROOT audio-buffer@5.0.0 OK for: audio-decode@2.2.3 want: ^5.0.0
1241 silly placeDep ROOT audio-type@2.4.1 OK for: audio-decode@2.2.3 want: ^2.2.1
1242 silly placeDep ROOT mpg123-decoder@1.0.3 OK for: audio-decode@2.2.3 want: ^1.0.0
1243 silly placeDep ROOT node-wav@0.0.2 OK for: audio-decode@2.2.3 want: ^0.0.2
1244 silly placeDep ROOT ogg-opus-decoder@1.7.3 OK for: audio-decode@2.2.3 want: ^1.6.12
1245 silly placeDep ROOT qoa-format@1.0.1 OK for: audio-decode@2.2.3 want: ^1.0.1
1246 silly fetch manifest @wasm-audio-decoders/common@9.0.7
1247 silly packumentCache full:https://registry.npmjs.org/@wasm-audio-decoders%2fcommon cache-miss
1248 silly fetch manifest codec-parser@2.5.0
1249 silly packumentCache full:https://registry.npmjs.org/codec-parser cache-miss
1250 silly fetch manifest @wasm-audio-decoders/common@9.0.7
1251 silly packumentCache full:https://registry.npmjs.org/@wasm-audio-decoders%2fcommon cache-miss
1252 silly fetch manifest codec-parser@2.5.0
1253 silly packumentCache full:https://registry.npmjs.org/codec-parser cache-miss
1254 silly fetch manifest @wasm-audio-decoders/common@9.0.7
1255 silly packumentCache full:https://registry.npmjs.org/@wasm-audio-decoders%2fcommon cache-miss
1256 silly fetch manifest @wasm-audio-decoders/common@9.0.7
1257 silly packumentCache full:https://registry.npmjs.org/@wasm-audio-decoders%2fcommon cache-miss
1258 silly fetch manifest @wasm-audio-decoders/opus-ml@0.0.2
1259 silly packumentCache full:https://registry.npmjs.org/@wasm-audio-decoders%2fopus-ml cache-miss
1260 http fetch GET 200 https://registry.npmjs.org/codec-parser 535ms (cache revalidated)
1261 silly packumentCache full:https://registry.npmjs.org/codec-parser set size:84850 disposed:false
1262 silly fetch manifest opus-decoder@0.7.11
1263 silly packumentCache full:https://registry.npmjs.org/opus-decoder cache-miss
1264 http fetch GET 200 https://registry.npmjs.org/codec-parser 564ms (cache revalidated)
1265 silly packumentCache full:https://registry.npmjs.org/codec-parser set size:84850 disposed:false
1266 silly packumentCache full:https://registry.npmjs.org/codec-parser dispose
1267 silly fetch manifest @thi.ng/bitstream@^2.2.12
1268 silly packumentCache full:https://registry.npmjs.org/@thi.ng%2fbitstream cache-miss
1269 http fetch GET 200 https://registry.npmjs.org/@wasm-audio-decoders%2fcommon 967ms (cache revalidated)
1270 silly packumentCache full:https://registry.npmjs.org/@wasm-audio-decoders%2fcommon set size:60281 disposed:false
1271 http fetch GET 200 https://registry.npmjs.org/@wasm-audio-decoders%2fcommon 971ms (cache revalidated)
1272 silly packumentCache full:https://registry.npmjs.org/@wasm-audio-decoders%2fcommon set size:60281 disposed:false
1273 silly packumentCache full:https://registry.npmjs.org/@wasm-audio-decoders%2fcommon dispose
1274 http fetch GET 200 https://registry.npmjs.org/@wasm-audio-decoders%2fcommon 986ms (cache revalidated)
1275 silly packumentCache full:https://registry.npmjs.org/@wasm-audio-decoders%2fcommon set size:60281 disposed:true
1276 silly packumentCache full:https://registry.npmjs.org/@wasm-audio-decoders%2fcommon dispose
1277 http fetch GET 200 https://registry.npmjs.org/@wasm-audio-decoders%2fcommon 1011ms (cache revalidated)
1278 silly packumentCache full:https://registry.npmjs.org/@wasm-audio-decoders%2fcommon set size:60281 disposed:true
1279 silly packumentCache full:https://registry.npmjs.org/@wasm-audio-decoders%2fcommon dispose
1280 http fetch GET 200 https://registry.npmjs.org/@wasm-audio-decoders%2fopus-ml 1015ms (cache revalidated)
1281 silly packumentCache full:https://registry.npmjs.org/@wasm-audio-decoders%2fopus-ml set size:18849 disposed:false
1282 http fetch GET 200 https://registry.npmjs.org/opus-decoder 898ms (cache revalidated)
1283 silly packumentCache full:https://registry.npmjs.org/opus-decoder set size:114203 disposed:false
1284 http fetch GET 200 https://registry.npmjs.org/@thi.ng%2fbitstream 904ms (cache revalidated)
1285 silly packumentCache full:https://registry.npmjs.org/@thi.ng%2fbitstream set size:948663 disposed:false
1286 silly placeDep ROOT @wasm-audio-decoders/common@9.0.7 OK for: @wasm-audio-decoders/flac@0.2.10 want: 9.0.7
1287 silly placeDep ROOT codec-parser@2.5.0 OK for: @wasm-audio-decoders/flac@0.2.10 want: 2.5.0
1288 silly fetch manifest @eshaz/web-worker@1.2.2
1289 silly packumentCache full:https://registry.npmjs.org/@eshaz%2fweb-worker cache-miss
1290 silly fetch manifest simple-yenc@^1.0.4
1291 silly packumentCache full:https://registry.npmjs.org/simple-yenc cache-miss
1292 http fetch GET 200 https://registry.npmjs.org/simple-yenc 381ms (cache revalidated)
1293 silly packumentCache full:https://registry.npmjs.org/simple-yenc set size:43953 disposed:false
1294 http fetch GET 200 https://registry.npmjs.org/@eshaz%2fweb-worker 963ms (cache revalidated)
1295 silly packumentCache full:https://registry.npmjs.org/@eshaz%2fweb-worker set size:12219 disposed:false
1296 silly placeDep ROOT @eshaz/web-worker@1.2.2 OK for: @wasm-audio-decoders/common@9.0.7 want: 1.2.2
1297 silly placeDep ROOT simple-yenc@1.0.4 OK for: @wasm-audio-decoders/common@9.0.7 want: ^1.0.4
1298 silly placeDep ROOT follow-redirects@1.16.0 OK for: axios@0.24.0 want: ^1.14.4
1299 silly placeDep ROOT async@3.2.3 OK for: cache-manager@4.0.1 want: 3.2.3
1300 silly placeDep ROOT lodash.clonedeep@4.5.0 OK for: cache-manager@4.0.1 want: ^4.5.0
1301 silly placeDep ROOT lru-cache@7.18.3 OK for: cache-manager@4.0.1 want: ^7.10.1
1302 silly placeDep ROOT @mapbox/node-pre-gyp@1.0.11 OK for: canvas@2.11.2 want: ^1.0.0
1303 silly placeDep ROOT nan@2.27.0 OK for: canvas@2.11.2 want: ^2.17.0
1304 silly placeDep ROOT simple-get@3.1.1 OK for: canvas@2.11.2 want: ^3.0.3
1305 silly fetch manifest tar@^6.1.11
1306 silly packumentCache full:https://registry.npmjs.org/tar cache-miss
1307 silly fetch manifest nopt@^5.0.0
1308 silly packumentCache full:https://registry.npmjs.org/nopt cache-miss
1309 silly fetch manifest npmlog@^5.0.1
1310 silly packumentCache full:https://registry.npmjs.org/npmlog cache-miss
1311 silly fetch manifest rimraf@^3.0.2
1312 silly packumentCache full:https://registry.npmjs.org/rimraf cache-miss
1313 silly fetch manifest semver@^7.3.5
1314 silly packumentCache full:https://registry.npmjs.org/semver cache-hit
1315 silly fetch manifest make-dir@^3.1.0
1316 silly packumentCache full:https://registry.npmjs.org/make-dir cache-miss
1317 silly fetch manifest detect-libc@^2.0.0
1318 silly packumentCache full:https://registry.npmjs.org/detect-libc cache-miss
1319 silly fetch manifest decompress-response@^4.2.0
1320 silly packumentCache full:https://registry.npmjs.org/decompress-response cache-miss
1321 http fetch GET 200 https://registry.npmjs.org/nopt 645ms (cache revalidated)
1322 silly packumentCache full:https://registry.npmjs.org/nopt set size:74173 disposed:false
1323 silly fetch manifest once@^1.3.1
1324 silly packumentCache full:https://registry.npmjs.org/once cache-miss
1325 http fetch GET 200 https://registry.npmjs.org/detect-libc 660ms (cache revalidated)
1326 silly packumentCache full:https://registry.npmjs.org/detect-libc set size:47861 disposed:false
1327 silly fetch manifest simple-concat@^1.0.0
1328 silly packumentCache full:https://registry.npmjs.org/simple-concat cache-miss
1329 http fetch GET 200 https://registry.npmjs.org/make-dir 686ms (cache revalidated)
1330 silly packumentCache full:https://registry.npmjs.org/make-dir set size:34889 disposed:false
1331 http fetch GET 200 https://registry.npmjs.org/npmlog 713ms (cache revalidated)
1332 silly packumentCache full:https://registry.npmjs.org/npmlog set size:68012 disposed:false
1333 http fetch GET 200 https://registry.npmjs.org/decompress-response 707ms (cache revalidated)
1334 silly packumentCache full:https://registry.npmjs.org/decompress-response set size:36213 disposed:false
1335 http fetch GET 200 https://registry.npmjs.org/rimraf 747ms (cache revalidated)
1336 silly packumentCache full:https://registry.npmjs.org/rimraf set size:212626 disposed:false
1337 http fetch GET 200 https://registry.npmjs.org/tar 835ms (cache revalidated)
1338 silly packumentCache full:https://registry.npmjs.org/tar set size:544656 disposed:false
1339 http fetch GET 200 https://registry.npmjs.org/once 638ms (cache revalidated)
1340 silly packumentCache full:https://registry.npmjs.org/once set size:11752 disposed:false
1341 http fetch GET 200 https://registry.npmjs.org/simple-concat 846ms (cache revalidated)
1342 silly packumentCache full:https://registry.npmjs.org/simple-concat set size:6304 disposed:false
1343 silly placeDep ROOT detect-libc@2.1.2 OK for: @mapbox/node-pre-gyp@1.0.11 want: ^2.0.0
1344 silly placeDep node_modules/@mapbox/node-pre-gyp https-proxy-agent@5.0.1 OK for: @mapbox/node-pre-gyp@1.0.11 want: ^5.0.0
1345 silly placeDep ROOT make-dir@3.1.0 OK for: @mapbox/node-pre-gyp@1.0.11 want: ^3.1.0
1346 silly placeDep ROOT nopt@5.0.0 OK for: @mapbox/node-pre-gyp@1.0.11 want: ^5.0.0
1347 silly placeDep ROOT npmlog@5.0.1 OK for: @mapbox/node-pre-gyp@1.0.11 want: ^5.0.1
1348 silly placeDep ROOT rimraf@3.0.2 OK for: @mapbox/node-pre-gyp@1.0.11 want: ^3.0.2
1349 silly placeDep ROOT semver@7.8.1 OK for: @mapbox/node-pre-gyp@1.0.11 want: ^7.3.5
1350 silly placeDep ROOT tar@6.2.1 OK for: @mapbox/node-pre-gyp@1.0.11 want: ^6.1.11
1351 silly fetch manifest agent-base@6
1352 silly packumentCache full:https://registry.npmjs.org/agent-base cache-hit
1353 silly fetch manifest semver@^6.0.0
1354 silly packumentCache full:https://registry.npmjs.org/semver cache-hit
1355 silly fetch manifest abbrev@1
1356 silly packumentCache full:https://registry.npmjs.org/abbrev cache-miss
1357 silly fetch manifest gauge@^3.0.0
1358 silly packumentCache full:https://registry.npmjs.org/gauge cache-miss
1359 silly fetch manifest set-blocking@^2.0.0
1360 silly packumentCache full:https://registry.npmjs.org/set-blocking cache-miss
1361 silly fetch manifest are-we-there-yet@^2.0.0
1362 silly packumentCache full:https://registry.npmjs.org/are-we-there-yet cache-miss
1363 silly fetch manifest console-control-strings@^1.1.0
1364 silly packumentCache full:https://registry.npmjs.org/console-control-strings cache-miss
1365 silly fetch manifest glob@^7.1.3
1366 silly packumentCache full:https://registry.npmjs.org/glob cache-miss
1367 silly fetch manifest chownr@^2.0.0
1368 silly packumentCache full:https://registry.npmjs.org/chownr cache-miss
1369 http fetch GET 200 https://registry.npmjs.org/abbrev 454ms (cache revalidated)
1370 silly packumentCache full:https://registry.npmjs.org/abbrev set size:24244 disposed:false
1371 silly fetch manifest mkdirp@^1.0.3
1372 silly packumentCache full:https://registry.npmjs.org/mkdirp cache-hit
1373 silly fetch manifest yallist@^4.0.0
1374 silly packumentCache full:https://registry.npmjs.org/yallist cache-miss
1375 http fetch GET 200 https://registry.npmjs.org/set-blocking 501ms (cache revalidated)
1376 silly packumentCache full:https://registry.npmjs.org/set-blocking set size:5763 disposed:false
1377 silly fetch manifest minipass@^5.0.0
1378 silly packumentCache full:https://registry.npmjs.org/minipass cache-miss
1379 http fetch GET 200 https://registry.npmjs.org/gauge 547ms (cache revalidated)
1380 silly packumentCache full:https://registry.npmjs.org/gauge set size:100935 disposed:false
1381 silly fetch manifest minizlib@^2.1.1
1382 silly packumentCache full:https://registry.npmjs.org/minizlib cache-miss
1383 http fetch GET 200 https://registry.npmjs.org/are-we-there-yet 572ms (cache revalidated)
1384 silly packumentCache full:https://registry.npmjs.org/are-we-there-yet set size:52208 disposed:false
1385 silly fetch manifest fs-minipass@^2.0.0
1386 silly packumentCache full:https://registry.npmjs.org/fs-minipass cache-miss
1387 http fetch GET 200 https://registry.npmjs.org/console-control-strings 574ms (cache revalidated)
1388 silly packumentCache full:https://registry.npmjs.org/console-control-strings set size:9235 disposed:false
1389 http fetch GET 200 https://registry.npmjs.org/glob 580ms (cache revalidated)
1390 silly packumentCache full:https://registry.npmjs.org/glob set size:469465 disposed:false
1391 http fetch GET 200 https://registry.npmjs.org/chownr 656ms (cache revalidated)
1392 silly packumentCache full:https://registry.npmjs.org/chownr set size:22157 disposed:false
1393 http fetch GET 200 https://registry.npmjs.org/yallist 683ms (cache revalidated)
1394 silly packumentCache full:https://registry.npmjs.org/yallist set size:34610 disposed:false
1395 http fetch GET 200 https://registry.npmjs.org/minizlib 599ms (cache revalidated)
1396 silly packumentCache full:https://registry.npmjs.org/minizlib set size:62862 disposed:false
1397 http fetch GET 200 https://registry.npmjs.org/fs-minipass 595ms (cache revalidated)
1398 silly packumentCache full:https://registry.npmjs.org/fs-minipass set size:44606 disposed:false
1399 http fetch GET 200 https://registry.npmjs.org/minipass 692ms (cache revalidated)
1400 silly packumentCache full:https://registry.npmjs.org/minipass set size:276925 disposed:false
1401 silly placeDep ROOT cheerio-select@2.1.0 OK for: cheerio@1.2.0 want: ^2.1.0
1402 silly placeDep ROOT dom-serializer@2.0.0 OK for: cheerio@1.2.0 want: ^2.0.0
1403 silly placeDep ROOT domhandler@5.0.3 OK for: cheerio@1.2.0 want: ^5.0.3
1404 silly placeDep ROOT domutils@3.2.2 OK for: cheerio@1.2.0 want: ^3.2.2
1405 silly placeDep ROOT encoding-sniffer@0.2.1 OK for: cheerio@1.2.0 want: ^0.2.1
1406 silly placeDep ROOT htmlparser2@10.1.0 OK for: cheerio@1.2.0 want: ^10.1.0
1407 silly placeDep ROOT parse5@7.3.0 OK for: cheerio@1.2.0 want: ^7.3.0
1408 silly placeDep ROOT parse5-htmlparser2-tree-adapter@7.1.0 OK for: cheerio@1.2.0 want: ^7.1.0
1409 silly placeDep ROOT parse5-parser-stream@7.1.2 OK for: cheerio@1.2.0 want: ^7.1.2
1410 silly placeDep ROOT whatwg-mimetype@4.0.0 OK for: cheerio@1.2.0 want: ^4.0.0
1411 silly fetch manifest boolbase@^1.0.0
1412 silly packumentCache full:https://registry.npmjs.org/boolbase cache-miss
1413 silly fetch manifest css-what@^6.1.0
1414 silly packumentCache full:https://registry.npmjs.org/css-what cache-miss
1415 silly fetch manifest domutils@^3.0.1
1416 silly packumentCache full:https://registry.npmjs.org/domutils cache-hit
1417 silly fetch manifest css-select@^5.1.0
1418 silly packumentCache full:https://registry.npmjs.org/css-select cache-miss
1419 silly fetch manifest domelementtype@^2.3.0
1420 silly packumentCache full:https://registry.npmjs.org/domelementtype cache-miss
1421 silly fetch manifest entities@^4.2.0
1422 silly packumentCache full:https://registry.npmjs.org/entities cache-miss
1423 silly fetch manifest domhandler@^5.0.2
1424 silly packumentCache full:https://registry.npmjs.org/domhandler cache-hit
1425 silly fetch manifest domelementtype@^2.3.0
1426 silly packumentCache full:https://registry.npmjs.org/domelementtype cache-miss
1427 silly fetch manifest domelementtype@^2.3.0
1428 silly packumentCache full:https://registry.npmjs.org/domelementtype cache-miss
1429 http fetch GET 200 https://registry.npmjs.org/domelementtype 414ms (cache revalidated)
1430 silly packumentCache full:https://registry.npmjs.org/domelementtype set size:33363 disposed:false
1431 silly fetch manifest iconv-lite@^0.6.3
1432 silly packumentCache full:https://registry.npmjs.org/iconv-lite cache-miss
1433 http fetch GET 200 https://registry.npmjs.org/domelementtype 459ms (cache revalidated)
1434 silly packumentCache full:https://registry.npmjs.org/domelementtype set size:33363 disposed:false
1435 silly packumentCache full:https://registry.npmjs.org/domelementtype dispose
1436 silly fetch manifest whatwg-encoding@^3.1.1
1437 silly packumentCache full:https://registry.npmjs.org/whatwg-encoding cache-hit
1438 silly fetch manifest entities@^7.0.1
1439 silly packumentCache full:https://registry.npmjs.org/entities cache-miss
1440 http fetch GET 200 https://registry.npmjs.org/boolbase 504ms (cache revalidated)
1441 silly packumentCache full:https://registry.npmjs.org/boolbase set size:4438 disposed:false
1442 silly fetch manifest entities@^6.0.0
1443 silly packumentCache full:https://registry.npmjs.org/entities cache-miss
1444 http fetch GET 200 https://registry.npmjs.org/domelementtype 689ms (cache revalidated)
1445 silly packumentCache full:https://registry.npmjs.org/domelementtype set size:33363 disposed:true
1446 silly packumentCache full:https://registry.npmjs.org/domelementtype dispose
1447 http fetch GET 200 https://registry.npmjs.org/entities 230ms (cache revalidated)
1448 silly packumentCache full:https://registry.npmjs.org/entities set size:101550 disposed:false
1449 http fetch GET 200 https://registry.npmjs.org/entities 754ms (cache revalidated)
1450 silly packumentCache full:https://registry.npmjs.org/entities set size:101550 disposed:false
1451 silly packumentCache full:https://registry.npmjs.org/entities dispose
1452 http fetch GET 200 https://registry.npmjs.org/entities 300ms (cache revalidated)
1453 silly packumentCache full:https://registry.npmjs.org/entities set size:101550 disposed:true
1454 silly packumentCache full:https://registry.npmjs.org/entities dispose
1455 http fetch GET 200 https://registry.npmjs.org/css-what 810ms (cache revalidated)
1456 silly packumentCache full:https://registry.npmjs.org/css-what set size:81721 disposed:false
1457 http fetch GET 200 https://registry.npmjs.org/css-select 824ms (cache revalidated)
1458 silly packumentCache full:https://registry.npmjs.org/css-select set size:111202 disposed:false
1459 http fetch GET 200 https://registry.npmjs.org/iconv-lite 413ms (cache revalidated)
1460 silly packumentCache full:https://registry.npmjs.org/iconv-lite set size:120557 disposed:false
1461 silly placeDep ROOT boolbase@1.0.0 OK for: cheerio-select@2.1.0 want: ^1.0.0
1462 silly placeDep ROOT css-select@5.2.2 OK for: cheerio-select@2.1.0 want: ^5.1.0
1463 silly placeDep ROOT css-what@6.2.2 OK for: cheerio-select@2.1.0 want: ^6.1.0
1464 silly placeDep ROOT domelementtype@2.3.0 OK for: cheerio-select@2.1.0 want: ^2.3.0
1465 silly fetch manifest nth-check@^2.0.1
1466 silly packumentCache full:https://registry.npmjs.org/nth-check cache-miss
1467 http fetch GET 200 https://registry.npmjs.org/nth-check 372ms (cache revalidated)
1468 silly packumentCache full:https://registry.npmjs.org/nth-check set size:27445 disposed:false
1469 silly placeDep ROOT cookie@0.7.2 OK for: cookie-parser@1.4.7 want: 0.7.2
1470 silly placeDep ROOT cookie-signature@1.0.6 OK for: cookie-parser@1.4.7 want: 1.0.6
1471 silly placeDep ROOT nth-check@2.1.1 OK for: css-select@5.2.2 want: ^2.0.1
1472 silly placeDep ROOT entities@4.5.0 OK for: dom-serializer@2.0.0 want: ^4.2.0
1473 silly placeDep ROOT iconv-lite@0.6.3 OK for: encoding-sniffer@0.2.1 want: ^0.6.3
1474 silly placeDep ROOT whatwg-encoding@3.1.1 OK for: encoding-sniffer@0.2.1 want: ^3.1.1
1475 silly fetch manifest safer-buffer@>= 2.1.2 < 3.0.0
1476 silly packumentCache full:https://registry.npmjs.org/safer-buffer cache-miss
1477 http fetch GET 200 https://registry.npmjs.org/safer-buffer 386ms (cache revalidated)
1478 silly packumentCache full:https://registry.npmjs.org/safer-buffer set size:18521 disposed:false
1479 silly placeDep ROOT accepts@1.3.8 OK for: express@4.22.2 want: ~1.3.8
1480 silly placeDep ROOT array-flatten@1.1.1 OK for: express@4.22.2 want: 1.1.1
1481 silly placeDep ROOT body-parser@1.20.5 OK for: express@4.22.2 want: ~1.20.5
1482 silly placeDep ROOT content-disposition@0.5.4 OK for: express@4.22.2 want: ~0.5.4
1483 silly placeDep ROOT content-type@1.0.5 OK for: express@4.22.2 want: ~1.0.4
1484 silly placeDep ROOT debug@2.6.9 OK for: express@4.22.2 want: 2.6.9
1485 silly placeDep ROOT depd@2.0.0 OK for: express@4.22.2 want: 2.0.0
1486 silly placeDep ROOT encodeurl@2.0.0 OK for: express@4.22.2 want: ~2.0.0
1487 silly placeDep ROOT escape-html@1.0.3 OK for: express@4.22.2 want: ~1.0.3
1488 silly placeDep ROOT etag@1.8.1 OK for: express@4.22.2 want: ~1.8.1
1489 silly placeDep ROOT finalhandler@1.3.2 OK for: express@4.22.2 want: ~1.3.1
1490 silly placeDep ROOT fresh@0.5.2 OK for: express@4.22.2 want: ~0.5.2
1491 silly placeDep ROOT http-errors@2.0.1 OK for: express@4.22.2 want: ~2.0.0
1492 silly placeDep ROOT merge-descriptors@1.0.3 OK for: express@4.22.2 want: 1.0.3
1493 silly placeDep ROOT methods@1.1.2 OK for: express@4.22.2 want: ~1.1.2
1494 silly placeDep ROOT on-finished@2.4.1 OK for: express@4.22.2 want: ~2.4.1
1495 silly placeDep ROOT parseurl@1.3.3 OK for: express@4.22.2 want: ~1.3.3
1496 silly placeDep ROOT path-to-regexp@0.1.13 OK for: express@4.22.2 want: ~0.1.12
1497 silly placeDep ROOT proxy-addr@2.0.7 OK for: express@4.22.2 want: ~2.0.7
1498 silly placeDep ROOT qs@6.15.2 OK for: express@4.22.2 want: ~6.15.1
1499 silly placeDep ROOT range-parser@1.2.1 OK for: express@4.22.2 want: ~1.2.1
1500 silly placeDep ROOT safe-buffer@5.2.1 OK for: express@4.22.2 want: 5.2.1
1501 silly placeDep ROOT send@0.19.2 OK for: express@4.22.2 want: ~0.19.0
1502 silly placeDep ROOT serve-static@1.16.3 OK for: express@4.22.2 want: ~1.16.2
1503 silly placeDep ROOT setprototypeof@1.2.0 OK for: express@4.22.2 want: 1.2.0
1504 silly placeDep ROOT statuses@2.0.2 OK for: express@4.22.2 want: ~2.0.1
1505 silly placeDep ROOT type-is@1.6.18 OK for: express@4.22.2 want: ~1.6.18
1506 silly placeDep ROOT utils-merge@1.0.1 OK for: express@4.22.2 want: 1.0.1
1507 silly placeDep ROOT vary@1.1.2 OK for: express@4.22.2 want: ~1.1.2
1508 silly fetch manifest mime-types@~2.1.34
1509 silly packumentCache full:https://registry.npmjs.org/mime-types cache-hit
1510 silly fetch manifest negotiator@0.6.3
1511 silly packumentCache full:https://registry.npmjs.org/negotiator cache-miss
1512 silly fetch manifest bytes@~3.1.2
1513 silly packumentCache full:https://registry.npmjs.org/bytes cache-miss
1514 silly fetch manifest content-type@~1.0.5
1515 silly packumentCache full:https://registry.npmjs.org/content-type cache-hit
1516 silly fetch manifest destroy@~1.2.0
1517 silly packumentCache full:https://registry.npmjs.org/destroy cache-miss
1518 silly fetch manifest http-errors@~2.0.1
1519 silly packumentCache full:https://registry.npmjs.org/http-errors cache-hit
1520 silly fetch manifest iconv-lite@~0.4.24
1521 silly packumentCache full:https://registry.npmjs.org/iconv-lite cache-hit
1522 silly fetch manifest raw-body@~2.5.3
1523 silly packumentCache full:https://registry.npmjs.org/raw-body cache-miss
1524 silly fetch manifest unpipe@~1.0.0
1525 silly packumentCache full:https://registry.npmjs.org/unpipe cache-miss
1526 silly fetch manifest ms@2.0.0
1527 silly packumentCache full:https://registry.npmjs.org/ms cache-hit
1528 silly fetch manifest unpipe@~1.0.0
1529 silly packumentCache full:https://registry.npmjs.org/unpipe cache-miss
1530 silly fetch manifest statuses@~2.0.2
1531 silly packumentCache full:https://registry.npmjs.org/statuses cache-hit
1532 silly fetch manifest inherits@~2.0.4
1533 silly packumentCache full:https://registry.npmjs.org/inherits cache-hit
1534 silly fetch manifest setprototypeof@~1.2.0
1535 silly packumentCache full:https://registry.npmjs.org/setprototypeof cache-hit
1536 silly fetch manifest toidentifier@~1.0.1
1537 silly packumentCache full:https://registry.npmjs.org/toidentifier cache-miss
1538 http fetch GET 200 https://registry.npmjs.org/negotiator 469ms (cache revalidated)
1539 silly packumentCache full:https://registry.npmjs.org/negotiator set size:48046 disposed:false
1540 silly fetch manifest ee-first@1.1.1
1541 silly packumentCache full:https://registry.npmjs.org/ee-first cache-miss
1542 http fetch GET 200 https://registry.npmjs.org/unpipe 496ms (cache revalidated)
1543 silly packumentCache full:https://registry.npmjs.org/unpipe set size:3609 disposed:false
1544 silly fetch manifest forwarded@0.2.0
1545 silly packumentCache full:https://registry.npmjs.org/forwarded cache-miss
1546 http fetch GET 200 https://registry.npmjs.org/unpipe 498ms (cache revalidated)
1547 silly packumentCache full:https://registry.npmjs.org/unpipe set size:3609 disposed:false
1548 silly packumentCache full:https://registry.npmjs.org/unpipe dispose
1549 silly fetch manifest ipaddr.js@1.9.1
1550 silly packumentCache full:https://registry.npmjs.org/ipaddr.js cache-miss
1551 http fetch GET 200 https://registry.npmjs.org/raw-body 526ms (cache revalidated)
1552 silly packumentCache full:https://registry.npmjs.org/raw-body set size:117822 disposed:false
1553 silly fetch manifest side-channel@^1.1.0
1554 silly packumentCache full:https://registry.npmjs.org/side-channel cache-miss
1555 http fetch GET 200 https://registry.npmjs.org/bytes 592ms (cache revalidated)
1556 silly packumentCache full:https://registry.npmjs.org/bytes set size:37018 disposed:false
1557 silly fetch manifest mime@1.6.0
1558 silly packumentCache full:https://registry.npmjs.org/mime cache-miss
1559 http fetch GET 200 https://registry.npmjs.org/destroy 608ms (cache revalidated)
1560 silly packumentCache full:https://registry.npmjs.org/destroy set size:15738 disposed:false
1561 silly fetch manifest destroy@1.2.0
1562 silly packumentCache full:https://registry.npmjs.org/destroy cache-hit
1563 silly fetch manifest mime-types@~2.1.24
1564 silly packumentCache full:https://registry.npmjs.org/mime-types cache-hit
1565 silly fetch manifest media-typer@0.3.0
1566 silly packumentCache full:https://registry.npmjs.org/media-typer cache-hit
1567 http fetch GET 200 https://registry.npmjs.org/toidentifier 571ms (cache revalidated)
1568 silly packumentCache full:https://registry.npmjs.org/toidentifier set size:12006 disposed:false
1569 http fetch GET 200 https://registry.npmjs.org/ee-first 562ms (cache revalidated)
1570 silly packumentCache full:https://registry.npmjs.org/ee-first set size:15327 disposed:false
1571 http fetch GET 200 https://registry.npmjs.org/forwarded 725ms (cache revalidated)
1572 silly packumentCache full:https://registry.npmjs.org/forwarded set size:11229 disposed:false
1573 http fetch GET 200 https://registry.npmjs.org/mime 667ms (cache revalidated)
1574 silly packumentCache full:https://registry.npmjs.org/mime set size:119236 disposed:false
1575 http fetch GET 200 https://registry.npmjs.org/ipaddr.js 753ms (cache revalidated)
1576 silly packumentCache full:https://registry.npmjs.org/ipaddr.js set size:69563 disposed:false
1577 http fetch GET 200 https://registry.npmjs.org/side-channel 737ms (cache revalidated)
1578 silly packumentCache full:https://registry.npmjs.org/side-channel set size:24660 disposed:false
1579 silly placeDep ROOT mime-types@2.1.35 OK for: accepts@1.3.8 want: ~2.1.34
1580 silly placeDep ROOT negotiator@0.6.3 OK for: accepts@1.3.8 want: 0.6.3
1581 silly fetch manifest mime-db@1.52.0
1582 silly packumentCache full:https://registry.npmjs.org/mime-db cache-miss
1583 http fetch GET 200 https://registry.npmjs.org/mime-db 89ms (cache revalidated)
1584 silly packumentCache full:https://registry.npmjs.org/mime-db set size:164953 disposed:false
1585 silly placeDep ROOT bytes@3.1.2 OK for: body-parser@1.20.5 want: ~3.1.2
1586 silly placeDep ROOT destroy@1.2.0 OK for: body-parser@1.20.5 want: ~1.2.0
1587 silly placeDep node_modules/body-parser iconv-lite@0.4.24 OK for: body-parser@1.20.5 want: ~0.4.24
1588 silly placeDep ROOT raw-body@2.5.3 OK for: body-parser@1.20.5 want: ~2.5.3
1589 silly placeDep ROOT unpipe@1.0.0 OK for: body-parser@1.20.5 want: ~1.0.0
1590 silly fetch manifest safer-buffer@>= 2.1.2 < 3
1591 silly packumentCache full:https://registry.npmjs.org/safer-buffer cache-hit
1592 silly placeDep ROOT ms@2.0.0 OK for: debug@2.6.9 want: 2.0.0
1593 silly placeDep node_modules/express-session cookie-signature@1.0.7 OK for: express-session@1.19.0 want: ~1.0.7
1594 silly placeDep ROOT on-headers@1.1.0 OK for: express-session@1.19.0 want: ~1.1.0
1595 silly placeDep ROOT uid-safe@2.1.5 OK for: express-session@1.19.0 want: ~2.1.5
1596 silly fetch manifest random-bytes@~1.0.0
1597 silly packumentCache full:https://registry.npmjs.org/random-bytes cache-miss
1598 http fetch GET 200 https://registry.npmjs.org/random-bytes 577ms (cache revalidated)
1599 silly packumentCache full:https://registry.npmjs.org/random-bytes set size:4798 disposed:false
1600 silly placeDep ROOT when@3.7.8 OK for: ffmpeg@0.0.4 want: >= 0.0.1
1601 silly placeDep ROOT readable-web-to-node-stream@3.0.4 OK for: file-type@16.5.4 want: ^3.0.0
1602 silly placeDep ROOT strtok3@6.3.0 OK for: file-type@16.5.4 want: ^6.2.4
1603 silly placeDep ROOT token-types@4.2.1 OK for: file-type@16.5.4 want: ^4.1.1
1604 silly fetch manifest readable-stream@^4.7.0
1605 silly packumentCache full:https://registry.npmjs.org/readable-stream cache-miss
1606 silly fetch manifest peek-readable@^4.1.0
1607 silly packumentCache full:https://registry.npmjs.org/peek-readable cache-miss
1608 silly fetch manifest ieee754@^1.2.1
1609 silly packumentCache full:https://registry.npmjs.org/ieee754 cache-miss
1610 http fetch GET 200 https://registry.npmjs.org/ieee754 556ms (cache revalidated)
1611 silly packumentCache full:https://registry.npmjs.org/ieee754 set size:34910 disposed:false
1612 http fetch GET 200 https://registry.npmjs.org/readable-stream 583ms (cache revalidated)
1613 silly packumentCache full:https://registry.npmjs.org/readable-stream set size:261096 disposed:false
1614 http fetch GET 200 https://registry.npmjs.org/peek-readable 634ms (cache revalidated)
1615 silly packumentCache full:https://registry.npmjs.org/peek-readable set size:130346 disposed:false
1616 silly placeDep node_modules/fluent-ffmpeg async@0.2.10 OK for: fluent-ffmpeg@2.1.3 want: ^0.2.9
1617 silly placeDep ROOT which@1.3.1 OK for: fluent-ffmpeg@2.1.3 want: ^1.1.1
1618 silly fetch manifest isexe@^2.0.0
1619 silly packumentCache full:https://registry.npmjs.org/isexe cache-miss
1620 http fetch GET 200 https://registry.npmjs.org/isexe 385ms (cache revalidated)
1621 silly packumentCache full:https://registry.npmjs.org/isexe set size:31756 disposed:false
1622 silly placeDep ROOT asynckit@0.4.0 OK for: form-data@4.0.5 want: ^0.4.0
1623 silly placeDep ROOT combined-stream@1.0.8 OK for: form-data@4.0.5 want: ^1.0.8
1624 silly placeDep ROOT es-set-tostringtag@2.1.0 OK for: form-data@4.0.5 want: ^2.1.0
1625 silly placeDep ROOT hasown@2.0.3 OK for: form-data@4.0.5 want: ^2.0.2
1626 silly fetch manifest delayed-stream@~1.0.0
1627 silly packumentCache full:https://registry.npmjs.org/delayed-stream cache-miss
1628 silly fetch manifest es-errors@^1.3.0
1629 silly packumentCache full:https://registry.npmjs.org/es-errors cache-miss
1630 silly fetch manifest get-intrinsic@^1.2.6
1631 silly packumentCache full:https://registry.npmjs.org/get-intrinsic cache-miss
1632 silly fetch manifest has-tostringtag@^1.0.2
1633 silly packumentCache full:https://registry.npmjs.org/has-tostringtag cache-miss
1634 silly fetch manifest function-bind@^1.1.2
1635 silly packumentCache full:https://registry.npmjs.org/function-bind cache-miss
1636 http fetch GET 200 https://registry.npmjs.org/delayed-stream 413ms (cache revalidated)
1637 silly packumentCache full:https://registry.npmjs.org/delayed-stream set size:15820 disposed:false
1638 http fetch GET 200 https://registry.npmjs.org/has-tostringtag 440ms (cache revalidated)
1639 silly packumentCache full:https://registry.npmjs.org/has-tostringtag set size:13945 disposed:false
1640 http fetch GET 200 https://registry.npmjs.org/es-errors 459ms (cache revalidated)
1641 silly packumentCache full:https://registry.npmjs.org/es-errors set size:16918 disposed:false
1642 http fetch GET 200 https://registry.npmjs.org/get-intrinsic 469ms (cache revalidated)
1643 silly packumentCache full:https://registry.npmjs.org/get-intrinsic set size:60985 disposed:false
1644 http fetch GET 200 https://registry.npmjs.org/function-bind 480ms (cache revalidated)
1645 silly packumentCache full:https://registry.npmjs.org/function-bind set size:15733 disposed:false
1646 silly placeDep ROOT delayed-stream@1.0.0 OK for: combined-stream@1.0.8 want: ~1.0.0
1647 silly placeDep ROOT es-errors@1.3.0 OK for: es-set-tostringtag@2.1.0 want: ^1.3.0
1648 silly placeDep ROOT get-intrinsic@1.3.0 OK for: es-set-tostringtag@2.1.0 want: ^1.2.6
1649 silly placeDep ROOT has-tostringtag@1.0.2 OK for: es-set-tostringtag@2.1.0 want: ^1.0.2
1650 silly fetch manifest gopd@^1.2.0
1651 silly packumentCache full:https://registry.npmjs.org/gopd cache-miss
1652 silly fetch manifest get-proto@^1.0.1
1653 silly packumentCache full:https://registry.npmjs.org/get-proto cache-miss
1654 silly fetch manifest has-symbols@^1.1.0
1655 silly packumentCache full:https://registry.npmjs.org/has-symbols cache-miss
1656 silly fetch manifest es-object-atoms@^1.1.1
1657 silly packumentCache full:https://registry.npmjs.org/es-object-atoms cache-miss
1658 silly fetch manifest math-intrinsics@^1.1.0
1659 silly packumentCache full:https://registry.npmjs.org/math-intrinsics cache-miss
1660 silly fetch manifest es-define-property@^1.0.1
1661 silly packumentCache full:https://registry.npmjs.org/es-define-property cache-miss
1662 silly fetch manifest call-bind-apply-helpers@^1.0.2
1663 silly packumentCache full:https://registry.npmjs.org/call-bind-apply-helpers cache-miss
1664 http fetch GET 200 https://registry.npmjs.org/gopd 406ms (cache revalidated)
1665 silly packumentCache full:https://registry.npmjs.org/gopd set size:11458 disposed:false
1666 silly fetch manifest has-symbols@^1.0.3
1667 silly packumentCache full:https://registry.npmjs.org/has-symbols cache-miss
1668 http fetch GET 200 https://registry.npmjs.org/has-symbols 468ms (cache revalidated)
1669 silly packumentCache full:https://registry.npmjs.org/has-symbols set size:21550 disposed:false
1670 http fetch GET 200 https://registry.npmjs.org/get-proto 485ms (cache revalidated)
1671 silly packumentCache full:https://registry.npmjs.org/get-proto set size:8300 disposed:false
1672 http fetch GET 200 https://registry.npmjs.org/es-object-atoms 485ms (cache revalidated)
1673 silly packumentCache full:https://registry.npmjs.org/es-object-atoms set size:15304 disposed:false
1674 http fetch GET 200 https://registry.npmjs.org/math-intrinsics 496ms (cache revalidated)
1675 silly packumentCache full:https://registry.npmjs.org/math-intrinsics set size:9265 disposed:false
1676 http fetch GET 200 https://registry.npmjs.org/call-bind-apply-helpers 493ms (cache revalidated)
1677 silly packumentCache full:https://registry.npmjs.org/call-bind-apply-helpers set size:12744 disposed:false
1678 http fetch GET 200 https://registry.npmjs.org/es-define-property 523ms (cache revalidated)
1679 silly packumentCache full:https://registry.npmjs.org/es-define-property set size:8542 disposed:false
1680 http fetch GET 200 https://registry.npmjs.org/has-symbols 636ms (cache revalidated)
1681 silly packumentCache full:https://registry.npmjs.org/has-symbols set size:21550 disposed:false
1682 silly packumentCache full:https://registry.npmjs.org/has-symbols dispose
1683 silly placeDep ROOT graceful-fs@4.2.11 OK for: fs-extra@10.1.0 want: ^4.2.0
1684 silly placeDep ROOT jsonfile@6.2.1 OK for: fs-extra@10.1.0 want: ^6.0.1
1685 silly placeDep ROOT universalify@2.0.1 OK for: fs-extra@10.1.0 want: ^2.0.0
1686 silly placeDep ROOT call-bind-apply-helpers@1.0.2 OK for: get-intrinsic@1.3.0 want: ^1.0.2
1687 silly placeDep ROOT es-define-property@1.0.1 OK for: get-intrinsic@1.3.0 want: ^1.0.1
1688 silly placeDep ROOT es-object-atoms@1.1.1 OK for: get-intrinsic@1.3.0 want: ^1.1.1
1689 silly placeDep ROOT function-bind@1.1.2 OK for: get-intrinsic@1.3.0 want: ^1.1.2
1690 silly placeDep ROOT get-proto@1.0.1 OK for: get-intrinsic@1.3.0 want: ^1.0.1
1691 silly placeDep ROOT gopd@1.2.0 OK for: get-intrinsic@1.3.0 want: ^1.2.0
1692 silly placeDep ROOT has-symbols@1.1.0 OK for: get-intrinsic@1.3.0 want: ^1.1.0
1693 silly placeDep ROOT math-intrinsics@1.1.0 OK for: get-intrinsic@1.3.0 want: ^1.1.0
1694 silly fetch manifest dunder-proto@^1.0.1
1695 silly packumentCache full:https://registry.npmjs.org/dunder-proto cache-miss
1696 http fetch GET 200 https://registry.npmjs.org/dunder-proto 92ms (cache revalidated)
1697 silly packumentCache full:https://registry.npmjs.org/dunder-proto set size:8256 disposed:false
1698 silly placeDep ROOT dunder-proto@1.0.1 OK for: get-proto@1.0.1 want: ^1.0.1
1699 silly placeDep node_modules/google-tts-api axios@0.21.4 OK for: google-tts-api@2.0.2 want: ^0.21.0
1700 silly placeDep node_modules/htmlparser2 entities@7.0.1 OK for: htmlparser2@10.1.0 want: ^7.0.1
1701 silly placeDep ROOT agent-base@9.0.0 OK for: http-cookie-agent@7.0.4 want: ^9.0.0
1702 silly placeDep ROOT inherits@2.0.4 OK for: http-errors@2.0.1 want: ~2.0.4
1703 silly placeDep ROOT toidentifier@1.0.1 OK for: http-errors@2.0.1 want: ~1.0.1
1704 silly placeDep node_modules/https-proxy-agent agent-base@7.1.4 OK for: https-proxy-agent@7.0.6 want: ^7.1.2
1705 silly placeDep node_modules/https-proxy-agent debug@4.4.3 OK for: https-proxy-agent@7.0.6 want: 4
1706 silly fetch manifest ms@^2.1.3
1707 silly packumentCache full:https://registry.npmjs.org/ms cache-hit
1708 silly placeDep ROOT safer-buffer@2.1.2 OK for: iconv-lite@0.6.3 want: >= 2.1.2 < 3.0.0
1709 silly placeDep ROOT @babel/runtime@7.29.2 OK for: jimp@0.16.13 want: ^7.7.2
1710 silly placeDep ROOT @jimp/custom@0.16.13 OK for: jimp@0.16.13 want: ^0.16.13
1711 silly placeDep ROOT @jimp/plugins@0.16.13 OK for: jimp@0.16.13 want: ^0.16.13
1712 silly placeDep ROOT @jimp/types@0.16.13 OK for: jimp@0.16.13 want: ^0.16.13
1713 silly placeDep ROOT regenerator-runtime@0.13.11 OK for: jimp@0.16.13 want: ^0.13.3
1714 silly fetch manifest @jimp/core@^0.16.13
1715 silly packumentCache full:https://registry.npmjs.org/@jimp%2fcore cache-miss
1716 silly fetch manifest @jimp/plugin-blit@^0.16.13
1717 silly packumentCache full:https://registry.npmjs.org/@jimp%2fplugin-blit cache-miss
1718 silly fetch manifest @jimp/plugin-blur@^0.16.13
1719 silly packumentCache full:https://registry.npmjs.org/@jimp%2fplugin-blur cache-miss
1720 silly fetch manifest @jimp/plugin-circle@^0.16.13
1721 silly packumentCache full:https://registry.npmjs.org/@jimp%2fplugin-circle cache-miss
1722 silly fetch manifest @jimp/plugin-color@^0.16.13
1723 silly packumentCache full:https://registry.npmjs.org/@jimp%2fplugin-color cache-miss
1724 silly fetch manifest @jimp/plugin-contain@^0.16.13
1725 silly packumentCache full:https://registry.npmjs.org/@jimp%2fplugin-contain cache-miss
1726 silly fetch manifest @jimp/plugin-cover@^0.16.13
1727 silly packumentCache full:https://registry.npmjs.org/@jimp%2fplugin-cover cache-miss
1728 http fetch GET 200 https://registry.npmjs.org/@jimp%2fplugin-blit 1109ms (cache revalidated)
1729 silly packumentCache full:https://registry.npmjs.org/@jimp%2fplugin-blit set size:766797 disposed:false
1730 silly fetch manifest @jimp/plugin-crop@^0.16.13
1731 silly packumentCache full:https://registry.npmjs.org/@jimp%2fplugin-crop cache-miss
1732 http fetch GET 200 https://registry.npmjs.org/@jimp%2fplugin-circle 1186ms (cache revalidated)
1733 silly packumentCache full:https://registry.npmjs.org/@jimp%2fplugin-circle set size:736316 disposed:false
1734 silly fetch manifest @jimp/plugin-displace@^0.16.13
1735 silly packumentCache full:https://registry.npmjs.org/@jimp%2fplugin-displace cache-miss
1736 http fetch GET 200 https://registry.npmjs.org/@jimp%2fplugin-color 1261ms (cache revalidated)
1737 silly packumentCache full:https://registry.npmjs.org/@jimp%2fplugin-color set size:789772 disposed:false
1738 silly fetch manifest @jimp/plugin-dither@^0.16.13
1739 silly packumentCache full:https://registry.npmjs.org/@jimp%2fplugin-dither cache-miss
1740 http fetch GET 200 https://registry.npmjs.org/@jimp%2fplugin-cover 1336ms (cache revalidated)
1741 silly packumentCache full:https://registry.npmjs.org/@jimp%2fplugin-cover set size:811414 disposed:false
1742 silly fetch manifest @jimp/plugin-fisheye@^0.16.13
1743 silly packumentCache full:https://registry.npmjs.org/@jimp%2fplugin-fisheye cache-miss
1744 http fetch GET 200 https://registry.npmjs.org/@jimp%2fplugin-contain 1430ms (cache revalidated)
1745 silly packumentCache full:https://registry.npmjs.org/@jimp%2fplugin-contain set size:811884 disposed:false
1746 silly fetch manifest @jimp/plugin-flip@^0.16.13
1747 silly packumentCache full:https://registry.npmjs.org/@jimp%2fplugin-flip cache-miss
1748 http fetch GET 200 https://registry.npmjs.org/@jimp%2fcore 1542ms (cache revalidated)
1749 silly packumentCache full:https://registry.npmjs.org/@jimp%2fcore set size:813205 disposed:false
1750 silly fetch manifest @jimp/plugin-gaussian@^0.16.13
1751 silly packumentCache full:https://registry.npmjs.org/@jimp%2fplugin-gaussian cache-miss
1752 http fetch GET 200 https://registry.npmjs.org/@jimp%2fplugin-blur 1634ms (cache revalidated)
1753 silly packumentCache full:https://registry.npmjs.org/@jimp%2fplugin-blur set size:687742 disposed:false
1754 silly fetch manifest @jimp/plugin-invert@^0.16.13
1755 silly packumentCache full:https://registry.npmjs.org/@jimp%2fplugin-invert cache-miss
1756 http fetch GET 200 https://registry.npmjs.org/@jimp%2fplugin-displace 1757ms (cache revalidated)
1757 silly packumentCache full:https://registry.npmjs.org/@jimp%2fplugin-displace set size:689712 disposed:false
1758 silly fetch manifest @jimp/plugin-mask@^0.16.13
1759 silly packumentCache full:https://registry.npmjs.org/@jimp%2fplugin-mask cache-miss
1760 http fetch GET 200 https://registry.npmjs.org/@jimp%2fplugin-gaussian 1471ms (cache revalidated)
1761 silly packumentCache full:https://registry.npmjs.org/@jimp%2fplugin-gaussian set size:726060 disposed:false
1762 silly fetch manifest @jimp/plugin-normalize@^0.16.13
1763 silly packumentCache full:https://registry.npmjs.org/@jimp%2fplugin-normalize cache-miss
1764 http fetch GET 200 https://registry.npmjs.org/@jimp%2fplugin-dither 1822ms (cache revalidated)
1765 silly packumentCache full:https://registry.npmjs.org/@jimp%2fplugin-dither set size:689088 disposed:false
1766 silly fetch manifest @jimp/plugin-print@^0.16.13
1767 silly packumentCache full:https://registry.npmjs.org/@jimp%2fplugin-print cache-miss
1768 http fetch GET 200 https://registry.npmjs.org/@jimp%2fplugin-invert 1495ms (cache revalidated)
1769 silly packumentCache full:https://registry.npmjs.org/@jimp%2fplugin-invert set size:709330 disposed:false
1770 silly fetch manifest @jimp/plugin-resize@^0.16.13
1771 silly packumentCache full:https://registry.npmjs.org/@jimp%2fplugin-resize cache-miss
1772 http fetch GET 200 https://registry.npmjs.org/@jimp%2fplugin-fisheye 1878ms (cache revalidated)
1773 silly packumentCache full:https://registry.npmjs.org/@jimp%2fplugin-fisheye set size:738468 disposed:false
1774 silly fetch manifest @jimp/plugin-rotate@^0.16.13
1775 silly packumentCache full:https://registry.npmjs.org/@jimp%2fplugin-rotate cache-miss
1776 http fetch GET 200 https://registry.npmjs.org/@jimp%2fplugin-flip 1868ms (cache revalidated)
1777 silly packumentCache full:https://registry.npmjs.org/@jimp%2fplugin-flip set size:696275 disposed:false
1778 silly fetch manifest @jimp/plugin-scale@^0.16.13
1779 silly packumentCache full:https://registry.npmjs.org/@jimp%2fplugin-scale cache-miss
1780 http fetch GET 200 https://registry.npmjs.org/@jimp%2fplugin-crop 2287ms (cache revalidated)
1781 silly packumentCache full:https://registry.npmjs.org/@jimp%2fplugin-crop set size:761498 disposed:false
1782 silly fetch manifest @jimp/plugin-shadow@^0.16.13
1783 silly packumentCache full:https://registry.npmjs.org/@jimp%2fplugin-shadow cache-miss
1784 http fetch GET 200 https://registry.npmjs.org/@jimp%2fplugin-normalize 1348ms (cache revalidated)
1785 silly packumentCache full:https://registry.npmjs.org/@jimp%2fplugin-normalize set size:787221 disposed:false
1786 silly fetch manifest @jimp/plugin-threshold@^0.16.13
1787 silly packumentCache full:https://registry.npmjs.org/@jimp%2fplugin-threshold cache-miss
1788 http fetch GET 200 https://registry.npmjs.org/@jimp%2fplugin-resize 1287ms (cache revalidated)
1789 silly packumentCache full:https://registry.npmjs.org/@jimp%2fplugin-resize set size:757389 disposed:false
1790 silly fetch manifest timm@^1.6.1
1791 silly packumentCache full:https://registry.npmjs.org/timm cache-miss
1792 http fetch GET 200 https://registry.npmjs.org/@jimp%2fplugin-mask 1584ms (cache revalidated)
1793 silly packumentCache full:https://registry.npmjs.org/@jimp%2fplugin-mask set size:757495 disposed:false
1794 silly fetch manifest timm@^1.6.1
1795 silly packumentCache full:https://registry.npmjs.org/timm cache-miss
1796 http fetch GET 200 https://registry.npmjs.org/@jimp%2fplugin-rotate 1377ms (cache revalidated)
1797 silly packumentCache full:https://registry.npmjs.org/@jimp%2fplugin-rotate set size:810400 disposed:false
1798 silly fetch manifest @jimp/bmp@^0.16.13
1799 silly packumentCache full:https://registry.npmjs.org/@jimp%2fbmp cache-miss
1800 http fetch GET 200 https://registry.npmjs.org/@jimp%2fplugin-print 1612ms (cache revalidated)
1801 silly packumentCache full:https://registry.npmjs.org/@jimp%2fplugin-print set size:793848 disposed:false
1802 silly fetch manifest @jimp/gif@^0.16.13
1803 silly packumentCache full:https://registry.npmjs.org/@jimp%2fgif cache-miss
1804 http fetch GET 200 https://registry.npmjs.org/@jimp%2fplugin-scale 1492ms (cache revalidated)
1805 silly packumentCache full:https://registry.npmjs.org/@jimp%2fplugin-scale set size:806348 disposed:false
1806 silly fetch manifest @jimp/png@^0.16.13
1807 silly packumentCache full:https://registry.npmjs.org/@jimp%2fpng cache-miss
1808 http fetch GET 200 https://registry.npmjs.org/@jimp%2fplugin-shadow 1515ms (cache revalidated)
1809 silly packumentCache full:https://registry.npmjs.org/@jimp%2fplugin-shadow set size:772806 disposed:false
1810 silly fetch manifest @jimp/jpeg@^0.16.13
1811 silly packumentCache full:https://registry.npmjs.org/@jimp%2fjpeg cache-miss
1812 http fetch GET 200 https://registry.npmjs.org/timm 751ms (cache revalidated)
1813 silly packumentCache full:https://registry.npmjs.org/timm set size:133633 disposed:false
1814 silly fetch manifest @jimp/tiff@^0.16.13
1815 silly packumentCache full:https://registry.npmjs.org/@jimp%2ftiff cache-miss
1816 http fetch GET 200 https://registry.npmjs.org/timm 711ms (cache revalidated)
1817 silly packumentCache full:https://registry.npmjs.org/timm set size:133633 disposed:false
1818 silly packumentCache full:https://registry.npmjs.org/timm dispose
1819 http fetch GET 200 https://registry.npmjs.org/@jimp%2fplugin-threshold 1435ms (cache revalidated)
1820 silly packumentCache full:https://registry.npmjs.org/@jimp%2fplugin-threshold set size:781977 disposed:false
1821 http fetch GET 200 https://registry.npmjs.org/@jimp%2fgif 1217ms (cache revalidated)
1822 silly packumentCache full:https://registry.npmjs.org/@jimp%2fgif set size:680081 disposed:false
1823 http fetch GET 200 https://registry.npmjs.org/@jimp%2fbmp 1372ms (cache revalidated)
1824 silly packumentCache full:https://registry.npmjs.org/@jimp%2fbmp set size:735640 disposed:false
1825 http fetch GET 200 https://registry.npmjs.org/@jimp%2fjpeg 1146ms (cache revalidated)
1826 silly packumentCache full:https://registry.npmjs.org/@jimp%2fjpeg set size:753154 disposed:false
1827 http fetch GET 200 https://registry.npmjs.org/@jimp%2fpng 1331ms (cache revalidated)
1828 silly packumentCache full:https://registry.npmjs.org/@jimp%2fpng set size:814665 disposed:false
1829 http fetch GET 200 https://registry.npmjs.org/@jimp%2ftiff 993ms (cache revalidated)
1830 silly packumentCache full:https://registry.npmjs.org/@jimp%2ftiff set size:732905 disposed:false
1831 silly placeDep ROOT @jimp/core@0.16.13 OK for: @jimp/custom@0.16.13 want: ^0.16.13
1832 silly fetch manifest phin@^2.9.1
1833 silly packumentCache full:https://registry.npmjs.org/phin cache-miss
1834 silly fetch manifest buffer@^5.2.0
1835 silly packumentCache full:https://registry.npmjs.org/buffer cache-miss
1836 silly fetch manifest mkdirp@^0.5.1
1837 silly packumentCache full:https://registry.npmjs.org/mkdirp cache-hit
1838 silly fetch manifest any-base@^1.1.0
1839 silly packumentCache full:https://registry.npmjs.org/any-base cache-miss
1840 silly fetch manifest pixelmatch@^4.0.2
1841 silly packumentCache full:https://registry.npmjs.org/pixelmatch cache-miss
1842 silly fetch manifest tinycolor2@^1.4.1
1843 silly packumentCache full:https://registry.npmjs.org/tinycolor2 cache-miss
1844 silly fetch manifest @jimp/utils@^0.16.13
1845 silly packumentCache full:https://registry.npmjs.org/@jimp%2futils cache-miss
1846 silly fetch manifest exif-parser@^0.1.12
1847 silly packumentCache full:https://registry.npmjs.org/exif-parser cache-miss
1848 http fetch GET 200 https://registry.npmjs.org/any-base 605ms (cache revalidated)
1849 silly packumentCache full:https://registry.npmjs.org/any-base set size:6939 disposed:false
1850 silly fetch manifest load-bmfont@^1.3.1
1851 silly packumentCache full:https://registry.npmjs.org/load-bmfont cache-miss
1852 http fetch GET 200 https://registry.npmjs.org/pixelmatch 614ms (cache revalidated)
1853 silly packumentCache full:https://registry.npmjs.org/pixelmatch set size:101679 disposed:false
1854 http fetch GET 200 https://registry.npmjs.org/phin 653ms (cache revalidated)
1855 silly packumentCache full:https://registry.npmjs.org/phin set size:123951 disposed:false
1856 http fetch GET 200 https://registry.npmjs.org/exif-parser 640ms (cache revalidated)
1857 silly packumentCache full:https://registry.npmjs.org/exif-parser set size:21912 disposed:false
1858 http fetch GET 200 https://registry.npmjs.org/buffer 688ms (cache revalidated)
1859 silly packumentCache full:https://registry.npmjs.org/buffer set size:280480 disposed:false
1860 http fetch GET 200 https://registry.npmjs.org/tinycolor2 734ms (cache revalidated)
1861 silly packumentCache full:https://registry.npmjs.org/tinycolor2 set size:200459 disposed:false
1862 http fetch GET 200 https://registry.npmjs.org/load-bmfont 595ms (cache revalidated)
1863 silly packumentCache full:https://registry.npmjs.org/load-bmfont set size:29369 disposed:false
1864 http fetch GET 200 https://registry.npmjs.org/@jimp%2futils 1217ms (cache revalidated)
1865 silly packumentCache full:https://registry.npmjs.org/@jimp%2futils set size:688197 disposed:false
1866 silly placeDep ROOT @jimp/utils@0.16.13 OK for: @jimp/core@0.16.13 want: ^0.16.13
1867 silly placeDep ROOT any-base@1.1.0 OK for: @jimp/core@0.16.13 want: ^1.1.0
1868 silly placeDep ROOT buffer@5.7.1 OK for: @jimp/core@0.16.13 want: ^5.2.0
1869 silly placeDep ROOT exif-parser@0.1.12 OK for: @jimp/core@0.16.13 want: ^0.1.12
1870 silly placeDep ROOT load-bmfont@1.4.2 OK for: @jimp/core@0.16.13 want: ^1.3.1
1871 silly placeDep ROOT mkdirp@0.5.6 OK for: @jimp/core@0.16.13 want: ^0.5.1
1872 silly placeDep ROOT phin@2.9.3 OK for: @jimp/core@0.16.13 want: ^2.9.1
1873 silly placeDep ROOT pixelmatch@4.0.2 OK for: @jimp/core@0.16.13 want: ^4.0.2
1874 silly placeDep ROOT tinycolor2@1.6.0 OK for: @jimp/core@0.16.13 want: ^1.4.1
1875 silly fetch manifest base64-js@^1.3.1
1876 silly packumentCache full:https://registry.npmjs.org/base64-js cache-miss
1877 silly fetch manifest ieee754@^1.1.13
1878 silly packumentCache full:https://registry.npmjs.org/ieee754 cache-hit
1879 silly fetch manifest buffer-equal@0.0.1
1880 silly packumentCache full:https://registry.npmjs.org/buffer-equal cache-miss
1881 silly fetch manifest mime@^1.3.4
1882 silly packumentCache full:https://registry.npmjs.org/mime cache-hit
1883 silly fetch manifest parse-bmfont-ascii@^1.0.3
1884 silly packumentCache full:https://registry.npmjs.org/parse-bmfont-ascii cache-miss
1885 silly fetch manifest parse-bmfont-binary@^1.0.5
1886 silly packumentCache full:https://registry.npmjs.org/parse-bmfont-binary cache-miss
1887 silly fetch manifest parse-bmfont-xml@^1.1.4
1888 silly packumentCache full:https://registry.npmjs.org/parse-bmfont-xml cache-miss
1889 silly fetch manifest phin@^3.7.1
1890 silly packumentCache full:https://registry.npmjs.org/phin cache-hit
1891 silly fetch manifest xhr@^2.0.1
1892 silly packumentCache full:https://registry.npmjs.org/xhr cache-miss
1893 silly fetch manifest minimist@^1.2.6
1894 silly packumentCache full:https://registry.npmjs.org/minimist cache-miss
1895 http fetch GET 200 https://registry.npmjs.org/base64-js 439ms (cache revalidated)
1896 silly packumentCache full:https://registry.npmjs.org/base64-js set size:41270 disposed:false
1897 silly fetch manifest pngjs@^3.0.0
1898 silly packumentCache full:https://registry.npmjs.org/pngjs cache-hit
1899 http fetch GET 200 https://registry.npmjs.org/parse-bmfont-binary 498ms (cache revalidated)
1900 silly packumentCache full:https://registry.npmjs.org/parse-bmfont-binary set size:6581 disposed:false
1901 http fetch GET 200 https://registry.npmjs.org/buffer-equal 518ms (cache revalidated)
1902 silly packumentCache full:https://registry.npmjs.org/buffer-equal set size:11640 disposed:false
1903 http fetch GET 200 https://registry.npmjs.org/parse-bmfont-ascii 520ms (cache revalidated)
1904 silly packumentCache full:https://registry.npmjs.org/parse-bmfont-ascii set size:12998 disposed:false
1905 http fetch GET 200 https://registry.npmjs.org/parse-bmfont-xml 520ms (cache revalidated)
1906 silly packumentCache full:https://registry.npmjs.org/parse-bmfont-xml set size:20124 disposed:false
1907 http fetch GET 200 https://registry.npmjs.org/xhr 513ms (cache revalidated)
1908 silly packumentCache full:https://registry.npmjs.org/xhr set size:104936 disposed:false
1909 http fetch GET 200 https://registry.npmjs.org/minimist 530ms (cache revalidated)
1910 silly packumentCache full:https://registry.npmjs.org/minimist set size:77063 disposed:false
1911 silly fetch manifest @jimp/custom@>=0.3.5
1912 silly packumentCache full:https://registry.npmjs.org/@jimp%2fcustom cache-miss
1913 http cache https://registry.npmjs.org/@jimp%2fcustom 37ms (cache hit)
1914 silly packumentCache full:https://registry.npmjs.org/@jimp%2fcustom set size:1162364 disposed:false
1915 silly placeDep ROOT @jimp/plugin-blit@0.16.13 OK for: @jimp/plugins@0.16.13 want: ^0.16.13
1916 silly placeDep ROOT @jimp/plugin-blur@0.16.13 OK for: @jimp/plugins@0.16.13 want: ^0.16.13
1917 silly placeDep ROOT @jimp/plugin-circle@0.16.13 OK for: @jimp/plugins@0.16.13 want: ^0.16.13
1918 silly placeDep ROOT @jimp/plugin-color@0.16.13 OK for: @jimp/plugins@0.16.13 want: ^0.16.13
1919 silly placeDep ROOT @jimp/plugin-contain@0.16.13 OK for: @jimp/plugins@0.16.13 want: ^0.16.13
1920 silly placeDep ROOT @jimp/plugin-scale@0.16.13 OK for: @jimp/plugin-contain@0.16.13 want: >=0.3.5
1921 silly placeDep ROOT @jimp/plugin-resize@0.16.13 OK for: @jimp/plugin-scale@0.16.13 want: >=0.3.5
1922 silly placeDep ROOT @jimp/plugin-cover@0.16.13 OK for: @jimp/plugins@0.16.13 want: ^0.16.13
1923 silly placeDep ROOT @jimp/plugin-crop@0.16.13 OK for: @jimp/plugin-cover@0.16.13 want: >=0.3.5
1924 silly placeDep ROOT @jimp/plugin-displace@0.16.13 OK for: @jimp/plugins@0.16.13 want: ^0.16.13
1925 silly placeDep ROOT @jimp/plugin-dither@0.16.13 OK for: @jimp/plugins@0.16.13 want: ^0.16.13
1926 silly placeDep ROOT @jimp/plugin-fisheye@0.16.13 OK for: @jimp/plugins@0.16.13 want: ^0.16.13
1927 silly placeDep ROOT @jimp/plugin-flip@0.16.13 OK for: @jimp/plugins@0.16.13 want: ^0.16.13
1928 silly placeDep ROOT @jimp/plugin-rotate@0.16.13 OK for: @jimp/plugin-flip@0.16.13 want: >=0.3.5
1929 silly placeDep ROOT @jimp/plugin-gaussian@0.16.13 OK for: @jimp/plugins@0.16.13 want: ^0.16.13
1930 silly placeDep ROOT @jimp/plugin-invert@0.16.13 OK for: @jimp/plugins@0.16.13 want: ^0.16.13
1931 silly placeDep ROOT @jimp/plugin-mask@0.16.13 OK for: @jimp/plugins@0.16.13 want: ^0.16.13
1932 silly placeDep ROOT @jimp/plugin-normalize@0.16.13 OK for: @jimp/plugins@0.16.13 want: ^0.16.13
1933 silly placeDep ROOT @jimp/plugin-print@0.16.13 OK for: @jimp/plugins@0.16.13 want: ^0.16.13
1934 silly placeDep ROOT @jimp/plugin-shadow@0.16.13 OK for: @jimp/plugins@0.16.13 want: ^0.16.13
1935 silly placeDep ROOT @jimp/plugin-threshold@0.16.13 OK for: @jimp/plugins@0.16.13 want: ^0.16.13
1936 silly placeDep ROOT timm@1.7.1 OK for: @jimp/plugins@0.16.13 want: ^1.6.1
1937 silly placeDep ROOT @jimp/bmp@0.16.13 OK for: @jimp/types@0.16.13 want: ^0.16.13
1938 silly placeDep ROOT @jimp/gif@0.16.13 OK for: @jimp/types@0.16.13 want: ^0.16.13
1939 silly placeDep ROOT @jimp/jpeg@0.16.13 OK for: @jimp/types@0.16.13 want: ^0.16.13
1940 silly placeDep ROOT @jimp/png@0.16.13 OK for: @jimp/types@0.16.13 want: ^0.16.13
1941 silly placeDep ROOT @jimp/tiff@0.16.13 OK for: @jimp/types@0.16.13 want: ^0.16.13
1942 silly fetch manifest bmp-js@^0.1.0
1943 silly packumentCache full:https://registry.npmjs.org/bmp-js cache-miss
1944 silly fetch manifest gifwrap@^0.9.2
1945 silly packumentCache full:https://registry.npmjs.org/gifwrap cache-miss
1946 silly fetch manifest omggif@^1.0.9
1947 silly packumentCache full:https://registry.npmjs.org/omggif cache-miss
1948 silly fetch manifest jpeg-js@^0.4.2
1949 silly packumentCache full:https://registry.npmjs.org/jpeg-js cache-miss
1950 silly fetch manifest pngjs@^3.3.3
1951 silly packumentCache full:https://registry.npmjs.org/pngjs cache-hit
1952 silly fetch manifest utif@^2.0.1
1953 silly packumentCache full:https://registry.npmjs.org/utif cache-miss
1954 http fetch GET 200 https://registry.npmjs.org/bmp-js 416ms (cache revalidated)
1955 silly packumentCache full:https://registry.npmjs.org/bmp-js set size:8273 disposed:false
1956 http fetch GET 200 https://registry.npmjs.org/gifwrap 434ms (cache revalidated)
1957 silly packumentCache full:https://registry.npmjs.org/gifwrap set size:108552 disposed:false
1958 http fetch GET 200 https://registry.npmjs.org/omggif 468ms (cache revalidated)
1959 silly packumentCache full:https://registry.npmjs.org/omggif set size:9453 disposed:false
1960 http fetch GET 200 https://registry.npmjs.org/jpeg-js 473ms (cache revalidated)
1961 silly packumentCache full:https://registry.npmjs.org/jpeg-js set size:51042 disposed:false
1962 http fetch GET 200 https://registry.npmjs.org/utif 480ms (cache revalidated)
1963 silly packumentCache full:https://registry.npmjs.org/utif set size:25231 disposed:false
1964 silly placeDep ROOT bmp-js@0.1.0 OK for: @jimp/bmp@0.16.13 want: ^0.1.0
1965 silly placeDep ROOT gifwrap@0.9.4 OK for: @jimp/gif@0.16.13 want: ^0.9.2
1966 silly placeDep ROOT omggif@1.0.10 OK for: @jimp/gif@0.16.13 want: ^1.0.9
1967 silly fetch manifest image-q@^4.0.0
1968 silly packumentCache full:https://registry.npmjs.org/image-q cache-miss
1969 silly fetch manifest omggif@^1.0.10
1970 silly packumentCache full:https://registry.npmjs.org/omggif cache-hit
1971 http fetch GET 200 https://registry.npmjs.org/image-q 585ms (cache revalidated)
1972 silly packumentCache full:https://registry.npmjs.org/image-q set size:90308 disposed:false
1973 silly placeDep ROOT jpeg-js@0.4.4 OK for: @jimp/jpeg@0.16.13 want: ^0.4.2
1974 silly placeDep ROOT pngjs@3.4.0 OK for: @jimp/png@0.16.13 want: ^3.3.3
1975 silly placeDep ROOT utif@2.0.1 OK for: @jimp/tiff@0.16.13 want: ^2.0.1
1976 silly fetch manifest pako@^1.0.5
1977 silly packumentCache full:https://registry.npmjs.org/pako cache-miss
1978 http fetch GET 200 https://registry.npmjs.org/pako 509ms (cache revalidated)
1979 silly packumentCache full:https://registry.npmjs.org/pako set size:74234 disposed:false
1980 silly placeDep ROOT base64-js@1.5.1 OK for: buffer@5.7.1 want: ^1.3.1
1981 silly placeDep ROOT ieee754@1.2.1 OK for: buffer@5.7.1 want: ^1.1.13
1982 silly placeDep ROOT image-q@4.0.0 OK for: gifwrap@0.9.4 want: ^4.0.0
1983 silly fetch manifest @types/node@16.9.1
1984 silly packumentCache full:https://registry.npmjs.org/@types%2fnode cache-miss
1985 http cache https://registry.npmjs.org/@types%2fnode 114ms (cache hit)
1986 silly packumentCache full:https://registry.npmjs.org/@types%2fnode set size:11015753 disposed:false
1987 silly placeDep ROOT @types/node@16.9.1 OK for: image-q@4.0.0 want: 16.9.1
1988 silly fetch manifest utf-8-validate@^5.0.2
1989 silly packumentCache full:https://registry.npmjs.org/utf-8-validate cache-hit
1990 silly placeDep ROOT abab@2.0.6 OK for: jsdom@16.7.0 want: ^2.0.5
1991 silly placeDep ROOT acorn@8.16.0 OK for: jsdom@16.7.0 want: ^8.2.4
1992 silly placeDep ROOT acorn-globals@6.0.0 OK for: jsdom@16.7.0 want: ^6.0.0
1993 silly placeDep ROOT cssom@0.4.4 OK for: jsdom@16.7.0 want: ^0.4.4
1994 silly placeDep ROOT cssstyle@2.3.0 OK for: jsdom@16.7.0 want: ^2.3.0
1995 silly placeDep ROOT data-urls@2.0.0 OK for: jsdom@16.7.0 want: ^2.0.0
1996 silly placeDep ROOT decimal.js@10.6.0 OK for: jsdom@16.7.0 want: ^10.2.1
1997 silly placeDep ROOT domexception@2.0.1 OK for: jsdom@16.7.0 want: ^2.0.1
1998 silly placeDep ROOT escodegen@2.1.0 OK for: jsdom@16.7.0 want: ^2.0.0
1999 silly placeDep node_modules/jsdom form-data@3.0.4 OK for: jsdom@16.7.0 want: ^3.0.0
2000 silly placeDep ROOT html-encoding-sniffer@2.0.1 OK for: jsdom@16.7.0 want: ^2.0.1
2001 silly placeDep ROOT http-proxy-agent@4.0.1 OK for: jsdom@16.7.0 want: ^4.0.1
2002 silly placeDep node_modules/jsdom https-proxy-agent@5.0.1 OK for: jsdom@16.7.0 want: ^5.0.0
2003 silly placeDep ROOT is-potential-custom-element-name@1.0.1 OK for: jsdom@16.7.0 want: ^1.0.1
2004 silly placeDep ROOT nwsapi@2.2.23 OK for: jsdom@16.7.0 want: ^2.2.0
2005 silly placeDep node_modules/jsdom parse5@6.0.1 OK for: jsdom@16.7.0 want: 6.0.1
2006 silly placeDep ROOT saxes@5.0.1 OK for: jsdom@16.7.0 want: ^5.0.1
2007 silly placeDep ROOT symbol-tree@3.2.4 OK for: jsdom@16.7.0 want: ^3.2.4
2008 silly placeDep node_modules/jsdom tough-cookie@4.1.4 OK for: jsdom@16.7.0 want: ^4.0.0
2009 silly placeDep ROOT w3c-hr-time@1.0.2 OK for: jsdom@16.7.0 want: ^1.0.2
2010 silly placeDep ROOT w3c-xmlserializer@2.0.0 OK for: jsdom@16.7.0 want: ^2.0.0
2011 silly placeDep ROOT webidl-conversions@6.1.0 OK for: jsdom@16.7.0 want: ^6.1.0
2012 silly placeDep node_modules/jsdom whatwg-encoding@1.0.5 OK for: jsdom@16.7.0 want: ^1.0.5
2013 silly placeDep node_modules/jsdom whatwg-mimetype@2.3.0 OK for: jsdom@16.7.0 want: ^2.3.0
2014 silly placeDep ROOT whatwg-url@8.7.0 OK for: jsdom@16.7.0 want: ^8.5.0
2015 silly placeDep node_modules/jsdom ws@7.5.10 OK for: jsdom@16.7.0 want: ^7.4.6
2016 silly placeDep ROOT xml-name-validator@3.0.0 OK for: jsdom@16.7.0 want: ^3.0.0
2017 silly fetch manifest acorn@^7.1.1
2018 silly packumentCache full:https://registry.npmjs.org/acorn cache-hit
2019 silly fetch manifest acorn-walk@^7.1.1
2020 silly packumentCache full:https://registry.npmjs.org/acorn-walk cache-miss
2021 silly fetch manifest cssom@~0.3.6
2022 silly packumentCache full:https://registry.npmjs.org/cssom cache-hit
2023 silly fetch manifest whatwg-url@^8.0.0
2024 silly packumentCache full:https://registry.npmjs.org/whatwg-url cache-hit
2025 silly fetch manifest webidl-conversions@^5.0.0
2026 silly packumentCache full:https://registry.npmjs.org/webidl-conversions cache-hit
2027 silly fetch manifest estraverse@^5.2.0
2028 silly packumentCache full:https://registry.npmjs.org/estraverse cache-miss
2029 silly fetch manifest esutils@^2.0.2
2030 silly packumentCache full:https://registry.npmjs.org/esutils cache-miss
2031 silly fetch manifest esprima@^4.0.1
2032 silly packumentCache full:https://registry.npmjs.org/esprima cache-miss
2033 silly fetch manifest source-map@~0.6.1
2034 silly packumentCache full:https://registry.npmjs.org/source-map cache-miss
2035 silly fetch manifest @tootallnate/once@1
2036 silly packumentCache full:https://registry.npmjs.org/@tootallnate%2fonce cache-miss
2037 silly fetch manifest xmlchars@^2.2.0
2038 silly packumentCache full:https://registry.npmjs.org/xmlchars cache-miss
2039 http fetch GET 200 https://registry.npmjs.org/esutils 581ms (cache revalidated)
2040 silly packumentCache full:https://registry.npmjs.org/esutils set size:29522 disposed:false
2041 silly fetch manifest psl@^1.1.33
2042 silly packumentCache full:https://registry.npmjs.org/psl cache-miss
2043 http fetch GET 200 https://registry.npmjs.org/xmlchars 572ms (cache revalidated)
2044 silly packumentCache full:https://registry.npmjs.org/xmlchars set size:33578 disposed:false
2045 silly fetch manifest punycode@^2.1.1
2046 silly packumentCache full:https://registry.npmjs.org/punycode cache-miss
2047 http fetch GET 200 https://registry.npmjs.org/esprima 610ms (cache revalidated)
2048 silly packumentCache full:https://registry.npmjs.org/esprima set size:118410 disposed:false
2049 silly fetch manifest url-parse@^1.5.3
2050 silly packumentCache full:https://registry.npmjs.org/url-parse cache-miss
2051 http fetch GET 200 https://registry.npmjs.org/acorn-walk 692ms (cache revalidated)
2052 silly packumentCache full:https://registry.npmjs.org/acorn-walk set size:49813 disposed:false
2053 silly fetch manifest universalify@^0.2.0
2054 silly packumentCache full:https://registry.npmjs.org/universalify cache-hit
2055 silly fetch manifest browser-process-hrtime@^1.0.0
2056 silly packumentCache full:https://registry.npmjs.org/browser-process-hrtime cache-miss
2057 http fetch GET 200 https://registry.npmjs.org/source-map 668ms (cache revalidated)
2058 silly packumentCache full:https://registry.npmjs.org/source-map set size:226212 disposed:false
2059 silly fetch manifest iconv-lite@0.4.24
2060 silly packumentCache full:https://registry.npmjs.org/iconv-lite cache-hit
2061 silly fetch manifest tr46@^2.1.0
2062 silly packumentCache full:https://registry.npmjs.org/tr46 cache-miss
2063 http fetch GET 200 https://registry.npmjs.org/@tootallnate%2fonce 713ms (cache revalidated)
2064 silly packumentCache full:https://registry.npmjs.org/@tootallnate%2fonce set size:21927 disposed:false
2065 silly fetch manifest lodash@^4.7.0
2066 silly packumentCache full:https://registry.npmjs.org/lodash cache-miss
2067 http fetch GET 200 https://registry.npmjs.org/estraverse 775ms (cache revalidated)
2068 silly packumentCache full:https://registry.npmjs.org/estraverse set size:62412 disposed:false
2069 http fetch GET 200 https://registry.npmjs.org/browser-process-hrtime 535ms (cache revalidated)
2070 silly packumentCache full:https://registry.npmjs.org/browser-process-hrtime set size:13214 disposed:false
2071 http fetch GET 200 https://registry.npmjs.org/punycode 605ms (cache revalidated)
2072 silly packumentCache full:https://registry.npmjs.org/punycode set size:61278 disposed:false
2073 http fetch GET 200 https://registry.npmjs.org/url-parse 588ms (cache revalidated)
2074 silly packumentCache full:https://registry.npmjs.org/url-parse set size:131789 disposed:false
2075 http fetch GET 200 https://registry.npmjs.org/psl 669ms (cache revalidated)
2076 silly packumentCache full:https://registry.npmjs.org/psl set size:129526 disposed:false
2077 http fetch GET 200 https://registry.npmjs.org/lodash 550ms (cache revalidated)
2078 silly packumentCache full:https://registry.npmjs.org/lodash set size:247652 disposed:false
2079 http fetch GET 200 https://registry.npmjs.org/tr46 623ms (cache revalidated)
2080 silly packumentCache full:https://registry.npmjs.org/tr46 set size:47377 disposed:false
2081 silly placeDep node_modules/acorn-globals acorn@7.4.1 OK for: acorn-globals@6.0.0 want: ^7.1.1
2082 silly placeDep ROOT acorn-walk@7.2.0 OK for: acorn-globals@6.0.0 want: ^7.1.1
2083 silly placeDep node_modules/cssstyle cssom@0.3.8 OK for: cssstyle@2.3.0 want: ~0.3.6
2084 silly placeDep node_modules/data-urls whatwg-mimetype@2.3.0 OK for: data-urls@2.0.0 want: ^2.3.0
2085 silly placeDep node_modules/domexception webidl-conversions@5.0.0 OK for: domexception@2.0.1 want: ^5.0.0
2086 silly placeDep ROOT esprima@4.0.1 OK for: escodegen@2.1.0 want: ^4.0.1
2087 silly placeDep ROOT estraverse@5.3.0 OK for: escodegen@2.1.0 want: ^5.2.0
2088 silly placeDep ROOT esutils@2.0.3 OK for: escodegen@2.1.0 want: ^2.0.2
2089 silly placeDep ROOT source-map@0.6.1 OK for: escodegen@2.1.0 want: ~0.6.1
2090 silly placeDep node_modules/html-encoding-sniffer whatwg-encoding@1.0.5 OK for: html-encoding-sniffer@2.0.1 want: ^1.0.5
2091 silly placeDep ROOT @tootallnate/once@1.1.2 OK for: http-proxy-agent@4.0.1 want: 1
2092 silly placeDep node_modules/http-proxy-agent agent-base@6.0.2 OK for: http-proxy-agent@4.0.1 want: 6
2093 silly placeDep node_modules/http-proxy-agent debug@4.4.3 OK for: http-proxy-agent@4.0.1 want: 4
2094 silly placeDep ROOT curve25519-js@0.0.4 OK for: libsignal@2.0.1 want: ^0.0.4
2095 silly placeDep node_modules/libsignal protobufjs@6.8.8 OK for: libsignal@2.0.1 want: 6.8.8
2096 silly fetch manifest long@^4.0.0
2097 silly packumentCache full:https://registry.npmjs.org/long cache-hit
2098 silly fetch manifest @types/long@^4.0.0
2099 silly packumentCache full:https://registry.npmjs.org/@types%2flong cache-miss
2100 silly fetch manifest @types/node@^10.1.0
2101 silly packumentCache full:https://registry.npmjs.org/@types%2fnode cache-miss
2102 silly fetch manifest @protobufjs/utf8@^1.1.0
2103 silly packumentCache full:https://registry.npmjs.org/@protobufjs%2futf8 cache-hit
2104 silly fetch manifest @protobufjs/fetch@^1.1.0
2105 silly packumentCache full:https://registry.npmjs.org/@protobufjs%2ffetch cache-hit
2106 silly fetch manifest @protobufjs/codegen@^2.0.4
2107 silly packumentCache full:https://registry.npmjs.org/@protobufjs%2fcodegen cache-hit
2108 silly fetch manifest @protobufjs/inquire@^1.1.0
2109 silly packumentCache full:https://registry.npmjs.org/@protobufjs%2finquire cache-hit
2110 http cache https://registry.npmjs.org/@types%2fnode 170ms (cache hit)
2111 silly packumentCache full:https://registry.npmjs.org/@types%2fnode set size:11015753 disposed:false
2112 http fetch GET 200 https://registry.npmjs.org/@types%2flong 1570ms (cache revalidated)
2113 silly packumentCache full:https://registry.npmjs.org/@types%2flong set size:28711 disposed:false
2114 silly placeDep ROOT buffer-equal@0.0.1 OK for: load-bmfont@1.4.2 want: 0.0.1
2115 silly placeDep ROOT mime@1.6.0 OK for: load-bmfont@1.4.2 want: ^1.3.4
2116 silly placeDep ROOT parse-bmfont-ascii@1.0.6 OK for: load-bmfont@1.4.2 want: ^1.0.3
2117 silly placeDep ROOT parse-bmfont-binary@1.0.6 OK for: load-bmfont@1.4.2 want: ^1.0.5
2118 silly placeDep ROOT parse-bmfont-xml@1.1.6 OK for: load-bmfont@1.4.2 want: ^1.1.4
2119 silly placeDep node_modules/load-bmfont phin@3.7.1 OK for: load-bmfont@1.4.2 want: ^3.7.1
2120 silly placeDep ROOT xhr@2.6.0 OK for: load-bmfont@1.4.2 want: ^2.0.1
2121 silly placeDep ROOT xtend@4.0.2 OK for: load-bmfont@1.4.2 want: ^4.0.0
2122 silly fetch manifest xml-parse-from-string@^1.0.0
2123 silly packumentCache full:https://registry.npmjs.org/xml-parse-from-string cache-miss
2124 silly fetch manifest xml2js@^0.5.0
2125 silly packumentCache full:https://registry.npmjs.org/xml2js cache-miss
2126 silly fetch manifest centra@^2.7.0
2127 silly packumentCache full:https://registry.npmjs.org/centra cache-miss
2128 silly fetch manifest global@~4.4.0
2129 silly packumentCache full:https://registry.npmjs.org/global cache-miss
2130 silly fetch manifest is-function@^1.0.1
2131 silly packumentCache full:https://registry.npmjs.org/is-function cache-miss
2132 silly fetch manifest parse-headers@^2.0.0
2133 silly packumentCache full:https://registry.npmjs.org/parse-headers cache-miss
2134 http fetch GET 200 https://registry.npmjs.org/is-function 670ms (cache revalidated)
2135 silly packumentCache full:https://registry.npmjs.org/is-function set size:8525 disposed:false
2136 http fetch GET 200 https://registry.npmjs.org/xml-parse-from-string 694ms (cache revalidated)
2137 silly packumentCache full:https://registry.npmjs.org/xml-parse-from-string set size:5550 disposed:false
2138 http fetch GET 200 https://registry.npmjs.org/xml2js 698ms (cache revalidated)
2139 silly packumentCache full:https://registry.npmjs.org/xml2js set size:198018 disposed:false
2140 http fetch GET 200 https://registry.npmjs.org/parse-headers 721ms (cache revalidated)
2141 silly packumentCache full:https://registry.npmjs.org/parse-headers set size:22983 disposed:false
2142 http fetch GET 200 https://registry.npmjs.org/global 740ms (cache revalidated)
2143 silly packumentCache full:https://registry.npmjs.org/global set size:38192 disposed:false
2144 http fetch GET 200 https://registry.npmjs.org/centra 760ms (cache revalidated)
2145 silly packumentCache full:https://registry.npmjs.org/centra set size:40554 disposed:false
2146 silly placeDep node_modules/make-dir semver@6.3.1 OK for: make-dir@3.1.0 want: ^6.0.0
2147 silly placeDep ROOT mime-db@1.52.0 OK for: mime-types@2.1.35 want: 1.52.0
2148 silly placeDep ROOT minimist@1.2.8 OK for: mkdirp@0.5.6 want: ^1.2.6
2149 silly placeDep ROOT bson@4.7.2 OK for: mongoose@6.13.9 want: ^4.7.2
2150 silly placeDep ROOT kareem@2.5.1 OK for: mongoose@6.13.9 want: 2.5.1
2151 silly placeDep ROOT mongodb@4.17.2 OK for: mongoose@6.13.9 want: 4.17.2
2152 silly placeDep ROOT mpath@0.9.0 OK for: mongoose@6.13.9 want: 0.9.0
2153 silly placeDep ROOT mquery@4.0.3 OK for: mongoose@6.13.9 want: 4.0.3
2154 silly placeDep node_modules/mongoose ms@2.1.3 OK for: mongoose@6.13.9 want: 2.1.3
2155 silly placeDep ROOT sift@16.0.1 OK for: mongoose@6.13.9 want: 16.0.1
2156 silly fetch manifest socks@^2.7.1
2157 silly packumentCache full:https://registry.npmjs.org/socks cache-miss
2158 silly fetch manifest mongodb-connection-string-url@^2.6.0
2159 silly packumentCache full:https://registry.npmjs.org/mongodb-connection-string-url cache-miss
2160 silly fetch manifest @mongodb-js/saslprep@^1.1.0
2161 silly packumentCache full:https://registry.npmjs.org/@mongodb-js%2fsaslprep cache-miss
2162 silly fetch manifest @aws-sdk/credential-providers@^3.186.0
2163 silly packumentCache full:https://registry.npmjs.org/@aws-sdk%2fcredential-providers cache-miss
2164 silly fetch manifest debug@4.x
2165 silly packumentCache full:https://registry.npmjs.org/debug cache-hit
2166 http fetch GET 200 https://registry.npmjs.org/mongodb-connection-string-url 400ms (cache revalidated)
2167 silly packumentCache full:https://registry.npmjs.org/mongodb-connection-string-url set size:127791 disposed:false
2168 http fetch GET 200 https://registry.npmjs.org/socks 449ms (cache revalidated)
2169 silly packumentCache full:https://registry.npmjs.org/socks set size:173143 disposed:false
2170 http fetch GET 200 https://registry.npmjs.org/@aws-sdk%2fcredential-providers 888ms (cache revalidated)
2171 silly packumentCache full:https://registry.npmjs.org/@aws-sdk%2fcredential-providers set size:2116197 disposed:false
2172 http fetch GET 200 https://registry.npmjs.org/@mongodb-js%2fsaslprep 1104ms (cache revalidated)
2173 silly packumentCache full:https://registry.npmjs.org/@mongodb-js%2fsaslprep set size:118365 disposed:false
2174 silly placeDep ROOT @aws-sdk/credential-providers@3.1052.0 OK for: mongodb@4.17.2 want: ^3.186.0
2175 silly placeDep ROOT @mongodb-js/saslprep@1.4.11 OK for: mongodb@4.17.2 want: ^1.1.0
2176 silly placeDep ROOT mongodb-connection-string-url@2.6.0 OK for: mongodb@4.17.2 want: ^2.6.0
2177 silly placeDep ROOT socks@2.8.9 OK for: mongodb@4.17.2 want: ^2.7.1
2178 silly fetch manifest @aws-sdk/client-cognito-identity@3.1052.0
2179 silly packumentCache full:https://registry.npmjs.org/@aws-sdk%2fclient-cognito-identity cache-miss
2180 silly fetch manifest @aws-sdk/core@^3.974.13
2181 silly packumentCache full:https://registry.npmjs.org/@aws-sdk%2fcore cache-miss
2182 silly fetch manifest @aws-sdk/credential-provider-cognito-identity@^3.972.36
2183 silly packumentCache full:https://registry.npmjs.org/@aws-sdk%2fcredential-provider-cognito-identity cache-miss
2184 silly fetch manifest @aws-sdk/credential-provider-env@^3.972.39
2185 silly packumentCache full:https://registry.npmjs.org/@aws-sdk%2fcredential-provider-env cache-miss
2186 silly fetch manifest @aws-sdk/credential-provider-http@^3.972.41
2187 silly packumentCache full:https://registry.npmjs.org/@aws-sdk%2fcredential-provider-http cache-miss
2188 silly fetch manifest @aws-sdk/credential-provider-ini@^3.972.43
2189 silly packumentCache full:https://registry.npmjs.org/@aws-sdk%2fcredential-provider-ini cache-miss
2190 silly fetch manifest @aws-sdk/credential-provider-login@^3.972.43
2191 silly packumentCache full:https://registry.npmjs.org/@aws-sdk%2fcredential-provider-login cache-miss
2192 http fetch GET 200 https://registry.npmjs.org/@aws-sdk%2fclient-cognito-identity 917ms (cache revalidated)
2193 silly packumentCache full:https://registry.npmjs.org/@aws-sdk%2fclient-cognito-identity set size:3014007 disposed:false
2194 silly fetch manifest @aws-sdk/credential-provider-node@^3.972.44
2195 silly packumentCache full:https://registry.npmjs.org/@aws-sdk%2fcredential-provider-node cache-miss
2196 http fetch GET 200 https://registry.npmjs.org/@aws-sdk%2fcredential-provider-env 1361ms (cache revalidated)
2197 silly packumentCache full:https://registry.npmjs.org/@aws-sdk%2fcredential-provider-env set size:883328 disposed:false
2198 silly fetch manifest @aws-sdk/credential-provider-process@^3.972.39
2199 silly packumentCache full:https://registry.npmjs.org/@aws-sdk%2fcredential-provider-process cache-miss
2200 http fetch GET 200 https://registry.npmjs.org/@aws-sdk%2fcredential-provider-http 1496ms (cache revalidated)
2201 silly packumentCache full:https://registry.npmjs.org/@aws-sdk%2fcredential-provider-http set size:554659 disposed:false
2202 silly fetch manifest @aws-sdk/credential-provider-sso@^3.972.43
2203 silly packumentCache full:https://registry.npmjs.org/@aws-sdk%2fcredential-provider-sso cache-miss
2204 http fetch GET 200 https://registry.npmjs.org/@aws-sdk%2fcredential-provider-login 1566ms (cache revalidated)
2205 silly packumentCache full:https://registry.npmjs.org/@aws-sdk%2fcredential-provider-login set size:193097 disposed:false
2206 silly fetch manifest @aws-sdk/credential-provider-web-identity@^3.972.43
2207 silly packumentCache full:https://registry.npmjs.org/@aws-sdk%2fcredential-provider-web-identity cache-miss
2208 http fetch GET 200 https://registry.npmjs.org/@aws-sdk%2fcredential-provider-ini 1719ms (cache revalidated)
2209 silly packumentCache full:https://registry.npmjs.org/@aws-sdk%2fcredential-provider-ini set size:1772939 disposed:false
2210 silly fetch manifest @aws-sdk/nested-clients@^3.997.11
2211 silly packumentCache full:https://registry.npmjs.org/@aws-sdk%2fnested-clients cache-miss
2212 http fetch GET 200 https://registry.npmjs.org/@aws-sdk%2fcredential-provider-cognito-identity 1926ms (cache revalidated)
2213 silly packumentCache full:https://registry.npmjs.org/@aws-sdk%2fcredential-provider-cognito-identity set size:1988536 disposed:false
2214 silly fetch manifest @aws-sdk/types@^3.973.9
2215 silly packumentCache full:https://registry.npmjs.org/@aws-sdk%2ftypes cache-miss
2216 http fetch GET 200 https://registry.npmjs.org/@aws-sdk%2fcore 2163ms (cache revalidated)
2217 silly packumentCache full:https://registry.npmjs.org/@aws-sdk%2fcore set size:842606 disposed:false
2218 silly fetch manifest @smithy/core@^3.24.3
2219 silly packumentCache full:https://registry.npmjs.org/@smithy%2fcore cache-miss
2220 http fetch GET 200 https://registry.npmjs.org/@aws-sdk%2fcredential-provider-web-identity 1644ms (cache revalidated)
2221 silly packumentCache full:https://registry.npmjs.org/@aws-sdk%2fcredential-provider-web-identity set size:959873 disposed:false
2222 silly fetch manifest @smithy/credential-provider-imds@^4.3.2
2223 silly packumentCache full:https://registry.npmjs.org/@smithy%2fcredential-provider-imds cache-miss
2224 http fetch GET 200 https://registry.npmjs.org/@aws-sdk%2fnested-clients 1558ms (cache revalidated)
2225 silly packumentCache full:https://registry.npmjs.org/@aws-sdk%2fnested-clients set size:787775 disposed:false
2226 silly fetch manifest @smithy/types@^4.14.2
2227 silly packumentCache full:https://registry.npmjs.org/@smithy%2ftypes cache-miss
2228 http fetch GET 200 https://registry.npmjs.org/@aws-sdk%2fcredential-provider-process 2057ms (cache revalidated)
2229 silly packumentCache full:https://registry.npmjs.org/@aws-sdk%2fcredential-provider-process set size:961871 disposed:false
2230 silly fetch manifest tslib@^2.6.2
2231 silly packumentCache full:https://registry.npmjs.org/tslib cache-miss
2232 http fetch GET 200 https://registry.npmjs.org/@smithy%2fcore 1402ms (cache revalidated)
2233 silly packumentCache full:https://registry.npmjs.org/@smithy%2fcore set size:626469 disposed:false
2234 silly fetch manifest sparse-bitfield@^3.0.3
2235 silly packumentCache full:https://registry.npmjs.org/sparse-bitfield cache-miss
2236 http fetch GET 200 https://registry.npmjs.org/@aws-sdk%2ftypes 1630ms (cache revalidated)
2237 silly packumentCache full:https://registry.npmjs.org/@aws-sdk%2ftypes set size:522297 disposed:false
2238 silly fetch manifest whatwg-url@^11.0.0
2239 silly packumentCache full:https://registry.npmjs.org/whatwg-url cache-hit
2240 silly fetch manifest @types/whatwg-url@^8.2.1
2241 silly packumentCache full:https://registry.npmjs.org/@types%2fwhatwg-url cache-miss
2242 http fetch GET 200 https://registry.npmjs.org/@aws-sdk%2fcredential-provider-node 2635ms (cache revalidated)
2243 silly packumentCache full:https://registry.npmjs.org/@aws-sdk%2fcredential-provider-node set size:1855013 disposed:false
2244 silly fetch manifest ip-address@^10.1.1
2245 silly packumentCache full:https://registry.npmjs.org/ip-address cache-miss
2246 http fetch GET 200 https://registry.npmjs.org/@aws-sdk%2fcredential-provider-sso 2479ms (cache revalidated)
2247 silly packumentCache full:https://registry.npmjs.org/@aws-sdk%2fcredential-provider-sso set size:1516786 disposed:false
2248 silly fetch manifest smart-buffer@^4.2.0
2249 silly packumentCache full:https://registry.npmjs.org/smart-buffer cache-miss
2250 http fetch GET 200 https://registry.npmjs.org/tslib 956ms (cache revalidated)
2251 silly packumentCache full:https://registry.npmjs.org/tslib set size:108760 disposed:false
2252 http fetch GET 200 https://registry.npmjs.org/sparse-bitfield 934ms (cache revalidated)
2253 silly packumentCache full:https://registry.npmjs.org/sparse-bitfield set size:18366 disposed:false
2254 http fetch GET 200 https://registry.npmjs.org/ip-address 690ms (cache revalidated)
2255 silly packumentCache full:https://registry.npmjs.org/ip-address set size:171530 disposed:false
2256 http fetch GET 200 https://registry.npmjs.org/smart-buffer 505ms (cache revalidated)
2257 silly packumentCache full:https://registry.npmjs.org/smart-buffer set size:87065 disposed:false
2258 http fetch GET 200 https://registry.npmjs.org/@types%2fwhatwg-url 1112ms (cache revalidated)
2259 silly packumentCache full:https://registry.npmjs.org/@types%2fwhatwg-url set size:25750 disposed:false
2260 http fetch GET 200 https://registry.npmjs.org/@smithy%2ftypes 1692ms (cache revalidated)
2261 silly packumentCache full:https://registry.npmjs.org/@smithy%2ftypes set size:191727 disposed:false
2262 http fetch GET 200 https://registry.npmjs.org/@smithy%2fcredential-provider-imds 1813ms (cache revalidated)
2263 silly packumentCache full:https://registry.npmjs.org/@smithy%2fcredential-provider-imds set size:265186 disposed:false
2264 silly placeDep ROOT @aws-sdk/client-cognito-identity@3.1052.0 OK for: @aws-sdk/credential-providers@3.1052.0 want: 3.1052.0
2265 silly placeDep ROOT @aws-sdk/core@3.974.13 OK for: @aws-sdk/credential-providers@3.1052.0 want: ^3.974.13
2266 silly placeDep ROOT @aws-sdk/credential-provider-cognito-identity@3.972.36 OK for: @aws-sdk/credential-providers@3.1052.0 want: ^3.972.36
2267 silly placeDep ROOT @aws-sdk/credential-provider-env@3.972.39 OK for: @aws-sdk/credential-providers@3.1052.0 want: ^3.972.39
2268 silly placeDep ROOT @aws-sdk/credential-provider-http@3.972.41 OK for: @aws-sdk/credential-providers@3.1052.0 want: ^3.972.41
2269 silly placeDep ROOT @aws-sdk/credential-provider-ini@3.972.43 OK for: @aws-sdk/credential-providers@3.1052.0 want: ^3.972.43
2270 silly placeDep ROOT @aws-sdk/credential-provider-login@3.972.43 OK for: @aws-sdk/credential-providers@3.1052.0 want: ^3.972.43
2271 silly placeDep ROOT @aws-sdk/credential-provider-node@3.972.44 OK for: @aws-sdk/credential-providers@3.1052.0 want: ^3.972.44
2272 silly placeDep ROOT @aws-sdk/credential-provider-process@3.972.39 OK for: @aws-sdk/credential-providers@3.1052.0 want: ^3.972.39
2273 silly placeDep ROOT @aws-sdk/credential-provider-sso@3.972.43 OK for: @aws-sdk/credential-providers@3.1052.0 want: ^3.972.43
2274 silly placeDep ROOT @aws-sdk/credential-provider-web-identity@3.972.43 OK for: @aws-sdk/credential-providers@3.1052.0 want: ^3.972.43
2275 silly placeDep ROOT @aws-sdk/nested-clients@3.997.11 OK for: @aws-sdk/credential-providers@3.1052.0 want: ^3.997.11
2276 silly placeDep ROOT @aws-sdk/types@3.973.9 OK for: @aws-sdk/credential-providers@3.1052.0 want: ^3.973.9
2277 silly placeDep ROOT @smithy/core@3.24.4 OK for: @aws-sdk/credential-providers@3.1052.0 want: ^3.24.3
2278 silly placeDep ROOT @smithy/credential-provider-imds@4.3.4 OK for: @aws-sdk/credential-providers@3.1052.0 want: ^4.3.2
2279 silly placeDep ROOT @smithy/types@4.14.2 OK for: @aws-sdk/credential-providers@3.1052.0 want: ^4.14.2
2280 silly placeDep ROOT tslib@2.8.1 OK for: @aws-sdk/credential-providers@3.1052.0 want: ^2.6.2
2281 silly fetch manifest @aws-crypto/sha256-browser@5.2.0
2282 silly packumentCache full:https://registry.npmjs.org/@aws-crypto%2fsha256-browser cache-miss
2283 silly fetch manifest @aws-crypto/sha256-js@5.2.0
2284 silly packumentCache full:https://registry.npmjs.org/@aws-crypto%2fsha256-js cache-miss
2285 silly fetch manifest @smithy/fetch-http-handler@^5.4.3
2286 silly packumentCache full:https://registry.npmjs.org/@smithy%2ffetch-http-handler cache-miss
2287 silly fetch manifest @smithy/node-http-handler@^4.7.3
2288 silly packumentCache full:https://registry.npmjs.org/@smithy%2fnode-http-handler cache-miss
2289 silly fetch manifest @aws-sdk/xml-builder@^3.972.25
2290 silly packumentCache full:https://registry.npmjs.org/@aws-sdk%2fxml-builder cache-miss
2291 silly fetch manifest @aws/lambda-invoke-store@^0.2.2
2292 silly packumentCache full:https://registry.npmjs.org/@aws%2flambda-invoke-store cache-miss
2293 silly fetch manifest @smithy/signature-v4@^5.4.2
2294 silly packumentCache full:https://registry.npmjs.org/@smithy%2fsignature-v4 cache-miss
2295 http fetch GET 200 https://registry.npmjs.org/@smithy%2fnode-http-handler 958ms (cache revalidated)
2296 silly packumentCache full:https://registry.npmjs.org/@smithy%2fnode-http-handler set size:273599 disposed:false
2297 silly fetch manifest bowser@^2.11.0
2298 silly packumentCache full:https://registry.npmjs.org/bowser cache-miss
2299 http fetch GET 200 https://registry.npmjs.org/@aws-sdk%2fxml-builder 998ms (cache revalidated)
2300 silly packumentCache full:https://registry.npmjs.org/@aws-sdk%2fxml-builder set size:353775 disposed:false
2301 silly fetch manifest @smithy/fetch-http-handler@^5.4.3
2302 silly packumentCache full:https://registry.npmjs.org/@smithy%2ffetch-http-handler cache-miss
2303 http fetch GET 200 https://registry.npmjs.org/@smithy%2ffetch-http-handler 1121ms (cache revalidated)
2304 silly packumentCache full:https://registry.npmjs.org/@smithy%2ffetch-http-handler set size:284249 disposed:false
2305 silly fetch manifest @aws-sdk/token-providers@3.1052.0
2306 silly packumentCache full:https://registry.npmjs.org/@aws-sdk%2ftoken-providers cache-miss
2307 http fetch GET 200 https://registry.npmjs.org/@aws-crypto%2fsha256-browser 1209ms (cache revalidated)
2308 silly packumentCache full:https://registry.npmjs.org/@aws-crypto%2fsha256-browser set size:64772 disposed:false
2309 silly fetch manifest @aws-crypto/sha256-js@5.2.0
2310 silly packumentCache full:https://registry.npmjs.org/@aws-crypto%2fsha256-js cache-miss
2311 http fetch GET 200 https://registry.npmjs.org/@aws-crypto%2fsha256-js 1233ms (cache revalidated)
2312 silly packumentCache full:https://registry.npmjs.org/@aws-crypto%2fsha256-js set size:54628 disposed:false
2313 silly fetch manifest @aws-sdk/signature-v4-multi-region@^3.996.28
2314 silly packumentCache full:https://registry.npmjs.org/@aws-sdk%2fsignature-v4-multi-region cache-miss
2315 http fetch GET 200 https://registry.npmjs.org/@smithy%2fsignature-v4 1214ms (cache revalidated)
2316 silly packumentCache full:https://registry.npmjs.org/@smithy%2fsignature-v4 set size:244629 disposed:false
2317 silly fetch manifest @aws-crypto/crc32@5.2.0
2318 silly packumentCache full:https://registry.npmjs.org/@aws-crypto%2fcrc32 cache-miss
2319 http fetch GET 200 https://registry.npmjs.org/@aws%2flambda-invoke-store 1267ms (cache revalidated)
2320 silly packumentCache full:https://registry.npmjs.org/@aws%2flambda-invoke-store set size:39682 disposed:false
2321 http cache https://registry.npmjs.org/@aws-crypto%2fsha256-js 156ms (cache hit)
2322 silly packumentCache full:https://registry.npmjs.org/@aws-crypto%2fsha256-js set size:54628 disposed:false
2323 silly packumentCache full:https://registry.npmjs.org/@aws-crypto%2fsha256-js dispose
2324 http fetch GET 200 https://registry.npmjs.org/@smithy%2ffetch-http-handler 434ms (cache revalidated)
2325 silly packumentCache full:https://registry.npmjs.org/@smithy%2ffetch-http-handler set size:284249 disposed:false
2326 silly packumentCache full:https://registry.npmjs.org/@smithy%2ffetch-http-handler dispose
2327 http fetch GET 200 https://registry.npmjs.org/bowser 790ms (cache revalidated)
2328 silly packumentCache full:https://registry.npmjs.org/bowser set size:197673 disposed:false
2329 http fetch GET 200 https://registry.npmjs.org/@aws-crypto%2fcrc32 1141ms (cache revalidated)
2330 silly packumentCache full:https://registry.npmjs.org/@aws-crypto%2fcrc32 set size:54461 disposed:false
2331 http fetch GET 200 https://registry.npmjs.org/@aws-sdk%2fsignature-v4-multi-region 1208ms (cache revalidated)
2332 silly packumentCache full:https://registry.npmjs.org/@aws-sdk%2fsignature-v4-multi-region set size:919559 disposed:false
2333 http fetch GET 200 https://registry.npmjs.org/@aws-sdk%2ftoken-providers 1348ms (cache revalidated)
2334 silly packumentCache full:https://registry.npmjs.org/@aws-sdk%2ftoken-providers set size:1197653 disposed:false
2335 silly placeDep ROOT @aws-crypto/sha256-browser@5.2.0 OK for: @aws-sdk/client-cognito-identity@3.1052.0 want: 5.2.0
2336 silly placeDep ROOT @aws-crypto/sha256-js@5.2.0 OK for: @aws-sdk/client-cognito-identity@3.1052.0 want: 5.2.0
2337 silly placeDep ROOT @smithy/fetch-http-handler@5.4.4 OK for: @aws-sdk/client-cognito-identity@3.1052.0 want: ^5.4.3
2338 silly placeDep ROOT @smithy/node-http-handler@4.7.4 OK for: @aws-sdk/client-cognito-identity@3.1052.0 want: ^4.7.3
2339 silly fetch manifest @aws-crypto/util@^5.2.0
2340 silly packumentCache full:https://registry.npmjs.org/@aws-crypto%2futil cache-miss
2341 silly fetch manifest @smithy/util-utf8@^2.0.0
2342 silly packumentCache full:https://registry.npmjs.org/@smithy%2futil-utf8 cache-miss
2343 silly fetch manifest @aws-crypto/sha256-js@^5.2.0
2344 silly packumentCache full:https://registry.npmjs.org/@aws-crypto%2fsha256-js cache-hit
2345 silly fetch manifest @aws-sdk/util-locate-window@^3.0.0
2346 silly packumentCache full:https://registry.npmjs.org/@aws-sdk%2futil-locate-window cache-miss
2347 silly fetch manifest @aws-crypto/supports-web-crypto@^5.2.0
2348 silly packumentCache full:https://registry.npmjs.org/@aws-crypto%2fsupports-web-crypto cache-miss
2349 silly fetch manifest @aws-crypto/util@^5.2.0
2350 silly packumentCache full:https://registry.npmjs.org/@aws-crypto%2futil cache-miss
2351 http fetch GET 200 https://registry.npmjs.org/@smithy%2futil-utf8 866ms (cache revalidated)
2352 silly packumentCache full:https://registry.npmjs.org/@smithy%2futil-utf8 set size:61849 disposed:false
2353 http fetch GET 200 https://registry.npmjs.org/@aws-sdk%2futil-locate-window 901ms (cache revalidated)
2354 silly packumentCache full:https://registry.npmjs.org/@aws-sdk%2futil-locate-window set size:221265 disposed:false
2355 http fetch GET 200 https://registry.npmjs.org/@aws-crypto%2fsupports-web-crypto 953ms (cache revalidated)
2356 silly packumentCache full:https://registry.npmjs.org/@aws-crypto%2fsupports-web-crypto set size:41745 disposed:false
2357 http fetch GET 200 https://registry.npmjs.org/@aws-crypto%2futil 960ms (cache revalidated)
2358 silly packumentCache full:https://registry.npmjs.org/@aws-crypto%2futil set size:30876 disposed:false
2359 http fetch GET 200 https://registry.npmjs.org/@aws-crypto%2futil 988ms (cache revalidated)
2360 silly packumentCache full:https://registry.npmjs.org/@aws-crypto%2futil set size:30876 disposed:false
2361 silly packumentCache full:https://registry.npmjs.org/@aws-crypto%2futil dispose
2362 silly placeDep ROOT @aws-crypto/supports-web-crypto@5.2.0 OK for: @aws-crypto/sha256-browser@5.2.0 want: ^5.2.0
2363 silly placeDep ROOT @aws-crypto/util@5.2.0 OK for: @aws-crypto/sha256-browser@5.2.0 want: ^5.2.0
2364 silly placeDep ROOT @aws-sdk/util-locate-window@3.965.5 OK for: @aws-crypto/sha256-browser@5.2.0 want: ^3.0.0
2365 silly placeDep ROOT @smithy/util-utf8@2.3.0 OK for: @aws-crypto/sha256-browser@5.2.0 want: ^2.0.0
2366 silly fetch manifest @smithy/util-buffer-from@^2.2.0
2367 silly packumentCache full:https://registry.npmjs.org/@smithy%2futil-buffer-from cache-miss
2368 http fetch GET 200 https://registry.npmjs.org/@smithy%2futil-buffer-from 920ms (cache revalidated)
2369 silly packumentCache full:https://registry.npmjs.org/@smithy%2futil-buffer-from set size:54966 disposed:false
2370 silly placeDep ROOT @aws-sdk/xml-builder@3.972.25 OK for: @aws-sdk/core@3.974.13 want: ^3.972.25
2371 silly placeDep ROOT @aws/lambda-invoke-store@0.2.4 OK for: @aws-sdk/core@3.974.13 want: ^0.2.2
2372 silly placeDep ROOT @smithy/signature-v4@5.4.4 OK for: @aws-sdk/core@3.974.13 want: ^5.4.2
2373 silly placeDep ROOT bowser@2.14.1 OK for: @aws-sdk/core@3.974.13 want: ^2.11.0
2374 silly fetch manifest @nodable/entities@2.1.0
2375 silly packumentCache full:https://registry.npmjs.org/@nodable%2fentities cache-miss
2376 silly fetch manifest fast-xml-parser@5.7.3
2377 silly packumentCache full:https://registry.npmjs.org/fast-xml-parser cache-miss
2378 http fetch GET 200 https://registry.npmjs.org/fast-xml-parser 462ms (cache revalidated)
2379 silly packumentCache full:https://registry.npmjs.org/fast-xml-parser set size:595297 disposed:false
2380 http fetch GET 200 https://registry.npmjs.org/@nodable%2fentities 952ms (cache revalidated)
2381 silly packumentCache full:https://registry.npmjs.org/@nodable%2fentities set size:11797 disposed:false
2382 silly placeDep ROOT @aws-sdk/token-providers@3.1052.0 OK for: @aws-sdk/credential-provider-sso@3.972.43 want: 3.1052.0
2383 silly placeDep ROOT @aws-sdk/signature-v4-multi-region@3.996.28 OK for: @aws-sdk/nested-clients@3.997.11 want: ^3.996.28
2384 silly placeDep ROOT @nodable/entities@2.1.0 OK for: @aws-sdk/xml-builder@3.972.25 want: 2.1.0
2385 silly placeDep ROOT fast-xml-parser@5.7.3 OK for: @aws-sdk/xml-builder@3.972.25 want: 5.7.3
2386 silly fetch manifest strnum@^2.2.3
2387 silly packumentCache full:https://registry.npmjs.org/strnum cache-miss
2388 silly fetch manifest fast-xml-builder@^1.1.7
2389 silly packumentCache full:https://registry.npmjs.org/fast-xml-builder cache-miss
2390 silly fetch manifest path-expression-matcher@^1.5.0
2391 silly packumentCache full:https://registry.npmjs.org/path-expression-matcher cache-miss
2392 http fetch GET 200 https://registry.npmjs.org/strnum 424ms (cache revalidated)
2393 silly packumentCache full:https://registry.npmjs.org/strnum set size:42961 disposed:false
2394 http fetch GET 200 https://registry.npmjs.org/fast-xml-builder 434ms (cache revalidated)
2395 silly packumentCache full:https://registry.npmjs.org/fast-xml-builder set size:37745 disposed:false
2396 http fetch GET 200 https://registry.npmjs.org/path-expression-matcher 443ms (cache revalidated)
2397 silly packumentCache full:https://registry.npmjs.org/path-expression-matcher set size:48511 disposed:false
2398 silly placeDep ROOT sparse-bitfield@3.0.3 OK for: @mongodb-js/saslprep@1.4.11 want: ^3.0.3
2399 silly fetch manifest memory-pager@^1.0.2
2400 silly packumentCache full:https://registry.npmjs.org/memory-pager cache-miss
2401 http fetch GET 200 https://registry.npmjs.org/memory-pager 404ms (cache revalidated)
2402 silly packumentCache full:https://registry.npmjs.org/memory-pager set size:21090 disposed:false
2403 silly placeDep ROOT @aws-crypto/crc32@5.2.0 OK for: @smithy/core@3.24.4 want: 5.2.0
2404 silly placeDep ROOT @smithy/util-buffer-from@2.2.0 OK for: @smithy/util-utf8@2.3.0 want: ^2.2.0
2405 silly fetch manifest @smithy/is-array-buffer@^2.2.0
2406 silly packumentCache full:https://registry.npmjs.org/@smithy%2fis-array-buffer cache-miss
2407 http fetch GET 200 https://registry.npmjs.org/@smithy%2fis-array-buffer 1383ms (cache revalidated)
2408 silly packumentCache full:https://registry.npmjs.org/@smithy%2fis-array-buffer set size:51823 disposed:false
2409 silly placeDep ROOT @smithy/is-array-buffer@2.2.0 OK for: @smithy/util-buffer-from@2.2.0 want: ^2.2.0
2410 silly placeDep ROOT fast-xml-builder@1.2.0 OK for: fast-xml-parser@5.7.3 want: ^1.1.7
2411 silly placeDep ROOT path-expression-matcher@1.5.0 OK for: fast-xml-parser@5.7.3 want: ^1.5.0
2412 silly placeDep ROOT strnum@2.3.0 OK for: fast-xml-parser@5.7.3 want: ^2.2.3
2413 silly fetch manifest xml-naming@^0.1.0
2414 silly packumentCache full:https://registry.npmjs.org/xml-naming cache-miss
2415 http fetch GET 200 https://registry.npmjs.org/xml-naming 377ms (cache revalidated)
2416 silly packumentCache full:https://registry.npmjs.org/xml-naming set size:8191 disposed:false
2417 silly placeDep ROOT xml-naming@0.1.0 OK for: fast-xml-builder@1.2.0 want: ^0.1.0
2418 silly placeDep ROOT @types/whatwg-url@8.2.2 OK for: mongodb-connection-string-url@2.6.0 want: ^8.2.1
2419 silly placeDep node_modules/mongodb-connection-string-url whatwg-url@11.0.0 OK for: mongodb-connection-string-url@2.6.0 want: ^11.0.0
2420 silly fetch manifest @types/webidl-conversions@*
2421 silly packumentCache full:https://registry.npmjs.org/@types%2fwebidl-conversions cache-miss
2422 silly fetch manifest tr46@^3.0.0
2423 silly packumentCache full:https://registry.npmjs.org/tr46 cache-hit
2424 silly fetch manifest webidl-conversions@^7.0.0
2425 silly packumentCache full:https://registry.npmjs.org/webidl-conversions cache-hit
2426 http fetch GET 200 https://registry.npmjs.org/@types%2fwebidl-conversions 691ms (cache revalidated)
2427 silly packumentCache full:https://registry.npmjs.org/@types%2fwebidl-conversions set size:22935 disposed:false
2428 silly placeDep ROOT @types/webidl-conversions@7.0.3 OK for: @types/whatwg-url@8.2.2 want: *
2429 silly placeDep node_modules/mquery debug@4.4.3 OK for: mquery@4.0.3 want: 4.x
2430 silly placeDep ROOT append-field@1.0.0 OK for: multer@1.4.5-lts.2 want: ^1.0.0
2431 silly placeDep ROOT busboy@1.6.0 OK for: multer@1.4.5-lts.2 want: ^1.0.0
2432 silly placeDep ROOT concat-stream@1.6.2 OK for: multer@1.4.5-lts.2 want: ^1.5.2
2433 silly placeDep ROOT object-assign@4.1.1 OK for: multer@1.4.5-lts.2 want: ^4.1.1
2434 silly fetch manifest streamsearch@^1.1.0
2435 silly packumentCache full:https://registry.npmjs.org/streamsearch cache-miss
2436 silly fetch manifest buffer-from@^1.0.0
2437 silly packumentCache full:https://registry.npmjs.org/buffer-from cache-miss
2438 silly fetch manifest readable-stream@^2.2.2
2439 silly packumentCache full:https://registry.npmjs.org/readable-stream cache-hit
2440 silly fetch manifest typedarray@^0.0.6
2441 silly packumentCache full:https://registry.npmjs.org/typedarray cache-miss
2442 http fetch GET 200 https://registry.npmjs.org/typedarray 558ms (cache revalidated)
2443 silly packumentCache full:https://registry.npmjs.org/typedarray set size:18469 disposed:false
2444 http fetch GET 200 https://registry.npmjs.org/streamsearch 580ms (cache revalidated)
2445 silly packumentCache full:https://registry.npmjs.org/streamsearch set size:27372 disposed:false
2446 http fetch GET 200 https://registry.npmjs.org/buffer-from 588ms (cache revalidated)
2447 silly packumentCache full:https://registry.npmjs.org/buffer-from set size:15463 disposed:false
2448 silly placeDep ROOT streamsearch@1.1.0 OK for: busboy@1.6.0 want: ^1.1.0
2449 silly placeDep ROOT buffer-from@1.1.2 OK for: concat-stream@1.6.2 want: ^1.0.0
2450 silly placeDep ROOT readable-stream@2.3.8 OK for: concat-stream@1.6.2 want: ^2.2.2
2451 silly placeDep ROOT typedarray@0.0.6 OK for: concat-stream@1.6.2 want: ^0.0.6
2452 silly fetch manifest isarray@~1.0.0
2453 silly packumentCache full:https://registry.npmjs.org/isarray cache-miss
2454 silly fetch manifest safe-buffer@~5.1.1
2455 silly packumentCache full:https://registry.npmjs.org/safe-buffer cache-hit
2456 silly fetch manifest core-util-is@~1.0.0
2457 silly packumentCache full:https://registry.npmjs.org/core-util-is cache-miss
2458 silly fetch manifest string_decoder@~1.1.1
2459 silly packumentCache full:https://registry.npmjs.org/string_decoder cache-miss
2460 silly fetch manifest util-deprecate@~1.0.1
2461 silly packumentCache full:https://registry.npmjs.org/util-deprecate cache-miss
2462 silly fetch manifest process-nextick-args@~2.0.0
2463 silly packumentCache full:https://registry.npmjs.org/process-nextick-args cache-miss
2464 http fetch GET 200 https://registry.npmjs.org/string_decoder 485ms (cache revalidated)
2465 silly packumentCache full:https://registry.npmjs.org/string_decoder set size:28441 disposed:false
2466 http fetch GET 200 https://registry.npmjs.org/util-deprecate 495ms (cache revalidated)
2467 silly packumentCache full:https://registry.npmjs.org/util-deprecate set size:6674 disposed:false
2468 http fetch GET 200 https://registry.npmjs.org/isarray 523ms (cache revalidated)
2469 silly packumentCache full:https://registry.npmjs.org/isarray set size:17392 disposed:false
2470 http fetch GET 200 https://registry.npmjs.org/process-nextick-args 515ms (cache revalidated)
2471 silly packumentCache full:https://registry.npmjs.org/process-nextick-args set size:15428 disposed:false
2472 http fetch GET 200 https://registry.npmjs.org/core-util-is 1022ms (cache revalidated)
2473 silly packumentCache full:https://registry.npmjs.org/core-util-is set size:7163 disposed:false
2474 silly placeDep ROOT @tokenizer/token@0.3.0 OK for: music-metadata@7.14.0 want: ^0.3.0
2475 silly placeDep node_modules/music-metadata debug@4.4.3 OK for: music-metadata@7.14.0 want: ^4.3.4
2476 silly placeDep ROOT media-typer@1.1.0 OK for: music-metadata@7.14.0 want: ^1.1.0
2477 silly placeDep ROOT clone@2.1.2 OK for: node-cache@5.1.2 want: 2.x
2478 silly placeDep node_modules/node-cron uuid@8.3.2 OK for: node-cron@3.0.3 want: 8.3.2
2479 silly placeDep node_modules/node-fetch whatwg-url@5.0.0 OK for: node-fetch@2.7.0 want: ^5.0.0
2480 silly fetch manifest tr46@~0.0.3
2481 silly packumentCache full:https://registry.npmjs.org/tr46 cache-hit
2482 silly fetch manifest webidl-conversions@^3.0.0
2483 silly packumentCache full:https://registry.npmjs.org/webidl-conversions cache-hit
2484 silly placeDep ROOT abbrev@1.1.1 OK for: nopt@5.0.0 want: 1
2485 silly placeDep ROOT are-we-there-yet@2.0.0 OK for: npmlog@5.0.1 want: ^2.0.0
2486 silly placeDep ROOT console-control-strings@1.1.0 OK for: npmlog@5.0.1 want: ^1.1.0
2487 silly placeDep ROOT gauge@3.0.2 OK for: npmlog@5.0.1 want: ^3.0.0
2488 silly placeDep ROOT set-blocking@2.0.0 OK for: npmlog@5.0.1 want: ^2.0.0
2489 silly fetch manifest delegates@^1.0.0
2490 silly packumentCache full:https://registry.npmjs.org/delegates cache-miss
2491 silly fetch manifest readable-stream@^3.6.0
2492 silly packumentCache full:https://registry.npmjs.org/readable-stream cache-hit
2493 silly fetch manifest aproba@^1.0.3 || ^2.0.0
2494 silly packumentCache full:https://registry.npmjs.org/aproba cache-miss
2495 silly fetch manifest strip-ansi@^6.0.1
2496 silly packumentCache full:https://registry.npmjs.org/strip-ansi cache-miss
2497 silly fetch manifest wide-align@^1.1.2
2498 silly packumentCache full:https://registry.npmjs.org/wide-align cache-miss
2499 silly fetch manifest has-unicode@^2.0.1
2500 silly packumentCache full:https://registry.npmjs.org/has-unicode cache-miss
2501 silly fetch manifest signal-exit@^3.0.0
2502 silly packumentCache full:https://registry.npmjs.org/signal-exit cache-miss
2503 silly fetch manifest string-width@^4.2.3
2504 silly packumentCache full:https://registry.npmjs.org/string-width cache-miss
2505 http fetch GET 200 https://registry.npmjs.org/delegates 596ms (cache revalidated)
2506 silly packumentCache full:https://registry.npmjs.org/delegates set size:8916 disposed:false
2507 silly fetch manifest color-support@^1.1.2
2508 silly packumentCache full:https://registry.npmjs.org/color-support cache-miss
2509 http fetch GET 200 https://registry.npmjs.org/signal-exit 589ms (cache revalidated)
2510 silly packumentCache full:https://registry.npmjs.org/signal-exit set size:53489 disposed:false
2511 http fetch GET 200 https://registry.npmjs.org/strip-ansi 618ms (cache revalidated)
2512 silly packumentCache full:https://registry.npmjs.org/strip-ansi set size:44998 disposed:false
2513 http fetch GET 200 https://registry.npmjs.org/has-unicode 625ms (cache revalidated)
2514 silly packumentCache full:https://registry.npmjs.org/has-unicode set size:7567 disposed:false
2515 http fetch GET 200 https://registry.npmjs.org/string-width 612ms (cache revalidated)
2516 silly packumentCache full:https://registry.npmjs.org/string-width set size:70381 disposed:false
2517 http fetch GET 200 https://registry.npmjs.org/wide-align 655ms (cache revalidated)
2518 silly packumentCache full:https://registry.npmjs.org/wide-align set size:16598 disposed:false
2519 http fetch GET 200 https://registry.npmjs.org/aproba 673ms (cache revalidated)
2520 silly packumentCache full:https://registry.npmjs.org/aproba set size:20300 disposed:false
2521 http fetch GET 200 https://registry.npmjs.org/color-support 471ms (cache revalidated)
2522 silly packumentCache full:https://registry.npmjs.org/color-support set size:13824 disposed:false
2523 silly placeDep ROOT delegates@1.0.0 OK for: are-we-there-yet@2.0.0 want: ^1.0.0
2524 silly placeDep node_modules/are-we-there-yet readable-stream@3.6.2 OK for: are-we-there-yet@2.0.0 want: ^3.6.0
2525 silly fetch manifest string_decoder@^1.1.1
2526 silly packumentCache full:https://registry.npmjs.org/string_decoder cache-hit
2527 silly fetch manifest util-deprecate@^1.0.1
2528 silly packumentCache full:https://registry.npmjs.org/util-deprecate cache-hit
2529 silly placeDep ROOT aproba@2.1.0 OK for: gauge@3.0.2 want: ^1.0.3 || ^2.0.0
2530 silly placeDep ROOT color-support@1.1.3 OK for: gauge@3.0.2 want: ^1.1.2
2531 silly placeDep ROOT has-unicode@2.0.1 OK for: gauge@3.0.2 want: ^2.0.1
2532 silly placeDep ROOT signal-exit@3.0.7 OK for: gauge@3.0.2 want: ^3.0.0
2533 silly placeDep ROOT string-width@4.2.3 OK for: gauge@3.0.2 want: ^4.2.3
2534 silly placeDep ROOT strip-ansi@6.0.1 OK for: gauge@3.0.2 want: ^6.0.1
2535 silly placeDep ROOT wide-align@1.1.5 OK for: gauge@3.0.2 want: ^1.1.2
2536 silly fetch manifest emoji-regex@^8.0.0
2537 silly packumentCache full:https://registry.npmjs.org/emoji-regex cache-miss
2538 silly fetch manifest is-fullwidth-code-point@^3.0.0
2539 silly packumentCache full:https://registry.npmjs.org/is-fullwidth-code-point cache-miss
2540 silly fetch manifest ansi-regex@^5.0.1
2541 silly packumentCache full:https://registry.npmjs.org/ansi-regex cache-miss
2542 http fetch GET 200 https://registry.npmjs.org/is-fullwidth-code-point 598ms (cache revalidated)
2543 silly packumentCache full:https://registry.npmjs.org/is-fullwidth-code-point set size:14578 disposed:false
2544 http fetch GET 200 https://registry.npmjs.org/emoji-regex 616ms (cache revalidated)
2545 silly packumentCache full:https://registry.npmjs.org/emoji-regex set size:89064 disposed:false
2546 http fetch GET 200 https://registry.npmjs.org/ansi-regex 632ms (cache revalidated)
2547 silly packumentCache full:https://registry.npmjs.org/ansi-regex set size:43572 disposed:false
2548 silly placeDep ROOT @wasm-audio-decoders/opus-ml@0.0.2 OK for: ogg-opus-decoder@1.7.3 want: 0.0.2
2549 silly placeDep ROOT opus-decoder@0.7.11 OK for: ogg-opus-decoder@1.7.3 want: 0.7.11
2550 silly placeDep ROOT ee-first@1.1.1 OK for: on-finished@2.4.1 want: 1.1.1
2551 silly placeDep ROOT xml-parse-from-string@1.0.1 OK for: parse-bmfont-xml@1.1.6 want: ^1.0.0
2552 silly placeDep ROOT xml2js@0.5.0 OK for: parse-bmfont-xml@1.1.6 want: ^0.5.0
2553 silly fetch manifest xmlbuilder@~11.0.0
2554 silly packumentCache full:https://registry.npmjs.org/xmlbuilder cache-miss
2555 http fetch GET 200 https://registry.npmjs.org/xmlbuilder 550ms (cache revalidated)
2556 silly packumentCache full:https://registry.npmjs.org/xmlbuilder set size:158707 disposed:false
2557 silly placeDep node_modules/parse5 entities@6.0.1 OK for: parse5@7.3.0 want: ^6.0.0
2558 silly placeDep ROOT process@0.11.10 OK for: path@0.12.7 want: ^0.11.1
2559 silly placeDep node_modules/path util@0.10.4 OK for: path@0.12.7 want: ^0.10.3
2560 silly fetch manifest inherits@2.0.3
2561 silly packumentCache full:https://registry.npmjs.org/inherits cache-hit
2562 silly fetch manifest pg@>=8.0
2563 silly packumentCache full:https://registry.npmjs.org/pg cache-hit
2564 silly placeDep ROOT pg-cloudflare@1.4.0 OK for: pg@8.21.0 want: ^1.4.0
2565 silly placeDep ROOT pg-connection-string@2.13.0 OK for: pg@8.21.0 want: ^2.13.0
2566 silly placeDep ROOT pg-pool@3.14.0 OK for: pg@8.21.0 want: ^3.14.0
2567 silly placeDep ROOT pg-protocol@1.14.0 OK for: pg@8.21.0 want: ^1.14.0
2568 silly placeDep ROOT pg-types@2.2.0 OK for: pg@8.21.0 want: 2.2.0
2569 silly placeDep ROOT pgpass@1.0.5 OK for: pg@8.21.0 want: 1.0.5
2570 silly fetch manifest pg-int8@1.0.1
2571 silly packumentCache full:https://registry.npmjs.org/pg-int8 cache-miss
2572 silly fetch manifest postgres-date@~1.0.4
2573 silly packumentCache full:https://registry.npmjs.org/postgres-date cache-miss
2574 silly fetch manifest postgres-array@~2.0.0
2575 silly packumentCache full:https://registry.npmjs.org/postgres-array cache-miss
2576 silly fetch manifest postgres-bytea@~1.0.0
2577 silly packumentCache full:https://registry.npmjs.org/postgres-bytea cache-miss
2578 silly fetch manifest postgres-interval@^1.1.0
2579 silly packumentCache full:https://registry.npmjs.org/postgres-interval cache-miss
2580 silly fetch manifest split2@^4.1.0
2581 silly packumentCache full:https://registry.npmjs.org/split2 cache-miss
2582 http fetch GET 200 https://registry.npmjs.org/postgres-bytea 668ms (cache revalidated)
2583 silly packumentCache full:https://registry.npmjs.org/postgres-bytea set size:8854 disposed:false
2584 http fetch GET 200 https://registry.npmjs.org/postgres-array 681ms (cache revalidated)
2585 silly packumentCache full:https://registry.npmjs.org/postgres-array set size:21967 disposed:false
2586 http fetch GET 200 https://registry.npmjs.org/pg-int8 700ms (cache revalidated)
2587 silly packumentCache full:https://registry.npmjs.org/pg-int8 set size:3652 disposed:false
2588 http fetch GET 200 https://registry.npmjs.org/split2 688ms (cache revalidated)
2589 silly packumentCache full:https://registry.npmjs.org/split2 set size:47438 disposed:false
2590 http fetch GET 200 https://registry.npmjs.org/postgres-date 719ms (cache revalidated)
2591 silly packumentCache full:https://registry.npmjs.org/postgres-date set size:27126 disposed:false
2592 http fetch GET 200 https://registry.npmjs.org/postgres-interval 721ms (cache revalidated)
2593 silly packumentCache full:https://registry.npmjs.org/postgres-interval set size:30514 disposed:false
2594 silly placeDep ROOT pg-int8@1.0.1 OK for: pg-types@2.2.0 want: 1.0.1
2595 silly placeDep ROOT postgres-array@2.0.0 OK for: pg-types@2.2.0 want: ~2.0.0
2596 silly placeDep ROOT postgres-bytea@1.0.1 OK for: pg-types@2.2.0 want: ~1.0.0
2597 silly placeDep ROOT postgres-date@1.0.7 OK for: pg-types@2.2.0 want: ~1.0.4
2598 silly placeDep ROOT postgres-interval@1.2.0 OK for: pg-types@2.2.0 want: ^1.1.0
2599 silly placeDep ROOT split2@4.2.0 OK for: pgpass@1.0.5 want: ^4.1.0
2600 silly placeDep ROOT atomic-sleep@1.0.0 OK for: pino@7.11.0 want: ^1.0.0
2601 silly placeDep ROOT fast-redact@3.5.0 OK for: pino@7.11.0 want: ^3.0.0
2602 silly placeDep ROOT on-exit-leak-free@0.2.0 OK for: pino@7.11.0 want: ^0.2.0
2603 silly placeDep ROOT pino-abstract-transport@0.5.0 OK for: pino@7.11.0 want: v0.5.0
2604 silly placeDep ROOT pino-std-serializers@4.0.0 OK for: pino@7.11.0 want: ^4.0.0
2605 silly placeDep ROOT process-warning@1.0.0 OK for: pino@7.11.0 want: ^1.0.0
2606 silly placeDep ROOT quick-format-unescaped@4.0.4 OK for: pino@7.11.0 want: ^4.0.3
2607 silly placeDep ROOT real-require@0.1.0 OK for: pino@7.11.0 want: ^0.1.0
2608 silly placeDep ROOT safe-stable-stringify@2.5.0 OK for: pino@7.11.0 want: ^2.1.0
2609 silly placeDep ROOT sonic-boom@2.8.0 OK for: pino@7.11.0 want: ^2.2.1
2610 silly placeDep ROOT thread-stream@0.15.2 OK for: pino@7.11.0 want: ^0.15.1
2611 silly fetch manifest duplexify@^4.1.2
2612 silly packumentCache full:https://registry.npmjs.org/duplexify cache-miss
2613 http fetch GET 200 https://registry.npmjs.org/duplexify 584ms (cache revalidated)
2614 silly packumentCache full:https://registry.npmjs.org/duplexify set size:73064 disposed:false
2615 silly placeDep ROOT duplexify@4.1.3 OK for: pino-abstract-transport@0.5.0 want: ^4.1.2
2616 silly fetch manifest end-of-stream@^1.4.1
2617 silly packumentCache full:https://registry.npmjs.org/end-of-stream cache-miss
2618 silly fetch manifest readable-stream@^3.1.1
2619 silly packumentCache full:https://registry.npmjs.org/readable-stream cache-hit
2620 silly fetch manifest stream-shift@^1.0.2
2621 silly packumentCache full:https://registry.npmjs.org/stream-shift cache-miss
2622 http fetch GET 200 https://registry.npmjs.org/stream-shift 417ms (cache revalidated)
2623 silly packumentCache full:https://registry.npmjs.org/stream-shift set size:8066 disposed:false
2624 http fetch GET 200 https://registry.npmjs.org/end-of-stream 909ms (cache revalidated)
2625 silly packumentCache full:https://registry.npmjs.org/end-of-stream set size:27842 disposed:false
2626 silly placeDep ROOT end-of-stream@1.4.5 OK for: duplexify@4.1.3 want: ^1.4.1
2627 silly placeDep node_modules/duplexify readable-stream@3.6.2 OK for: duplexify@4.1.3 want: ^3.1.1
2628 silly placeDep ROOT stream-shift@1.0.3 OK for: duplexify@4.1.3 want: ^1.0.2
2629 silly fetch manifest once@^1.4.0
2630 silly packumentCache full:https://registry.npmjs.org/once cache-hit
2631 silly placeDep ROOT once@1.4.0 OK for: end-of-stream@1.4.5 want: ^1.4.0
2632 silly fetch manifest wrappy@1
2633 silly packumentCache full:https://registry.npmjs.org/wrappy cache-miss
2634 http fetch GET 200 https://registry.npmjs.org/wrappy 393ms (cache revalidated)
2635 silly packumentCache full:https://registry.npmjs.org/wrappy set size:7682 disposed:false
2636 silly placeDep ROOT wrappy@1.0.2 OK for: once@1.4.0 want: 1
2637 silly placeDep ROOT @pm2/agent@2.0.4 OK for: pm2@5.4.3 want: ~2.0.0
2638 silly placeDep ROOT @pm2/io@6.0.1 OK for: pm2@5.4.3 want: ~6.0.1
2639 silly placeDep ROOT @pm2/js-api@0.8.0 OK for: pm2@5.4.3 want: ~0.8.0
2640 silly placeDep ROOT @pm2/pm2-version-check@1.0.4 OK for: pm2@5.4.3 want: latest
2641 silly placeDep ROOT blessed@0.1.81 OK for: pm2@5.4.3 want: 0.1.81
2642 silly placeDep ROOT chalk@3.0.0 OK for: pm2@5.4.3 want: 3.0.0
2643 silly placeDep ROOT chokidar@3.6.0 OK for: pm2@5.4.3 want: ^3.5.3
2644 silly placeDep ROOT cli-tableau@2.0.1 OK for: pm2@5.4.3 want: ^2.0.0
2645 silly placeDep ROOT commander@2.15.1 OK for: pm2@5.4.3 want: 2.15.1
2646 silly placeDep ROOT croner@4.1.97 OK for: pm2@5.4.3 want: ~4.1.92
2647 silly placeDep ROOT dayjs@1.11.20 OK for: pm2@5.4.3 want: ~1.11.5
2648 silly placeDep node_modules/pm2 debug@4.4.3 OK for: pm2@5.4.3 want: ^4.3.1
2649 silly placeDep ROOT enquirer@2.3.6 OK for: pm2@5.4.3 want: 2.3.6
2650 silly placeDep ROOT eventemitter2@5.0.1 OK for: pm2@5.4.3 want: 5.0.1
2651 silly placeDep ROOT fclone@1.0.11 OK for: pm2@5.4.3 want: 1.0.11
2652 silly placeDep ROOT js-yaml@4.1.1 OK for: pm2@5.4.3 want: ~4.1.0
2653 silly placeDep node_modules/pm2 mkdirp@1.0.4 OK for: pm2@5.4.3 want: 1.0.4
2654 silly placeDep ROOT needle@2.4.0 OK for: pm2@5.4.3 want: 2.4.0
2655 silly placeDep ROOT pidusage@3.0.2 OK for: pm2@5.4.3 want: ~3.0
2656 silly placeDep ROOT pm2-axon@4.0.1 OK for: pm2@5.4.3 want: ~4.0.1
2657 silly placeDep ROOT pm2-axon-rpc@0.7.1 OK for: pm2@5.4.3 want: ~0.7.1
2658 silly placeDep ROOT pm2-deploy@1.0.2 OK for: pm2@5.4.3 want: ~1.0.2
2659 silly placeDep ROOT pm2-multimeter@0.1.2 OK for: pm2@5.4.3 want: ^0.1.2
2660 silly placeDep ROOT pm2-sysmonit@1.2.8 OK for: pm2@5.4.3 want: ^1.2.8
2661 silly placeDep ROOT promptly@2.2.0 OK for: pm2@5.4.3 want: ^2
2662 silly placeDep ROOT source-map-support@0.5.21 OK for: pm2@5.4.3 want: 0.5.21
2663 silly placeDep ROOT sprintf-js@1.1.2 OK for: pm2@5.4.3 want: 1.1.2
2664 silly placeDep ROOT vizion@2.2.1 OK for: pm2@5.4.3 want: ~2.2.1
2665 silly fetch manifest ws@~7.5.10
2666 silly packumentCache full:https://registry.npmjs.org/ws cache-hit
2667 silly fetch manifest chalk@~3.0.0
2668 silly packumentCache full:https://registry.npmjs.org/chalk cache-hit
2669 silly fetch manifest dayjs@~1.8.24
2670 silly packumentCache full:https://registry.npmjs.org/dayjs cache-hit
2671 silly fetch manifest debug@~4.3.1
2672 silly packumentCache full:https://registry.npmjs.org/debug cache-hit
2673 silly fetch manifest fclone@~1.0.11
2674 silly packumentCache full:https://registry.npmjs.org/fclone cache-hit
2675 silly fetch manifest semver@~7.5.0
2676 silly packumentCache full:https://registry.npmjs.org/semver cache-hit
2677 silly fetch manifest nssocket@0.6.0
2678 silly packumentCache full:https://registry.npmjs.org/nssocket cache-miss
2679 silly fetch manifest proxy-agent@~6.3.0
2680 silly packumentCache full:https://registry.npmjs.org/proxy-agent cache-miss
2681 silly fetch manifest pm2-axon-rpc@~0.7.0
2682 silly packumentCache full:https://registry.npmjs.org/pm2-axon-rpc cache-hit
2683 silly fetch manifest eventemitter2@~5.0.1
2684 silly packumentCache full:https://registry.npmjs.org/eventemitter2 cache-hit
2685 silly fetch manifest fast-json-patch@^3.0.0-1
2686 silly packumentCache full:https://registry.npmjs.org/fast-json-patch cache-miss
2687 silly fetch manifest async@~2.6.1
2688 silly packumentCache full:https://registry.npmjs.org/async cache-hit
2689 silly fetch manifest tslib@1.9.3
2690 silly packumentCache full:https://registry.npmjs.org/tslib cache-hit
2691 silly fetch manifest semver@~7.5.4
2692 silly packumentCache full:https://registry.npmjs.org/semver cache-hit
2693 silly fetch manifest shimmer@^1.2.0
2694 silly packumentCache full:https://registry.npmjs.org/shimmer cache-miss
2695 silly fetch manifest eventemitter2@^6.3.1
2696 silly packumentCache full:https://registry.npmjs.org/eventemitter2 cache-hit
2697 silly fetch manifest require-in-the-middle@^5.0.0
2698 silly packumentCache full:https://registry.npmjs.org/require-in-the-middle cache-miss
2699 silly fetch manifest async@^2.6.3
2700 silly packumentCache full:https://registry.npmjs.org/async cache-hit
2701 silly fetch manifest extrareqp2@^1.0.0
2702 silly packumentCache full:https://registry.npmjs.org/extrareqp2 cache-miss
2703 silly fetch manifest ws@^7.0.0
2704 silly packumentCache full:https://registry.npmjs.org/ws cache-hit
2705 silly fetch manifest ansi-styles@^4.1.0
2706 silly packumentCache full:https://registry.npmjs.org/ansi-styles cache-miss
2707 http fetch GET 200 https://registry.npmjs.org/shimmer 484ms (cache revalidated)
2708 silly packumentCache full:https://registry.npmjs.org/shimmer set size:22336 disposed:false
2709 silly fetch manifest supports-color@^7.1.0
2710 silly packumentCache full:https://registry.npmjs.org/supports-color cache-miss
2711 http fetch GET 200 https://registry.npmjs.org/fast-json-patch 529ms (cache revalidated)
2712 silly packumentCache full:https://registry.npmjs.org/fast-json-patch set size:129532 disposed:false
2713 silly fetch manifest braces@~3.0.2
2714 silly packumentCache full:https://registry.npmjs.org/braces cache-miss
2715 http fetch GET 200 https://registry.npmjs.org/nssocket 627ms (cache revalidated)
2716 silly packumentCache full:https://registry.npmjs.org/nssocket set size:36528 disposed:false
2717 silly fetch manifest is-glob@~4.0.1
2718 silly packumentCache full:https://registry.npmjs.org/is-glob cache-miss
2719 http fetch GET 200 https://registry.npmjs.org/require-in-the-middle 552ms (cache revalidated)
2720 silly packumentCache full:https://registry.npmjs.org/require-in-the-middle set size:87691 disposed:false
2721 silly fetch manifest anymatch@~3.1.2
2722 silly packumentCache full:https://registry.npmjs.org/anymatch cache-miss
2723 http fetch GET 200 https://registry.npmjs.org/extrareqp2 581ms (cache revalidated)
2724 silly packumentCache full:https://registry.npmjs.org/extrareqp2 set size:33058 disposed:false
2725 silly fetch manifest readdirp@~3.6.0
2726 silly packumentCache full:https://registry.npmjs.org/readdirp cache-miss
2727 http fetch GET 200 https://registry.npmjs.org/ansi-styles 578ms (cache revalidated)
2728 silly packumentCache full:https://registry.npmjs.org/ansi-styles set size:63233 disposed:false
2729 silly fetch manifest glob-parent@~5.1.2
2730 silly packumentCache full:https://registry.npmjs.org/glob-parent cache-miss
2731 http fetch GET 200 https://registry.npmjs.org/proxy-agent 691ms (cache revalidated)
2732 silly packumentCache full:https://registry.npmjs.org/proxy-agent set size:78600 disposed:false
2733 silly fetch manifest is-binary-path@~2.1.0
2734 silly packumentCache full:https://registry.npmjs.org/is-binary-path cache-miss
2735 http fetch GET 200 https://registry.npmjs.org/supports-color 409ms (cache revalidated)
2736 silly packumentCache full:https://registry.npmjs.org/supports-color set size:118680 disposed:false
2737 silly fetch manifest normalize-path@~3.0.0
2738 silly packumentCache full:https://registry.npmjs.org/normalize-path cache-miss
2739 http fetch GET 200 https://registry.npmjs.org/is-glob 375ms (cache revalidated)
2740 silly packumentCache full:https://registry.npmjs.org/is-glob set size:40530 disposed:false
2741 silly fetch manifest fsevents@~2.3.2
2742 silly packumentCache full:https://registry.npmjs.org/fsevents cache-miss
2743 http fetch GET 200 https://registry.npmjs.org/glob-parent 576ms (cache revalidated)
2744 silly packumentCache full:https://registry.npmjs.org/glob-parent set size:42445 disposed:false
2745 silly fetch manifest ansi-colors@^4.1.1
2746 silly packumentCache full:https://registry.npmjs.org/ansi-colors cache-miss
2747 http fetch GET 200 https://registry.npmjs.org/is-binary-path 587ms (cache revalidated)
2748 silly packumentCache full:https://registry.npmjs.org/is-binary-path set size:13475 disposed:false
2749 silly fetch manifest argparse@^2.0.1
2750 silly packumentCache full:https://registry.npmjs.org/argparse cache-miss
2751 http fetch GET 200 https://registry.npmjs.org/braces 761ms (cache revalidated)
2752 silly packumentCache full:https://registry.npmjs.org/braces set size:114529 disposed:false
2753 silly fetch manifest debug@^3.2.6
2754 silly packumentCache full:https://registry.npmjs.org/debug cache-hit
2755 silly fetch manifest iconv-lite@^0.4.4
2756 silly packumentCache full:https://registry.npmjs.org/iconv-lite cache-hit
2757 silly fetch manifest amp@~0.3.1
2758 silly packumentCache full:https://registry.npmjs.org/amp cache-miss
2759 http fetch GET 200 https://registry.npmjs.org/anymatch 767ms (cache revalidated)
2760 silly packumentCache full:https://registry.npmjs.org/anymatch set size:42974 disposed:false
2761 silly fetch manifest amp-message@~0.1.1
2762 silly packumentCache full:https://registry.npmjs.org/amp-message cache-miss
2763 http fetch GET 200 https://registry.npmjs.org/readdirp 762ms (cache revalidated)
2764 silly packumentCache full:https://registry.npmjs.org/readdirp set size:107589 disposed:false
2765 silly fetch manifest escape-string-regexp@^4.0.0
2766 silly packumentCache full:https://registry.npmjs.org/escape-string-regexp cache-miss
2767 http fetch GET 200 https://registry.npmjs.org/normalize-path 546ms (cache revalidated)
2768 silly packumentCache full:https://registry.npmjs.org/normalize-path set size:28713 disposed:false
2769 silly fetch manifest run-series@^1.1.8
2770 silly packumentCache full:https://registry.npmjs.org/run-series cache-miss
2771 http fetch GET 200 https://registry.npmjs.org/fsevents 562ms (cache revalidated)
2772 silly packumentCache full:https://registry.npmjs.org/fsevents set size:182472 disposed:false
2773 silly fetch manifest tv4@^1.3.0
2774 silly packumentCache full:https://registry.npmjs.org/tv4 cache-miss
2775 http fetch GET 200 https://registry.npmjs.org/ansi-colors 626ms (cache revalidated)
2776 silly packumentCache full:https://registry.npmjs.org/ansi-colors set size:110876 disposed:false
2777 silly fetch manifest charm@~0.1.1
2778 silly packumentCache full:https://registry.npmjs.org/charm cache-miss
2779 http fetch GET 200 https://registry.npmjs.org/argparse 893ms (cache revalidated)
2780 silly packumentCache full:https://registry.npmjs.org/argparse set size:49266 disposed:false
2781 silly fetch manifest pidusage@^2.0.21
2782 silly packumentCache full:https://registry.npmjs.org/pidusage cache-hit
2783 silly fetch manifest systeminformation@^5.7
2784 silly packumentCache full:https://registry.npmjs.org/systeminformation cache-miss
2785 http fetch GET 200 https://registry.npmjs.org/tv4 645ms (cache revalidated)
2786 silly packumentCache full:https://registry.npmjs.org/tv4 set size:84466 disposed:false
2787 silly fetch manifest tx2@~1.0.4
2788 silly packumentCache full:https://registry.npmjs.org/tx2 cache-miss
2789 http fetch GET 200 https://registry.npmjs.org/run-series 714ms (cache revalidated)
2790 silly packumentCache full:https://registry.npmjs.org/run-series set size:35375 disposed:false
2791 silly fetch manifest read@^1.0.4
2792 silly packumentCache full:https://registry.npmjs.org/read cache-miss
2793 http fetch GET 200 https://registry.npmjs.org/amp-message 857ms (cache revalidated)
2794 silly packumentCache full:https://registry.npmjs.org/amp-message set size:6704 disposed:false
2795 silly fetch manifest git-node-fs@^1.0.0
2796 silly packumentCache full:https://registry.npmjs.org/git-node-fs cache-miss
2797 http fetch GET 200 https://registry.npmjs.org/escape-string-regexp 830ms (cache revalidated)
2798 silly packumentCache full:https://registry.npmjs.org/escape-string-regexp set size:22244 disposed:false
2799 silly fetch manifest ini@^1.3.5
2800 silly packumentCache full:https://registry.npmjs.org/ini cache-miss
2801 http fetch GET 200 https://registry.npmjs.org/amp 918ms (cache revalidated)
2802 silly packumentCache full:https://registry.npmjs.org/amp set size:6794 disposed:false
2803 silly fetch manifest js-git@^0.7.8
2804 silly packumentCache full:https://registry.npmjs.org/js-git cache-miss
2805 http fetch GET 200 https://registry.npmjs.org/charm 387ms (cache revalidated)
2806 silly packumentCache full:https://registry.npmjs.org/charm set size:27884 disposed:false
2807 http fetch GET 200 https://registry.npmjs.org/git-node-fs 558ms (cache revalidated)
2808 silly packumentCache full:https://registry.npmjs.org/git-node-fs set size:5780 disposed:false
2809 http fetch GET 200 https://registry.npmjs.org/read 581ms (cache revalidated)
2810 silly packumentCache full:https://registry.npmjs.org/read set size:44403 disposed:false
2811 http fetch GET 200 https://registry.npmjs.org/ini 565ms (cache revalidated)
2812 silly packumentCache full:https://registry.npmjs.org/ini set size:59180 disposed:false
2813 http fetch GET 200 https://registry.npmjs.org/js-git 552ms (cache revalidated)
2814 silly packumentCache full:https://registry.npmjs.org/js-git set size:47312 disposed:false
2815 http fetch GET 200 https://registry.npmjs.org/tx2 633ms (cache revalidated)
2816 silly packumentCache full:https://registry.npmjs.org/tx2 set size:7551 disposed:false
2817 http fetch GET 200 https://registry.npmjs.org/systeminformation 670ms (cache revalidated)
2818 silly packumentCache full:https://registry.npmjs.org/systeminformation set size:2314807 disposed:false
2819 silly placeDep node_modules/@pm2/agent dayjs@1.8.36 OK for: @pm2/agent@2.0.4 want: ~1.8.24
2820 silly placeDep node_modules/@pm2/agent debug@4.3.7 OK for: @pm2/agent@2.0.4 want: ~4.3.1
2821 silly placeDep ROOT fast-json-patch@3.1.1 OK for: @pm2/agent@2.0.4 want: ^3.0.0-1
2822 silly placeDep ROOT nssocket@0.6.0 OK for: @pm2/agent@2.0.4 want: 0.6.0
2823 silly placeDep ROOT proxy-agent@6.3.1 OK for: @pm2/agent@2.0.4 want: ~6.3.0
2824 silly placeDep node_modules/@pm2/agent semver@7.5.4 OK for: @pm2/agent@2.0.4 want: ~7.5.0
2825 silly placeDep node_modules/@pm2/agent ws@7.5.10 OK for: @pm2/agent@2.0.4 want: ~7.5.10
2826 silly fetch manifest eventemitter2@~0.4.14
2827 silly packumentCache full:https://registry.npmjs.org/eventemitter2 cache-hit
2828 silly fetch manifest lazy@~1.0.11
2829 silly packumentCache full:https://registry.npmjs.org/lazy cache-miss
2830 silly fetch manifest agent-base@^7.0.2
2831 silly packumentCache full:https://registry.npmjs.org/agent-base cache-hit
2832 silly fetch manifest proxy-from-env@^1.1.0
2833 silly packumentCache full:https://registry.npmjs.org/proxy-from-env cache-hit
2834 silly fetch manifest pac-proxy-agent@^7.0.1
2835 silly packumentCache full:https://registry.npmjs.org/pac-proxy-agent cache-miss
2836 silly fetch manifest http-proxy-agent@^7.0.0
2837 silly packumentCache full:https://registry.npmjs.org/http-proxy-agent cache-hit
2838 silly fetch manifest socks-proxy-agent@^8.0.2
2839 silly packumentCache full:https://registry.npmjs.org/socks-proxy-agent cache-miss
2840 silly fetch manifest lru-cache@^6.0.0
2841 silly packumentCache full:https://registry.npmjs.org/lru-cache cache-hit
2842 http fetch GET 200 https://registry.npmjs.org/socks-proxy-agent 558ms (cache revalidated)
2843 silly packumentCache full:https://registry.npmjs.org/socks-proxy-agent set size:104740 disposed:false
2844 http fetch GET 200 https://registry.npmjs.org/pac-proxy-agent 605ms (cache revalidated)
2845 silly packumentCache full:https://registry.npmjs.org/pac-proxy-agent set size:67079 disposed:false
2846 http fetch GET 200 https://registry.npmjs.org/lazy 634ms (cache revalidated)
2847 silly packumentCache full:https://registry.npmjs.org/lazy set size:10570 disposed:false
2848 silly placeDep node_modules/@pm2/io async@2.6.4 OK for: @pm2/io@6.0.1 want: ~2.6.1
2849 silly placeDep node_modules/@pm2/io debug@4.3.7 OK for: @pm2/io@6.0.1 want: ~4.3.1
2850 silly placeDep node_modules/@pm2/io eventemitter2@6.4.9 OK for: @pm2/io@6.0.1 want: ^6.3.1
2851 silly placeDep ROOT require-in-the-middle@5.2.0 OK for: @pm2/io@6.0.1 want: ^5.0.0
2852 silly placeDep node_modules/@pm2/io semver@7.5.4 OK for: @pm2/io@6.0.1 want: ~7.5.4
2853 silly placeDep ROOT shimmer@1.2.1 OK for: @pm2/io@6.0.1 want: ^1.2.0
2854 silly placeDep node_modules/@pm2/io tslib@1.9.3 OK for: @pm2/io@6.0.1 want: 1.9.3
2855 silly fetch manifest lodash@^4.17.14
2856 silly packumentCache full:https://registry.npmjs.org/lodash cache-hit
2857 silly fetch manifest debug@^4.1.1
2858 silly packumentCache full:https://registry.npmjs.org/debug cache-hit
2859 silly fetch manifest resolve@^1.22.1
2860 silly packumentCache full:https://registry.npmjs.org/resolve cache-miss
2861 silly fetch manifest module-details-from-path@^1.0.3
2862 silly packumentCache full:https://registry.npmjs.org/module-details-from-path cache-miss
2863 http fetch GET 200 https://registry.npmjs.org/resolve 102ms (cache revalidated)
2864 silly packumentCache full:https://registry.npmjs.org/resolve set size:244568 disposed:false
2865 http fetch GET 200 https://registry.npmjs.org/module-details-from-path 398ms (cache revalidated)
2866 silly packumentCache full:https://registry.npmjs.org/module-details-from-path set size:10793 disposed:false
2867 silly placeDep node_modules/@pm2/js-api async@2.6.4 OK for: @pm2/js-api@0.8.0 want: ^2.6.3
2868 silly placeDep node_modules/@pm2/js-api debug@4.3.7 OK for: @pm2/js-api@0.8.0 want: ~4.3.1
2869 silly placeDep node_modules/@pm2/js-api eventemitter2@6.4.9 OK for: @pm2/js-api@0.8.0 want: ^6.3.1
2870 silly placeDep ROOT extrareqp2@1.0.0 OK for: @pm2/js-api@0.8.0 want: ^1.0.0
2871 silly placeDep node_modules/@pm2/js-api ws@7.5.10 OK for: @pm2/js-api@0.8.0 want: ^7.0.0
2872 silly placeDep node_modules/@pm2/pm2-version-check debug@4.4.3 OK for: @pm2/pm2-version-check@1.0.4 want: ^4.3.1
2873 silly placeDep ROOT ansi-styles@4.3.0 OK for: chalk@3.0.0 want: ^4.1.0
2874 silly placeDep ROOT supports-color@7.2.0 OK for: chalk@3.0.0 want: ^7.1.0
2875 silly fetch manifest color-convert@^2.0.1
2876 silly packumentCache full:https://registry.npmjs.org/color-convert cache-miss
2877 silly fetch manifest has-flag@^4.0.0
2878 silly packumentCache full:https://registry.npmjs.org/has-flag cache-miss
2879 http fetch GET 200 https://registry.npmjs.org/color-convert 461ms (cache revalidated)
2880 silly packumentCache full:https://registry.npmjs.org/color-convert set size:72663 disposed:false
2881 http fetch GET 200 https://registry.npmjs.org/has-flag 484ms (cache revalidated)
2882 silly packumentCache full:https://registry.npmjs.org/has-flag set size:15180 disposed:false
2883 silly placeDep ROOT color-convert@2.0.1 OK for: ansi-styles@4.3.0 want: ^2.0.1
2884 silly fetch manifest color-name@~1.1.4
2885 silly packumentCache full:https://registry.npmjs.org/color-name cache-miss
2886 http fetch GET 200 https://registry.npmjs.org/color-name 557ms (cache revalidated)
2887 silly packumentCache full:https://registry.npmjs.org/color-name set size:19467 disposed:false
2888 silly placeDep ROOT anymatch@3.1.3 OK for: chokidar@3.6.0 want: ~3.1.2
2889 silly placeDep ROOT braces@3.0.3 OK for: chokidar@3.6.0 want: ~3.0.2
2890 silly placeDep ROOT fsevents@2.3.3 OK for: chokidar@3.6.0 want: ~2.3.2
2891 silly placeDep ROOT glob-parent@5.1.2 OK for: chokidar@3.6.0 want: ~5.1.2
2892 silly placeDep ROOT is-binary-path@2.1.0 OK for: chokidar@3.6.0 want: ~2.1.0
2893 silly placeDep ROOT is-glob@4.0.3 OK for: chokidar@3.6.0 want: ~4.0.1
2894 silly placeDep ROOT normalize-path@3.0.0 OK for: chokidar@3.6.0 want: ~3.0.0
2895 silly placeDep ROOT readdirp@3.6.0 OK for: chokidar@3.6.0 want: ~3.6.0
2896 silly fetch manifest picomatch@^2.0.4
2897 silly packumentCache full:https://registry.npmjs.org/picomatch cache-miss
2898 silly fetch manifest normalize-path@^3.0.0
2899 silly packumentCache full:https://registry.npmjs.org/normalize-path cache-hit
2900 silly fetch manifest fill-range@^7.1.1
2901 silly packumentCache full:https://registry.npmjs.org/fill-range cache-miss
2902 silly fetch manifest is-glob@^4.0.1
2903 silly packumentCache full:https://registry.npmjs.org/is-glob cache-hit
2904 silly fetch manifest binary-extensions@^2.0.0
2905 silly packumentCache full:https://registry.npmjs.org/binary-extensions cache-miss
2906 silly fetch manifest is-extglob@^2.1.1
2907 silly packumentCache full:https://registry.npmjs.org/is-extglob cache-miss
2908 silly fetch manifest picomatch@^2.2.1
2909 silly packumentCache full:https://registry.npmjs.org/picomatch cache-miss
2910 http fetch GET 200 https://registry.npmjs.org/picomatch 102ms (cache revalidated)
2911 silly packumentCache full:https://registry.npmjs.org/picomatch set size:126376 disposed:false
2912 http fetch GET 200 https://registry.npmjs.org/picomatch 158ms (cache revalidated)
2913 silly packumentCache full:https://registry.npmjs.org/picomatch set size:126376 disposed:false
2914 silly packumentCache full:https://registry.npmjs.org/picomatch dispose
2915 http fetch GET 200 https://registry.npmjs.org/fill-range 434ms (cache revalidated)
2916 silly packumentCache full:https://registry.npmjs.org/fill-range set size:90212 disposed:false
2917 http fetch GET 200 https://registry.npmjs.org/is-extglob 465ms (cache revalidated)
2918 silly packumentCache full:https://registry.npmjs.org/is-extglob set size:11766 disposed:false
2919 http fetch GET 200 https://registry.npmjs.org/binary-extensions 481ms (cache revalidated)
2920 silly packumentCache full:https://registry.npmjs.org/binary-extensions set size:51551 disposed:false
2921 silly placeDep ROOT picomatch@2.3.2 OK for: anymatch@3.1.3 want: ^2.0.4
2922 silly placeDep ROOT fill-range@7.1.1 OK for: braces@3.0.3 want: ^7.1.1
2923 silly fetch manifest to-regex-range@^5.0.1
2924 silly packumentCache full:https://registry.npmjs.org/to-regex-range cache-miss
2925 http fetch GET 200 https://registry.npmjs.org/to-regex-range 277ms (cache revalidated)
2926 silly packumentCache full:https://registry.npmjs.org/to-regex-range set size:61569 disposed:false
2927 silly placeDep ROOT color-name@1.1.4 OK for: color-convert@2.0.1 want: ~1.1.4
2928 silly placeDep ROOT ansi-colors@4.1.3 OK for: enquirer@2.3.6 want: ^4.1.1
2929 silly placeDep ROOT to-regex-range@5.0.1 OK for: fill-range@7.1.1 want: ^5.0.1
2930 silly fetch manifest is-number@^7.0.0
2931 silly packumentCache full:https://registry.npmjs.org/is-number cache-miss
2932 http fetch GET 200 https://registry.npmjs.org/is-number 384ms (cache revalidated)
2933 silly packumentCache full:https://registry.npmjs.org/is-number set size:36183 disposed:false
2934 silly placeDep ROOT binary-extensions@2.3.0 OK for: is-binary-path@2.1.0 want: ^2.0.0
2935 silly placeDep ROOT is-extglob@2.1.1 OK for: is-glob@4.0.3 want: ^2.1.1
2936 silly placeDep ROOT argparse@2.0.1 OK for: js-yaml@4.1.1 want: ^2.0.1
2937 silly placeDep node_modules/needle debug@3.2.7 OK for: needle@2.4.0 want: ^3.2.6
2938 silly placeDep node_modules/needle iconv-lite@0.4.24 OK for: needle@2.4.0 want: ^0.4.4
2939 silly fetch manifest ms@^2.1.1
2940 silly packumentCache full:https://registry.npmjs.org/ms cache-hit
2941 silly placeDep node_modules/nssocket eventemitter2@0.4.14 OK for: nssocket@0.6.0 want: ~0.4.14
2942 silly placeDep ROOT lazy@1.0.11 OK for: nssocket@0.6.0 want: ~1.0.11
2943 silly placeDep ROOT amp@0.3.1 OK for: pm2-axon@4.0.1 want: ~0.3.1
2944 silly placeDep ROOT amp-message@0.1.2 OK for: pm2-axon@4.0.1 want: ~0.1.1
2945 silly placeDep node_modules/pm2-axon debug@4.4.3 OK for: pm2-axon@4.0.1 want: ^4.3.1
2946 silly placeDep ROOT escape-string-regexp@4.0.0 OK for: pm2-axon@4.0.1 want: ^4.0.0
2947 silly placeDep node_modules/pm2-axon-rpc debug@4.4.3 OK for: pm2-axon-rpc@0.7.1 want: ^4.3.1
2948 silly placeDep ROOT run-series@1.1.9 OK for: pm2-deploy@1.0.2 want: ^1.1.8
2949 silly placeDep ROOT tv4@1.3.0 OK for: pm2-deploy@1.0.2 want: ^1.3.0
2950 silly placeDep ROOT charm@0.1.2 OK for: pm2-multimeter@0.1.2 want: ~0.1.1
2951 silly placeDep node_modules/pm2-sysmonit debug@4.4.3 OK for: pm2-sysmonit@1.2.8 want: ^4.3.1
2952 silly placeDep node_modules/pm2-sysmonit pidusage@2.0.21 OK for: pm2-sysmonit@1.2.8 want: ^2.0.21
2953 silly placeDep ROOT systeminformation@5.31.6 OK for: pm2-sysmonit@1.2.8 want: ^5.7
2954 silly placeDep ROOT tx2@1.0.5 OK for: pm2-sysmonit@1.2.8 want: ~1.0.4
2955 silly fetch manifest json-stringify-safe@^5.0.1
2956 silly packumentCache full:https://registry.npmjs.org/json-stringify-safe cache-miss
2957 http fetch GET 200 https://registry.npmjs.org/json-stringify-safe 511ms (cache revalidated)
2958 silly packumentCache full:https://registry.npmjs.org/json-stringify-safe set size:8806 disposed:false
2959 silly placeDep ROOT read@1.0.7 OK for: promptly@2.2.0 want: ^1.0.4
2960 silly fetch manifest mute-stream@~0.0.4
2961 silly packumentCache full:https://registry.npmjs.org/mute-stream cache-miss
2962 http fetch GET 200 https://registry.npmjs.org/mute-stream 593ms (cache revalidated)
2963 silly packumentCache full:https://registry.npmjs.org/mute-stream set size:24469 disposed:false
2964 silly placeDep ROOT @protobufjs/aspromise@1.1.2 OK for: protobufjs@7.6.0 want: ^1.1.2
2965 silly placeDep ROOT @protobufjs/base64@1.1.2 OK for: protobufjs@7.6.0 want: ^1.1.2
2966 silly placeDep ROOT @protobufjs/codegen@2.0.5 OK for: protobufjs@7.6.0 want: ^2.0.5
2967 silly placeDep ROOT @protobufjs/eventemitter@1.1.0 OK for: protobufjs@7.6.0 want: ^1.1.0
2968 silly placeDep ROOT @protobufjs/fetch@1.1.1 OK for: protobufjs@7.6.0 want: ^1.1.1
2969 silly placeDep ROOT @protobufjs/float@1.0.2 OK for: protobufjs@7.6.0 want: ^1.0.2
2970 silly placeDep ROOT @protobufjs/inquire@1.1.2 OK for: protobufjs@7.6.0 want: ^1.1.2
2971 silly placeDep ROOT @protobufjs/path@1.1.2 OK for: protobufjs@7.6.0 want: ^1.1.2
2972 silly placeDep ROOT @protobufjs/pool@1.1.0 OK for: protobufjs@7.6.0 want: ^1.1.0
2973 silly placeDep ROOT @protobufjs/utf8@1.1.1 OK for: protobufjs@7.6.0 want: ^1.1.1
2974 silly placeDep ROOT long@5.3.2 OK for: protobufjs@7.6.0 want: ^5.3.2
2975 silly placeDep ROOT forwarded@0.2.0 OK for: proxy-addr@2.0.7 want: 0.2.0
2976 silly placeDep ROOT ipaddr.js@1.9.1 OK for: proxy-addr@2.0.7 want: 1.9.1
2977 silly placeDep node_modules/proxy-agent agent-base@7.1.4 OK for: proxy-agent@6.3.1 want: ^7.0.2
2978 silly placeDep node_modules/proxy-agent debug@4.4.3 OK for: proxy-agent@6.3.1 want: ^4.3.4
2979 silly placeDep node_modules/proxy-agent http-proxy-agent@7.0.2 OK for: proxy-agent@6.3.1 want: ^7.0.0
2980 silly placeDep ROOT pac-proxy-agent@7.2.0 OK for: proxy-agent@6.3.1 want: ^7.0.1
2981 silly placeDep ROOT proxy-from-env@1.1.0 OK for: proxy-agent@6.3.1 want: ^1.1.0
2982 silly placeDep ROOT socks-proxy-agent@8.0.5 OK for: proxy-agent@6.3.1 want: ^8.0.2
2983 silly fetch manifest get-uri@^6.0.1
2984 silly packumentCache full:https://registry.npmjs.org/get-uri cache-miss
2985 silly fetch manifest pac-resolver@^7.0.1
2986 silly packumentCache full:https://registry.npmjs.org/pac-resolver cache-miss
2987 silly fetch manifest socks-proxy-agent@^8.0.5
2988 silly packumentCache full:https://registry.npmjs.org/socks-proxy-agent cache-hit
2989 silly fetch manifest @tootallnate/quickjs-emscripten@^0.23.0
2990 silly packumentCache full:https://registry.npmjs.org/@tootallnate%2fquickjs-emscripten cache-miss
2991 http fetch GET 200 https://registry.npmjs.org/pac-resolver 606ms (cache revalidated)
2992 silly packumentCache full:https://registry.npmjs.org/pac-resolver set size:61269 disposed:false
2993 http fetch GET 200 https://registry.npmjs.org/get-uri 634ms (cache revalidated)
2994 silly packumentCache full:https://registry.npmjs.org/get-uri set size:62423 disposed:false
2995 http fetch GET 200 https://registry.npmjs.org/@tootallnate%2fquickjs-emscripten 1547ms (cache revalidated)
2996 silly packumentCache full:https://registry.npmjs.org/@tootallnate%2fquickjs-emscripten set size:27622 disposed:false
2997 silly placeDep ROOT @tootallnate/quickjs-emscripten@0.23.0 OK for: pac-proxy-agent@7.2.0 want: ^0.23.0
2998 silly placeDep node_modules/pac-proxy-agent agent-base@7.1.4 OK for: pac-proxy-agent@7.2.0 want: ^7.1.2
2999 silly placeDep node_modules/pac-proxy-agent debug@4.4.3 OK for: pac-proxy-agent@7.2.0 want: ^4.3.4
3000 silly placeDep ROOT get-uri@6.0.5 OK for: pac-proxy-agent@7.2.0 want: ^6.0.1
3001 silly placeDep node_modules/pac-proxy-agent http-proxy-agent@7.0.2 OK for: pac-proxy-agent@7.2.0 want: ^7.0.0
3002 silly placeDep ROOT pac-resolver@7.0.1 OK for: pac-proxy-agent@7.2.0 want: ^7.0.1
3003 silly fetch manifest basic-ftp@^5.0.2
3004 silly packumentCache full:https://registry.npmjs.org/basic-ftp cache-miss
3005 silly fetch manifest data-uri-to-buffer@^6.0.2
3006 silly packumentCache full:https://registry.npmjs.org/data-uri-to-buffer cache-miss
3007 silly fetch manifest netmask@^2.0.2
3008 silly packumentCache full:https://registry.npmjs.org/netmask cache-miss
3009 silly fetch manifest degenerator@^5.0.0
3010 silly packumentCache full:https://registry.npmjs.org/degenerator cache-miss
3011 http fetch GET 200 https://registry.npmjs.org/netmask 376ms (cache revalidated)
3012 silly packumentCache full:https://registry.npmjs.org/netmask set size:25703 disposed:false
3013 http fetch GET 200 https://registry.npmjs.org/degenerator 427ms (cache revalidated)
3014 silly packumentCache full:https://registry.npmjs.org/degenerator set size:77133 disposed:false
3015 http fetch GET 200 https://registry.npmjs.org/basic-ftp 451ms (cache revalidated)
3016 silly packumentCache full:https://registry.npmjs.org/basic-ftp set size:297552 disposed:false
3017 http fetch GET 200 https://registry.npmjs.org/data-uri-to-buffer 483ms (cache revalidated)
3018 silly packumentCache full:https://registry.npmjs.org/data-uri-to-buffer set size:48018 disposed:false
3019 silly placeDep ROOT basic-ftp@5.3.1 OK for: get-uri@6.0.5 want: ^5.0.2
3020 silly placeDep ROOT data-uri-to-buffer@6.0.2 OK for: get-uri@6.0.5 want: ^6.0.2
3021 silly placeDep node_modules/get-uri debug@4.4.3 OK for: get-uri@6.0.5 want: ^4.3.4
3022 silly placeDep ROOT degenerator@5.0.1 OK for: pac-resolver@7.0.1 want: ^5.0.0
3023 silly placeDep ROOT netmask@2.1.1 OK for: pac-resolver@7.0.1 want: ^2.0.2
3024 silly fetch manifest ast-types@^0.13.4
3025 silly packumentCache full:https://registry.npmjs.org/ast-types cache-miss
3026 http fetch GET 200 https://registry.npmjs.org/ast-types 372ms (cache revalidated)
3027 silly packumentCache full:https://registry.npmjs.org/ast-types set size:443020 disposed:false
3028 silly placeDep ROOT ast-types@0.13.4 OK for: degenerator@5.0.1 want: ^0.13.4
3029 silly fetch manifest proxy-agent@>=8.0.1
3030 silly packumentCache full:https://registry.npmjs.org/proxy-agent cache-hit
3031 silly fetch manifest typescript@>=4.9.5
3032 silly packumentCache full:https://registry.npmjs.org/typescript cache-miss
3033 http fetch GET 200 https://registry.npmjs.org/typescript 251ms (cache revalidated)
3034 silly packumentCache full:https://registry.npmjs.org/typescript set size:15409943 disposed:false
3035 silly placeDep node_modules/puppeteer @puppeteer/browsers@3.0.3 OK for: puppeteer@25.0.4 want: 3.0.3
3036 silly placeDep node_modules/puppeteer proxy-agent@8.0.1 OK for: @puppeteer/browsers@3.0.3 want: >=8.0.1
3037 silly placeDep ROOT chromium-bidi@16.0.1 OK for: puppeteer@25.0.4 want: 16.0.1
3038 silly placeDep ROOT devtools-protocol@0.0.1608973 OK for: chromium-bidi@16.0.1 want: *
3039 silly placeDep ROOT cosmiconfig@9.0.1 OK for: puppeteer@25.0.4 want: ^9.0.0
3040 silly placeDep ROOT puppeteer-core@25.0.4 OK for: puppeteer@25.0.4 want: 25.0.4
3041 silly placeDep ROOT typed-query-selector@2.12.2 OK for: puppeteer@25.0.4 want: ^2.12.2
3042 silly fetch manifest debug@^4.4.3
3043 silly packumentCache full:https://registry.npmjs.org/debug cache-hit
3044 silly fetch manifest progress@^2.0.3
3045 silly packumentCache full:https://registry.npmjs.org/progress cache-miss
3046 silly fetch manifest tar-fs@^3.1.1
3047 silly packumentCache full:https://registry.npmjs.org/tar-fs cache-miss
3048 silly fetch manifest yargs@^17.7.2
3049 silly packumentCache full:https://registry.npmjs.org/yargs cache-hit
3050 silly fetch manifest proxy-from-env@^2.0.0
3051 silly packumentCache full:https://registry.npmjs.org/proxy-from-env cache-hit
3052 silly fetch manifest http-proxy-agent@9.0.0
3053 silly packumentCache full:https://registry.npmjs.org/http-proxy-agent cache-hit
3054 silly fetch manifest https-proxy-agent@9.0.0
3055 silly packumentCache full:https://registry.npmjs.org/https-proxy-agent cache-hit
3056 silly fetch manifest pac-proxy-agent@9.0.1
3057 silly packumentCache full:https://registry.npmjs.org/pac-proxy-agent cache-hit
3058 silly fetch manifest socks-proxy-agent@10.0.0
3059 silly packumentCache full:https://registry.npmjs.org/socks-proxy-agent cache-hit
3060 silly fetch manifest mitt@^3.0.1
3061 silly packumentCache full:https://registry.npmjs.org/mitt cache-miss
3062 silly fetch manifest zod@^3.24.1
3063 silly packumentCache full:https://registry.npmjs.org/zod cache-miss
3064 silly fetch manifest env-paths@^2.2.1
3065 silly packumentCache full:https://registry.npmjs.org/env-paths cache-miss
3066 silly fetch manifest import-fresh@^3.3.0
3067 silly packumentCache full:https://registry.npmjs.org/import-fresh cache-miss
3068 silly fetch manifest parse-json@^5.2.0
3069 silly packumentCache full:https://registry.npmjs.org/parse-json cache-miss
3070 http fetch GET 200 https://registry.npmjs.org/import-fresh 567ms (cache revalidated)
3071 silly packumentCache full:https://registry.npmjs.org/import-fresh set size:24604 disposed:false
3072 silly fetch manifest webdriver-bidi-protocol@0.4.1
3073 silly packumentCache full:https://registry.npmjs.org/webdriver-bidi-protocol cache-miss
3074 http fetch GET 200 https://registry.npmjs.org/progress 849ms (cache revalidated)
3075 silly packumentCache full:https://registry.npmjs.org/progress set size:34179 disposed:false
3076 http fetch GET 200 https://registry.npmjs.org/mitt 841ms (cache revalidated)
3077 silly packumentCache full:https://registry.npmjs.org/mitt set size:61451 disposed:false
3078 http fetch GET 200 https://registry.npmjs.org/zod 884ms (cache revalidated)
3079 silly packumentCache full:https://registry.npmjs.org/zod set size:3552562 disposed:false
3080 http fetch GET 200 https://registry.npmjs.org/tar-fs 1396ms (cache revalidated)
3081 silly packumentCache full:https://registry.npmjs.org/tar-fs set size:122750 disposed:false
3082 http fetch GET 200 https://registry.npmjs.org/env-paths 1371ms (cache revalidated)
3083 silly packumentCache full:https://registry.npmjs.org/env-paths set size:26913 disposed:false
3084 http fetch GET 200 https://registry.npmjs.org/parse-json 1373ms (cache revalidated)
3085 silly packumentCache full:https://registry.npmjs.org/parse-json set size:48198 disposed:false
3086 http fetch GET 200 https://registry.npmjs.org/webdriver-bidi-protocol 1205ms (cache revalidated)
3087 silly packumentCache full:https://registry.npmjs.org/webdriver-bidi-protocol set size:85373 disposed:false
3088 silly placeDep ROOT mitt@3.0.1 OK for: chromium-bidi@16.0.1 want: ^3.0.1
3089 silly placeDep ROOT zod@3.25.76 OK for: chromium-bidi@16.0.1 want: ^3.24.1
3090 silly placeDep ROOT env-paths@2.2.1 OK for: cosmiconfig@9.0.1 want: ^2.2.1
3091 silly placeDep ROOT import-fresh@3.3.1 OK for: cosmiconfig@9.0.1 want: ^3.3.0
3092 silly placeDep ROOT parse-json@5.2.0 OK for: cosmiconfig@9.0.1 want: ^5.2.0
3093 silly fetch manifest resolve-from@^4.0.0
3094 silly packumentCache full:https://registry.npmjs.org/resolve-from cache-miss
3095 silly fetch manifest parent-module@^1.0.0
3096 silly packumentCache full:https://registry.npmjs.org/parent-module cache-miss
3097 silly fetch manifest error-ex@^1.3.1
3098 silly packumentCache full:https://registry.npmjs.org/error-ex cache-miss
3099 silly fetch manifest @babel/code-frame@^7.0.0
3100 silly packumentCache full:https://registry.npmjs.org/@babel%2fcode-frame cache-miss
3101 silly fetch manifest lines-and-columns@^1.1.6
3102 silly packumentCache full:https://registry.npmjs.org/lines-and-columns cache-miss
3103 silly fetch manifest json-parse-even-better-errors@^2.3.0
3104 silly packumentCache full:https://registry.npmjs.org/json-parse-even-better-errors cache-miss
3105 http fetch GET 200 https://registry.npmjs.org/@babel%2fcode-frame 326ms (cache revalidated)
3106 silly packumentCache full:https://registry.npmjs.org/@babel%2fcode-frame set size:200237 disposed:false
3107 http fetch GET 200 https://registry.npmjs.org/json-parse-even-better-errors 631ms (cache revalidated)
3108 silly packumentCache full:https://registry.npmjs.org/json-parse-even-better-errors set size:37274 disposed:false
3109 http fetch GET 200 https://registry.npmjs.org/error-ex 654ms (cache revalidated)
3110 silly packumentCache full:https://registry.npmjs.org/error-ex set size:31684 disposed:false
3111 http fetch GET 200 https://registry.npmjs.org/lines-and-columns 660ms (cache revalidated)
3112 silly packumentCache full:https://registry.npmjs.org/lines-and-columns set size:73796 disposed:false
3113 http fetch GET 200 https://registry.npmjs.org/parent-module 698ms (cache revalidated)
3114 silly packumentCache full:https://registry.npmjs.org/parent-module set size:18255 disposed:false
3115 http fetch GET 200 https://registry.npmjs.org/resolve-from 714ms (cache revalidated)
3116 silly packumentCache full:https://registry.npmjs.org/resolve-from set size:12911 disposed:false
3117 silly placeDep ROOT parent-module@1.0.1 OK for: import-fresh@3.3.1 want: ^1.0.0
3118 silly placeDep ROOT resolve-from@4.0.0 OK for: import-fresh@3.3.1 want: ^4.0.0
3119 silly fetch manifest callsites@^3.0.0
3120 silly packumentCache full:https://registry.npmjs.org/callsites cache-miss
3121 http fetch GET 200 https://registry.npmjs.org/callsites 69ms (cache revalidated)
3122 silly packumentCache full:https://registry.npmjs.org/callsites set size:21349 disposed:false
3123 silly placeDep ROOT callsites@3.1.0 OK for: parent-module@1.0.1 want: ^3.0.0
3124 silly placeDep ROOT @babel/code-frame@7.29.0 OK for: parse-json@5.2.0 want: ^7.0.0
3125 silly placeDep ROOT error-ex@1.3.4 OK for: parse-json@5.2.0 want: ^1.3.1
3126 silly placeDep ROOT json-parse-even-better-errors@2.3.1 OK for: parse-json@5.2.0 want: ^2.3.0
3127 silly placeDep ROOT lines-and-columns@1.2.4 OK for: parse-json@5.2.0 want: ^1.1.6
3128 silly fetch manifest js-tokens@^4.0.0
3129 silly packumentCache full:https://registry.npmjs.org/js-tokens cache-miss
3130 silly fetch manifest picocolors@^1.1.1
3131 silly packumentCache full:https://registry.npmjs.org/picocolors cache-miss
3132 silly fetch manifest @babel/helper-validator-identifier@^7.28.5
3133 silly packumentCache full:https://registry.npmjs.org/@babel%2fhelper-validator-identifier cache-miss
3134 silly fetch manifest is-arrayish@^0.2.1
3135 silly packumentCache full:https://registry.npmjs.org/is-arrayish cache-miss
3136 http fetch GET 200 https://registry.npmjs.org/js-tokens 306ms (cache revalidated)
3137 silly packumentCache full:https://registry.npmjs.org/js-tokens set size:41947 disposed:false
3138 http fetch GET 200 https://registry.npmjs.org/picocolors 362ms (cache revalidated)
3139 silly packumentCache full:https://registry.npmjs.org/picocolors set size:16648 disposed:false
3140 http fetch GET 200 https://registry.npmjs.org/is-arrayish 395ms (cache revalidated)
3141 silly packumentCache full:https://registry.npmjs.org/is-arrayish set size:15371 disposed:false
3142 http fetch GET 200 https://registry.npmjs.org/@babel%2fhelper-validator-identifier 976ms (cache revalidated)
3143 silly packumentCache full:https://registry.npmjs.org/@babel%2fhelper-validator-identifier set size:119950 disposed:false
3144 silly placeDep ROOT @babel/helper-validator-identifier@7.28.5 OK for: @babel/code-frame@7.29.0 want: ^7.28.5
3145 silly placeDep ROOT js-tokens@4.0.0 OK for: @babel/code-frame@7.29.0 want: ^4.0.0
3146 silly placeDep ROOT picocolors@1.1.1 OK for: @babel/code-frame@7.29.0 want: ^1.1.1
3147 silly placeDep ROOT is-arrayish@0.2.1 OK for: error-ex@1.3.4 want: ^0.2.1
3148 silly placeDep node_modules/puppeteer-core @puppeteer/browsers@3.0.3 OK for: puppeteer-core@25.0.4 want: 3.0.3
3149 silly placeDep node_modules/puppeteer-core proxy-agent@8.0.1 OK for: @puppeteer/browsers@3.0.3 want: >=8.0.1
3150 silly placeDep node_modules/puppeteer-core debug@4.4.3 OK for: puppeteer-core@25.0.4 want: ^4.4.3
3151 silly placeDep ROOT webdriver-bidi-protocol@0.4.1 OK for: puppeteer-core@25.0.4 want: 0.4.1
3152 silly placeDep ROOT @thi.ng/bitstream@2.4.51 OK for: qoa-format@1.0.1 want: ^2.2.12
3153 silly fetch manifest @thi.ng/errors@^2.6.13
3154 silly packumentCache full:https://registry.npmjs.org/@thi.ng%2ferrors cache-miss
3155 http fetch GET 200 https://registry.npmjs.org/@thi.ng%2ferrors 1038ms (cache revalidated)
3156 silly packumentCache full:https://registry.npmjs.org/@thi.ng%2ferrors set size:736851 disposed:false
3157 silly placeDep ROOT @thi.ng/errors@2.6.13 OK for: @thi.ng/bitstream@2.4.51 want: ^2.6.13
3158 silly placeDep ROOT dijkstrajs@1.0.3 OK for: qrcode@1.5.4 want: ^1.0.1
3159 silly placeDep node_modules/qrcode pngjs@5.0.0 OK for: qrcode@1.5.4 want: ^5.0.0
3160 silly placeDep ROOT yargs@15.4.1 OK for: qrcode@1.5.4 want: ^15.3.1
3161 silly fetch manifest y18n@^4.0.0
3162 silly packumentCache full:https://registry.npmjs.org/y18n cache-miss
3163 silly fetch manifest cliui@^6.0.0
3164 silly packumentCache full:https://registry.npmjs.org/cliui cache-miss
3165 silly fetch manifest find-up@^4.1.0
3166 silly packumentCache full:https://registry.npmjs.org/find-up cache-miss
3167 silly fetch manifest decamelize@^1.2.0
3168 silly packumentCache full:https://registry.npmjs.org/decamelize cache-miss
3169 silly fetch manifest which-module@^2.0.0
3170 silly packumentCache full:https://registry.npmjs.org/which-module cache-miss
3171 silly fetch manifest yargs-parser@^18.1.2
3172 silly packumentCache full:https://registry.npmjs.org/yargs-parser cache-miss
3173 silly fetch manifest get-caller-file@^2.0.1
3174 silly packumentCache full:https://registry.npmjs.org/get-caller-file cache-miss
3175 http fetch GET 200 https://registry.npmjs.org/find-up 123ms (cache revalidated)
3176 silly packumentCache full:https://registry.npmjs.org/find-up set size:42620 disposed:false
3177 silly fetch manifest require-directory@^2.1.1
3178 silly packumentCache full:https://registry.npmjs.org/require-directory cache-miss
3179 http fetch GET 200 https://registry.npmjs.org/y18n 435ms (cache revalidated)
3180 silly packumentCache full:https://registry.npmjs.org/y18n set size:76155 disposed:false
3181 silly fetch manifest require-main-filename@^2.0.0
3182 silly packumentCache full:https://registry.npmjs.org/require-main-filename cache-miss
3183 http fetch GET 200 https://registry.npmjs.org/cliui 457ms (cache revalidated)
3184 silly packumentCache full:https://registry.npmjs.org/cliui set size:69089 disposed:false
3185 http fetch GET 200 https://registry.npmjs.org/which-module 507ms (cache revalidated)
3186 silly packumentCache full:https://registry.npmjs.org/which-module set size:13898 disposed:false
3187 http fetch GET 200 https://registry.npmjs.org/decamelize 520ms (cache revalidated)
3188 silly packumentCache full:https://registry.npmjs.org/decamelize set size:34500 disposed:false
3189 http fetch GET 200 https://registry.npmjs.org/get-caller-file 521ms (cache revalidated)
3190 silly packumentCache full:https://registry.npmjs.org/get-caller-file set size:26456 disposed:false
3191 http fetch GET 200 https://registry.npmjs.org/yargs-parser 538ms (cache revalidated)
3192 silly packumentCache full:https://registry.npmjs.org/yargs-parser set size:238630 disposed:false
3193 http fetch GET 200 https://registry.npmjs.org/require-directory 467ms (cache revalidated)
3194 silly packumentCache full:https://registry.npmjs.org/require-directory set size:26866 disposed:false
3195 http fetch GET 200 https://registry.npmjs.org/require-main-filename 650ms (cache revalidated)
3196 silly packumentCache full:https://registry.npmjs.org/require-main-filename set size:7471 disposed:false
3197 silly placeDep ROOT side-channel@1.1.0 OK for: qs@6.15.2 want: ^1.1.0
3198 silly fetch manifest object-inspect@^1.13.3
3199 silly packumentCache full:https://registry.npmjs.org/object-inspect cache-miss
3200 silly fetch manifest side-channel-list@^1.0.0
3201 silly packumentCache full:https://registry.npmjs.org/side-channel-list cache-miss
3202 silly fetch manifest side-channel-map@^1.0.1
3203 silly packumentCache full:https://registry.npmjs.org/side-channel-map cache-miss
3204 silly fetch manifest side-channel-weakmap@^1.0.2
3205 silly packumentCache full:https://registry.npmjs.org/side-channel-weakmap cache-miss
3206 http fetch GET 200 https://registry.npmjs.org/object-inspect 106ms (cache revalidated)
3207 silly packumentCache full:https://registry.npmjs.org/object-inspect set size:101912 disposed:false
3208 http fetch GET 200 https://registry.npmjs.org/side-channel-list 604ms (cache revalidated)
3209 silly packumentCache full:https://registry.npmjs.org/side-channel-list set size:9021 disposed:false
3210 http fetch GET 200 https://registry.npmjs.org/side-channel-weakmap 605ms (cache revalidated)
3211 silly packumentCache full:https://registry.npmjs.org/side-channel-weakmap set size:12620 disposed:false
3212 http fetch GET 200 https://registry.npmjs.org/side-channel-map 618ms (cache revalidated)
3213 silly packumentCache full:https://registry.npmjs.org/side-channel-map set size:9126 disposed:false
3214 silly placeDep node_modules/raw-body iconv-lite@0.4.24 OK for: raw-body@2.5.3 want: ~0.4.24
3215 silly placeDep ROOT mute-stream@0.0.8 OK for: read@1.0.7 want: ~0.0.4
3216 silly placeDep ROOT core-util-is@1.0.3 OK for: readable-stream@2.3.8 want: ~1.0.0
3217 silly placeDep ROOT isarray@1.0.0 OK for: readable-stream@2.3.8 want: ~1.0.0
3218 silly placeDep ROOT process-nextick-args@2.0.1 OK for: readable-stream@2.3.8 want: ~2.0.0
3219 silly placeDep node_modules/readable-stream safe-buffer@5.1.2 OK for: readable-stream@2.3.8 want: ~5.1.1
3220 silly placeDep ROOT string_decoder@1.1.1 OK for: readable-stream@2.3.8 want: ~1.1.1
3221 silly placeDep ROOT util-deprecate@1.0.2 OK for: readable-stream@2.3.8 want: ~1.0.1
3222 silly fetch manifest safe-buffer@~5.1.0
3223 silly packumentCache full:https://registry.npmjs.org/safe-buffer cache-hit
3224 silly placeDep node_modules/readable-web-to-node-stream readable-stream@4.7.0 OK for: readable-web-to-node-stream@3.0.4 want: ^4.7.0
3225 silly fetch manifest abort-controller@^3.0.0
3226 silly packumentCache full:https://registry.npmjs.org/abort-controller cache-miss
3227 silly fetch manifest buffer@^6.0.3
3228 silly packumentCache full:https://registry.npmjs.org/buffer cache-hit
3229 silly fetch manifest events@^3.3.0
3230 silly packumentCache full:https://registry.npmjs.org/events cache-miss
3231 silly fetch manifest string_decoder@^1.3.0
3232 silly packumentCache full:https://registry.npmjs.org/string_decoder cache-hit
3233 http fetch GET 200 https://registry.npmjs.org/abort-controller 403ms (cache revalidated)
3234 silly packumentCache full:https://registry.npmjs.org/abort-controller set size:47272 disposed:false
3235 http fetch GET 200 https://registry.npmjs.org/events 418ms (cache revalidated)
3236 silly packumentCache full:https://registry.npmjs.org/events set size:35240 disposed:false
3237 silly placeDep node_modules/require-in-the-middle debug@4.4.3 OK for: require-in-the-middle@5.2.0 want: ^4.1.1
3238 silly placeDep ROOT module-details-from-path@1.0.4 OK for: require-in-the-middle@5.2.0 want: ^1.0.3
3239 silly placeDep ROOT resolve@1.22.12 OK for: require-in-the-middle@5.2.0 want: ^1.22.1
3240 silly fetch manifest path-parse@^1.0.7
3241 silly packumentCache full:https://registry.npmjs.org/path-parse cache-miss
3242 silly fetch manifest is-core-module@^2.16.1
3243 silly packumentCache full:https://registry.npmjs.org/is-core-module cache-miss
3244 silly fetch manifest supports-preserve-symlinks-flag@^1.0.0
3245 silly packumentCache full:https://registry.npmjs.org/supports-preserve-symlinks-flag cache-miss
3246 http fetch GET 200 https://registry.npmjs.org/is-core-module 270ms (cache revalidated)
3247 silly packumentCache full:https://registry.npmjs.org/is-core-module set size:74378 disposed:false
3248 http fetch GET 200 https://registry.npmjs.org/path-parse 574ms (cache revalidated)
3249 silly packumentCache full:https://registry.npmjs.org/path-parse set size:14523 disposed:false
3250 http fetch GET 200 https://registry.npmjs.org/supports-preserve-symlinks-flag 576ms (cache revalidated)
3251 silly packumentCache full:https://registry.npmjs.org/supports-preserve-symlinks-flag set size:6802 disposed:false
3252 silly placeDep ROOT is-core-module@2.16.2 OK for: resolve@1.22.12 want: ^2.16.1
3253 silly placeDep ROOT path-parse@1.0.7 OK for: resolve@1.22.12 want: ^1.0.7
3254 silly placeDep ROOT supports-preserve-symlinks-flag@1.0.0 OK for: resolve@1.22.12 want: ^1.0.0
3255 silly placeDep ROOT glob@7.2.3 OK for: rimraf@3.0.2 want: ^7.1.3
3256 silly fetch manifest inflight@^1.0.4
3257 silly packumentCache full:https://registry.npmjs.org/inflight cache-miss
3258 silly fetch manifest minimatch@^3.1.1
3259 silly packumentCache full:https://registry.npmjs.org/minimatch cache-miss
3260 silly fetch manifest fs.realpath@^1.0.0
3261 silly packumentCache full:https://registry.npmjs.org/fs.realpath cache-miss
3262 silly fetch manifest path-is-absolute@^1.0.0
3263 silly packumentCache full:https://registry.npmjs.org/path-is-absolute cache-miss
3264 http fetch GET 200 https://registry.npmjs.org/fs.realpath 535ms (cache revalidated)
3265 silly packumentCache full:https://registry.npmjs.org/fs.realpath set size:4806 disposed:false
3266 http fetch GET 200 https://registry.npmjs.org/path-is-absolute 539ms (cache revalidated)
3267 silly packumentCache full:https://registry.npmjs.org/path-is-absolute set size:8253 disposed:false
3268 http fetch GET 200 https://registry.npmjs.org/inflight 559ms (cache revalidated)
3269 silly packumentCache full:https://registry.npmjs.org/inflight set size:13140 disposed:false
3270 http fetch GET 200 https://registry.npmjs.org/minimatch 567ms (cache revalidated)
3271 silly packumentCache full:https://registry.npmjs.org/minimatch set size:375282 disposed:false
3272 silly placeDep ROOT fs.realpath@1.0.0 OK for: glob@7.2.3 want: ^1.0.0
3273 silly placeDep ROOT inflight@1.0.6 OK for: glob@7.2.3 want: ^1.0.4
3274 silly placeDep ROOT minimatch@3.1.5 OK for: glob@7.2.3 want: ^3.1.1
3275 silly placeDep ROOT path-is-absolute@1.0.1 OK for: glob@7.2.3 want: ^1.0.0
3276 silly fetch manifest brace-expansion@^1.1.7
3277 silly packumentCache full:https://registry.npmjs.org/brace-expansion cache-miss
3278 http fetch GET 200 https://registry.npmjs.org/brace-expansion 87ms (cache revalidated)
3279 silly packumentCache full:https://registry.npmjs.org/brace-expansion set size:70654 disposed:false
3280 silly placeDep ROOT brace-expansion@1.1.14 OK for: minimatch@3.1.5 want: ^1.1.7
3281 silly fetch manifest concat-map@0.0.1
3282 silly packumentCache full:https://registry.npmjs.org/concat-map cache-miss
3283 silly fetch manifest balanced-match@^1.0.0
3284 silly packumentCache full:https://registry.npmjs.org/balanced-match cache-miss
3285 http fetch GET 200 https://registry.npmjs.org/concat-map 85ms (cache revalidated)
3286 silly packumentCache full:https://registry.npmjs.org/concat-map set size:9290 disposed:false
3287 http fetch GET 200 https://registry.npmjs.org/balanced-match 428ms (cache revalidated)
3288 silly packumentCache full:https://registry.npmjs.org/balanced-match set size:39082 disposed:false
3289 silly placeDep ROOT balanced-match@1.0.2 OK for: brace-expansion@1.1.14 want: ^1.0.0
3290 silly placeDep ROOT concat-map@0.0.1 OK for: brace-expansion@1.1.14 want: 0.0.1
3291 silly placeDep ROOT xmlchars@2.2.0 OK for: saxes@5.0.1 want: ^2.2.0
3292 silly placeDep node_modules/send ms@2.1.3 OK for: send@0.19.2 want: 2.1.3
3293 silly placeDep ROOT object-inspect@1.13.4 OK for: side-channel@1.1.0 want: ^1.13.3
3294 silly placeDep ROOT side-channel-list@1.0.1 OK for: side-channel@1.1.0 want: ^1.0.0
3295 silly placeDep ROOT side-channel-map@1.0.1 OK for: side-channel@1.1.0 want: ^1.0.1
3296 silly placeDep ROOT side-channel-weakmap@1.0.2 OK for: side-channel@1.1.0 want: ^1.0.2
3297 silly fetch manifest call-bound@^1.0.2
3298 silly packumentCache full:https://registry.npmjs.org/call-bound cache-miss
3299 silly fetch manifest call-bound@^1.0.2
3300 silly packumentCache full:https://registry.npmjs.org/call-bound cache-miss
3301 http fetch GET 200 https://registry.npmjs.org/call-bound 426ms (cache revalidated)
3302 silly packumentCache full:https://registry.npmjs.org/call-bound set size:15317 disposed:false
3303 http fetch GET 200 https://registry.npmjs.org/call-bound 436ms (cache revalidated)
3304 silly packumentCache full:https://registry.npmjs.org/call-bound set size:15317 disposed:false
3305 silly packumentCache full:https://registry.npmjs.org/call-bound dispose
3306 silly placeDep ROOT call-bound@1.0.4 OK for: side-channel-map@1.0.1 want: ^1.0.2
3307 silly placeDep ROOT decompress-response@4.2.1 OK for: simple-get@3.1.1 want: ^4.2.0
3308 silly placeDep ROOT simple-concat@1.0.1 OK for: simple-get@3.1.1 want: ^1.0.0
3309 silly fetch manifest mimic-response@^2.0.0
3310 silly packumentCache full:https://registry.npmjs.org/mimic-response cache-miss
3311 http fetch GET 200 https://registry.npmjs.org/mimic-response 513ms (cache revalidated)
3312 silly packumentCache full:https://registry.npmjs.org/mimic-response set size:20174 disposed:false
3313 silly placeDep ROOT mimic-response@2.1.0 OK for: decompress-response@4.2.1 want: ^2.0.0
3314 silly placeDep ROOT @kwsites/file-exists@1.1.1 OK for: simple-git@3.36.0 want: ^1.1.1
3315 silly placeDep ROOT @kwsites/promise-deferred@1.1.1 OK for: simple-git@3.36.0 want: ^1.1.1
3316 silly placeDep ROOT @simple-git/args-pathspec@1.0.3 OK for: simple-git@3.36.0 want: ^1.0.3
3317 silly placeDep ROOT @simple-git/argv-parser@1.1.1 OK for: simple-git@3.36.0 want: ^1.1.0
3318 silly placeDep node_modules/simple-git debug@4.4.3 OK for: simple-git@3.36.0 want: ^4.4.0
3319 silly placeDep node_modules/@kwsites/file-exists debug@4.4.3 OK for: @kwsites/file-exists@1.1.1 want: ^4.1.1
3320 silly placeDep ROOT ip-address@10.2.0 OK for: socks@2.8.9 want: ^10.1.1
3321 silly placeDep ROOT smart-buffer@4.2.0 OK for: socks@2.8.9 want: ^4.2.0
3322 silly placeDep node_modules/socks-proxy-agent agent-base@7.1.4 OK for: socks-proxy-agent@8.0.5 want: ^7.1.2
3323 silly placeDep node_modules/socks-proxy-agent debug@4.4.3 OK for: socks-proxy-agent@8.0.5 want: ^4.3.4
3324 silly placeDep ROOT memory-pager@1.5.0 OK for: sparse-bitfield@3.0.3 want: ^1.0.2
3325 silly placeDep node_modules/string_decoder safe-buffer@5.1.2 OK for: string_decoder@1.1.1 want: ~5.1.0
3326 silly placeDep ROOT emoji-regex@8.0.0 OK for: string-width@4.2.3 want: ^8.0.0
3327 silly placeDep ROOT is-fullwidth-code-point@3.0.0 OK for: string-width@4.2.3 want: ^3.0.0
3328 silly placeDep ROOT ansi-regex@5.0.1 OK for: strip-ansi@6.0.1 want: ^5.0.1
3329 silly placeDep ROOT peek-readable@4.1.0 OK for: strtok3@6.3.0 want: ^4.1.0
3330 silly placeDep ROOT has-flag@4.0.0 OK for: supports-color@7.2.0 want: ^4.0.0
3331 silly placeDep ROOT chownr@2.0.0 OK for: tar@6.2.1 want: ^2.0.0
3332 silly placeDep ROOT fs-minipass@2.1.0 OK for: tar@6.2.1 want: ^2.0.0
3333 silly placeDep ROOT minipass@5.0.0 OK for: tar@6.2.1 want: ^5.0.0
3334 silly placeDep ROOT minizlib@2.1.2 OK for: tar@6.2.1 want: ^2.1.1
3335 silly placeDep node_modules/tar mkdirp@1.0.4 OK for: tar@6.2.1 want: ^1.0.3
3336 silly placeDep ROOT yallist@4.0.0 OK for: tar@6.2.1 want: ^4.0.0
3337 silly fetch manifest minipass@^3.0.0
3338 silly packumentCache full:https://registry.npmjs.org/minipass cache-hit
3339 silly fetch manifest minipass@^3.0.0
3340 silly packumentCache full:https://registry.npmjs.org/minipass cache-hit
3341 silly placeDep node_modules/fs-minipass minipass@3.3.6 OK for: fs-minipass@2.1.0 want: ^3.0.0
3342 silly placeDep node_modules/minizlib minipass@3.3.6 OK for: minizlib@2.1.2 want: ^3.0.0
3343 silly placeDep ROOT is-number@7.0.0 OK for: to-regex-range@5.0.1 want: ^7.0.0
3344 silly placeDep ROOT tldts@6.1.86 OK for: tough-cookie@5.1.2 want: ^6.1.32
3345 silly fetch manifest tldts-core@^6.1.86
3346 silly packumentCache full:https://registry.npmjs.org/tldts-core cache-miss
3347 http fetch GET 200 https://registry.npmjs.org/tldts-core 520ms (cache revalidated)
3348 silly packumentCache full:https://registry.npmjs.org/tldts-core set size:3044074 disposed:false
3349 silly placeDep ROOT tldts-core@6.1.86 OK for: tldts@6.1.86 want: ^6.1.86
3350 silly placeDep ROOT configstore@4.0.0 OK for: translatte@3.0.1 want: 4.0.0
3351 silly placeDep ROOT got@9.6.0 OK for: translatte@3.0.1 want: 9.6.0
3352 silly placeDep ROOT proxy-check@1.0.8 OK for: translatte@3.0.1 want: 1.0.8
3353 silly placeDep ROOT tunnel@0.0.6 OK for: translatte@3.0.1 want: 0.0.6
3354 silly fetch manifest dot-prop@^4.1.0
3355 silly packumentCache full:https://registry.npmjs.org/dot-prop cache-miss
3356 silly fetch manifest make-dir@^1.0.0
3357 silly packumentCache full:https://registry.npmjs.org/make-dir cache-hit
3358 silly fetch manifest xdg-basedir@^3.0.0
3359 silly packumentCache full:https://registry.npmjs.org/xdg-basedir cache-miss
3360 silly fetch manifest unique-string@^1.0.0
3361 silly packumentCache full:https://registry.npmjs.org/unique-string cache-miss
3362 silly fetch manifest write-file-atomic@^2.0.0
3363 silly packumentCache full:https://registry.npmjs.org/write-file-atomic cache-miss
3364 silly fetch manifest duplexer3@^0.1.4
3365 silly packumentCache full:https://registry.npmjs.org/duplexer3 cache-miss
3366 silly fetch manifest get-stream@^4.1.0
3367 silly packumentCache full:https://registry.npmjs.org/get-stream cache-miss
3368 silly fetch manifest p-cancelable@^1.0.0
3369 silly packumentCache full:https://registry.npmjs.org/p-cancelable cache-miss
3370 http fetch GET 200 https://registry.npmjs.org/xdg-basedir 490ms (cache revalidated)
3371 silly packumentCache full:https://registry.npmjs.org/xdg-basedir set size:19771 disposed:false
3372 silly fetch manifest url-parse-lax@^3.0.0
3373 silly packumentCache full:https://registry.npmjs.org/url-parse-lax cache-miss
3374 http fetch GET 200 https://registry.npmjs.org/dot-prop 527ms (cache revalidated)
3375 silly packumentCache full:https://registry.npmjs.org/dot-prop set size:74769 disposed:false
3376 silly fetch manifest lowercase-keys@^1.0.1
3377 silly packumentCache full:https://registry.npmjs.org/lowercase-keys cache-miss
3378 http fetch GET 200 https://registry.npmjs.org/write-file-atomic 579ms (cache revalidated)
3379 silly packumentCache full:https://registry.npmjs.org/write-file-atomic set size:82777 disposed:false
3380 silly fetch manifest mimic-response@^1.0.1
3381 silly packumentCache full:https://registry.npmjs.org/mimic-response cache-hit
3382 silly fetch manifest @sindresorhus/is@^0.14.0
3383 silly packumentCache full:https://registry.npmjs.org/@sindresorhus%2fis cache-miss
3384 http fetch GET 200 https://registry.npmjs.org/unique-string 636ms (cache revalidated)
3385 silly packumentCache full:https://registry.npmjs.org/unique-string set size:8164 disposed:false
3386 silly fetch manifest cacheable-request@^6.0.0
3387 silly packumentCache full:https://registry.npmjs.org/cacheable-request cache-miss
3388 http fetch GET 200 https://registry.npmjs.org/get-stream 640ms (cache revalidated)
3389 silly packumentCache full:https://registry.npmjs.org/get-stream set size:57536 disposed:false
3390 silly fetch manifest to-readable-stream@^1.0.0
3391 silly packumentCache full:https://registry.npmjs.org/to-readable-stream cache-miss
3392 http fetch GET 200 https://registry.npmjs.org/duplexer3 808ms (cache revalidated)
3393 silly packumentCache full:https://registry.npmjs.org/duplexer3 set size:8488 disposed:false
3394 silly fetch manifest decompress-response@^3.3.0
3395 silly packumentCache full:https://registry.npmjs.org/decompress-response cache-hit
3396 silly fetch manifest @szmarczak/http-timer@^1.1.2
3397 silly packumentCache full:https://registry.npmjs.org/@szmarczak%2fhttp-timer cache-miss
3398 http fetch GET 200 https://registry.npmjs.org/p-cancelable 813ms (cache revalidated)
3399 silly packumentCache full:https://registry.npmjs.org/p-cancelable set size:41253 disposed:false
3400 http fetch GET 200 https://registry.npmjs.org/lowercase-keys 523ms (cache revalidated)
3401 silly packumentCache full:https://registry.npmjs.org/lowercase-keys set size:13863 disposed:false
3402 http fetch GET 200 https://registry.npmjs.org/url-parse-lax 588ms (cache revalidated)
3403 silly packumentCache full:https://registry.npmjs.org/url-parse-lax set size:14968 disposed:false
3404 http fetch GET 200 https://registry.npmjs.org/cacheable-request 537ms (cache revalidated)
3405 silly packumentCache full:https://registry.npmjs.org/cacheable-request set size:289196 disposed:false
3406 http fetch GET 200 https://registry.npmjs.org/to-readable-stream 573ms (cache revalidated)
3407 silly packumentCache full:https://registry.npmjs.org/to-readable-stream set size:15348 disposed:false
3408 http fetch GET 200 https://registry.npmjs.org/@szmarczak%2fhttp-timer 718ms (cache revalidated)
3409 silly packumentCache full:https://registry.npmjs.org/@szmarczak%2fhttp-timer set size:62682 disposed:false
3410 http fetch GET 200 https://registry.npmjs.org/@sindresorhus%2fis 988ms (cache revalidated)
3411 silly packumentCache full:https://registry.npmjs.org/@sindresorhus%2fis set size:202184 disposed:false
3412 silly placeDep ROOT dot-prop@4.2.1 OK for: configstore@4.0.0 want: ^4.1.0
3413 silly placeDep node_modules/configstore make-dir@1.3.0 OK for: configstore@4.0.0 want: ^1.0.0
3414 silly placeDep ROOT unique-string@1.0.0 OK for: configstore@4.0.0 want: ^1.0.0
3415 silly placeDep ROOT write-file-atomic@2.4.3 OK for: configstore@4.0.0 want: ^2.0.0
3416 silly placeDep ROOT xdg-basedir@3.0.0 OK for: configstore@4.0.0 want: ^3.0.0
3417 silly fetch manifest is-obj@^1.0.0
3418 silly packumentCache full:https://registry.npmjs.org/is-obj cache-miss
3419 silly fetch manifest pify@^3.0.0
3420 silly packumentCache full:https://registry.npmjs.org/pify cache-miss
3421 silly fetch manifest crypto-random-string@^1.0.0
3422 silly packumentCache full:https://registry.npmjs.org/crypto-random-string cache-miss
3423 silly fetch manifest imurmurhash@^0.1.4
3424 silly packumentCache full:https://registry.npmjs.org/imurmurhash cache-miss
3425 http fetch GET 200 https://registry.npmjs.org/is-obj 551ms (cache revalidated)
3426 silly packumentCache full:https://registry.npmjs.org/is-obj set size:9560 disposed:false
3427 http fetch GET 200 https://registry.npmjs.org/pify 555ms (cache revalidated)
3428 silly packumentCache full:https://registry.npmjs.org/pify set size:33583 disposed:false
3429 http fetch GET 200 https://registry.npmjs.org/crypto-random-string 565ms (cache revalidated)
3430 silly packumentCache full:https://registry.npmjs.org/crypto-random-string set size:31541 disposed:false
3431 http fetch GET 200 https://registry.npmjs.org/imurmurhash 572ms (cache revalidated)
3432 silly packumentCache full:https://registry.npmjs.org/imurmurhash set size:35819 disposed:false
3433 silly placeDep ROOT is-obj@1.0.1 OK for: dot-prop@4.2.1 want: ^1.0.0
3434 silly placeDep ROOT @sindresorhus/is@0.14.0 OK for: got@9.6.0 want: ^0.14.0
3435 silly placeDep ROOT @szmarczak/http-timer@1.1.2 OK for: got@9.6.0 want: ^1.1.2
3436 silly placeDep ROOT cacheable-request@6.1.0 OK for: got@9.6.0 want: ^6.0.0
3437 silly placeDep node_modules/got decompress-response@3.3.0 OK for: got@9.6.0 want: ^3.3.0
3438 silly placeDep ROOT duplexer3@0.1.5 OK for: got@9.6.0 want: ^0.1.4
3439 silly placeDep ROOT get-stream@4.1.0 OK for: got@9.6.0 want: ^4.1.0
3440 silly placeDep ROOT lowercase-keys@1.0.1 OK for: got@9.6.0 want: ^1.0.1
3441 silly placeDep node_modules/got mimic-response@1.0.1 OK for: got@9.6.0 want: ^1.0.1
3442 silly placeDep ROOT p-cancelable@1.1.0 OK for: got@9.6.0 want: ^1.0.0
3443 silly placeDep ROOT to-readable-stream@1.0.0 OK for: got@9.6.0 want: ^1.0.0
3444 silly placeDep ROOT url-parse-lax@3.0.0 OK for: got@9.6.0 want: ^3.0.0
3445 silly fetch manifest defer-to-connect@^1.0.1
3446 silly packumentCache full:https://registry.npmjs.org/defer-to-connect cache-miss
3447 silly fetch manifest keyv@^3.0.0
3448 silly packumentCache full:https://registry.npmjs.org/keyv cache-miss
3449 silly fetch manifest get-stream@^5.1.0
3450 silly packumentCache full:https://registry.npmjs.org/get-stream cache-hit
3451 silly fetch manifest responselike@^1.0.2
3452 silly packumentCache full:https://registry.npmjs.org/responselike cache-miss
3453 silly fetch manifest normalize-url@^4.1.0
3454 silly packumentCache full:https://registry.npmjs.org/normalize-url cache-miss
3455 silly fetch manifest clone-response@^1.0.2
3456 silly packumentCache full:https://registry.npmjs.org/clone-response cache-miss
3457 silly fetch manifest lowercase-keys@^2.0.0
3458 silly packumentCache full:https://registry.npmjs.org/lowercase-keys cache-hit
3459 silly fetch manifest http-cache-semantics@^4.0.0
3460 silly packumentCache full:https://registry.npmjs.org/http-cache-semantics cache-miss
3461 silly fetch manifest mimic-response@^1.0.0
3462 silly packumentCache full:https://registry.npmjs.org/mimic-response cache-hit
3463 silly fetch manifest pump@^3.0.0
3464 silly packumentCache full:https://registry.npmjs.org/pump cache-miss
3465 http fetch GET 200 https://registry.npmjs.org/defer-to-connect 555ms (cache revalidated)
3466 silly packumentCache full:https://registry.npmjs.org/defer-to-connect set size:26880 disposed:false
3467 silly fetch manifest prepend-http@^2.0.0
3468 silly packumentCache full:https://registry.npmjs.org/prepend-http cache-miss
3469 http fetch GET 200 https://registry.npmjs.org/normalize-url 567ms (cache revalidated)
3470 silly packumentCache full:https://registry.npmjs.org/normalize-url set size:139311 disposed:false
3471 http fetch GET 200 https://registry.npmjs.org/responselike 607ms (cache revalidated)
3472 silly packumentCache full:https://registry.npmjs.org/responselike set size:24370 disposed:false
3473 http fetch GET 200 https://registry.npmjs.org/clone-response 616ms (cache revalidated)
3474 silly packumentCache full:https://registry.npmjs.org/clone-response set size:24070 disposed:false
3475 http fetch GET 200 https://registry.npmjs.org/pump 588ms (cache revalidated)
3476 silly packumentCache full:https://registry.npmjs.org/pump set size:41178 disposed:false
3477 http fetch GET 200 https://registry.npmjs.org/http-cache-semantics 630ms (cache revalidated)
3478 silly packumentCache full:https://registry.npmjs.org/http-cache-semantics set size:66288 disposed:false
3479 http fetch GET 200 https://registry.npmjs.org/keyv 1004ms (cache revalidated)
3480 silly packumentCache full:https://registry.npmjs.org/keyv set size:215840 disposed:false
3481 http fetch GET 200 https://registry.npmjs.org/prepend-http 504ms (cache revalidated)
3482 silly packumentCache full:https://registry.npmjs.org/prepend-http set size:18761 disposed:false
3483 silly placeDep ROOT defer-to-connect@1.1.3 OK for: @szmarczak/http-timer@1.1.2 want: ^1.0.1
3484 silly placeDep ROOT clone-response@1.0.3 OK for: cacheable-request@6.1.0 want: ^1.0.2
3485 silly placeDep node_modules/cacheable-request get-stream@5.2.0 OK for: cacheable-request@6.1.0 want: ^5.1.0
3486 silly placeDep ROOT http-cache-semantics@4.2.0 OK for: cacheable-request@6.1.0 want: ^4.0.0
3487 silly placeDep ROOT keyv@3.1.0 OK for: cacheable-request@6.1.0 want: ^3.0.0
3488 silly placeDep node_modules/cacheable-request lowercase-keys@2.0.0 OK for: cacheable-request@6.1.0 want: ^2.0.0
3489 silly placeDep ROOT normalize-url@4.5.1 OK for: cacheable-request@6.1.0 want: ^4.1.0
3490 silly placeDep ROOT responselike@1.0.2 OK for: cacheable-request@6.1.0 want: ^1.0.2
3491 silly fetch manifest json-buffer@3.0.0
3492 silly packumentCache full:https://registry.npmjs.org/json-buffer cache-miss
3493 http fetch GET 200 https://registry.npmjs.org/json-buffer 298ms (cache revalidated)
3494 silly packumentCache full:https://registry.npmjs.org/json-buffer set size:23474 disposed:false
3495 silly placeDep node_modules/clone-response mimic-response@1.0.1 OK for: clone-response@1.0.3 want: ^1.0.0
3496 silly placeDep ROOT pump@3.0.4 OK for: get-stream@4.1.0 want: ^3.0.0
3497 silly placeDep ROOT json-buffer@3.0.0 OK for: keyv@3.1.0 want: 3.0.0
3498 silly placeDep ROOT json-stringify-safe@5.0.1 OK for: tx2@1.0.5 want: ^5.0.1
3499 silly placeDep node_modules/type-is media-typer@0.3.0 OK for: type-is@1.6.18 want: 0.3.0
3500 silly placeDep ROOT random-bytes@1.0.0 OK for: uid-safe@2.1.5 want: ~1.0.0
3501 silly placeDep ROOT crypto-random-string@1.0.0 OK for: unique-string@1.0.0 want: ^1.0.0
3502 silly placeDep ROOT prepend-http@2.0.0 OK for: url-parse-lax@3.0.0 want: ^2.0.0
3503 silly placeDep ROOT pako@1.0.11 OK for: utif@2.0.1 want: ^1.0.5
3504 silly placeDep ROOT is-arguments@1.2.0 OK for: util@0.12.5 want: ^1.0.4
3505 silly placeDep ROOT is-generator-function@1.1.2 OK for: util@0.12.5 want: ^1.0.7
3506 silly placeDep ROOT is-typed-array@1.1.15 OK for: util@0.12.5 want: ^1.1.3
3507 silly placeDep ROOT which-typed-array@1.1.20 OK for: util@0.12.5 want: ^1.1.2
3508 silly fetch manifest generator-function@^2.0.0
3509 silly packumentCache full:https://registry.npmjs.org/generator-function cache-miss
3510 silly fetch manifest safe-regex-test@^1.1.0
3511 silly packumentCache full:https://registry.npmjs.org/safe-regex-test cache-miss
3512 silly fetch manifest which-typed-array@^1.1.16
3513 silly packumentCache full:https://registry.npmjs.org/which-typed-array cache-hit
3514 silly fetch manifest available-typed-arrays@^1.0.7
3515 silly packumentCache full:https://registry.npmjs.org/available-typed-arrays cache-miss
3516 silly fetch manifest call-bind@^1.0.8
3517 silly packumentCache full:https://registry.npmjs.org/call-bind cache-miss
3518 silly fetch manifest for-each@^0.3.5
3519 silly packumentCache full:https://registry.npmjs.org/for-each cache-miss
3520 http fetch GET 200 https://registry.npmjs.org/call-bind 103ms (cache revalidated)
3521 silly packumentCache full:https://registry.npmjs.org/call-bind set size:32985 disposed:false
3522 http fetch GET 200 https://registry.npmjs.org/for-each 127ms (cache revalidated)
3523 silly packumentCache full:https://registry.npmjs.org/for-each set size:14327 disposed:false
3524 http fetch GET 200 https://registry.npmjs.org/generator-function 403ms (cache revalidated)
3525 silly packumentCache full:https://registry.npmjs.org/generator-function set size:10401 disposed:false
3526 http fetch GET 200 https://registry.npmjs.org/available-typed-arrays 653ms (cache revalidated)
3527 silly packumentCache full:https://registry.npmjs.org/available-typed-arrays set size:31390 disposed:false
3528 http fetch GET 200 https://registry.npmjs.org/safe-regex-test 677ms (cache revalidated)
3529 silly packumentCache full:https://registry.npmjs.org/safe-regex-test set size:17412 disposed:false
3530 silly placeDep ROOT generator-function@2.0.1 OK for: is-generator-function@1.1.2 want: ^2.0.0
3531 silly placeDep ROOT safe-regex-test@1.1.0 OK for: is-generator-function@1.1.2 want: ^1.1.0
3532 silly fetch manifest is-regex@^1.2.1
3533 silly packumentCache full:https://registry.npmjs.org/is-regex cache-miss
3534 http fetch GET 200 https://registry.npmjs.org/is-regex 377ms (cache revalidated)
3535 silly packumentCache full:https://registry.npmjs.org/is-regex set size:42924 disposed:false
3536 silly placeDep ROOT is-regex@1.2.1 OK for: safe-regex-test@1.1.0 want: ^1.2.1
3537 silly placeDep node_modules/vizion async@2.6.4 OK for: vizion@2.2.1 want: ^2.6.3
3538 silly placeDep ROOT git-node-fs@1.0.0 OK for: vizion@2.2.1 want: ^1.0.0
3539 silly placeDep ROOT ini@1.3.8 OK for: vizion@2.2.1 want: ^1.3.5
3540 silly placeDep ROOT js-git@0.7.8 OK for: vizion@2.2.1 want: ^0.7.8
3541 silly fetch manifest bodec@^0.1.0
3542 silly packumentCache full:https://registry.npmjs.org/bodec cache-miss
3543 silly fetch manifest culvert@^0.1.2
3544 silly packumentCache full:https://registry.npmjs.org/culvert cache-miss
3545 silly fetch manifest git-sha1@^0.1.2
3546 silly packumentCache full:https://registry.npmjs.org/git-sha1 cache-miss
3547 silly fetch manifest pako@^0.2.5
3548 silly packumentCache full:https://registry.npmjs.org/pako cache-hit
3549 http fetch GET 200 https://registry.npmjs.org/bodec 446ms (cache revalidated)
3550 silly packumentCache full:https://registry.npmjs.org/bodec set size:5489 disposed:false
3551 http fetch GET 200 https://registry.npmjs.org/git-sha1 451ms (cache revalidated)
3552 silly packumentCache full:https://registry.npmjs.org/git-sha1 set size:4199 disposed:false
3553 http fetch GET 200 https://registry.npmjs.org/culvert 465ms (cache revalidated)
3554 silly packumentCache full:https://registry.npmjs.org/culvert set size:6953 disposed:false
3555 silly placeDep ROOT bodec@0.1.0 OK for: js-git@0.7.8 want: ^0.1.0
3556 silly placeDep ROOT culvert@0.1.2 OK for: js-git@0.7.8 want: ^0.1.2
3557 silly placeDep ROOT git-sha1@0.1.2 OK for: js-git@0.7.8 want: ^0.1.2
3558 silly placeDep node_modules/js-git pako@0.2.9 OK for: js-git@0.7.8 want: ^0.2.5
3559 silly placeDep ROOT browser-process-hrtime@1.0.0 OK for: w3c-hr-time@1.0.2 want: ^1.0.0
3560 silly placeDep node_modules/wa-sticker-formatter axios@0.21.4 OK for: wa-sticker-formatter@4.4.4 want: ^0.21.1
3561 silly placeDep ROOT image-size@1.2.1 OK for: wa-sticker-formatter@4.4.4 want: ^1.0.0
3562 silly placeDep ROOT sharp@0.30.7 OK for: wa-sticker-formatter@4.4.4 want: ^0.30.0
3563 silly fetch manifest queue@6.0.2
3564 silly packumentCache full:https://registry.npmjs.org/queue cache-miss
3565 silly fetch manifest color@^4.2.3
3566 silly packumentCache full:https://registry.npmjs.org/color cache-miss
3567 silly fetch manifest tar-fs@^2.1.1
3568 silly packumentCache full:https://registry.npmjs.org/tar-fs cache-hit
3569 silly fetch manifest simple-get@^4.0.1
3570 silly packumentCache full:https://registry.npmjs.org/simple-get cache-hit
3571 silly fetch manifest tunnel-agent@^0.6.0
3572 silly packumentCache full:https://registry.npmjs.org/tunnel-agent cache-miss
3573 silly fetch manifest node-addon-api@^5.0.0
3574 silly packumentCache full:https://registry.npmjs.org/node-addon-api cache-miss
3575 silly fetch manifest prebuild-install@^7.1.1
3576 silly packumentCache full:https://registry.npmjs.org/prebuild-install cache-miss
3577 http fetch GET 200 https://registry.npmjs.org/node-addon-api 428ms (cache revalidated)
3578 silly packumentCache full:https://registry.npmjs.org/node-addon-api set size:347062 disposed:false
3579 http fetch GET 200 https://registry.npmjs.org/queue 515ms (cache revalidated)
3580 silly packumentCache full:https://registry.npmjs.org/queue set size:76287 disposed:false
3581 http fetch GET 200 https://registry.npmjs.org/tunnel-agent 521ms (cache revalidated)
3582 silly packumentCache full:https://registry.npmjs.org/tunnel-agent set size:12847 disposed:false
3583 http fetch GET 200 https://registry.npmjs.org/color 545ms (cache revalidated)
3584 silly packumentCache full:https://registry.npmjs.org/color set size:98234 disposed:false
3585 http fetch GET 200 https://registry.npmjs.org/prebuild-install 553ms (cache revalidated)
3586 silly packumentCache full:https://registry.npmjs.org/prebuild-install set size:184615 disposed:false
3587 silly placeDep ROOT sharp@0.32.6 REPLACE for: @whiskeysockets/baileys@6.6.0 want: ^0.32.2
3588 silly fetch manifest tar-fs@^3.0.4
3589 silly packumentCache full:https://registry.npmjs.org/tar-fs cache-hit
3590 silly fetch manifest node-addon-api@^6.1.0
3591 silly packumentCache full:https://registry.npmjs.org/node-addon-api cache-hit
3592 silly placeDep ROOT queue@6.0.2 OK for: image-size@1.2.1 want: 6.0.2
3593 silly placeDep ROOT color@4.2.3 OK for: sharp@0.32.6 want: ^4.2.3
3594 silly placeDep ROOT node-addon-api@6.1.0 OK for: sharp@0.32.6 want: ^6.1.0
3595 silly placeDep ROOT prebuild-install@7.1.3 OK for: sharp@0.32.6 want: ^7.1.1
3596 silly placeDep node_modules/sharp simple-get@4.0.1 OK for: sharp@0.32.6 want: ^4.0.1
3597 silly placeDep ROOT tar-fs@3.1.2 OK for: sharp@0.32.6 want: ^3.0.4
3598 silly placeDep ROOT tunnel-agent@0.6.0 OK for: sharp@0.32.6 want: ^0.6.0
3599 silly fetch manifest color-string@^1.9.0
3600 silly packumentCache full:https://registry.npmjs.org/color-string cache-miss
3601 silly fetch manifest rc@^1.2.7
3602 silly packumentCache full:https://registry.npmjs.org/rc cache-miss
3603 silly fetch manifest tar-fs@^2.0.0
3604 silly packumentCache full:https://registry.npmjs.org/tar-fs cache-hit
3605 silly fetch manifest node-abi@^3.3.0
3606 silly packumentCache full:https://registry.npmjs.org/node-abi cache-miss
3607 silly fetch manifest simple-get@^4.0.0
3608 silly packumentCache full:https://registry.npmjs.org/simple-get cache-hit
3609 silly fetch manifest mkdirp-classic@^0.5.3
3610 silly packumentCache full:https://registry.npmjs.org/mkdirp-classic cache-miss
3611 silly fetch manifest expand-template@^2.0.3
3612 silly packumentCache full:https://registry.npmjs.org/expand-template cache-miss
3613 silly fetch manifest napi-build-utils@^2.0.0
3614 silly packumentCache full:https://registry.npmjs.org/napi-build-utils cache-miss
3615 silly fetch manifest github-from-package@0.0.0
3616 silly packumentCache full:https://registry.npmjs.org/github-from-package cache-miss
3617 http fetch GET 200 https://registry.npmjs.org/mkdirp-classic 620ms (cache revalidated)
3618 silly packumentCache full:https://registry.npmjs.org/mkdirp-classic set size:5503 disposed:false
3619 silly fetch manifest decompress-response@^6.0.0
3620 silly packumentCache full:https://registry.npmjs.org/decompress-response cache-hit
3621 silly fetch manifest tar-stream@^3.1.5
3622 silly packumentCache full:https://registry.npmjs.org/tar-stream cache-miss
3623 http fetch GET 200 https://registry.npmjs.org/node-abi 648ms (cache revalidated)
3624 silly packumentCache full:https://registry.npmjs.org/node-abi set size:373738 disposed:false
3625 silly fetch manifest bare-fs@^4.0.1
3626 silly packumentCache full:https://registry.npmjs.org/bare-fs cache-miss
3627 http fetch GET 200 https://registry.npmjs.org/napi-build-utils 686ms (cache revalidated)
3628 silly packumentCache full:https://registry.npmjs.org/napi-build-utils set size:13501 disposed:false
3629 silly fetch manifest bare-path@^3.0.0
3630 silly packumentCache full:https://registry.npmjs.org/bare-path cache-miss
3631 http fetch GET 200 https://registry.npmjs.org/rc 734ms (cache revalidated)
3632 silly packumentCache full:https://registry.npmjs.org/rc set size:70417 disposed:false
3633 http fetch GET 200 https://registry.npmjs.org/expand-template 835ms (cache revalidated)
3634 silly packumentCache full:https://registry.npmjs.org/expand-template set size:23203 disposed:false
3635 http fetch GET 200 https://registry.npmjs.org/github-from-package 837ms (cache revalidated)
3636 silly packumentCache full:https://registry.npmjs.org/github-from-package set size:3718 disposed:false
3637 http fetch GET 200 https://registry.npmjs.org/color-string 887ms (cache revalidated)
3638 silly packumentCache full:https://registry.npmjs.org/color-string set size:84418 disposed:false
3639 http fetch GET 200 https://registry.npmjs.org/tar-stream 570ms (cache revalidated)
3640 silly packumentCache full:https://registry.npmjs.org/tar-stream set size:137875 disposed:false
3641 http fetch GET 200 https://registry.npmjs.org/bare-path 518ms (cache revalidated)
3642 silly packumentCache full:https://registry.npmjs.org/bare-path set size:17344 disposed:false
3643 http fetch GET 200 https://registry.npmjs.org/bare-fs 542ms (cache revalidated)
3644 silly packumentCache full:https://registry.npmjs.org/bare-fs set size:176493 disposed:false
3645 silly placeDep ROOT color-string@1.9.1 OK for: color@4.2.3 want: ^1.9.0
3646 silly fetch manifest simple-swizzle@^0.2.2
3647 silly packumentCache full:https://registry.npmjs.org/simple-swizzle cache-miss
3648 http fetch GET 200 https://registry.npmjs.org/simple-swizzle 496ms (cache revalidated)
3649 silly packumentCache full:https://registry.npmjs.org/simple-swizzle set size:10651 disposed:false
3650 silly placeDep ROOT simple-swizzle@0.2.4 OK for: color-string@1.9.1 want: ^0.2.2
3651 silly fetch manifest is-arrayish@^0.3.1
3652 silly packumentCache full:https://registry.npmjs.org/is-arrayish cache-hit
3653 silly placeDep ROOT expand-template@2.0.3 OK for: prebuild-install@7.1.3 want: ^2.0.3
3654 silly placeDep ROOT github-from-package@0.0.0 OK for: prebuild-install@7.1.3 want: 0.0.0
3655 silly placeDep ROOT mkdirp-classic@0.5.3 OK for: prebuild-install@7.1.3 want: ^0.5.3
3656 silly placeDep ROOT napi-build-utils@2.0.0 OK for: prebuild-install@7.1.3 want: ^2.0.0
3657 silly placeDep ROOT node-abi@3.92.0 OK for: prebuild-install@7.1.3 want: ^3.3.0
3658 silly placeDep ROOT rc@1.2.8 OK for: prebuild-install@7.1.3 want: ^1.2.7
3659 silly placeDep node_modules/prebuild-install simple-get@4.0.1 OK for: prebuild-install@7.1.3 want: ^4.0.0
3660 silly placeDep node_modules/prebuild-install tar-fs@2.1.4 OK for: prebuild-install@7.1.3 want: ^2.0.0
3661 silly fetch manifest deep-extend@^0.6.0
3662 silly packumentCache full:https://registry.npmjs.org/deep-extend cache-miss
3663 silly fetch manifest strip-json-comments@~2.0.1
3664 silly packumentCache full:https://registry.npmjs.org/strip-json-comments cache-miss
3665 silly fetch manifest chownr@^1.1.1
3666 silly packumentCache full:https://registry.npmjs.org/chownr cache-hit
3667 silly fetch manifest tar-stream@^2.1.4
3668 silly packumentCache full:https://registry.npmjs.org/tar-stream cache-hit
3669 http fetch GET 200 https://registry.npmjs.org/strip-json-comments 107ms (cache revalidated)
3670 silly packumentCache full:https://registry.npmjs.org/strip-json-comments set size:43569 disposed:false
3671 http fetch GET 200 https://registry.npmjs.org/deep-extend 397ms (cache revalidated)
3672 silly packumentCache full:https://registry.npmjs.org/deep-extend set size:34472 disposed:false
3673 silly placeDep ROOT deep-extend@0.6.0 OK for: rc@1.2.8 want: ^0.6.0
3674 silly placeDep ROOT strip-json-comments@2.0.1 OK for: rc@1.2.8 want: ~2.0.1
3675 silly placeDep node_modules/simple-swizzle is-arrayish@0.3.4 OK for: simple-swizzle@0.2.4 want: ^0.3.1
3676 silly fetch manifest bare-buffer@*
3677 silly packumentCache full:https://registry.npmjs.org/bare-buffer cache-miss
3678 http fetch GET 200 https://registry.npmjs.org/bare-buffer 421ms (cache revalidated)
3679 silly packumentCache full:https://registry.npmjs.org/bare-buffer set size:91689 disposed:false
3680 silly placeDep ROOT bare-fs@4.7.1 OK for: tar-fs@3.1.2 want: ^4.0.1
3681 silly placeDep ROOT bare-path@3.0.0 OK for: tar-fs@3.1.2 want: ^3.0.0
3682 silly placeDep ROOT tar-stream@3.2.0 OK for: tar-fs@3.1.2 want: ^3.1.5
3683 silly fetch manifest bare-events@^2.5.4
3684 silly packumentCache full:https://registry.npmjs.org/bare-events cache-miss
3685 silly fetch manifest bare-stream@^2.6.4
3686 silly packumentCache full:https://registry.npmjs.org/bare-stream cache-miss
3687 silly fetch manifest bare-url@^2.2.2
3688 silly packumentCache full:https://registry.npmjs.org/bare-url cache-miss
3689 silly fetch manifest fast-fifo@^1.3.2
3690 silly packumentCache full:https://registry.npmjs.org/fast-fifo cache-miss
3691 silly fetch manifest bare-os@^3.0.1
3692 silly packumentCache full:https://registry.npmjs.org/bare-os cache-miss
3693 silly fetch manifest b4a@^1.6.4
3694 silly packumentCache full:https://registry.npmjs.org/b4a cache-miss
3695 silly fetch manifest fast-fifo@^1.2.0
3696 silly packumentCache full:https://registry.npmjs.org/fast-fifo cache-miss
3697 http fetch GET 200 https://registry.npmjs.org/bare-stream 459ms (cache revalidated)
3698 silly packumentCache full:https://registry.npmjs.org/bare-stream set size:64441 disposed:false
3699 silly fetch manifest streamx@^2.15.0
3700 silly packumentCache full:https://registry.npmjs.org/streamx cache-miss
3701 http fetch GET 200 https://registry.npmjs.org/bare-os 474ms (cache revalidated)
3702 silly packumentCache full:https://registry.npmjs.org/bare-os set size:88500 disposed:false
3703 http fetch GET 200 https://registry.npmjs.org/fast-fifo 504ms (cache revalidated)
3704 silly packumentCache full:https://registry.npmjs.org/fast-fifo set size:13855 disposed:false
3705 http fetch GET 200 https://registry.npmjs.org/b4a 508ms (cache revalidated)
3706 silly packumentCache full:https://registry.npmjs.org/b4a set size:71632 disposed:false
3707 http fetch GET 200 https://registry.npmjs.org/bare-url 543ms (cache revalidated)
3708 silly packumentCache full:https://registry.npmjs.org/bare-url set size:100793 disposed:false
3709 http fetch GET 200 https://registry.npmjs.org/bare-events 580ms (cache revalidated)
3710 silly packumentCache full:https://registry.npmjs.org/bare-events set size:47201 disposed:false
3711 http fetch GET 200 https://registry.npmjs.org/fast-fifo 788ms (cache updated)
3712 silly packumentCache full:https://registry.npmjs.org/fast-fifo set size:13855 disposed:false
3713 silly packumentCache full:https://registry.npmjs.org/fast-fifo dispose
3714 http fetch GET 200 https://registry.npmjs.org/streamx 598ms (cache revalidated)
3715 silly packumentCache full:https://registry.npmjs.org/streamx set size:160396 disposed:false
3716 silly fetch manifest bare-abort-controller@*
3717 silly packumentCache full:https://registry.npmjs.org/bare-abort-controller cache-miss
3718 http fetch GET 200 https://registry.npmjs.org/bare-abort-controller 574ms (cache revalidated)
3719 silly packumentCache full:https://registry.npmjs.org/bare-abort-controller set size:11265 disposed:false
3720 silly placeDep ROOT bare-events@2.8.3 OK for: bare-fs@4.7.1 want: ^2.5.4
3721 silly placeDep ROOT bare-stream@2.13.1 OK for: bare-fs@4.7.1 want: ^2.6.4
3722 silly placeDep ROOT bare-url@2.4.3 OK for: bare-fs@4.7.1 want: ^2.2.2
3723 silly placeDep ROOT fast-fifo@1.3.2 OK for: bare-fs@4.7.1 want: ^1.3.2
3724 silly fetch manifest streamx@^2.25.0
3725 silly packumentCache full:https://registry.npmjs.org/streamx cache-hit
3726 silly fetch manifest teex@^1.0.1
3727 silly packumentCache full:https://registry.npmjs.org/teex cache-miss
3728 http fetch GET 200 https://registry.npmjs.org/teex 396ms (cache revalidated)
3729 silly packumentCache full:https://registry.npmjs.org/teex set size:5952 disposed:false
3730 silly placeDep ROOT bare-os@3.9.1 OK for: bare-path@3.0.0 want: ^3.0.1
3731 silly placeDep ROOT streamx@2.25.0 OK for: bare-stream@2.13.1 want: ^2.25.0
3732 silly placeDep ROOT teex@1.0.1 OK for: bare-stream@2.13.1 want: ^1.0.1
3733 silly fetch manifest events-universal@^1.0.0
3734 silly packumentCache full:https://registry.npmjs.org/events-universal cache-miss
3735 silly fetch manifest text-decoder@^1.1.0
3736 silly packumentCache full:https://registry.npmjs.org/text-decoder cache-miss
3737 http fetch GET 200 https://registry.npmjs.org/events-universal 421ms (cache revalidated)
3738 silly packumentCache full:https://registry.npmjs.org/events-universal set size:4251 disposed:false
3739 http fetch GET 200 https://registry.npmjs.org/text-decoder 427ms (cache revalidated)
3740 silly packumentCache full:https://registry.npmjs.org/text-decoder set size:22264 disposed:false
3741 silly placeDep ROOT events-universal@1.0.1 OK for: streamx@2.25.0 want: ^1.0.0
3742 silly placeDep ROOT text-decoder@1.2.7 OK for: streamx@2.25.0 want: ^1.1.0
3743 silly fetch manifest react-native-b4a@*
3744 silly packumentCache full:https://registry.npmjs.org/react-native-b4a cache-miss
3745 http fetch GET 200 https://registry.npmjs.org/react-native-b4a 397ms (cache revalidated)
3746 silly packumentCache full:https://registry.npmjs.org/react-native-b4a set size:12027 disposed:false
3747 silly fetch manifest react@*
3748 silly packumentCache full:https://registry.npmjs.org/react cache-miss
3749 http fetch GET 200 https://registry.npmjs.org/react 187ms (cache revalidated)
3750 silly packumentCache full:https://registry.npmjs.org/react set size:6650647 disposed:false
3751 silly fetch manifest react-native@*
3752 silly packumentCache full:https://registry.npmjs.org/react-native cache-miss
3753 http fetch GET 200 https://registry.npmjs.org/react-native 664ms (cache revalidated)
3754 silly packumentCache full:https://registry.npmjs.org/react-native set size:15284045 disposed:false
3755 silly fetch manifest @react-native/jest-preset@0.85.3
3756 silly packumentCache full:https://registry.npmjs.org/@react-native%2fjest-preset cache-miss
3757 http fetch GET 200 https://registry.npmjs.org/@react-native%2fjest-preset 897ms (cache revalidated)
3758 silly packumentCache full:https://registry.npmjs.org/@react-native%2fjest-preset set size:171486 disposed:false
3759 silly fetch manifest @types/react@^19.1.1
3760 silly packumentCache full:https://registry.npmjs.org/@types%2freact cache-miss
3761 http fetch GET 200 https://registry.npmjs.org/@types%2freact 809ms (cache revalidated)
3762 silly packumentCache full:https://registry.npmjs.org/@types%2freact set size:2607900 disposed:false
3763 silly placeDep ROOT b4a@1.8.1 OK for: tar-stream@3.2.0 want: ^1.6.4
3764 silly placeDep node_modules/wa-sticker-formatter sharp@0.30.7 OK for: wa-sticker-formatter@4.4.4 want: ^0.30.0
3765 silly placeDep ROOT lodash@4.18.1 OK for: whatwg-url@8.7.0 want: ^4.7.0
3766 silly placeDep ROOT tr46@2.1.0 OK for: whatwg-url@8.7.0 want: ^2.1.0
3767 silly placeDep ROOT punycode@2.3.1 OK for: tr46@2.1.0 want: ^2.1.1
3768 silly placeDep ROOT isexe@2.0.0 OK for: which@1.3.1 want: ^2.0.0
3769 silly placeDep ROOT available-typed-arrays@1.0.7 OK for: which-typed-array@1.1.20 want: ^1.0.7
3770 silly placeDep ROOT call-bind@1.0.9 OK for: which-typed-array@1.1.20 want: ^1.0.8
3771 silly placeDep ROOT for-each@0.3.5 OK for: which-typed-array@1.1.20 want: ^0.3.5
3772 silly fetch manifest possible-typed-array-names@^1.0.0
3773 silly packumentCache full:https://registry.npmjs.org/possible-typed-array-names cache-miss
3774 silly fetch manifest set-function-length@^1.2.2
3775 silly packumentCache full:https://registry.npmjs.org/set-function-length cache-miss
3776 silly fetch manifest is-callable@^1.2.7
3777 silly packumentCache full:https://registry.npmjs.org/is-callable cache-miss
3778 http fetch GET 200 https://registry.npmjs.org/possible-typed-array-names 303ms (cache revalidated)
3779 silly packumentCache full:https://registry.npmjs.org/possible-typed-array-names set size:9167 disposed:false
3780 http fetch GET 200 https://registry.npmjs.org/set-function-length 402ms (cache revalidated)
3781 silly packumentCache full:https://registry.npmjs.org/set-function-length set size:24261 disposed:false
3782 http fetch GET 200 https://registry.npmjs.org/is-callable 864ms (cache revalidated)
3783 silly packumentCache full:https://registry.npmjs.org/is-callable set size:66606 disposed:false
3784 silly placeDep ROOT possible-typed-array-names@1.1.0 OK for: available-typed-arrays@1.0.7 want: ^1.0.0
3785 silly placeDep ROOT set-function-length@1.2.2 OK for: call-bind@1.0.9 want: ^1.2.2
3786 silly fetch manifest define-data-property@^1.1.4
3787 silly packumentCache full:https://registry.npmjs.org/define-data-property cache-miss
3788 silly fetch manifest has-property-descriptors@^1.0.2
3789 silly packumentCache full:https://registry.npmjs.org/has-property-descriptors cache-miss
3790 http fetch GET 200 https://registry.npmjs.org/define-data-property 311ms (cache revalidated)
3791 silly packumentCache full:https://registry.npmjs.org/define-data-property set size:28048 disposed:false
3792 http fetch GET 200 https://registry.npmjs.org/has-property-descriptors 391ms (cache revalidated)
3793 silly packumentCache full:https://registry.npmjs.org/has-property-descriptors set size:12452 disposed:false
3794 silly placeDep ROOT is-callable@1.2.7 OK for: for-each@0.3.5 want: ^1.2.7
3795 silly placeDep ROOT define-data-property@1.1.4 OK for: set-function-length@1.2.2 want: ^1.1.4
3796 silly placeDep ROOT has-property-descriptors@1.0.2 OK for: set-function-length@1.2.2 want: ^1.0.2
3797 silly placeDep ROOT imurmurhash@0.1.4 OK for: write-file-atomic@2.4.3 want: ^0.1.4
3798 silly placeDep ROOT global@4.4.0 OK for: xhr@2.6.0 want: ~4.4.0
3799 silly placeDep ROOT is-function@1.0.2 OK for: xhr@2.6.0 want: ^1.0.1
3800 silly placeDep ROOT parse-headers@2.0.6 OK for: xhr@2.6.0 want: ^2.0.0
3801 silly fetch manifest min-document@^2.19.0
3802 silly packumentCache full:https://registry.npmjs.org/min-document cache-miss
3803 http fetch GET 200 https://registry.npmjs.org/min-document 383ms (cache revalidated)
3804 silly packumentCache full:https://registry.npmjs.org/min-document set size:77278 disposed:false
3805 silly placeDep ROOT min-document@2.19.2 OK for: global@4.4.0 want: ^2.19.0
3806 silly fetch manifest dom-walk@^0.1.0
3807 silly packumentCache full:https://registry.npmjs.org/dom-walk cache-miss
3808 http fetch GET 200 https://registry.npmjs.org/dom-walk 379ms (cache revalidated)
3809 silly packumentCache full:https://registry.npmjs.org/dom-walk set size:7213 disposed:false
3810 silly placeDep ROOT dom-walk@0.1.2 OK for: min-document@2.19.2 want: ^0.1.0
3811 silly placeDep ROOT xmlbuilder@11.0.1 OK for: xml2js@0.5.0 want: ~11.0.0
3812 silly placeDep ROOT cliui@6.0.0 OK for: yargs@15.4.1 want: ^6.0.0
3813 silly placeDep ROOT decamelize@1.2.0 OK for: yargs@15.4.1 want: ^1.2.0
3814 silly placeDep ROOT find-up@4.1.0 OK for: yargs@15.4.1 want: ^4.1.0
3815 silly placeDep ROOT get-caller-file@2.0.5 OK for: yargs@15.4.1 want: ^2.0.1
3816 silly placeDep ROOT require-directory@2.1.1 OK for: yargs@15.4.1 want: ^2.1.1
3817 silly placeDep ROOT require-main-filename@2.0.0 OK for: yargs@15.4.1 want: ^2.0.0
3818 silly placeDep ROOT which-module@2.0.1 OK for: yargs@15.4.1 want: ^2.0.0
3819 silly placeDep ROOT y18n@4.0.3 OK for: yargs@15.4.1 want: ^4.0.0
3820 silly placeDep ROOT yargs-parser@18.1.3 OK for: yargs@15.4.1 want: ^18.1.2
3821 silly fetch manifest wrap-ansi@^6.2.0
3822 silly packumentCache full:https://registry.npmjs.org/wrap-ansi cache-miss
3823 silly fetch manifest locate-path@^5.0.0
3824 silly packumentCache full:https://registry.npmjs.org/locate-path cache-miss
3825 silly fetch manifest path-exists@^4.0.0
3826 silly packumentCache full:https://registry.npmjs.org/path-exists cache-miss
3827 silly fetch manifest camelcase@^5.0.0
3828 silly packumentCache full:https://registry.npmjs.org/camelcase cache-miss
3829 http fetch GET 200 https://registry.npmjs.org/locate-path 98ms (cache revalidated)
3830 silly packumentCache full:https://registry.npmjs.org/locate-path set size:31329 disposed:false
3831 http fetch GET 200 https://registry.npmjs.org/wrap-ansi 661ms (cache revalidated)
3832 silly packumentCache full:https://registry.npmjs.org/wrap-ansi set size:55299 disposed:false
3833 http fetch GET 200 https://registry.npmjs.org/camelcase 665ms (cache revalidated)
3834 silly packumentCache full:https://registry.npmjs.org/camelcase set size:60255 disposed:false
3835 http fetch GET 200 https://registry.npmjs.org/path-exists 685ms (cache revalidated)
3836 silly packumentCache full:https://registry.npmjs.org/path-exists set size:13704 disposed:false
3837 silly placeDep ROOT wrap-ansi@6.2.0 OK for: cliui@6.0.0 want: ^6.2.0
3838 silly placeDep ROOT locate-path@5.0.0 OK for: find-up@4.1.0 want: ^5.0.0
3839 silly placeDep ROOT path-exists@4.0.0 OK for: find-up@4.1.0 want: ^4.0.0
3840 silly fetch manifest p-locate@^4.1.0
3841 silly packumentCache full:https://registry.npmjs.org/p-locate cache-miss
3842 http fetch GET 200 https://registry.npmjs.org/p-locate 407ms (cache revalidated)
3843 silly packumentCache full:https://registry.npmjs.org/p-locate set size:22488 disposed:false
3844 silly placeDep ROOT p-locate@4.1.0 OK for: locate-path@5.0.0 want: ^4.1.0
3845 silly fetch manifest p-limit@^2.2.0
3846 silly packumentCache full:https://registry.npmjs.org/p-limit cache-miss
3847 http fetch GET 200 https://registry.npmjs.org/p-limit 84ms (cache revalidated)
3848 silly packumentCache full:https://registry.npmjs.org/p-limit set size:61867 disposed:false
3849 silly placeDep ROOT p-limit@2.3.0 OK for: p-locate@4.1.0 want: ^2.2.0
3850 silly fetch manifest p-try@^2.0.0
3851 silly packumentCache full:https://registry.npmjs.org/p-try cache-miss
3852 http fetch GET 200 https://registry.npmjs.org/p-try 372ms (cache revalidated)
3853 silly packumentCache full:https://registry.npmjs.org/p-try set size:13014 disposed:false
3854 silly placeDep ROOT p-try@2.2.0 OK for: p-limit@2.3.0 want: ^2.0.0
3855 silly placeDep ROOT camelcase@5.3.1 OK for: yargs-parser@18.1.3 want: ^5.0.0
3856 silly placeDep node_modules/@kwsites/file-exists ms@2.1.3 OK for: debug@4.4.3 want: ^2.1.3
3857 silly placeDep node_modules/@mapbox/node-pre-gyp agent-base@6.0.2 OK for: https-proxy-agent@5.0.1 want: 6
3858 silly placeDep node_modules/@mapbox/node-pre-gyp debug@4.4.3 OK for: https-proxy-agent@5.0.1 want: 4
3859 silly placeDep node_modules/@mapbox/node-pre-gyp ms@2.1.3 OK for: debug@4.4.3 want: ^2.1.3
3860 silly placeDep node_modules/@pm2/agent ms@2.1.3 OK for: debug@4.3.7 want: ^2.1.3
3861 silly placeDep node_modules/@pm2/agent lru-cache@6.0.0 OK for: semver@7.5.4 want: ^6.0.0
3862 silly placeDep node_modules/@pm2/io ms@2.1.3 OK for: debug@4.3.7 want: ^2.1.3
3863 silly placeDep node_modules/@pm2/io lru-cache@6.0.0 OK for: semver@7.5.4 want: ^6.0.0
3864 silly placeDep node_modules/@pm2/js-api ms@2.1.3 OK for: debug@4.3.7 want: ^2.1.3
3865 silly placeDep node_modules/@pm2/pm2-version-check ms@2.1.3 OK for: debug@4.4.3 want: ^2.1.3
3866 silly placeDep node_modules/@whiskeysockets/baileys https-proxy-agent@5.0.1 OK for: axios@1.16.1 want: ^5.0.1
3867 silly placeDep node_modules/@whiskeysockets/baileys proxy-from-env@2.1.0 OK for: axios@1.16.1 want: ^2.1.0
3868 silly placeDep node_modules/@whiskeysockets/baileys agent-base@6.0.2 OK for: https-proxy-agent@5.0.1 want: 6
3869 silly placeDep node_modules/@whiskeysockets/baileys debug@4.4.3 OK for: https-proxy-agent@5.0.1 want: 4
3870 silly placeDep node_modules/@whiskeysockets/baileys ms@2.1.3 OK for: debug@4.4.3 want: ^2.1.3
3871 silly placeDep ROOT pify@3.0.0 OK for: make-dir@1.3.0 want: ^3.0.0
3872 silly placeDep node_modules/get-uri ms@2.1.3 OK for: debug@4.4.3 want: ^2.1.3
3873 silly placeDep node_modules/html-encoding-sniffer iconv-lite@0.4.24 OK for: whatwg-encoding@1.0.5 want: 0.4.24
3874 silly placeDep node_modules/http-proxy-agent ms@2.1.3 OK for: debug@4.4.3 want: ^2.1.3
3875 silly placeDep node_modules/https-proxy-agent ms@2.1.3 OK for: debug@4.4.3 want: ^2.1.3
3876 silly placeDep node_modules/jsdom agent-base@6.0.2 OK for: https-proxy-agent@5.0.1 want: 6
3877 silly placeDep node_modules/jsdom debug@4.4.3 OK for: https-proxy-agent@5.0.1 want: 4
3878 silly placeDep node_modules/jsdom ms@2.1.3 OK for: debug@4.4.3 want: ^2.1.3
3879 silly placeDep ROOT psl@1.15.0 OK for: tough-cookie@4.1.4 want: ^1.1.33
3880 silly placeDep node_modules/jsdom universalify@0.2.0 OK for: tough-cookie@4.1.4 want: ^0.2.0
3881 silly placeDep ROOT url-parse@1.5.10 OK for: tough-cookie@4.1.4 want: ^1.5.3
3882 silly fetch manifest querystringify@^2.1.1
3883 silly packumentCache full:https://registry.npmjs.org/querystringify cache-miss
3884 silly fetch manifest requires-port@^1.0.0
3885 silly packumentCache full:https://registry.npmjs.org/requires-port cache-miss
3886 http fetch GET 200 https://registry.npmjs.org/querystringify 278ms (cache revalidated)
3887 silly packumentCache full:https://registry.npmjs.org/querystringify set size:25075 disposed:false
3888 http fetch GET 200 https://registry.npmjs.org/requires-port 575ms (cache revalidated)
3889 silly packumentCache full:https://registry.npmjs.org/requires-port set size:8110 disposed:false
3890 silly placeDep ROOT querystringify@2.2.0 OK for: url-parse@1.5.10 want: ^2.1.1
3891 silly placeDep ROOT requires-port@1.0.0 OK for: url-parse@1.5.10 want: ^1.0.0
3892 silly placeDep node_modules/jsdom iconv-lite@0.4.24 OK for: whatwg-encoding@1.0.5 want: 0.4.24
3893 silly placeDep ROOT @types/long@4.0.2 OK for: protobufjs@6.8.8 want: ^4.0.0
3894 silly placeDep node_modules/libsignal @types/node@10.17.60 OK for: protobufjs@6.8.8 want: ^10.1.0
3895 silly placeDep node_modules/libsignal long@4.0.0 OK for: protobufjs@6.8.8 want: ^4.0.0
3896 silly placeDep ROOT centra@2.7.0 OK for: phin@3.7.1 want: ^2.7.0
3897 silly placeDep node_modules/mongodb-connection-string-url tr46@3.0.0 OK for: whatwg-url@11.0.0 want: ^3.0.0
3898 silly placeDep node_modules/mongodb-connection-string-url webidl-conversions@7.0.0 OK for: whatwg-url@11.0.0 want: ^7.0.0
3899 silly placeDep node_modules/mquery ms@2.1.3 OK for: debug@4.4.3 want: ^2.1.3
3900 silly placeDep node_modules/music-metadata ms@2.1.3 OK for: debug@4.4.3 want: ^2.1.3
3901 silly placeDep node_modules/needle ms@2.1.3 OK for: debug@3.2.7 want: ^2.1.1
3902 silly placeDep node_modules/node-fetch tr46@0.0.3 OK for: whatwg-url@5.0.0 want: ~0.0.3
3903 silly placeDep node_modules/node-fetch webidl-conversions@3.0.1 OK for: whatwg-url@5.0.0 want: ^3.0.0
3904 silly placeDep node_modules/pac-proxy-agent ms@2.1.3 OK for: debug@4.4.3 want: ^2.1.3
3905 silly placeDep node_modules/path inherits@2.0.3 OK for: util@0.10.4 want: 2.0.3
3906 silly placeDep node_modules/pm2-axon-rpc ms@2.1.3 OK for: debug@4.4.3 want: ^2.1.3
3907 silly placeDep node_modules/pm2-axon ms@2.1.3 OK for: debug@4.4.3 want: ^2.1.3
3908 silly placeDep node_modules/pm2-sysmonit ms@2.1.3 OK for: debug@4.4.3 want: ^2.1.3
3909 silly placeDep node_modules/pm2 ms@2.1.3 OK for: debug@4.4.3 want: ^2.1.3
3910 silly placeDep node_modules/prebuild-install decompress-response@6.0.0 OK for: simple-get@4.0.1 want: ^6.0.0
3911 silly fetch manifest mimic-response@^3.1.0
3912 silly packumentCache full:https://registry.npmjs.org/mimic-response cache-hit
3913 silly placeDep node_modules/prebuild-install mimic-response@3.1.0 OK for: decompress-response@6.0.0 want: ^3.1.0
3914 silly placeDep node_modules/prebuild-install chownr@1.1.4 OK for: tar-fs@2.1.4 want: ^1.1.1
3915 silly placeDep node_modules/prebuild-install tar-stream@2.2.0 OK for: tar-fs@2.1.4 want: ^2.1.4
3916 silly fetch manifest bl@^4.0.3
3917 silly packumentCache full:https://registry.npmjs.org/bl cache-miss
3918 silly fetch manifest fs-constants@^1.0.0
3919 silly packumentCache full:https://registry.npmjs.org/fs-constants cache-miss
3920 http fetch GET 200 https://registry.npmjs.org/fs-constants 439ms (cache revalidated)
3921 silly packumentCache full:https://registry.npmjs.org/fs-constants set size:3522 disposed:false
3922 http fetch GET 200 https://registry.npmjs.org/bl 456ms (cache revalidated)
3923 silly packumentCache full:https://registry.npmjs.org/bl set size:199280 disposed:false
3924 silly placeDep ROOT bl@4.1.0 OK for: tar-stream@2.2.0 want: ^4.0.3
3925 silly placeDep ROOT fs-constants@1.0.0 OK for: tar-stream@2.2.0 want: ^1.0.0
3926 silly placeDep node_modules/prebuild-install readable-stream@3.6.2 OK for: tar-stream@2.2.0 want: ^3.1.1
3927 silly fetch manifest readable-stream@^3.4.0
3928 silly packumentCache full:https://registry.npmjs.org/readable-stream cache-hit
3929 silly placeDep node_modules/bl readable-stream@3.6.2 OK for: bl@4.1.0 want: ^3.4.0
3930 silly placeDep node_modules/proxy-agent ms@2.1.3 OK for: debug@4.4.3 want: ^2.1.3
3931 silly placeDep ROOT progress@2.0.3 OK for: @puppeteer/browsers@3.0.3 want: ^2.0.3
3932 silly placeDep node_modules/puppeteer-core yargs@17.7.2 OK for: @puppeteer/browsers@3.0.3 want: ^17.7.2
3933 silly fetch manifest y18n@^5.0.5
3934 silly packumentCache full:https://registry.npmjs.org/y18n cache-hit
3935 silly fetch manifest cliui@^8.0.1
3936 silly packumentCache full:https://registry.npmjs.org/cliui cache-hit
3937 silly fetch manifest escalade@^3.1.1
3938 silly packumentCache full:https://registry.npmjs.org/escalade cache-miss
3939 silly fetch manifest yargs-parser@^21.1.1
3940 silly packumentCache full:https://registry.npmjs.org/yargs-parser cache-hit
3941 http fetch GET 200 https://registry.npmjs.org/escalade 847ms (cache revalidated)
3942 silly packumentCache full:https://registry.npmjs.org/escalade set size:33724 disposed:false
3943 silly placeDep node_modules/puppeteer-core ms@2.1.3 OK for: debug@4.4.3 want: ^2.1.3
3944 silly placeDep node_modules/puppeteer-core http-proxy-agent@9.0.0 OK for: proxy-agent@8.0.1 want: 9.0.0
3945 silly placeDep node_modules/puppeteer-core https-proxy-agent@9.0.0 OK for: proxy-agent@8.0.1 want: 9.0.0
3946 silly placeDep node_modules/puppeteer-core pac-proxy-agent@9.0.1 OK for: proxy-agent@8.0.1 want: 9.0.1
3947 silly placeDep node_modules/puppeteer-core proxy-from-env@2.1.0 OK for: proxy-agent@8.0.1 want: ^2.0.0
3948 silly placeDep node_modules/puppeteer-core socks-proxy-agent@10.0.0 OK for: proxy-agent@8.0.1 want: 10.0.0
3949 silly fetch manifest quickjs-wasi@^2.2.0
3950 silly packumentCache full:https://registry.npmjs.org/quickjs-wasi cache-miss
3951 silly fetch manifest get-uri@8.0.0
3952 silly packumentCache full:https://registry.npmjs.org/get-uri cache-hit
3953 silly fetch manifest pac-resolver@9.0.1
3954 silly packumentCache full:https://registry.npmjs.org/pac-resolver cache-hit
3955 http fetch GET 200 https://registry.npmjs.org/quickjs-wasi 389ms (cache revalidated)
3956 silly packumentCache full:https://registry.npmjs.org/quickjs-wasi set size:66482 disposed:false
3957 silly placeDep node_modules/puppeteer-core get-uri@8.0.0 OK for: pac-proxy-agent@9.0.1 want: 8.0.0
3958 silly placeDep node_modules/puppeteer-core pac-resolver@9.0.1 OK for: pac-proxy-agent@9.0.1 want: 9.0.1
3959 silly placeDep ROOT quickjs-wasi@2.2.0 OK for: pac-resolver@9.0.1 want: ^2.2.0
3960 silly fetch manifest data-uri-to-buffer@8.0.0
3961 silly packumentCache full:https://registry.npmjs.org/data-uri-to-buffer cache-hit
3962 silly fetch manifest degenerator@7.0.1
3963 silly packumentCache full:https://registry.npmjs.org/degenerator cache-hit
3964 silly placeDep node_modules/puppeteer-core data-uri-to-buffer@8.0.0 OK for: get-uri@8.0.0 want: 8.0.0
3965 silly placeDep node_modules/puppeteer-core degenerator@7.0.1 OK for: pac-resolver@9.0.1 want: 7.0.1
3966 silly placeDep node_modules/puppeteer-core cliui@8.0.1 OK for: yargs@17.7.2 want: ^8.0.1
3967 silly placeDep ROOT escalade@3.2.0 OK for: yargs@17.7.2 want: ^3.1.1
3968 silly placeDep node_modules/puppeteer-core y18n@5.0.8 OK for: yargs@17.7.2 want: ^5.0.5
3969 silly placeDep node_modules/puppeteer-core yargs-parser@21.1.1 OK for: yargs@17.7.2 want: ^21.1.1
3970 silly fetch manifest wrap-ansi@^7.0.0
3971 silly packumentCache full:https://registry.npmjs.org/wrap-ansi cache-hit
3972 silly placeDep node_modules/puppeteer-core wrap-ansi@7.0.0 OK for: cliui@8.0.1 want: ^7.0.0
3973 silly placeDep node_modules/puppeteer debug@4.4.3 OK for: @puppeteer/browsers@3.0.3 want: ^4.4.3
3974 silly placeDep node_modules/puppeteer yargs@17.7.2 OK for: @puppeteer/browsers@3.0.3 want: ^17.7.2
3975 silly placeDep node_modules/puppeteer ms@2.1.3 OK for: debug@4.4.3 want: ^2.1.3
3976 silly placeDep node_modules/puppeteer http-proxy-agent@9.0.0 OK for: proxy-agent@8.0.1 want: 9.0.0
3977 silly placeDep node_modules/puppeteer https-proxy-agent@9.0.0 OK for: proxy-agent@8.0.1 want: 9.0.0
3978 silly placeDep node_modules/puppeteer pac-proxy-agent@9.0.1 OK for: proxy-agent@8.0.1 want: 9.0.1
3979 silly placeDep node_modules/puppeteer proxy-from-env@2.1.0 OK for: proxy-agent@8.0.1 want: ^2.0.0
3980 silly placeDep node_modules/puppeteer socks-proxy-agent@10.0.0 OK for: proxy-agent@8.0.1 want: 10.0.0
3981 silly placeDep node_modules/puppeteer get-uri@8.0.0 OK for: pac-proxy-agent@9.0.1 want: 8.0.0
3982 silly placeDep node_modules/puppeteer pac-resolver@9.0.1 OK for: pac-proxy-agent@9.0.1 want: 9.0.1
3983 silly placeDep node_modules/puppeteer data-uri-to-buffer@8.0.0 OK for: get-uri@8.0.0 want: 8.0.0
3984 silly placeDep node_modules/puppeteer degenerator@7.0.1 OK for: pac-resolver@9.0.1 want: 7.0.1
3985 silly placeDep node_modules/puppeteer cliui@8.0.1 OK for: yargs@17.7.2 want: ^8.0.1
3986 silly placeDep node_modules/puppeteer y18n@5.0.8 OK for: yargs@17.7.2 want: ^5.0.5
3987 silly placeDep node_modules/puppeteer yargs-parser@21.1.1 OK for: yargs@17.7.2 want: ^21.1.1
3988 silly placeDep node_modules/puppeteer wrap-ansi@7.0.0 OK for: cliui@8.0.1 want: ^7.0.0
3989 silly placeDep ROOT abort-controller@3.0.0 OK for: readable-stream@4.7.0 want: ^3.0.0
3990 silly placeDep node_modules/readable-web-to-node-stream buffer@6.0.3 OK for: readable-stream@4.7.0 want: ^6.0.3
3991 silly placeDep ROOT events@3.3.0 OK for: readable-stream@4.7.0 want: ^3.3.0
3992 silly placeDep node_modules/readable-web-to-node-stream string_decoder@1.3.0 OK for: readable-stream@4.7.0 want: ^1.3.0
3993 silly fetch manifest event-target-shim@^5.0.0
3994 silly packumentCache full:https://registry.npmjs.org/event-target-shim cache-miss
3995 http fetch GET 200 https://registry.npmjs.org/event-target-shim 440ms (cache revalidated)
3996 silly packumentCache full:https://registry.npmjs.org/event-target-shim set size:103601 disposed:false
3997 silly placeDep ROOT event-target-shim@5.0.1 OK for: abort-controller@3.0.0 want: ^5.0.0
3998 silly placeDep node_modules/require-in-the-middle ms@2.1.3 OK for: debug@4.4.3 want: ^2.1.3
3999 silly placeDep node_modules/sharp decompress-response@6.0.0 OK for: simple-get@4.0.1 want: ^6.0.0
4000 silly placeDep node_modules/sharp mimic-response@3.1.0 OK for: decompress-response@6.0.0 want: ^3.1.0
4001 silly placeDep node_modules/simple-git ms@2.1.3 OK for: debug@4.4.3 want: ^2.1.3
4002 silly placeDep node_modules/socks-proxy-agent ms@2.1.3 OK for: debug@4.4.3 want: ^2.1.3
4003 silly placeDep node_modules/wa-sticker-formatter node-addon-api@5.1.0 OK for: sharp@0.30.7 want: ^5.0.0
4004 silly placeDep node_modules/wa-sticker-formatter simple-get@4.0.1 OK for: sharp@0.30.7 want: ^4.0.1
4005 silly placeDep node_modules/wa-sticker-formatter tar-fs@2.1.4 OK for: sharp@0.30.7 want: ^2.1.1
4006 silly placeDep node_modules/wa-sticker-formatter decompress-response@6.0.0 OK for: simple-get@4.0.1 want: ^6.0.0
4007 silly placeDep node_modules/wa-sticker-formatter mimic-response@3.1.0 OK for: decompress-response@6.0.0 want: ^3.1.0
4008 silly placeDep node_modules/wa-sticker-formatter chownr@1.1.4 OK for: tar-fs@2.1.4 want: ^1.1.1
4009 silly placeDep node_modules/wa-sticker-formatter tar-stream@2.2.0 OK for: tar-fs@2.1.4 want: ^2.1.4
4010 silly placeDep node_modules/wa-sticker-formatter readable-stream@3.6.2 OK for: tar-stream@2.2.0 want: ^3.1.1
4011 silly reify moves {}
4012 silly audit bulk request {
4012 silly audit   '@adiwajshing/keyed-db': [ '0.2.4' ],
4012 silly audit   '@distube/ytdl-core': [ '4.16.12' ],
4012 silly audit   '@hapi/boom': [ '9.1.4' ],
4012 silly audit   '@whiskeysockets/baileys': [ '6.6.0' ],
4012 silly audit   acrcloud: [ '1.4.0' ],
4012 silly audit   'anime-character-random': [ '1.0.14' ],
4012 silly audit   'async-g-i-s': [ '1.5.5' ],
4012 silly audit   'node-fetch': [ '2.7.0' ],
4012 silly audit   axios: [ '0.24.0', '1.16.1', '0.21.4' ],
4012 silly audit   bcryptjs: [ '2.4.3' ],
4012 silly audit   canvas: [ '2.11.2' ],
4012 silly audit   cheerio: [ '1.2.0' ],
4012 silly audit   child_process: [ '1.0.2' ],
4012 silly audit   'connect-pg-simple': [ '9.0.1' ],
4012 silly audit   'cookie-parser': [ '1.4.7' ],
4012 silly audit   'crypto-js': [ '4.2.0' ],
4012 silly audit   dotenv: [ '16.6.1' ],
4012 silly audit   express: [ '4.22.2' ],
4012 silly audit   'express-session': [ '1.19.0' ],
4012 silly audit   ffmpeg: [ '0.0.4' ],
4012 silly audit   'file-type': [ '16.5.4' ],
4012 silly audit   'fluent-ffmpeg': [ '2.1.3' ],
4012 silly audit   'form-data': [ '4.0.5', '2.5.5', '3.0.4' ],
4012 silly audit   'fs-extra': [ '10.1.0' ],
4012 silly audit   'google-tts-api': [ '2.0.2' ],
4012 silly audit   jimp: [ '0.16.13' ],
4012 silly audit   jsdom: [ '16.7.0' ],
4012 silly audit   moment: [ '2.30.1' ],
4012 silly audit   'moment-timezone': [ '0.5.48' ],
4012 silly audit   mongoose: [ '6.13.9' ],
4012 silly audit   multer: [ '1.4.5-lts.2' ],
4012 silly audit   'node-cron': [ '3.0.3' ],
4012 silly audit   'node-webpmux': [ '3.2.1' ],
4012 silly audit   path: [ '0.12.7' ],
4012 silly audit   pg: [ '8.21.0' ],
4012 silly audit   pino: [ '7.11.0' ],
4012 silly audit   pm2: [ '5.4.3' ],
4012 silly audit   puppeteer: [ '25.0.4' ],
4012 silly audit   qrcode: [ '1.5.4' ],
4012 silly audit   'simple-git': [ '3.36.0' ],
4012 silly audit   translatte: [ '3.0.1' ],
4012 silly audit   util: [ '0.12.5', '0.10.4' ],
4012 silly audit   'wa-sticker-formatter': [ '4.4.4' ],
4012 silly audit   'ytdl-core': [ '4.11.5' ],
4012 silly audit   'http-cookie-agent': [ '7.0.4' ],
4012 silly audit   'tough-cookie': [ '5.1.2', '4.1.4' ],
4012 silly audit   'https-proxy-agent': [ '7.0.6', '5.0.1', '9.0.0' ],
4012 silly audit   m3u8stream: [ '0.8.6' ],
4012 silly audit   miniget: [ '4.2.3' ],
4012 silly audit   sax: [ '1.6.0' ],
4012 silly audit   undici: [ '7.25.0' ],
4012 silly audit   '@hapi/hoek': [ '9.3.0' ],
4012 silly audit   'audio-decode': [ '2.2.3' ],
4012 silly audit   'cache-manager': [ '4.0.1' ],
4012 silly audit   'futoin-hkdf': [ '1.5.3' ],
4012 silly audit   'libphonenumber-js': [ '1.13.2' ],
4012 silly audit   libsignal: [ '2.0.1' ],
4012 silly audit   'music-metadata': [ '7.14.0' ],
4012 silly audit   'node-cache': [ '5.1.2' ],
4012 silly audit   protobufjs: [ '7.6.0', '6.8.8' ],
4012 silly audit   uuid: [ '9.0.1', '8.3.2' ],
4012 silly audit   ws: [ '8.20.1', '7.5.10' ],
4012 silly audit   '@wasm-audio-decoders/flac': [ '0.2.10' ],
4012 silly audit   '@wasm-audio-decoders/ogg-vorbis': [ '0.1.20' ],
4012 silly audit   'audio-buffer': [ '5.0.0' ],
4012 silly audit   'audio-type': [ '2.4.1' ],
4012 silly audit   'mpg123-decoder': [ '1.0.3' ],
4012 silly audit   'node-wav': [ '0.0.2' ],
4012 silly audit   'ogg-opus-decoder': [ '1.7.3' ],
4012 silly audit   'qoa-format': [ '1.0.1' ],
4012 silly audit   '@wasm-audio-decoders/common': [ '9.0.7' ],
4012 silly audit   'codec-parser': [ '2.5.0' ],
4012 silly audit   '@eshaz/web-worker': [ '1.2.2' ],
4012 silly audit   'simple-yenc': [ '1.0.4' ],
4012 silly audit   'follow-redirects': [ '1.16.0' ],
4012 silly audit   async: [ '3.2.3', '0.2.10', '2.6.4' ],
4012 silly audit   'lodash.clonedeep': [ '4.5.0' ],
4012 silly audit   'lru-cache': [ '7.18.3', '6.0.0' ],
4012 silly audit   '@mapbox/node-pre-gyp': [ '1.0.11' ],
4012 silly audit   nan: [ '2.27.0' ],
4012 silly audit   'simple-get': [ '3.1.1', '4.0.1' ],
4012 silly audit   'detect-libc': [ '2.1.2' ],
4012 silly audit   'make-dir': [ '3.1.0', '1.3.0' ],
4012 silly audit   nopt: [ '5.0.0' ],
4012 silly audit   npmlog: [ '5.0.1' ],
4012 silly audit   rimraf: [ '3.0.2' ],
4012 silly audit   semver: [ '7.8.1', '6.3.1', '7.5.4' ],
4012 silly audit   tar: [ '6.2.1' ],
4012 silly audit   'cheerio-select': [ '2.1.0' ],
4012 silly audit   'dom-serializer': [ '2.0.0' ],
4012 silly audit   domhandler: [ '5.0.3' ],
4012 silly audit   domutils: [ '3.2.2' ],
4012 silly audit   'encoding-sniffer': [ '0.2.1' ],
4012 silly audit   htmlparser2: [ '10.1.0' ],
4012 silly audit   parse5: [ '7.3.0', '6.0.1' ],
4012 silly audit   'parse5-htmlparser2-tree-adapter': [ '7.1.0' ],
4012 silly audit   'parse5-parser-stream': [ '7.1.2' ],
4012 silly audit   'whatwg-mimetype': [ '4.0.0', '2.3.0' ],
4012 silly audit   boolbase: [ '1.0.0' ],
4012 silly audit   'css-select': [ '5.2.2' ],
4012 silly audit   'css-what': [ '6.2.2' ],
4012 silly audit   domelementtype: [ '2.3.0' ],
4012 silly audit   cookie: [ '0.7.2' ],
4012 silly audit   'cookie-signature': [ '1.0.6', '1.0.7' ],
4012 silly audit   'nth-check': [ '2.1.1' ],
4012 silly audit   entities: [ '4.5.0', '7.0.1', '6.0.1' ],
4012 silly audit   'iconv-lite': [ '0.6.3', '0.4.24' ],
4012 silly audit   'whatwg-encoding': [ '3.1.1', '1.0.5' ],
4012 silly audit   accepts: [ '1.3.8' ],
4012 silly audit   'array-flatten': [ '1.1.1' ],
4012 silly audit   'body-parser': [ '1.20.5' ],
4012 silly audit   'content-disposition': [ '0.5.4' ],
4012 silly audit   'content-type': [ '1.0.5' ],
4012 silly audit   debug: [ '2.6.9', '4.4.3', '4.3.7', '3.2.7' ],
4012 silly audit   depd: [ '2.0.0' ],
4012 silly audit   encodeurl: [ '2.0.0' ],
4012 silly audit   'escape-html': [ '1.0.3' ],
4012 silly audit   etag: [ '1.8.1' ],
4012 silly audit   finalhandler: [ '1.3.2' ],
4012 silly audit   fresh: [ '0.5.2' ],
4012 silly audit   'http-errors': [ '2.0.1' ],
4012 silly audit   'merge-descriptors': [ '1.0.3' ],
4012 silly audit   methods: [ '1.1.2' ],
4012 silly audit   'on-finished': [ '2.4.1' ],
4012 silly audit   parseurl: [ '1.3.3' ],
4012 silly audit   'path-to-regexp': [ '0.1.13' ],
4012 silly audit   'proxy-addr': [ '2.0.7' ],
4012 silly audit   qs: [ '6.15.2' ],
4012 silly audit   'range-parser': [ '1.2.1' ],
4012 silly audit   'safe-buffer': [ '5.2.1', '5.1.2' ],
4012 silly audit   send: [ '0.19.2' ],
4012 silly audit   'serve-static': [ '1.16.3' ],
4012 silly audit   setprototypeof: [ '1.2.0' ],
4012 silly audit   statuses: [ '2.0.2' ],
4012 silly audit   'type-is': [ '1.6.18' ],
4012 silly audit   'utils-merge': [ '1.0.1' ],
4012 silly audit   vary: [ '1.1.2' ],
4012 silly audit   'mime-types': [ '2.1.35' ],
4012 silly audit   negotiator: [ '0.6.3' ],
4012 silly audit   bytes: [ '3.1.2' ],
4012 silly audit   destroy: [ '1.2.0' ],
4012 silly audit   'raw-body': [ '2.5.3' ],
4012 silly audit   unpipe: [ '1.0.0' ],
4012 silly audit   ms: [ '2.0.0', '2.1.3' ],
4012 silly audit   'on-headers': [ '1.1.0' ],
4012 silly audit   'uid-safe': [ '2.1.5' ],
4012 silly audit   when: [ '3.7.8' ],
4012 silly audit   'readable-web-to-node-stream': [ '3.0.4' ],
4012 silly audit   strtok3: [ '6.3.0' ],
4012 silly audit   'token-types': [ '4.2.1' ],
4012 silly audit   which: [ '1.3.1' ],
4012 silly audit   asynckit: [ '0.4.0' ],
4012 silly audit   'combined-stream': [ '1.0.8' ],
4012 silly audit   'es-set-tostringtag': [ '2.1.0' ],
4012 silly audit   hasown: [ '2.0.3' ],
4012 silly audit   'delayed-stream': [ '1.0.0' ],
4012 silly audit   'es-errors': [ '1.3.0' ],
4012 silly audit   'get-intrinsic': [ '1.3.0' ],
4012 silly audit   'has-tostringtag': [ '1.0.2' ],
4012 silly audit   'graceful-fs': [ '4.2.11' ],
4012 silly audit   jsonfile: [ '6.2.1' ],
4012 silly audit   universalify: [ '2.0.1', '0.2.0' ],
4012 silly audit   'call-bind-apply-helpers': [ '1.0.2' ],
4012 silly audit   'es-define-property': [ '1.0.1' ],
4012 silly audit   'es-object-atoms': [ '1.1.1' ],
4012 silly audit   'function-bind': [ '1.1.2' ],
4012 silly audit   'get-proto': [ '1.0.1' ],
4012 silly audit   gopd: [ '1.2.0' ],
4012 silly audit   'has-symbols': [ '1.1.0' ],
4012 silly audit   'math-intrinsics': [ '1.1.0' ],
4012 silly audit   'dunder-proto': [ '1.0.1' ],
4012 silly audit   'agent-base': [ '9.0.0', '7.1.4', '6.0.2' ],
4012 silly audit   inherits: [ '2.0.4', '2.0.3' ],
4012 silly audit   toidentifier: [ '1.0.1' ],
4012 silly audit   'safer-buffer': [ '2.1.2' ],
4012 silly audit   '@babel/runtime': [ '7.29.2' ],
4012 silly audit   '@jimp/custom': [ '0.16.13' ],
4012 silly audit   '@jimp/plugins': [ '0.16.13' ],
4012 silly audit   '@jimp/types': [ '0.16.13' ],
4012 silly audit   'regenerator-runtime': [ '0.13.11' ],
4012 silly audit   '@jimp/core': [ '0.16.13' ],
4012 silly audit   '@jimp/utils': [ '0.16.13' ],
4012 silly audit   'any-base': [ '1.1.0' ],
4012 silly audit   buffer: [ '5.7.1', '6.0.3' ],
4012 silly audit   'exif-parser': [ '0.1.12' ],
4012 silly audit   'load-bmfont': [ '1.4.2' ],
4012 silly audit   mkdirp: [ '0.5.6', '1.0.4' ],
4012 silly audit   phin: [ '2.9.3', '3.7.1' ],
4012 silly audit   pixelmatch: [ '4.0.2' ],
4012 silly audit   tinycolor2: [ '1.6.0' ],
4012 silly audit   '@jimp/plugin-blit': [ '0.16.13' ],
4012 silly audit   '@jimp/plugin-blur': [ '0.16.13' ],
4012 silly audit   '@jimp/plugin-circle': [ '0.16.13' ],
4012 silly audit   '@jimp/plugin-color': [ '0.16.13' ],
4012 silly audit   '@jimp/plugin-contain': [ '0.16.13' ],
4012 silly audit   '@jimp/plugin-scale': [ '0.16.13' ],
4012 silly audit   '@jimp/plugin-resize': [ '0.16.13' ],
4012 silly audit   '@jimp/plugin-cover': [ '0.16.13' ],
4012 silly audit   '@jimp/plugin-crop': [ '0.16.13' ],
4012 silly audit   '@jimp/plugin-displace': [ '0.16.13' ],
4012 silly audit   '@jimp/plugin-dither': [ '0.16.13' ],
4012 silly audit   '@jimp/plugin-fisheye': [ '0.16.13' ],
4012 silly audit   '@jimp/plugin-flip': [ '0.16.13' ],
4012 silly audit   '@jimp/plugin-rotate': [ '0.16.13' ],
4012 silly audit   '@jimp/plugin-gaussian': [ '0.16.13' ],
4012 silly audit   '@jimp/plugin-invert': [ '0.16.13' ],
4012 silly audit   '@jimp/plugin-mask': [ '0.16.13' ],
4012 silly audit   '@jimp/plugin-normalize': [ '0.16.13' ],
4012 silly audit   '@jimp/plugin-print': [ '0.16.13' ],
4012 silly audit   '@jimp/plugin-shadow': [ '0.16.13' ],
4012 silly audit   '@jimp/plugin-threshold': [ '0.16.13' ],
4012 silly audit   timm: [ '1.7.1' ],
4012 silly audit   '@jimp/bmp': [ '0.16.13' ],
4012 silly audit   '@jimp/gif': [ '0.16.13' ],
4012 silly audit   '@jimp/jpeg': [ '0.16.13' ],
4012 silly audit   '@jimp/png': [ '0.16.13' ],
4012 silly audit   '@jimp/tiff': [ '0.16.13' ],
4012 silly audit   'bmp-js': [ '0.1.0' ],
4012 silly audit   gifwrap: [ '0.9.4' ],
4012 silly audit   omggif: [ '1.0.10' ],
4012 silly audit   'jpeg-js': [ '0.4.4' ],
4012 silly audit   pngjs: [ '3.4.0', '5.0.0' ],
4012 silly audit   utif: [ '2.0.1' ],
4012 silly audit   'base64-js': [ '1.5.1' ],
4012 silly audit   ieee754: [ '1.2.1' ],
4012 silly audit   'image-q': [ '4.0.0' ],
4012 silly audit   '@types/node': [ '16.9.1', '10.17.60' ],
4012 silly audit   abab: [ '2.0.6' ],
4012 silly audit   acorn: [ '8.16.0', '7.4.1' ],
4012 silly audit   'acorn-globals': [ '6.0.0' ],
4012 silly audit   cssom: [ '0.4.4', '0.3.8' ],
4012 silly audit   cssstyle: [ '2.3.0' ],
4012 silly audit   'data-urls': [ '2.0.0' ],
4012 silly audit   'decimal.js': [ '10.6.0' ],
4012 silly audit   domexception: [ '2.0.1' ],
4012 silly audit   escodegen: [ '2.1.0' ],
4012 silly audit   'html-encoding-sniffer': [ '2.0.1' ],
4012 silly audit   'http-proxy-agent': [ '4.0.1', '7.0.2', '9.0.0' ],
4012 silly audit   'is-potential-custom-element-name': [ '1.0.1' ],
4012 silly audit   nwsapi: [ '2.2.23' ],
4012 silly audit   saxes: [ '5.0.1' ],
4012 silly audit   'symbol-tree': [ '3.2.4' ],
4012 silly audit   'w3c-hr-time': [ '1.0.2' ],
4012 silly audit   'w3c-xmlserializer': [ '2.0.0' ],
4012 silly audit   'webidl-conversions': [ '6.1.0', '5.0.0', '7.0.0', '3.0.1' ],
4012 silly audit   'whatwg-url': [ '8.7.0', '11.0.0', '5.0.0' ],
4012 silly audit   'xml-name-validator': [ '3.0.0' ],
4012 silly audit   'acorn-walk': [ '7.2.0' ],
4012 silly audit   esprima: [ '4.0.1' ],
4012 silly audit   estraverse: [ '5.3.0' ],
4012 silly audit   esutils: [ '2.0.3' ],
4012 silly audit   'source-map': [ '0.6.1' ],
4012 silly audit   '@tootallnate/once': [ '1.1.2' ],
4012 silly audit   'curve25519-js': [ '0.0.4' ],
4012 silly audit   'buffer-equal': [ '0.0.1' ],
4012 silly audit   mime: [ '1.6.0' ],
4012 silly audit   'parse-bmfont-ascii': [ '1.0.6' ],
4012 silly audit   'parse-bmfont-binary': [ '1.0.6' ],
4012 silly audit   'parse-bmfont-xml': [ '1.1.6' ],
4012 silly audit   xhr: [ '2.6.0' ],
4012 silly audit   xtend: [ '4.0.2' ],
4012 silly audit   'mime-db': [ '1.52.0' ],
4012 silly audit   minimist: [ '1.2.8' ],
4012 silly audit   bson: [ '4.7.2' ],
4012 silly audit   kareem: [ '2.5.1' ],
4012 silly audit   mongodb: [ '4.17.2' ],
4012 silly audit   mpath: [ '0.9.0' ],
4012 silly audit   mquery: [ '4.0.3' ],
4012 silly audit   sift: [ '16.0.1' ],
4012 silly audit   '@aws-sdk/credential-providers': [ '3.1052.0' ],
4012 silly audit   '@mongodb-js/saslprep': [ '1.4.11' ],
4012 silly audit   'mongodb-connection-string-url': [ '2.6.0' ],
4012 silly audit   socks: [ '2.8.9' ],
4012 silly audit   '@aws-sdk/client-cognito-identity': [ '3.1052.0' ],
4012 silly audit   '@aws-sdk/core': [ '3.974.13' ],
4012 silly audit   '@aws-sdk/credential-provider-cognito-identity': [ '3.972.36' ],
4012 silly audit   '@aws-sdk/credential-provider-env': [ '3.972.39' ],
4012 silly audit   '@aws-sdk/credential-provider-http': [ '3.972.41' ],
4012 silly audit   '@aws-sdk/credential-provider-ini': [ '3.972.43' ],
4012 silly audit   '@aws-sdk/credential-provider-login': [ '3.972.43' ],
4012 silly audit   '@aws-sdk/credential-provider-node': [ '3.972.44' ],
4012 silly audit   '@aws-sdk/credential-provider-process': [ '3.972.39' ],
4012 silly audit   '@aws-sdk/credential-provider-sso': [ '3.972.43' ],
4012 silly audit   '@aws-sdk/credential-provider-web-identity': [ '3.972.43' ],
4012 silly audit   '@aws-sdk/nested-clients': [ '3.997.11' ],
4012 silly audit   '@aws-sdk/types': [ '3.973.9' ],
4012 silly audit   '@smithy/core': [ '3.24.4' ],
4012 silly audit   '@smithy/credential-provider-imds': [ '4.3.4' ],
4012 silly audit   '@smithy/types': [ '4.14.2' ],
4012 silly audit   tslib: [ '2.8.1', '1.9.3' ],
4012 silly audit   '@aws-crypto/sha256-browser': [ '5.2.0' ],
4012 silly audit   '@aws-crypto/sha256-js': [ '5.2.0' ],
4012 silly audit   '@smithy/fetch-http-handler': [ '5.4.4' ],
4012 silly audit   '@smithy/node-http-handler': [ '4.7.4' ],
4012 silly audit   '@aws-crypto/supports-web-crypto': [ '5.2.0' ],
4012 silly audit   '@aws-crypto/util': [ '5.2.0' ],
4012 silly audit   '@aws-sdk/util-locate-window': [ '3.965.5' ],
4012 silly audit   '@smithy/util-utf8': [ '2.3.0' ],
4012 silly audit   '@aws-sdk/xml-builder': [ '3.972.25' ],
4012 silly audit   '@aws/lambda-invoke-store': [ '0.2.4' ],
4012 silly audit   '@smithy/signature-v4': [ '5.4.4' ],
4012 silly audit   bowser: [ '2.14.1' ],
4012 silly audit   '@aws-sdk/token-providers': [ '3.1052.0' ],
4012 silly audit   '@aws-sdk/signature-v4-multi-region': [ '3.996.28' ],
4012 silly audit   '@nodable/entities': [ '2.1.0' ],
4012 silly audit   'fast-xml-parser': [ '5.7.3' ],
4012 silly audit   'sparse-bitfield': [ '3.0.3' ],
4012 silly audit   '@aws-crypto/crc32': [ '5.2.0' ],
4012 silly audit   '@smithy/util-buffer-from': [ '2.2.0' ],
4012 silly audit   '@smithy/is-array-buffer': [ '2.2.0' ],
4012 silly audit   'fast-xml-builder': [ '1.2.0' ],
4012 silly audit   'path-expression-matcher': [ '1.5.0' ],
4012 silly audit   strnum: [ '2.3.0' ],
4012 silly audit   'xml-naming': [ '0.1.0' ],
4012 silly audit   '@types/whatwg-url': [ '8.2.2' ],
4012 silly audit   '@types/webidl-conversions': [ '7.0.3' ],
4012 silly audit   'append-field': [ '1.0.0' ],
4012 silly audit   busboy: [ '1.6.0' ],
4012 silly audit   'concat-stream': [ '1.6.2' ],
4012 silly audit   'object-assign': [ '4.1.1' ],
4012 silly audit   streamsearch: [ '1.1.0' ],
4012 silly audit   'buffer-from': [ '1.1.2' ],
4012 silly audit   'readable-stream': [ '2.3.8', '3.6.2', '4.7.0' ],
4012 silly audit   typedarray: [ '0.0.6' ],
4012 silly audit   '@tokenizer/token': [ '0.3.0' ],
4012 silly audit   'media-typer': [ '1.1.0', '0.3.0' ],
4012 silly audit   clone: [ '2.1.2' ],
4012 silly audit   abbrev: [ '1.1.1' ],
4012 silly audit   'are-we-there-yet': [ '2.0.0' ],
4012 silly audit   'console-control-strings': [ '1.1.0' ],
4012 silly audit   gauge: [ '3.0.2' ],
4012 silly audit   'set-blocking': [ '2.0.0' ],
4012 silly audit   delegates: [ '1.0.0' ],
4012 silly audit   aproba: [ '2.1.0' ],
4012 silly audit   'color-support': [ '1.1.3' ],
4012 silly audit   'has-unicode': [ '2.0.1' ],
4012 silly audit   'signal-exit': [ '3.0.7' ],
4012 silly audit   'string-width': [ '4.2.3' ],
4012 silly audit   'strip-ansi': [ '6.0.1' ],
4012 silly audit   'wide-align': [ '1.1.5' ],
4012 silly audit   '@wasm-audio-decoders/opus-ml': [ '0.0.2' ],
4012 silly audit   'opus-decoder': [ '0.7.11' ],
4012 silly audit   'ee-first': [ '1.1.1' ],
4012 silly audit   'xml-parse-from-string': [ '1.0.1' ],
4012 silly audit   xml2js: [ '0.5.0' ],
4012 silly audit   process: [ '0.11.10' ],
4012 silly audit   'pg-cloudflare': [ '1.4.0' ],
4012 silly audit   'pg-connection-string': [ '2.13.0' ],
4012 silly audit   'pg-pool': [ '3.14.0' ],
4012 silly audit   'pg-protocol': [ '1.14.0' ],
4012 silly audit   'pg-types': [ '2.2.0' ],
4012 silly audit   pgpass: [ '1.0.5' ],
4012 silly audit   'pg-int8': [ '1.0.1' ],
4012 silly audit   'postgres-array': [ '2.0.0' ],
4012 silly audit   'postgres-bytea': [ '1.0.1' ],
4012 silly audit   'postgres-date': [ '1.0.7' ],
4012 silly audit   'postgres-interval': [ '1.2.0' ],
4012 silly audit   split2: [ '4.2.0' ],
4012 silly audit   'atomic-sleep': [ '1.0.0' ],
4012 silly audit   'fast-redact': [ '3.5.0' ],
4012 silly audit   'on-exit-leak-free': [ '0.2.0' ],
4012 silly audit   'pino-abstract-transport': [ '0.5.0' ],
4012 silly audit   'pino-std-serializers': [ '4.0.0' ],
4012 silly audit   'process-warning': [ '1.0.0' ],
4012 silly audit   'quick-format-unescaped': [ '4.0.4' ],
4012 silly audit   'real-require': [ '0.1.0' ],
4012 silly audit   'safe-stable-stringify': [ '2.5.0' ],
4012 silly audit   'sonic-boom': [ '2.8.0' ],
4012 silly audit   'thread-stream': [ '0.15.2' ],
4012 silly audit   duplexify: [ '4.1.3' ],
4012 silly audit   'end-of-stream': [ '1.4.5' ],
4012 silly audit   'stream-shift': [ '1.0.3' ],
4012 silly audit   once: [ '1.4.0' ],
4012 silly audit   wrappy: [ '1.0.2' ],
4012 silly audit   '@pm2/agent': [ '2.0.4' ],
4012 silly audit   '@pm2/io': [ '6.0.1' ],
4012 silly audit   '@pm2/js-api': [ '0.8.0' ],
4012 silly audit   '@pm2/pm2-version-check': [ '1.0.4' ],
4012 silly audit   blessed: [ '0.1.81' ],
4012 silly audit   chalk: [ '3.0.0' ],
4012 silly audit   chokidar: [ '3.6.0' ],
4012 silly audit   'cli-tableau': [ '2.0.1' ],
4012 silly audit   commander: [ '2.15.1' ],
4012 silly audit   croner: [ '4.1.97' ],
4012 silly audit   dayjs: [ '1.11.20', '1.8.36' ],
4012 silly audit   enquirer: [ '2.3.6' ],
4012 silly audit   eventemitter2: [ '5.0.1', '6.4.9', '0.4.14' ],
4012 silly audit   fclone: [ '1.0.11' ],
4012 silly audit   'js-yaml': [ '4.1.1' ],
4012 silly audit   needle: [ '2.4.0' ],
4012 silly audit   pidusage: [ '3.0.2', '2.0.21' ],
4012 silly audit   'pm2-axon': [ '4.0.1' ],
4012 silly audit   'pm2-axon-rpc': [ '0.7.1' ],
4012 silly audit   'pm2-deploy': [ '1.0.2' ],
4012 silly audit   'pm2-multimeter': [ '0.1.2' ],
4012 silly audit   'pm2-sysmonit': [ '1.2.8' ],
4012 silly audit   promptly: [ '2.2.0' ],
4012 silly audit   'source-map-support': [ '0.5.21' ],
4012 silly audit   'sprintf-js': [ '1.1.2' ],
4012 silly audit   vizion: [ '2.2.1' ],
4012 silly audit   'fast-json-patch': [ '3.1.1' ],
4012 silly audit   nssocket: [ '0.6.0' ],
4012 silly audit   'proxy-agent': [ '6.3.1', '8.0.1' ],
4012 silly audit   'require-in-the-middle': [ '5.2.0' ],
4012 silly audit   shimmer: [ '1.2.1' ],
4012 silly audit   extrareqp2: [ '1.0.0' ],
4012 silly audit   'ansi-styles': [ '4.3.0' ],
4012 silly audit   'supports-color': [ '7.2.0' ],
4012 silly audit   'color-convert': [ '2.0.1' ],
4012 silly audit   anymatch: [ '3.1.3' ],
4012 silly audit   braces: [ '3.0.3' ],
4012 silly audit   fsevents: [ '2.3.3' ],
4012 silly audit   'glob-parent': [ '5.1.2' ],
4012 silly audit   'is-binary-path': [ '2.1.0' ],
4012 silly audit   'is-glob': [ '4.0.3' ],
4012 silly audit   'normalize-path': [ '3.0.0' ],
4012 silly audit   readdirp: [ '3.6.0' ],
4012 silly audit   picomatch: [ '2.3.2' ],
4012 silly audit   'fill-range': [ '7.1.1' ],
4012 silly audit   'color-name': [ '1.1.4' ],
4012 silly audit   'ansi-colors': [ '4.1.3' ],
4012 silly audit   'to-regex-range': [ '5.0.1' ],
4012 silly audit   'binary-extensions': [ '2.3.0' ],
4012 silly audit   'is-extglob': [ '2.1.1' ],
4012 silly audit   argparse: [ '2.0.1' ],
4012 silly audit   lazy: [ '1.0.11' ],
4012 silly audit   amp: [ '0.3.1' ],
4012 silly audit   'amp-message': [ '0.1.2' ],
4012 silly audit   'escape-string-regexp': [ '4.0.0' ],
4012 silly audit   'run-series': [ '1.1.9' ],
4012 silly audit   tv4: [ '1.3.0' ],
4012 silly audit   charm: [ '0.1.2' ],
4012 silly audit   systeminformation: [ '5.31.6' ],
4012 silly audit   tx2: [ '1.0.5' ],
4012 silly audit   read: [ '1.0.7' ],
4012 silly audit   '@protobufjs/aspromise': [ '1.1.2' ],
4012 silly audit   '@protobufjs/base64': [ '1.1.2' ],
4012 silly audit   '@protobufjs/codegen': [ '2.0.5' ],
4012 silly audit   '@protobufjs/eventemitter': [ '1.1.0' ],
4012 silly audit   '@protobufjs/fetch': [ '1.1.1' ],
4012 silly audit   '@protobufjs/float': [ '1.0.2' ],
4012 silly audit   '@protobufjs/inquire': [ '1.1.2' ],
4012 silly audit   '@protobufjs/path': [ '1.1.2' ],
4012 silly audit   '@protobufjs/pool': [ '1.1.0' ],
4012 silly audit   '@protobufjs/utf8': [ '1.1.1' ],
4012 silly audit   long: [ '5.3.2', '4.0.0' ],
4012 silly audit   forwarded: [ '0.2.0' ],
4012 silly audit   'ipaddr.js': [ '1.9.1' ],
4012 silly audit   'pac-proxy-agent': [ '7.2.0', '9.0.1' ],
4012 silly audit   'proxy-from-env': [ '1.1.0', '2.1.0' ],
4012 silly audit   'socks-proxy-agent': [ '8.0.5', '10.0.0' ],
4012 silly audit   '@tootallnate/quickjs-emscripten': [ '0.23.0' ],
4012 silly audit   'get-uri': [ '6.0.5', '8.0.0' ],
4012 silly audit   'pac-resolver': [ '7.0.1', '9.0.1' ],
4012 silly audit   'basic-ftp': [ '5.3.1' ],
4012 silly audit   'data-uri-to-buffer': [ '6.0.2', '8.0.0' ],
4012 silly audit   degenerator: [ '5.0.1', '7.0.1' ],
4012 silly audit   netmask: [ '2.1.1' ],
4012 silly audit   'ast-types': [ '0.13.4' ],
4012 silly audit   '@puppeteer/browsers': [ '3.0.3' ],
4012 silly audit   'chromium-bidi': [ '16.0.1' ],
4012 silly audit   'devtools-protocol': [ '0.0.1608973' ],
4012 silly audit   cosmiconfig: [ '9.0.1' ],
4012 silly audit   'puppeteer-core': [ '25.0.4' ],
4012 silly audit   'typed-query-selector': [ '2.12.2' ],
4012 silly audit   mitt: [ '3.0.1' ],
4012 silly audit   zod: [ '3.25.76' ],
4012 silly audit   'env-paths': [ '2.2.1' ],
4012 silly audit   'import-fresh': [ '3.3.1' ],
4012 silly audit   'parse-json': [ '5.2.0' ],
4012 silly audit   'parent-module': [ '1.0.1' ],
4012 silly audit   'resolve-from': [ '4.0.0' ],
4012 silly audit   callsites: [ '3.1.0' ],
4012 silly audit   '@babel/code-frame': [ '7.29.0' ],
4012 silly audit   'error-ex': [ '1.3.4' ],
4012 silly audit   'json-parse-even-better-errors': [ '2.3.1' ],
4012 silly audit   'lines-and-columns': [ '1.2.4' ],
4012 silly audit   '@babel/helper-validator-identifier': [ '7.28.5' ],
4012 silly audit   'js-tokens': [ '4.0.0' ],
4012 silly audit   picocolors: [ '1.1.1' ],
4012 silly audit   'is-arrayish': [ '0.2.1', '0.3.4' ],
4012 silly audit   'webdriver-bidi-protocol': [ '0.4.1' ],
4012 silly audit   '@thi.ng/bitstream': [ '2.4.51' ],
4012 silly audit   '@thi.ng/errors': [ '2.6.13' ],
4012 silly audit   dijkstrajs: [ '1.0.3' ],
4012 silly audit   yargs: [ '15.4.1', '17.7.2' ],
4012 silly audit   'side-channel': [ '1.1.0' ],
4012 silly audit   'mute-stream': [ '0.0.8' ],
4012 silly audit   'core-util-is': [ '1.0.3' ],
4012 silly audit   isarray: [ '1.0.0' ],
4012 silly audit   'process-nextick-args': [ '2.0.1' ],
4012 silly audit   string_decoder: [ '1.1.1', '1.3.0' ],
4012 silly audit   'util-deprecate': [ '1.0.2' ],
4012 silly audit   'module-details-from-path': [ '1.0.4' ],
4012 silly audit   resolve: [ '1.22.12' ],
4012 silly audit   'is-core-module': [ '2.16.2' ],
4012 silly audit   'path-parse': [ '1.0.7' ],
4012 silly audit   'supports-preserve-symlinks-flag': [ '1.0.0' ],
4012 silly audit   glob: [ '7.2.3' ],
4012 silly audit   'fs.realpath': [ '1.0.0' ],
4012 silly audit   inflight: [ '1.0.6' ],
4012 silly audit   minimatch: [ '3.1.5' ],
4012 silly audit   'path-is-absolute': [ '1.0.1' ],
4012 silly audit   'brace-expansion': [ '1.1.14' ],
4012 silly audit   'balanced-match': [ '1.0.2' ],
4012 silly audit   'concat-map': [ '0.0.1' ],
4012 silly audit   xmlchars: [ '2.2.0' ],
4012 silly audit   'object-inspect': [ '1.13.4' ],
4012 silly audit   'side-channel-list': [ '1.0.1' ],
4012 silly audit   'side-channel-map': [ '1.0.1' ],
4012 silly audit   'side-channel-weakmap': [ '1.0.2' ],
4012 silly audit   'call-bound': [ '1.0.4' ],
4012 silly audit   'decompress-response': [ '4.2.1', '3.3.0', '6.0.0' ],
4012 silly audit   'simple-concat': [ '1.0.1' ],
4012 silly audit   'mimic-response': [ '2.1.0', '1.0.1', '3.1.0' ],
4012 silly audit   '@kwsites/file-exists': [ '1.1.1' ],
4012 silly audit   '@kwsites/promise-deferred': [ '1.1.1' ],
4012 silly audit   '@simple-git/args-pathspec': [ '1.0.3' ],
4012 silly audit   '@simple-git/argv-parser': [ '1.1.1' ],
4012 silly audit   'ip-address': [ '10.2.0' ],
4012 silly audit   'smart-buffer': [ '4.2.0' ],
4012 silly audit   'memory-pager': [ '1.5.0' ],
4012 silly audit   'emoji-regex': [ '8.0.0' ],
4012 silly audit   'is-fullwidth-code-point': [ '3.0.0' ],
4012 silly audit   'ansi-regex': [ '5.0.1' ],
4012 silly audit   'peek-readable': [ '4.1.0' ],
4012 silly audit   'has-flag': [ '4.0.0' ],
4012 silly audit   chownr: [ '2.0.0', '1.1.4' ],
4012 silly audit   'fs-minipass': [ '2.1.0' ],
4012 silly audit   minipass: [ '5.0.0', '3.3.6' ],
4012 silly audit   minizlib: [ '2.1.2' ],
4012 silly audit   yallist: [ '4.0.0' ],
4012 silly audit   'is-number': [ '7.0.0' ],
4012 silly audit   tldts: [ '6.1.86' ],
4012 silly audit   'tldts-core': [ '6.1.86' ],
4012 silly audit   configstore: [ '4.0.0' ],
4012 silly audit   got: [ '9.6.0' ],
4012 silly audit   'proxy-check': [ '1.0.8' ],
4012 silly audit   tunnel: [ '0.0.6' ],
4012 silly audit   'dot-prop': [ '4.2.1' ],
4012 silly audit   'unique-string': [ '1.0.0' ],
4012 silly audit   'write-file-atomic': [ '2.4.3' ],
4012 silly audit   'xdg-basedir': [ '3.0.0' ],
4012 silly audit   'is-obj': [ '1.0.1' ],
4012 silly audit   '@sindresorhus/is': [ '0.14.0' ],
4012 silly audit   '@szmarczak/http-timer': [ '1.1.2' ],
4012 silly audit   'cacheable-request': [ '6.1.0' ],
4012 silly audit   duplexer3: [ '0.1.5' ],
4012 silly audit   'get-stream': [ '4.1.0', '5.2.0' ],
4012 silly audit   'lowercase-keys': [ '1.0.1', '2.0.0' ],
4012 silly audit   'p-cancelable': [ '1.1.0' ],
4012 silly audit   'to-readable-stream': [ '1.0.0' ],
4012 silly audit   'url-parse-lax': [ '3.0.0' ],
4012 silly audit   'defer-to-connect': [ '1.1.3' ],
4012 silly audit   'clone-response': [ '1.0.3' ],
4012 silly audit   'http-cache-semantics': [ '4.2.0' ],
4012 silly audit   keyv: [ '3.1.0' ],
4012 silly audit   'normalize-url': [ '4.5.1' ],
4012 silly audit   responselike: [ '1.0.2' ],
4012 silly audit   pump: [ '3.0.4' ],
4012 silly audit   'json-buffer': [ '3.0.0' ],
4012 silly audit   'json-stringify-safe': [ '5.0.1' ],
4012 silly audit   'random-bytes': [ '1.0.0' ],
4012 silly audit   'crypto-random-string': [ '1.0.0' ],
4012 silly audit   'prepend-http': [ '2.0.0' ],
4012 silly audit   pako: [ '1.0.11', '0.2.9' ],
4012 silly audit   'is-arguments': [ '1.2.0' ],
4012 silly audit   'is-generator-function': [ '1.1.2' ],
4012 silly audit   'is-typed-array': [ '1.1.15' ],
4012 silly audit   'which-typed-array': [ '1.1.20' ],
4012 silly audit   'generator-function': [ '2.0.1' ],
4012 silly audit   'safe-regex-test': [ '1.1.0' ],
4012 silly audit   'is-regex': [ '1.2.1' ],
4012 silly audit   'git-node-fs': [ '1.0.0' ],
4012 silly audit   ini: [ '1.3.8' ],
4012 silly audit   'js-git': [ '0.7.8' ],
4012 silly audit   bodec: [ '0.1.0' ],
4012 silly audit   culvert: [ '0.1.2' ],
4012 silly audit   'git-sha1': [ '0.1.2' ],
4012 silly audit   'browser-process-hrtime': [ '1.0.0' ],
4012 silly audit   'image-size': [ '1.2.1' ],
4012 silly audit   sharp: [ '0.32.6', '0.30.7' ],
4012 silly audit   queue: [ '6.0.2' ],
4012 silly audit   color: [ '4.2.3' ],
4012 silly audit   'node-addon-api': [ '6.1.0', '5.1.0' ],
4012 silly audit   'prebuild-install': [ '7.1.3' ],
4012 silly audit   'tar-fs': [ '3.1.2', '2.1.4' ],
4012 silly audit   'tunnel-agent': [ '0.6.0' ],
4012 silly audit   'color-string': [ '1.9.1' ],
4012 silly audit   'simple-swizzle': [ '0.2.4' ],
4012 silly audit   'expand-template': [ '2.0.3' ],
4012 silly audit   'github-from-package': [ '0.0.0' ],
4012 silly audit   'mkdirp-classic': [ '0.5.3' ],
4012 silly audit   'napi-build-utils': [ '2.0.0' ],
4012 silly audit   'node-abi': [ '3.92.0' ],
4012 silly audit   rc: [ '1.2.8' ],
4012 silly audit   'deep-extend': [ '0.6.0' ],
4012 silly audit   'strip-json-comments': [ '2.0.1' ],
4012 silly audit   'bare-fs': [ '4.7.1' ],
4012 silly audit   'bare-path': [ '3.0.0' ],
4012 silly audit   'tar-stream': [ '3.2.0', '2.2.0' ],
4012 silly audit   'bare-events': [ '2.8.3' ],
4012 silly audit   'bare-stream': [ '2.13.1' ],
4012 silly audit   'bare-url': [ '2.4.3' ],
4012 silly audit   'fast-fifo': [ '1.3.2' ],
4012 silly audit   'bare-os': [ '3.9.1' ],
4012 silly audit   streamx: [ '2.25.0' ],
4012 silly audit   teex: [ '1.0.1' ],
4012 silly audit   'events-universal': [ '1.0.1' ],
4012 silly audit   'text-decoder': [ '1.2.7' ],
4012 silly audit   b4a: [ '1.8.1' ],
4012 silly audit   lodash: [ '4.18.1' ],
4012 silly audit   tr46: [ '2.1.0', '3.0.0', '0.0.3' ],
4012 silly audit   punycode: [ '2.3.1' ],
4012 silly audit   isexe: [ '2.0.0' ],
4012 silly audit   'available-typed-arrays': [ '1.0.7' ],
4012 silly audit   'call-bind': [ '1.0.9' ],
4012 silly audit   'for-each': [ '0.3.5' ],
4012 silly audit   'possible-typed-array-names': [ '1.1.0' ],
4012 silly audit   'set-function-length': [ '1.2.2' ],
4012 silly audit   'is-callable': [ '1.2.7' ],
4012 silly audit   'define-data-property': [ '1.1.4' ],
4012 silly audit   'has-property-descriptors': [ '1.0.2' ],
4012 silly audit   imurmurhash: [ '0.1.4' ],
4012 silly audit   global: [ '4.4.0' ],
4012 silly audit   'is-function': [ '1.0.2' ],
4012 silly audit   'parse-headers': [ '2.0.6' ],
4012 silly audit   'min-document': [ '2.19.2' ],
4012 silly audit   'dom-walk': [ '0.1.2' ],
4012 silly audit   xmlbuilder: [ '11.0.1' ],
4012 silly audit   cliui: [ '6.0.0', '8.0.1' ],
4012 silly audit   decamelize: [ '1.2.0' ],
4012 silly audit   'find-up': [ '4.1.0' ],
4012 silly audit   'get-caller-file': [ '2.0.5' ],
4012 silly audit   'require-directory': [ '2.1.1' ],
4012 silly audit   'require-main-filename': [ '2.0.0' ],
4012 silly audit   'which-module': [ '2.0.1' ],
4012 silly audit   y18n: [ '4.0.3', '5.0.8' ],
4012 silly audit   'yargs-parser': [ '18.1.3', '21.1.1' ],
4012 silly audit   'wrap-ansi': [ '6.2.0', '7.0.0' ],
4012 silly audit   'locate-path': [ '5.0.0' ],
4012 silly audit   'path-exists': [ '4.0.0' ],
4012 silly audit   'p-locate': [ '4.1.0' ],
4012 silly audit   'p-limit': [ '2.3.0' ],
4012 silly audit   'p-try': [ '2.2.0' ],
4012 silly audit   camelcase: [ '5.3.1' ],
4012 silly audit   pify: [ '3.0.0' ],
4012 silly audit   psl: [ '1.15.0' ],
4012 silly audit   'url-parse': [ '1.5.10' ],
4012 silly audit   querystringify: [ '2.2.0' ],
4012 silly audit   'requires-port': [ '1.0.0' ],
4012 silly audit   '@types/long': [ '4.0.2' ],
4012 silly audit   centra: [ '2.7.0' ],
4012 silly audit   bl: [ '4.1.0' ],
4012 silly audit   'fs-constants': [ '1.0.0' ],
4012 silly audit   progress: [ '2.0.3' ],
4012 silly audit   'quickjs-wasi': [ '2.2.0' ],
4012 silly audit   escalade: [ '3.2.0' ],
4012 silly audit   'abort-controller': [ '3.0.0' ],
4012 silly audit   events: [ '3.3.0' ],
4012 silly audit   'event-target-shim': [ '5.0.1' ]
4012 silly audit }
4013 http cache event-target-shim@https://registry.npmjs.org/event-target-shim/-/event-target-shim-5.0.1.tgz 1ms (cache hit)
4014 http cache events@https://registry.npmjs.org/events/-/events-3.3.0.tgz 1ms (cache hit)
4015 http cache escalade@https://registry.npmjs.org/escalade/-/escalade-3.2.0.tgz 0ms (cache hit)
4016 http cache abort-controller@https://registry.npmjs.org/abort-controller/-/abort-controller-3.0.0.tgz 0ms (cache hit)
4017 http cache quickjs-wasi@https://registry.npmjs.org/quickjs-wasi/-/quickjs-wasi-2.2.0.tgz 1ms (cache hit)
4018 http cache progress@https://registry.npmjs.org/progress/-/progress-2.0.3.tgz 0ms (cache hit)
4019 http cache fs-constants@https://registry.npmjs.org/fs-constants/-/fs-constants-1.0.0.tgz 0ms (cache hit)
4020 http cache bl@https://registry.npmjs.org/bl/-/bl-4.1.0.tgz 0ms (cache hit)
4021 http cache centra@https://registry.npmjs.org/centra/-/centra-2.7.0.tgz 0ms (cache hit)
4022 http cache @types/long@https://registry.npmjs.org/@types/long/-/long-4.0.2.tgz 0ms (cache hit)
4023 http cache requires-port@https://registry.npmjs.org/requires-port/-/requires-port-1.0.0.tgz 0ms (cache hit)
4024 http cache querystringify@https://registry.npmjs.org/querystringify/-/querystringify-2.2.0.tgz 0ms (cache hit)
4025 http cache url-parse@https://registry.npmjs.org/url-parse/-/url-parse-1.5.10.tgz 0ms (cache hit)
4026 http cache pify@https://registry.npmjs.org/pify/-/pify-3.0.0.tgz 6ms (cache hit)
4027 http cache camelcase@https://registry.npmjs.org/camelcase/-/camelcase-5.3.1.tgz 0ms (cache hit)
4028 http cache psl@https://registry.npmjs.org/psl/-/psl-1.15.0.tgz 1ms (cache hit)
4029 http cache p-try@https://registry.npmjs.org/p-try/-/p-try-2.2.0.tgz 0ms (cache hit)
4030 http cache p-limit@https://registry.npmjs.org/p-limit/-/p-limit-2.3.0.tgz 0ms (cache hit)
4031 http cache p-locate@https://registry.npmjs.org/p-locate/-/p-locate-4.1.0.tgz 0ms (cache hit)
4032 http cache path-exists@https://registry.npmjs.org/path-exists/-/path-exists-4.0.0.tgz 0ms (cache hit)
4033 http cache locate-path@https://registry.npmjs.org/locate-path/-/locate-path-5.0.0.tgz 0ms (cache hit)
4034 http cache wrap-ansi@https://registry.npmjs.org/wrap-ansi/-/wrap-ansi-6.2.0.tgz 0ms (cache hit)
4035 http cache yargs-parser@https://registry.npmjs.org/yargs-parser/-/yargs-parser-18.1.3.tgz 0ms (cache hit)
4036 http cache y18n@https://registry.npmjs.org/y18n/-/y18n-4.0.3.tgz 1ms (cache hit)
4037 http cache which-module@https://registry.npmjs.org/which-module/-/which-module-2.0.1.tgz 0ms (cache hit)
4038 http cache require-main-filename@https://registry.npmjs.org/require-main-filename/-/require-main-filename-2.0.0.tgz 0ms (cache hit)
4039 http cache require-directory@https://registry.npmjs.org/require-directory/-/require-directory-2.1.1.tgz 0ms (cache hit)
4040 http cache get-caller-file@https://registry.npmjs.org/get-caller-file/-/get-caller-file-2.0.5.tgz 1ms (cache hit)
4041 http cache find-up@https://registry.npmjs.org/find-up/-/find-up-4.1.0.tgz 0ms (cache hit)
4042 http cache decamelize@https://registry.npmjs.org/decamelize/-/decamelize-1.2.0.tgz 0ms (cache hit)
4043 http cache cliui@https://registry.npmjs.org/cliui/-/cliui-6.0.0.tgz 0ms (cache hit)
4044 http cache xmlbuilder@https://registry.npmjs.org/xmlbuilder/-/xmlbuilder-11.0.1.tgz 0ms (cache hit)
4045 http cache dom-walk@https://registry.npmjs.org/dom-walk/-/dom-walk-0.1.2.tgz 0ms (cache hit)
4046 http cache min-document@https://registry.npmjs.org/min-document/-/min-document-2.19.2.tgz 0ms (cache hit)
4047 http cache parse-headers@https://registry.npmjs.org/parse-headers/-/parse-headers-2.0.6.tgz 1ms (cache hit)
4048 http cache is-function@https://registry.npmjs.org/is-function/-/is-function-1.0.2.tgz 0ms (cache hit)
4049 http cache global@https://registry.npmjs.org/global/-/global-4.4.0.tgz 0ms (cache hit)
4050 http cache imurmurhash@https://registry.npmjs.org/imurmurhash/-/imurmurhash-0.1.4.tgz 0ms (cache hit)
4051 http cache has-property-descriptors@https://registry.npmjs.org/has-property-descriptors/-/has-property-descriptors-1.0.2.tgz 0ms (cache hit)
4052 http cache define-data-property@https://registry.npmjs.org/define-data-property/-/define-data-property-1.1.4.tgz 0ms (cache hit)
4053 http cache is-callable@https://registry.npmjs.org/is-callable/-/is-callable-1.2.7.tgz 1ms (cache hit)
4054 http cache set-function-length@https://registry.npmjs.org/set-function-length/-/set-function-length-1.2.2.tgz 0ms (cache hit)
4055 http cache possible-typed-array-names@https://registry.npmjs.org/possible-typed-array-names/-/possible-typed-array-names-1.1.0.tgz 0ms (cache hit)
4056 http cache for-each@https://registry.npmjs.org/for-each/-/for-each-0.3.5.tgz 0ms (cache hit)
4057 http cache call-bind@https://registry.npmjs.org/call-bind/-/call-bind-1.0.9.tgz 0ms (cache hit)
4058 http cache punycode@https://registry.npmjs.org/punycode/-/punycode-2.3.1.tgz 0ms (cache hit)
4059 http cache isexe@https://registry.npmjs.org/isexe/-/isexe-2.0.0.tgz 1ms (cache hit)
4060 http cache tr46@https://registry.npmjs.org/tr46/-/tr46-2.1.0.tgz 0ms (cache hit)
4061 http cache available-typed-arrays@https://registry.npmjs.org/available-typed-arrays/-/available-typed-arrays-1.0.7.tgz 0ms (cache hit)
4062 http cache lodash@https://registry.npmjs.org/lodash/-/lodash-4.18.1.tgz 0ms (cache hit)
4063 http cache b4a@https://registry.npmjs.org/b4a/-/b4a-1.8.1.tgz 0ms (cache hit)
4064 http cache events-universal@https://registry.npmjs.org/events-universal/-/events-universal-1.0.1.tgz 0ms (cache hit)
4065 http cache text-decoder@https://registry.npmjs.org/text-decoder/-/text-decoder-1.2.7.tgz 0ms (cache hit)
4066 http cache teex@https://registry.npmjs.org/teex/-/teex-1.0.1.tgz 1ms (cache hit)
4067 http cache fast-fifo@https://registry.npmjs.org/fast-fifo/-/fast-fifo-1.3.2.tgz 6ms (cache hit)
4068 http cache bare-url@https://registry.npmjs.org/bare-url/-/bare-url-2.4.3.tgz 0ms (cache hit)
4069 http cache bare-stream@https://registry.npmjs.org/bare-stream/-/bare-stream-2.13.1.tgz 0ms (cache hit)
4070 http cache bare-events@https://registry.npmjs.org/bare-events/-/bare-events-2.8.3.tgz 0ms (cache hit)
4071 http cache tar-stream@https://registry.npmjs.org/tar-stream/-/tar-stream-3.2.0.tgz 0ms (cache hit)
4072 http cache bare-os@https://registry.npmjs.org/bare-os/-/bare-os-3.9.1.tgz 0ms (cache hit)
4073 http cache bare-path@https://registry.npmjs.org/bare-path/-/bare-path-3.0.0.tgz 0ms (cache hit)
4074 http cache bare-fs@https://registry.npmjs.org/bare-fs/-/bare-fs-4.7.1.tgz 0ms (cache hit)
4075 http cache strip-json-comments@https://registry.npmjs.org/strip-json-comments/-/strip-json-comments-2.0.1.tgz 0ms (cache hit)
4076 http cache rc@https://registry.npmjs.org/rc/-/rc-1.2.8.tgz 0ms (cache hit)
4077 http cache node-abi@https://registry.npmjs.org/node-abi/-/node-abi-3.92.0.tgz 0ms (cache hit)
4078 http cache napi-build-utils@https://registry.npmjs.org/napi-build-utils/-/napi-build-utils-2.0.0.tgz 0ms (cache hit)
4079 http cache mkdirp-classic@https://registry.npmjs.org/mkdirp-classic/-/mkdirp-classic-0.5.3.tgz 0ms (cache hit)
4080 http cache github-from-package@https://registry.npmjs.org/github-from-package/-/github-from-package-0.0.0.tgz 0ms (cache hit)
4081 http cache expand-template@https://registry.npmjs.org/expand-template/-/expand-template-2.0.3.tgz 1ms (cache hit)
4082 http cache simple-swizzle@https://registry.npmjs.org/simple-swizzle/-/simple-swizzle-0.2.4.tgz 0ms (cache hit)
4083 http cache deep-extend@https://registry.npmjs.org/deep-extend/-/deep-extend-0.6.0.tgz 0ms (cache hit)
4084 http cache color-string@https://registry.npmjs.org/color-string/-/color-string-1.9.1.tgz 0ms (cache hit)
4085 http cache tunnel-agent@https://registry.npmjs.org/tunnel-agent/-/tunnel-agent-0.6.0.tgz 0ms (cache hit)
4086 http cache tar-fs@https://registry.npmjs.org/tar-fs/-/tar-fs-3.1.2.tgz 1ms (cache hit)
4087 http cache prebuild-install@https://registry.npmjs.org/prebuild-install/-/prebuild-install-7.1.3.tgz 0ms (cache hit)
4088 http cache node-addon-api@https://registry.npmjs.org/node-addon-api/-/node-addon-api-6.1.0.tgz 0ms (cache hit)
4089 http cache color@https://registry.npmjs.org/color/-/color-4.2.3.tgz 0ms (cache hit)
4090 http cache streamx@https://registry.npmjs.org/streamx/-/streamx-2.25.0.tgz 0ms (cache hit)
4091 http cache queue@https://registry.npmjs.org/queue/-/queue-6.0.2.tgz 1ms (cache hit)
4092 http cache sharp@https://registry.npmjs.org/sharp/-/sharp-0.32.6.tgz 1ms (cache hit)
4093 http cache image-size@https://registry.npmjs.org/image-size/-/image-size-1.2.1.tgz 0ms (cache hit)
4094 http cache browser-process-hrtime@https://registry.npmjs.org/browser-process-hrtime/-/browser-process-hrtime-1.0.0.tgz 0ms (cache hit)
4095 http cache git-sha1@https://registry.npmjs.org/git-sha1/-/git-sha1-0.1.2.tgz 0ms (cache hit)
4096 http cache bodec@https://registry.npmjs.org/bodec/-/bodec-0.1.0.tgz 0ms (cache hit)
4097 http cache culvert@https://registry.npmjs.org/culvert/-/culvert-0.1.2.tgz 0ms (cache hit)
4098 http cache js-git@https://registry.npmjs.org/js-git/-/js-git-0.7.8.tgz 1ms (cache hit)
4099 http cache ini@https://registry.npmjs.org/ini/-/ini-1.3.8.tgz 1ms (cache hit)
4100 http cache git-node-fs@https://registry.npmjs.org/git-node-fs/-/git-node-fs-1.0.0.tgz 0ms (cache hit)
4101 http cache is-regex@https://registry.npmjs.org/is-regex/-/is-regex-1.2.1.tgz 0ms (cache hit)
4102 http cache safe-regex-test@https://registry.npmjs.org/safe-regex-test/-/safe-regex-test-1.1.0.tgz 0ms (cache hit)
4103 http cache generator-function@https://registry.npmjs.org/generator-function/-/generator-function-2.0.1.tgz 1ms (cache hit)
4104 http cache which-typed-array@https://registry.npmjs.org/which-typed-array/-/which-typed-array-1.1.20.tgz 0ms (cache hit)
4105 http cache is-typed-array@https://registry.npmjs.org/is-typed-array/-/is-typed-array-1.1.15.tgz 0ms (cache hit)
4106 http cache is-generator-function@https://registry.npmjs.org/is-generator-function/-/is-generator-function-1.1.2.tgz 0ms (cache hit)
4107 http cache is-arguments@https://registry.npmjs.org/is-arguments/-/is-arguments-1.2.0.tgz 0ms (cache hit)
4108 http cache pako@https://registry.npmjs.org/pako/-/pako-1.0.11.tgz 93ms (cache hit)
4109 http cache prepend-http@https://registry.npmjs.org/prepend-http/-/prepend-http-2.0.0.tgz 0ms (cache hit)
4110 http cache crypto-random-string@https://registry.npmjs.org/crypto-random-string/-/crypto-random-string-1.0.0.tgz 0ms (cache hit)
4111 http cache json-stringify-safe@https://registry.npmjs.org/json-stringify-safe/-/json-stringify-safe-5.0.1.tgz 0ms (cache hit)
4112 http cache random-bytes@https://registry.npmjs.org/random-bytes/-/random-bytes-1.0.0.tgz 0ms (cache hit)
4113 http cache json-buffer@https://registry.npmjs.org/json-buffer/-/json-buffer-3.0.0.tgz 1ms (cache hit)
4114 http cache pump@https://registry.npmjs.org/pump/-/pump-3.0.4.tgz 0ms (cache hit)
4115 http cache responselike@https://registry.npmjs.org/responselike/-/responselike-1.0.2.tgz 1ms (cache hit)
4116 http cache normalize-url@https://registry.npmjs.org/normalize-url/-/normalize-url-4.5.1.tgz 0ms (cache hit)
4117 http cache keyv@https://registry.npmjs.org/keyv/-/keyv-3.1.0.tgz 0ms (cache hit)
4118 http cache http-cache-semantics@https://registry.npmjs.org/http-cache-semantics/-/http-cache-semantics-4.2.0.tgz 0ms (cache hit)
4119 http cache defer-to-connect@https://registry.npmjs.org/defer-to-connect/-/defer-to-connect-1.1.3.tgz 0ms (cache hit)
4120 http cache clone-response@https://registry.npmjs.org/clone-response/-/clone-response-1.0.3.tgz 0ms (cache hit)
4121 http cache url-parse-lax@https://registry.npmjs.org/url-parse-lax/-/url-parse-lax-3.0.0.tgz 0ms (cache hit)
4122 http cache to-readable-stream@https://registry.npmjs.org/to-readable-stream/-/to-readable-stream-1.0.0.tgz 1ms (cache hit)
4123 http cache p-cancelable@https://registry.npmjs.org/p-cancelable/-/p-cancelable-1.1.0.tgz 0ms (cache hit)
4124 http cache lowercase-keys@https://registry.npmjs.org/lowercase-keys/-/lowercase-keys-1.0.1.tgz 0ms (cache hit)
4125 http cache get-stream@https://registry.npmjs.org/get-stream/-/get-stream-4.1.0.tgz 0ms (cache hit)
4126 http cache duplexer3@https://registry.npmjs.org/duplexer3/-/duplexer3-0.1.5.tgz 0ms (cache hit)
4127 http cache cacheable-request@https://registry.npmjs.org/cacheable-request/-/cacheable-request-6.1.0.tgz 0ms (cache hit)
4128 http cache @szmarczak/http-timer@https://registry.npmjs.org/@szmarczak/http-timer/-/http-timer-1.1.2.tgz 0ms (cache hit)
4129 http cache @sindresorhus/is@https://registry.npmjs.org/@sindresorhus/is/-/is-0.14.0.tgz 0ms (cache hit)
4130 http cache is-obj@https://registry.npmjs.org/is-obj/-/is-obj-1.0.1.tgz 0ms (cache hit)
4131 http cache xdg-basedir@https://registry.npmjs.org/xdg-basedir/-/xdg-basedir-3.0.0.tgz 0ms (cache hit)
4132 http cache write-file-atomic@https://registry.npmjs.org/write-file-atomic/-/write-file-atomic-2.4.3.tgz 0ms (cache hit)
4133 http cache unique-string@https://registry.npmjs.org/unique-string/-/unique-string-1.0.0.tgz 0ms (cache hit)
4134 http cache dot-prop@https://registry.npmjs.org/dot-prop/-/dot-prop-4.2.1.tgz 0ms (cache hit)
4135 http cache tunnel@https://registry.npmjs.org/tunnel/-/tunnel-0.0.6.tgz 0ms (cache hit)
4136 http cache proxy-check@https://registry.npmjs.org/proxy-check/-/proxy-check-1.0.8.tgz 0ms (cache hit)
4137 http cache got@https://registry.npmjs.org/got/-/got-9.6.0.tgz 0ms (cache hit)
4138 http cache configstore@https://registry.npmjs.org/configstore/-/configstore-4.0.0.tgz 1ms (cache hit)
4139 http cache tldts-core@https://registry.npmjs.org/tldts-core/-/tldts-core-6.1.86.tgz 1ms (cache hit)
4140 http cache tldts@https://registry.npmjs.org/tldts/-/tldts-6.1.86.tgz 0ms (cache hit)
4141 http cache is-number@https://registry.npmjs.org/is-number/-/is-number-7.0.0.tgz 0ms (cache hit)
4142 http cache yallist@https://registry.npmjs.org/yallist/-/yallist-4.0.0.tgz 0ms (cache hit)
4143 http cache minizlib@https://registry.npmjs.org/minizlib/-/minizlib-2.1.2.tgz 0ms (cache hit)
4144 http cache minipass@https://registry.npmjs.org/minipass/-/minipass-5.0.0.tgz 1ms (cache hit)
4145 http cache fs-minipass@https://registry.npmjs.org/fs-minipass/-/fs-minipass-2.1.0.tgz 1ms (cache hit)
4146 http cache chownr@https://registry.npmjs.org/chownr/-/chownr-2.0.0.tgz 0ms (cache hit)
4147 http cache has-flag@https://registry.npmjs.org/has-flag/-/has-flag-4.0.0.tgz 0ms (cache hit)
4148 http cache peek-readable@https://registry.npmjs.org/peek-readable/-/peek-readable-4.1.0.tgz 0ms (cache hit)
4149 http cache ansi-regex@https://registry.npmjs.org/ansi-regex/-/ansi-regex-5.0.1.tgz 1ms (cache hit)
4150 http cache is-fullwidth-code-point@https://registry.npmjs.org/is-fullwidth-code-point/-/is-fullwidth-code-point-3.0.0.tgz 0ms (cache hit)
4151 http cache emoji-regex@https://registry.npmjs.org/emoji-regex/-/emoji-regex-8.0.0.tgz 0ms (cache hit)
4152 http cache memory-pager@https://registry.npmjs.org/memory-pager/-/memory-pager-1.5.0.tgz 1ms (cache hit)
4153 http cache smart-buffer@https://registry.npmjs.org/smart-buffer/-/smart-buffer-4.2.0.tgz 1ms (cache hit)
4154 http cache ip-address@https://registry.npmjs.org/ip-address/-/ip-address-10.2.0.tgz 0ms (cache hit)
4155 http cache @simple-git/argv-parser@https://registry.npmjs.org/@simple-git/argv-parser/-/argv-parser-1.1.1.tgz 1ms (cache hit)
4156 http cache @simple-git/args-pathspec@https://registry.npmjs.org/@simple-git/args-pathspec/-/args-pathspec-1.0.3.tgz 0ms (cache hit)
4157 http cache @kwsites/promise-deferred@https://registry.npmjs.org/@kwsites/promise-deferred/-/promise-deferred-1.1.1.tgz 0ms (cache hit)
4158 http cache @kwsites/file-exists@https://registry.npmjs.org/@kwsites/file-exists/-/file-exists-1.1.1.tgz 0ms (cache hit)
4159 http cache mimic-response@https://registry.npmjs.org/mimic-response/-/mimic-response-2.1.0.tgz 0ms (cache hit)
4160 http cache simple-concat@https://registry.npmjs.org/simple-concat/-/simple-concat-1.0.1.tgz 0ms (cache hit)
4161 http cache decompress-response@https://registry.npmjs.org/decompress-response/-/decompress-response-4.2.1.tgz 0ms (cache hit)
4162 http cache call-bound@https://registry.npmjs.org/call-bound/-/call-bound-1.0.4.tgz 0ms (cache hit)
4163 http cache side-channel-weakmap@https://registry.npmjs.org/side-channel-weakmap/-/side-channel-weakmap-1.0.2.tgz 0ms (cache hit)
4164 http cache side-channel-map@https://registry.npmjs.org/side-channel-map/-/side-channel-map-1.0.1.tgz 1ms (cache hit)
4165 http cache side-channel-list@https://registry.npmjs.org/side-channel-list/-/side-channel-list-1.0.1.tgz 0ms (cache hit)
4166 http cache object-inspect@https://registry.npmjs.org/object-inspect/-/object-inspect-1.13.4.tgz 1ms (cache hit)
4167 http cache xmlchars@https://registry.npmjs.org/xmlchars/-/xmlchars-2.2.0.tgz 1ms (cache hit)
4168 http cache concat-map@https://registry.npmjs.org/concat-map/-/concat-map-0.0.1.tgz 0ms (cache hit)
4169 http cache balanced-match@https://registry.npmjs.org/balanced-match/-/balanced-match-1.0.2.tgz 0ms (cache hit)
4170 http cache brace-expansion@https://registry.npmjs.org/brace-expansion/-/brace-expansion-1.1.14.tgz 0ms (cache hit)
4171 http cache path-is-absolute@https://registry.npmjs.org/path-is-absolute/-/path-is-absolute-1.0.1.tgz 0ms (cache hit)
4172 http cache minimatch@https://registry.npmjs.org/minimatch/-/minimatch-3.1.5.tgz 0ms (cache hit)
4173 http cache inflight@https://registry.npmjs.org/inflight/-/inflight-1.0.6.tgz 0ms (cache hit)
4174 http cache fs.realpath@https://registry.npmjs.org/fs.realpath/-/fs.realpath-1.0.0.tgz 0ms (cache hit)
4175 http cache glob@https://registry.npmjs.org/glob/-/glob-7.2.3.tgz 1ms (cache hit)
4176 http cache supports-preserve-symlinks-flag@https://registry.npmjs.org/supports-preserve-symlinks-flag/-/supports-preserve-symlinks-flag-1.0.0.tgz 0ms (cache hit)
4177 http cache path-parse@https://registry.npmjs.org/path-parse/-/path-parse-1.0.7.tgz 1ms (cache hit)
4178 http cache is-core-module@https://registry.npmjs.org/is-core-module/-/is-core-module-2.16.2.tgz 0ms (cache hit)
4179 http cache resolve@https://registry.npmjs.org/resolve/-/resolve-1.22.12.tgz 1ms (cache hit)
4180 http cache module-details-from-path@https://registry.npmjs.org/module-details-from-path/-/module-details-from-path-1.0.4.tgz 0ms (cache hit)
4181 http cache util-deprecate@https://registry.npmjs.org/util-deprecate/-/util-deprecate-1.0.2.tgz 0ms (cache hit)
4182 http cache string_decoder@https://registry.npmjs.org/string_decoder/-/string_decoder-1.1.1.tgz 0ms (cache hit)
4183 http cache process-nextick-args@https://registry.npmjs.org/process-nextick-args/-/process-nextick-args-2.0.1.tgz 0ms (cache hit)
4184 http cache isarray@https://registry.npmjs.org/isarray/-/isarray-1.0.0.tgz 0ms (cache hit)
4185 http cache core-util-is@https://registry.npmjs.org/core-util-is/-/core-util-is-1.0.3.tgz 0ms (cache hit)
4186 http cache mute-stream@https://registry.npmjs.org/mute-stream/-/mute-stream-0.0.8.tgz 0ms (cache hit)
4187 http cache yargs@https://registry.npmjs.org/yargs/-/yargs-15.4.1.tgz 0ms (cache hit)
4188 http cache side-channel@https://registry.npmjs.org/side-channel/-/side-channel-1.1.0.tgz 0ms (cache hit)
4189 http cache dijkstrajs@https://registry.npmjs.org/dijkstrajs/-/dijkstrajs-1.0.3.tgz 0ms (cache hit)
4190 http cache @thi.ng/errors@https://registry.npmjs.org/@thi.ng/errors/-/errors-2.6.13.tgz 0ms (cache hit)
4191 http cache @thi.ng/bitstream@https://registry.npmjs.org/@thi.ng/bitstream/-/bitstream-2.4.51.tgz 0ms (cache hit)
4192 http cache webdriver-bidi-protocol@https://registry.npmjs.org/webdriver-bidi-protocol/-/webdriver-bidi-protocol-0.4.1.tgz 0ms (cache hit)
4193 http cache is-arrayish@https://registry.npmjs.org/is-arrayish/-/is-arrayish-0.2.1.tgz 0ms (cache hit)
4194 http cache picocolors@https://registry.npmjs.org/picocolors/-/picocolors-1.1.1.tgz 0ms (cache hit)
4195 http cache js-tokens@https://registry.npmjs.org/js-tokens/-/js-tokens-4.0.0.tgz 0ms (cache hit)
4196 http cache @babel/helper-validator-identifier@https://registry.npmjs.org/@babel/helper-validator-identifier/-/helper-validator-identifier-7.28.5.tgz 1ms (cache hit)
4197 http cache lines-and-columns@https://registry.npmjs.org/lines-and-columns/-/lines-and-columns-1.2.4.tgz 1ms (cache hit)
4198 http cache json-parse-even-better-errors@https://registry.npmjs.org/json-parse-even-better-errors/-/json-parse-even-better-errors-2.3.1.tgz 0ms (cache hit)
4199 http cache error-ex@https://registry.npmjs.org/error-ex/-/error-ex-1.3.4.tgz 0ms (cache hit)
4200 http cache @babel/code-frame@https://registry.npmjs.org/@babel/code-frame/-/code-frame-7.29.0.tgz 0ms (cache hit)
4201 http cache callsites@https://registry.npmjs.org/callsites/-/callsites-3.1.0.tgz 0ms (cache hit)
4202 http cache resolve-from@https://registry.npmjs.org/resolve-from/-/resolve-from-4.0.0.tgz 0ms (cache hit)
4203 http cache parent-module@https://registry.npmjs.org/parent-module/-/parent-module-1.0.1.tgz 0ms (cache hit)
4204 http cache parse-json@https://registry.npmjs.org/parse-json/-/parse-json-5.2.0.tgz 1ms (cache hit)
4205 http cache import-fresh@https://registry.npmjs.org/import-fresh/-/import-fresh-3.3.1.tgz 0ms (cache hit)
4206 http cache env-paths@https://registry.npmjs.org/env-paths/-/env-paths-2.2.1.tgz 0ms (cache hit)
4207 http cache zod@https://registry.npmjs.org/zod/-/zod-3.25.76.tgz 0ms (cache hit)
4208 http cache typed-query-selector@https://registry.npmjs.org/typed-query-selector/-/typed-query-selector-2.12.2.tgz 0ms (cache hit)
4209 http cache puppeteer-core@https://registry.npmjs.org/puppeteer-core/-/puppeteer-core-25.0.4.tgz 0ms (cache hit)
4210 http cache mitt@https://registry.npmjs.org/mitt/-/mitt-3.0.1.tgz 0ms (cache hit)
4211 http cache cosmiconfig@https://registry.npmjs.org/cosmiconfig/-/cosmiconfig-9.0.1.tgz 0ms (cache hit)
4212 http cache devtools-protocol@https://registry.npmjs.org/devtools-protocol/-/devtools-protocol-0.0.1608973.tgz 0ms (cache hit)
4213 http cache chromium-bidi@https://registry.npmjs.org/chromium-bidi/-/chromium-bidi-16.0.1.tgz 0ms (cache hit)
4214 http cache ast-types@https://registry.npmjs.org/ast-types/-/ast-types-0.13.4.tgz 0ms (cache hit)
4215 http cache netmask@https://registry.npmjs.org/netmask/-/netmask-2.1.1.tgz 0ms (cache hit)
4216 http cache degenerator@https://registry.npmjs.org/degenerator/-/degenerator-5.0.1.tgz 0ms (cache hit)
4217 http cache data-uri-to-buffer@https://registry.npmjs.org/data-uri-to-buffer/-/data-uri-to-buffer-6.0.2.tgz 1ms (cache hit)
4218 http cache basic-ftp@https://registry.npmjs.org/basic-ftp/-/basic-ftp-5.3.1.tgz 0ms (cache hit)
4219 http cache pac-resolver@https://registry.npmjs.org/pac-resolver/-/pac-resolver-7.0.1.tgz 0ms (cache hit)
4220 http cache get-uri@https://registry.npmjs.org/get-uri/-/get-uri-6.0.5.tgz 0ms (cache hit)
4221 http cache @tootallnate/quickjs-emscripten@https://registry.npmjs.org/@tootallnate/quickjs-emscripten/-/quickjs-emscripten-0.23.0.tgz 1ms (cache hit)
4222 http cache socks-proxy-agent@https://registry.npmjs.org/socks-proxy-agent/-/socks-proxy-agent-8.0.5.tgz 0ms (cache hit)
4223 http cache proxy-from-env@https://registry.npmjs.org/proxy-from-env/-/proxy-from-env-1.1.0.tgz 0ms (cache hit)
4224 http cache pac-proxy-agent@https://registry.npmjs.org/pac-proxy-agent/-/pac-proxy-agent-7.2.0.tgz 0ms (cache hit)
4225 http cache ipaddr.js@https://registry.npmjs.org/ipaddr.js/-/ipaddr.js-1.9.1.tgz 0ms (cache hit)
4226 http cache long@https://registry.npmjs.org/long/-/long-5.3.2.tgz 0ms (cache hit)
4227 http cache @protobufjs/utf8@https://registry.npmjs.org/@protobufjs/utf8/-/utf8-1.1.1.tgz 0ms (cache hit)
4228 http cache @protobufjs/pool@https://registry.npmjs.org/@protobufjs/pool/-/pool-1.1.0.tgz 0ms (cache hit)
4229 http cache forwarded@https://registry.npmjs.org/forwarded/-/forwarded-0.2.0.tgz 1ms (cache hit)
4230 http cache @protobufjs/path@https://registry.npmjs.org/@protobufjs/path/-/path-1.1.2.tgz 0ms (cache hit)
4231 http cache @protobufjs/inquire@https://registry.npmjs.org/@protobufjs/inquire/-/inquire-1.1.2.tgz 0ms (cache hit)
4232 http cache @protobufjs/float@https://registry.npmjs.org/@protobufjs/float/-/float-1.0.2.tgz 1ms (cache hit)
4233 http cache @protobufjs/fetch@https://registry.npmjs.org/@protobufjs/fetch/-/fetch-1.1.1.tgz 0ms (cache hit)
4234 http cache @protobufjs/eventemitter@https://registry.npmjs.org/@protobufjs/eventemitter/-/eventemitter-1.1.0.tgz 0ms (cache hit)
4235 http cache @protobufjs/codegen@https://registry.npmjs.org/@protobufjs/codegen/-/codegen-2.0.5.tgz 0ms (cache hit)
4236 http cache @protobufjs/base64@https://registry.npmjs.org/@protobufjs/base64/-/base64-1.1.2.tgz 0ms (cache hit)
4237 http cache @protobufjs/aspromise@https://registry.npmjs.org/@protobufjs/aspromise/-/aspromise-1.1.2.tgz 0ms (cache hit)
4238 http cache read@https://registry.npmjs.org/read/-/read-1.0.7.tgz 0ms (cache hit)
4239 http cache tx2@https://registry.npmjs.org/tx2/-/tx2-1.0.5.tgz 0ms (cache hit)
4240 http cache systeminformation@https://registry.npmjs.org/systeminformation/-/systeminformation-5.31.6.tgz 0ms (cache hit)
4241 http cache charm@https://registry.npmjs.org/charm/-/charm-0.1.2.tgz 0ms (cache hit)
4242 http cache tv4@https://registry.npmjs.org/tv4/-/tv4-1.3.0.tgz 0ms (cache hit)
4243 http cache run-series@https://registry.npmjs.org/run-series/-/run-series-1.1.9.tgz 0ms (cache hit)
4244 http cache escape-string-regexp@https://registry.npmjs.org/escape-string-regexp/-/escape-string-regexp-4.0.0.tgz 0ms (cache hit)
4245 http cache amp-message@https://registry.npmjs.org/amp-message/-/amp-message-0.1.2.tgz 0ms (cache hit)
4246 http cache amp@https://registry.npmjs.org/amp/-/amp-0.3.1.tgz 0ms (cache hit)
4247 http cache lazy@https://registry.npmjs.org/lazy/-/lazy-1.0.11.tgz 1ms (cache hit)
4248 http cache argparse@https://registry.npmjs.org/argparse/-/argparse-2.0.1.tgz 0ms (cache hit)
4249 http cache binary-extensions@https://registry.npmjs.org/binary-extensions/-/binary-extensions-2.3.0.tgz 0ms (cache hit)
4250 http cache to-regex-range@https://registry.npmjs.org/to-regex-range/-/to-regex-range-5.0.1.tgz 0ms (cache hit)
4251 http cache is-extglob@https://registry.npmjs.org/is-extglob/-/is-extglob-2.1.1.tgz 1ms (cache hit)
4252 http cache ansi-colors@https://registry.npmjs.org/ansi-colors/-/ansi-colors-4.1.3.tgz 0ms (cache hit)
4253 http cache color-name@https://registry.npmjs.org/color-name/-/color-name-1.1.4.tgz 1ms (cache hit)
4254 http cache fill-range@https://registry.npmjs.org/fill-range/-/fill-range-7.1.1.tgz 0ms (cache hit)
4255 http cache picomatch@https://registry.npmjs.org/picomatch/-/picomatch-2.3.2.tgz 0ms (cache hit)
4256 http cache readdirp@https://registry.npmjs.org/readdirp/-/readdirp-3.6.0.tgz 0ms (cache hit)
4257 http cache is-glob@https://registry.npmjs.org/is-glob/-/is-glob-4.0.3.tgz 1ms (cache hit)
4258 http cache normalize-path@https://registry.npmjs.org/normalize-path/-/normalize-path-3.0.0.tgz 1ms (cache hit)
4259 http cache glob-parent@https://registry.npmjs.org/glob-parent/-/glob-parent-5.1.2.tgz 0ms (cache hit)
4260 http cache is-binary-path@https://registry.npmjs.org/is-binary-path/-/is-binary-path-2.1.0.tgz 0ms (cache hit)
4261 http cache braces@https://registry.npmjs.org/braces/-/braces-3.0.3.tgz 0ms (cache hit)
4262 http cache anymatch@https://registry.npmjs.org/anymatch/-/anymatch-3.1.3.tgz 0ms (cache hit)
4263 http cache color-convert@https://registry.npmjs.org/color-convert/-/color-convert-2.0.1.tgz 0ms (cache hit)
4264 http cache supports-color@https://registry.npmjs.org/supports-color/-/supports-color-7.2.0.tgz 1ms (cache hit)
4265 http cache ansi-styles@https://registry.npmjs.org/ansi-styles/-/ansi-styles-4.3.0.tgz 0ms (cache hit)
4266 http cache extrareqp2@https://registry.npmjs.org/extrareqp2/-/extrareqp2-1.0.0.tgz 0ms (cache hit)
4267 http cache shimmer@https://registry.npmjs.org/shimmer/-/shimmer-1.2.1.tgz 0ms (cache hit)
4268 http cache require-in-the-middle@https://registry.npmjs.org/require-in-the-middle/-/require-in-the-middle-5.2.0.tgz 0ms (cache hit)
4269 http cache proxy-agent@https://registry.npmjs.org/proxy-agent/-/proxy-agent-6.3.1.tgz 0ms (cache hit)
4270 http cache nssocket@https://registry.npmjs.org/nssocket/-/nssocket-0.6.0.tgz 0ms (cache hit)
4271 http cache fast-json-patch@https://registry.npmjs.org/fast-json-patch/-/fast-json-patch-3.1.1.tgz 0ms (cache hit)
4272 http cache vizion@https://registry.npmjs.org/vizion/-/vizion-2.2.1.tgz 0ms (cache hit)
4273 http cache sprintf-js@https://registry.npmjs.org/sprintf-js/-/sprintf-js-1.1.2.tgz 1ms (cache hit)
4274 http cache source-map-support@https://registry.npmjs.org/source-map-support/-/source-map-support-0.5.21.tgz 1ms (cache hit)
4275 http cache promptly@https://registry.npmjs.org/promptly/-/promptly-2.2.0.tgz 1ms (cache hit)
4276 http cache pm2-sysmonit@https://registry.npmjs.org/pm2-sysmonit/-/pm2-sysmonit-1.2.8.tgz 0ms (cache hit)
4277 http cache pm2-multimeter@https://registry.npmjs.org/pm2-multimeter/-/pm2-multimeter-0.1.2.tgz 0ms (cache hit)
4278 http cache pm2-deploy@https://registry.npmjs.org/pm2-deploy/-/pm2-deploy-1.0.2.tgz 1ms (cache hit)
4279 http cache pm2-axon-rpc@https://registry.npmjs.org/pm2-axon-rpc/-/pm2-axon-rpc-0.7.1.tgz 1ms (cache hit)
4280 http cache pm2-axon@https://registry.npmjs.org/pm2-axon/-/pm2-axon-4.0.1.tgz 0ms (cache hit)
4281 http cache pidusage@https://registry.npmjs.org/pidusage/-/pidusage-3.0.2.tgz 0ms (cache hit)
4282 http cache needle@https://registry.npmjs.org/needle/-/needle-2.4.0.tgz 0ms (cache hit)
4283 http cache js-yaml@https://registry.npmjs.org/js-yaml/-/js-yaml-4.1.1.tgz 0ms (cache hit)
4284 http cache fclone@https://registry.npmjs.org/fclone/-/fclone-1.0.11.tgz 0ms (cache hit)
4285 http cache eventemitter2@https://registry.npmjs.org/eventemitter2/-/eventemitter2-5.0.1.tgz 0ms (cache hit)
4286 http cache enquirer@https://registry.npmjs.org/enquirer/-/enquirer-2.3.6.tgz 0ms (cache hit)
4287 http cache dayjs@https://registry.npmjs.org/dayjs/-/dayjs-1.11.20.tgz 0ms (cache hit)
4288 http cache croner@https://registry.npmjs.org/croner/-/croner-4.1.97.tgz 0ms (cache hit)
4289 http cache commander@https://registry.npmjs.org/commander/-/commander-2.15.1.tgz 0ms (cache hit)
4290 http cache cli-tableau@https://registry.npmjs.org/cli-tableau/-/cli-tableau-2.0.1.tgz 0ms (cache hit)
4291 http cache chokidar@https://registry.npmjs.org/chokidar/-/chokidar-3.6.0.tgz 0ms (cache hit)
4292 http cache chalk@https://registry.npmjs.org/chalk/-/chalk-3.0.0.tgz 1ms (cache hit)
4293 http cache blessed@https://registry.npmjs.org/blessed/-/blessed-0.1.81.tgz 1ms (cache hit)
4294 http cache @pm2/pm2-version-check@https://registry.npmjs.org/@pm2/pm2-version-check/-/pm2-version-check-1.0.4.tgz 0ms (cache hit)
4295 http cache @pm2/js-api@https://registry.npmjs.org/@pm2/js-api/-/js-api-0.8.0.tgz 0ms (cache hit)
4296 http cache @pm2/io@https://registry.npmjs.org/@pm2/io/-/io-6.0.1.tgz 0ms (cache hit)
4297 http cache @pm2/agent@https://registry.npmjs.org/@pm2/agent/-/agent-2.0.4.tgz 0ms (cache hit)
4298 http cache wrappy@https://registry.npmjs.org/wrappy/-/wrappy-1.0.2.tgz 0ms (cache hit)
4299 http cache once@https://registry.npmjs.org/once/-/once-1.4.0.tgz 0ms (cache hit)
4300 http cache stream-shift@https://registry.npmjs.org/stream-shift/-/stream-shift-1.0.3.tgz 0ms (cache hit)
4301 http cache end-of-stream@https://registry.npmjs.org/end-of-stream/-/end-of-stream-1.4.5.tgz 0ms (cache hit)
4302 http cache duplexify@https://registry.npmjs.org/duplexify/-/duplexify-4.1.3.tgz 0ms (cache hit)
4303 http cache thread-stream@https://registry.npmjs.org/thread-stream/-/thread-stream-0.15.2.tgz 0ms (cache hit)
4304 http cache safe-stable-stringify@https://registry.npmjs.org/safe-stable-stringify/-/safe-stable-stringify-2.5.0.tgz 1ms (cache hit)
4305 http cache sonic-boom@https://registry.npmjs.org/sonic-boom/-/sonic-boom-2.8.0.tgz 0ms (cache hit)
4306 http cache real-require@https://registry.npmjs.org/real-require/-/real-require-0.1.0.tgz 0ms (cache hit)
4307 http cache quick-format-unescaped@https://registry.npmjs.org/quick-format-unescaped/-/quick-format-unescaped-4.0.4.tgz 0ms (cache hit)
4308 http cache process-warning@https://registry.npmjs.org/process-warning/-/process-warning-1.0.0.tgz 1ms (cache hit)
4309 http cache pino-std-serializers@https://registry.npmjs.org/pino-std-serializers/-/pino-std-serializers-4.0.0.tgz 1ms (cache hit)
4310 http cache pino-abstract-transport@https://registry.npmjs.org/pino-abstract-transport/-/pino-abstract-transport-0.5.0.tgz 0ms (cache hit)
4311 http cache on-exit-leak-free@https://registry.npmjs.org/on-exit-leak-free/-/on-exit-leak-free-0.2.0.tgz 1ms (cache hit)
4312 http cache fast-redact@https://registry.npmjs.org/fast-redact/-/fast-redact-3.5.0.tgz 0ms (cache hit)
4313 http cache atomic-sleep@https://registry.npmjs.org/atomic-sleep/-/atomic-sleep-1.0.0.tgz 0ms (cache hit)
4314 http cache split2@https://registry.npmjs.org/split2/-/split2-4.2.0.tgz 0ms (cache hit)
4315 http cache postgres-interval@https://registry.npmjs.org/postgres-interval/-/postgres-interval-1.2.0.tgz 0ms (cache hit)
4316 http cache postgres-date@https://registry.npmjs.org/postgres-date/-/postgres-date-1.0.7.tgz 0ms (cache hit)
4317 http cache postgres-bytea@https://registry.npmjs.org/postgres-bytea/-/postgres-bytea-1.0.1.tgz 0ms (cache hit)
4318 http cache postgres-array@https://registry.npmjs.org/postgres-array/-/postgres-array-2.0.0.tgz 0ms (cache hit)
4319 http cache pg-int8@https://registry.npmjs.org/pg-int8/-/pg-int8-1.0.1.tgz 0ms (cache hit)
4320 http cache pgpass@https://registry.npmjs.org/pgpass/-/pgpass-1.0.5.tgz 1ms (cache hit)
4321 http cache pg-types@https://registry.npmjs.org/pg-types/-/pg-types-2.2.0.tgz 1ms (cache hit)
4322 http cache pg-protocol@https://registry.npmjs.org/pg-protocol/-/pg-protocol-1.14.0.tgz 0ms (cache hit)
4323 http cache pg-pool@https://registry.npmjs.org/pg-pool/-/pg-pool-3.14.0.tgz 0ms (cache hit)
4324 http cache pg-connection-string@https://registry.npmjs.org/pg-connection-string/-/pg-connection-string-2.13.0.tgz 0ms (cache hit)
4325 http cache pg-cloudflare@https://registry.npmjs.org/pg-cloudflare/-/pg-cloudflare-1.4.0.tgz 0ms (cache hit)
4326 http cache process@https://registry.npmjs.org/process/-/process-0.11.10.tgz 0ms (cache hit)
4327 http cache xml2js@https://registry.npmjs.org/xml2js/-/xml2js-0.5.0.tgz 0ms (cache hit)
4328 http cache xml-parse-from-string@https://registry.npmjs.org/xml-parse-from-string/-/xml-parse-from-string-1.0.1.tgz 0ms (cache hit)
4329 http cache ee-first@https://registry.npmjs.org/ee-first/-/ee-first-1.1.1.tgz 0ms (cache hit)
4330 http cache opus-decoder@https://registry.npmjs.org/opus-decoder/-/opus-decoder-0.7.11.tgz 0ms (cache hit)
4331 http cache @wasm-audio-decoders/opus-ml@https://registry.npmjs.org/@wasm-audio-decoders/opus-ml/-/opus-ml-0.0.2.tgz 0ms (cache hit)
4332 http cache wide-align@https://registry.npmjs.org/wide-align/-/wide-align-1.1.5.tgz 1ms (cache hit)
4333 http cache strip-ansi@https://registry.npmjs.org/strip-ansi/-/strip-ansi-6.0.1.tgz 0ms (cache hit)
4334 http cache string-width@https://registry.npmjs.org/string-width/-/string-width-4.2.3.tgz 0ms (cache hit)
4335 http cache signal-exit@https://registry.npmjs.org/signal-exit/-/signal-exit-3.0.7.tgz 0ms (cache hit)
4336 http cache has-unicode@https://registry.npmjs.org/has-unicode/-/has-unicode-2.0.1.tgz 0ms (cache hit)
4337 http cache color-support@https://registry.npmjs.org/color-support/-/color-support-1.1.3.tgz 0ms (cache hit)
4338 http cache aproba@https://registry.npmjs.org/aproba/-/aproba-2.1.0.tgz 0ms (cache hit)
4339 http cache delegates@https://registry.npmjs.org/delegates/-/delegates-1.0.0.tgz 0ms (cache hit)
4340 http cache set-blocking@https://registry.npmjs.org/set-blocking/-/set-blocking-2.0.0.tgz 0ms (cache hit)
4341 http cache gauge@https://registry.npmjs.org/gauge/-/gauge-3.0.2.tgz 0ms (cache hit)
4342 http cache console-control-strings@https://registry.npmjs.org/console-control-strings/-/console-control-strings-1.1.0.tgz 0ms (cache hit)
4343 http cache are-we-there-yet@https://registry.npmjs.org/are-we-there-yet/-/are-we-there-yet-2.0.0.tgz 0ms (cache hit)
4344 http cache abbrev@https://registry.npmjs.org/abbrev/-/abbrev-1.1.1.tgz 0ms (cache hit)
4345 http cache clone@https://registry.npmjs.org/clone/-/clone-2.1.2.tgz 1ms (cache hit)
4346 http cache media-typer@https://registry.npmjs.org/media-typer/-/media-typer-1.1.0.tgz 0ms (cache hit)
4347 http cache @tokenizer/token@https://registry.npmjs.org/@tokenizer/token/-/token-0.3.0.tgz 0ms (cache hit)
4348 http cache readable-stream@https://registry.npmjs.org/readable-stream/-/readable-stream-2.3.8.tgz 0ms (cache hit)
4349 http cache typedarray@https://registry.npmjs.org/typedarray/-/typedarray-0.0.6.tgz 1ms (cache hit)
4350 http cache buffer-from@https://registry.npmjs.org/buffer-from/-/buffer-from-1.1.2.tgz 0ms (cache hit)
4351 http cache streamsearch@https://registry.npmjs.org/streamsearch/-/streamsearch-1.1.0.tgz 1ms (cache hit)
4352 http cache object-assign@https://registry.npmjs.org/object-assign/-/object-assign-4.1.1.tgz 1ms (cache hit)
4353 http cache concat-stream@https://registry.npmjs.org/concat-stream/-/concat-stream-1.6.2.tgz 0ms (cache hit)
4354 http cache busboy@https://registry.npmjs.org/busboy/-/busboy-1.6.0.tgz 0ms (cache hit)
4355 http cache append-field@https://registry.npmjs.org/append-field/-/append-field-1.0.0.tgz 0ms (cache hit)
4356 http cache @types/webidl-conversions@https://registry.npmjs.org/@types/webidl-conversions/-/webidl-conversions-7.0.3.tgz 0ms (cache hit)
4357 http cache @types/whatwg-url@https://registry.npmjs.org/@types/whatwg-url/-/whatwg-url-8.2.2.tgz 0ms (cache hit)
4358 http cache xml-naming@https://registry.npmjs.org/xml-naming/-/xml-naming-0.1.0.tgz 0ms (cache hit)
4359 http cache strnum@https://registry.npmjs.org/strnum/-/strnum-2.3.0.tgz 0ms (cache hit)
4360 http cache path-expression-matcher@https://registry.npmjs.org/path-expression-matcher/-/path-expression-matcher-1.5.0.tgz 1ms (cache hit)
4361 http cache fast-xml-builder@https://registry.npmjs.org/fast-xml-builder/-/fast-xml-builder-1.2.0.tgz 0ms (cache hit)
4362 http cache @smithy/is-array-buffer@https://registry.npmjs.org/@smithy/is-array-buffer/-/is-array-buffer-2.2.0.tgz 0ms (cache hit)
4363 http cache @smithy/util-buffer-from@https://registry.npmjs.org/@smithy/util-buffer-from/-/util-buffer-from-2.2.0.tgz 0ms (cache hit)
4364 http cache @aws-crypto/crc32@https://registry.npmjs.org/@aws-crypto/crc32/-/crc32-5.2.0.tgz 0ms (cache hit)
4365 http cache sparse-bitfield@https://registry.npmjs.org/sparse-bitfield/-/sparse-bitfield-3.0.3.tgz 1ms (cache hit)
4366 http cache fast-xml-parser@https://registry.npmjs.org/fast-xml-parser/-/fast-xml-parser-5.7.3.tgz 0ms (cache hit)
4367 http cache @nodable/entities@https://registry.npmjs.org/@nodable/entities/-/entities-2.1.0.tgz 0ms (cache hit)
4368 http cache @aws-sdk/token-providers@https://registry.npmjs.org/@aws-sdk/token-providers/-/token-providers-3.1052.0.tgz 0ms (cache hit)
4369 http cache @aws-sdk/signature-v4-multi-region@https://registry.npmjs.org/@aws-sdk/signature-v4-multi-region/-/signature-v4-multi-region-3.996.28.tgz 0ms (cache hit)
4370 http cache bowser@https://registry.npmjs.org/bowser/-/bowser-2.14.1.tgz 0ms (cache hit)
4371 http cache @smithy/signature-v4@https://registry.npmjs.org/@smithy/signature-v4/-/signature-v4-5.4.4.tgz 1ms (cache hit)
4372 http cache @aws/lambda-invoke-store@https://registry.npmjs.org/@aws/lambda-invoke-store/-/lambda-invoke-store-0.2.4.tgz 0ms (cache hit)
4373 http cache @aws-sdk/xml-builder@https://registry.npmjs.org/@aws-sdk/xml-builder/-/xml-builder-3.972.25.tgz 0ms (cache hit)
4374 http cache @smithy/util-utf8@https://registry.npmjs.org/@smithy/util-utf8/-/util-utf8-2.3.0.tgz 0ms (cache hit)
4375 http cache @aws-sdk/util-locate-window@https://registry.npmjs.org/@aws-sdk/util-locate-window/-/util-locate-window-3.965.5.tgz 0ms (cache hit)
4376 http cache @aws-crypto/util@https://registry.npmjs.org/@aws-crypto/util/-/util-5.2.0.tgz 0ms (cache hit)
4377 http cache @aws-crypto/supports-web-crypto@https://registry.npmjs.org/@aws-crypto/supports-web-crypto/-/supports-web-crypto-5.2.0.tgz 0ms (cache hit)
4378 http cache @smithy/node-http-handler@https://registry.npmjs.org/@smithy/node-http-handler/-/node-http-handler-4.7.4.tgz 0ms (cache hit)
4379 http cache @aws-crypto/sha256-js@https://registry.npmjs.org/@aws-crypto/sha256-js/-/sha256-js-5.2.0.tgz 0ms (cache hit)
4380 http cache @aws-crypto/sha256-browser@https://registry.npmjs.org/@aws-crypto/sha256-browser/-/sha256-browser-5.2.0.tgz 0ms (cache hit)
4381 http cache @smithy/fetch-http-handler@https://registry.npmjs.org/@smithy/fetch-http-handler/-/fetch-http-handler-5.4.4.tgz 1ms (cache hit)
4382 http cache tslib@https://registry.npmjs.org/tslib/-/tslib-2.8.1.tgz 0ms (cache hit)
4383 http cache @smithy/types@https://registry.npmjs.org/@smithy/types/-/types-4.14.2.tgz 0ms (cache hit)
4384 http cache @smithy/credential-provider-imds@https://registry.npmjs.org/@smithy/credential-provider-imds/-/credential-provider-imds-4.3.4.tgz 1ms (cache hit)
4385 http cache @smithy/core@https://registry.npmjs.org/@smithy/core/-/core-3.24.4.tgz 1ms (cache hit)
4386 http cache @aws-sdk/types@https://registry.npmjs.org/@aws-sdk/types/-/types-3.973.9.tgz 0ms (cache hit)
4387 http cache @aws-sdk/nested-clients@https://registry.npmjs.org/@aws-sdk/nested-clients/-/nested-clients-3.997.11.tgz 0ms (cache hit)
4388 http cache @aws-sdk/credential-provider-web-identity@https://registry.npmjs.org/@aws-sdk/credential-provider-web-identity/-/credential-provider-web-identity-3.972.43.tgz 0ms (cache hit)
4389 http cache @aws-sdk/credential-provider-sso@https://registry.npmjs.org/@aws-sdk/credential-provider-sso/-/credential-provider-sso-3.972.43.tgz 0ms (cache hit)
4390 http cache @aws-sdk/credential-provider-process@https://registry.npmjs.org/@aws-sdk/credential-provider-process/-/credential-provider-process-3.972.39.tgz 0ms (cache hit)
4391 http cache @aws-sdk/credential-provider-node@https://registry.npmjs.org/@aws-sdk/credential-provider-node/-/credential-provider-node-3.972.44.tgz 0ms (cache hit)
4392 http cache @aws-sdk/credential-provider-login@https://registry.npmjs.org/@aws-sdk/credential-provider-login/-/credential-provider-login-3.972.43.tgz 0ms (cache hit)
4393 http cache @aws-sdk/credential-provider-ini@https://registry.npmjs.org/@aws-sdk/credential-provider-ini/-/credential-provider-ini-3.972.43.tgz 0ms (cache hit)
4394 http cache @aws-sdk/credential-provider-http@https://registry.npmjs.org/@aws-sdk/credential-provider-http/-/credential-provider-http-3.972.41.tgz 0ms (cache hit)
4395 http cache @aws-sdk/credential-provider-cognito-identity@https://registry.npmjs.org/@aws-sdk/credential-provider-cognito-identity/-/credential-provider-cognito-identity-3.972.36.tgz 1ms (cache hit)
4396 http cache @aws-sdk/core@https://registry.npmjs.org/@aws-sdk/core/-/core-3.974.13.tgz 0ms (cache hit)
4397 http cache @aws-sdk/client-cognito-identity@https://registry.npmjs.org/@aws-sdk/client-cognito-identity/-/client-cognito-identity-3.1052.0.tgz 0ms (cache hit)
4398 http cache @aws-sdk/credential-provider-env@https://registry.npmjs.org/@aws-sdk/credential-provider-env/-/credential-provider-env-3.972.39.tgz 1ms (cache hit)
4399 http cache socks@https://registry.npmjs.org/socks/-/socks-2.8.9.tgz 0ms (cache hit)
4400 http cache mongodb-connection-string-url@https://registry.npmjs.org/mongodb-connection-string-url/-/mongodb-connection-string-url-2.6.0.tgz 0ms (cache hit)
4401 http cache @aws-sdk/credential-providers@https://registry.npmjs.org/@aws-sdk/credential-providers/-/credential-providers-3.1052.0.tgz 1ms (cache hit)
4402 http cache sift@https://registry.npmjs.org/sift/-/sift-16.0.1.tgz 0ms (cache hit)
4403 http cache @mongodb-js/saslprep@https://registry.npmjs.org/@mongodb-js/saslprep/-/saslprep-1.4.11.tgz 0ms (cache hit)
4404 http cache mquery@https://registry.npmjs.org/mquery/-/mquery-4.0.3.tgz 0ms (cache hit)
4405 http cache mpath@https://registry.npmjs.org/mpath/-/mpath-0.9.0.tgz 0ms (cache hit)
4406 http cache mongodb@https://registry.npmjs.org/mongodb/-/mongodb-4.17.2.tgz 0ms (cache hit)
4407 http cache kareem@https://registry.npmjs.org/kareem/-/kareem-2.5.1.tgz 0ms (cache hit)
4408 http cache bson@https://registry.npmjs.org/bson/-/bson-4.7.2.tgz 0ms (cache hit)
4409 http cache minimist@https://registry.npmjs.org/minimist/-/minimist-1.2.8.tgz 0ms (cache hit)
4410 http cache xtend@https://registry.npmjs.org/xtend/-/xtend-4.0.2.tgz 0ms (cache hit)
4411 http cache xhr@https://registry.npmjs.org/xhr/-/xhr-2.6.0.tgz 0ms (cache hit)
4412 http cache parse-bmfont-xml@https://registry.npmjs.org/parse-bmfont-xml/-/parse-bmfont-xml-1.1.6.tgz 0ms (cache hit)
4413 http cache parse-bmfont-ascii@https://registry.npmjs.org/parse-bmfont-ascii/-/parse-bmfont-ascii-1.0.6.tgz 0ms (cache hit)
4414 http cache mime-db@https://registry.npmjs.org/mime-db/-/mime-db-1.52.0.tgz 0ms (cache hit)
4415 http cache parse-bmfont-binary@https://registry.npmjs.org/parse-bmfont-binary/-/parse-bmfont-binary-1.0.6.tgz 0ms (cache hit)
4416 http cache mime@https://registry.npmjs.org/mime/-/mime-1.6.0.tgz 1ms (cache hit)
4417 http cache buffer-equal@https://registry.npmjs.org/buffer-equal/-/buffer-equal-0.0.1.tgz 1ms (cache hit)
4418 http cache curve25519-js@https://registry.npmjs.org/curve25519-js/-/curve25519-js-0.0.4.tgz 0ms (cache hit)
4419 http cache @tootallnate/once@https://registry.npmjs.org/@tootallnate/once/-/once-1.1.2.tgz 0ms (cache hit)
4420 http cache source-map@https://registry.npmjs.org/source-map/-/source-map-0.6.1.tgz 1ms (cache hit)
4421 http cache esutils@https://registry.npmjs.org/esutils/-/esutils-2.0.3.tgz 0ms (cache hit)
4422 http cache estraverse@https://registry.npmjs.org/estraverse/-/estraverse-5.3.0.tgz 1ms (cache hit)
4423 http cache esprima@https://registry.npmjs.org/esprima/-/esprima-4.0.1.tgz 0ms (cache hit)
4424 http cache acorn-walk@https://registry.npmjs.org/acorn-walk/-/acorn-walk-7.2.0.tgz 0ms (cache hit)
4425 http cache xml-name-validator@https://registry.npmjs.org/xml-name-validator/-/xml-name-validator-3.0.0.tgz 0ms (cache hit)
4426 http cache whatwg-url@https://registry.npmjs.org/whatwg-url/-/whatwg-url-8.7.0.tgz 0ms (cache hit)
4427 http cache webidl-conversions@https://registry.npmjs.org/webidl-conversions/-/webidl-conversions-6.1.0.tgz 0ms (cache hit)
4428 http cache w3c-xmlserializer@https://registry.npmjs.org/w3c-xmlserializer/-/w3c-xmlserializer-2.0.0.tgz 0ms (cache hit)
4429 http cache w3c-hr-time@https://registry.npmjs.org/w3c-hr-time/-/w3c-hr-time-1.0.2.tgz 0ms (cache hit)
4430 http cache symbol-tree@https://registry.npmjs.org/symbol-tree/-/symbol-tree-3.2.4.tgz 0ms (cache hit)
4431 http cache saxes@https://registry.npmjs.org/saxes/-/saxes-5.0.1.tgz 0ms (cache hit)
4432 http cache nwsapi@https://registry.npmjs.org/nwsapi/-/nwsapi-2.2.23.tgz 1ms (cache hit)
4433 http cache is-potential-custom-element-name@https://registry.npmjs.org/is-potential-custom-element-name/-/is-potential-custom-element-name-1.0.1.tgz 0ms (cache hit)
4434 http cache http-proxy-agent@https://registry.npmjs.org/http-proxy-agent/-/http-proxy-agent-4.0.1.tgz 0ms (cache hit)
4435 http cache html-encoding-sniffer@https://registry.npmjs.org/html-encoding-sniffer/-/html-encoding-sniffer-2.0.1.tgz 1ms (cache hit)
4436 http cache escodegen@https://registry.npmjs.org/escodegen/-/escodegen-2.1.0.tgz 0ms (cache hit)
4437 http cache domexception@https://registry.npmjs.org/domexception/-/domexception-2.0.1.tgz 0ms (cache hit)
4438 http cache decimal.js@https://registry.npmjs.org/decimal.js/-/decimal.js-10.6.0.tgz 0ms (cache hit)
4439 http cache data-urls@https://registry.npmjs.org/data-urls/-/data-urls-2.0.0.tgz 0ms (cache hit)
4440 http cache cssstyle@https://registry.npmjs.org/cssstyle/-/cssstyle-2.3.0.tgz 0ms (cache hit)
4441 http cache cssom@https://registry.npmjs.org/cssom/-/cssom-0.4.4.tgz 0ms (cache hit)
4442 http cache acorn-globals@https://registry.npmjs.org/acorn-globals/-/acorn-globals-6.0.0.tgz 0ms (cache hit)
4443 http cache acorn@https://registry.npmjs.org/acorn/-/acorn-8.16.0.tgz 0ms (cache hit)
4444 http cache abab@https://registry.npmjs.org/abab/-/abab-2.0.6.tgz 0ms (cache hit)
4445 http cache @types/node@https://registry.npmjs.org/@types/node/-/node-16.9.1.tgz 0ms (cache hit)
4446 http cache image-q@https://registry.npmjs.org/image-q/-/image-q-4.0.0.tgz 0ms (cache hit)
4447 http cache ieee754@https://registry.npmjs.org/ieee754/-/ieee754-1.2.1.tgz 0ms (cache hit)
4448 http cache base64-js@https://registry.npmjs.org/base64-js/-/base64-js-1.5.1.tgz 0ms (cache hit)
4449 http cache utif@https://registry.npmjs.org/utif/-/utif-2.0.1.tgz 0ms (cache hit)
4450 http cache pngjs@https://registry.npmjs.org/pngjs/-/pngjs-3.4.0.tgz 0ms (cache hit)
4451 http cache jpeg-js@https://registry.npmjs.org/jpeg-js/-/jpeg-js-0.4.4.tgz 0ms (cache hit)
4452 http cache omggif@https://registry.npmjs.org/omggif/-/omggif-1.0.10.tgz 0ms (cache hit)
4453 http cache gifwrap@https://registry.npmjs.org/gifwrap/-/gifwrap-0.9.4.tgz 0ms (cache hit)
4454 http cache bmp-js@https://registry.npmjs.org/bmp-js/-/bmp-js-0.1.0.tgz 0ms (cache hit)
4455 http cache @jimp/tiff@https://registry.npmjs.org/@jimp/tiff/-/tiff-0.16.13.tgz 0ms (cache hit)
4456 http cache @jimp/png@https://registry.npmjs.org/@jimp/png/-/png-0.16.13.tgz 0ms (cache hit)
4457 http cache @jimp/jpeg@https://registry.npmjs.org/@jimp/jpeg/-/jpeg-0.16.13.tgz 0ms (cache hit)
4458 http cache @jimp/gif@https://registry.npmjs.org/@jimp/gif/-/gif-0.16.13.tgz 0ms (cache hit)
4459 http cache @jimp/bmp@https://registry.npmjs.org/@jimp/bmp/-/bmp-0.16.13.tgz 0ms (cache hit)
4460 http cache timm@https://registry.npmjs.org/timm/-/timm-1.7.1.tgz 0ms (cache hit)
4461 http cache @jimp/plugin-threshold@https://registry.npmjs.org/@jimp/plugin-threshold/-/plugin-threshold-0.16.13.tgz 0ms (cache hit)
4462 http cache @jimp/plugin-shadow@https://registry.npmjs.org/@jimp/plugin-shadow/-/plugin-shadow-0.16.13.tgz 0ms (cache hit)
4463 http cache @jimp/plugin-print@https://registry.npmjs.org/@jimp/plugin-print/-/plugin-print-0.16.13.tgz 0ms (cache hit)
4464 http cache @jimp/plugin-normalize@https://registry.npmjs.org/@jimp/plugin-normalize/-/plugin-normalize-0.16.13.tgz 0ms (cache hit)
4465 http cache @jimp/plugin-mask@https://registry.npmjs.org/@jimp/plugin-mask/-/plugin-mask-0.16.13.tgz 1ms (cache hit)
4466 http cache @jimp/plugin-invert@https://registry.npmjs.org/@jimp/plugin-invert/-/plugin-invert-0.16.13.tgz 0ms (cache hit)
4467 http cache @jimp/plugin-gaussian@https://registry.npmjs.org/@jimp/plugin-gaussian/-/plugin-gaussian-0.16.13.tgz 0ms (cache hit)
4468 http cache @jimp/plugin-rotate@https://registry.npmjs.org/@jimp/plugin-rotate/-/plugin-rotate-0.16.13.tgz 0ms (cache hit)
4469 http cache @jimp/plugin-flip@https://registry.npmjs.org/@jimp/plugin-flip/-/plugin-flip-0.16.13.tgz 0ms (cache hit)
4470 http cache @jimp/plugin-fisheye@https://registry.npmjs.org/@jimp/plugin-fisheye/-/plugin-fisheye-0.16.13.tgz 0ms (cache hit)
4471 http cache @jimp/plugin-dither@https://registry.npmjs.org/@jimp/plugin-dither/-/plugin-dither-0.16.13.tgz 0ms (cache hit)
4472 http cache @jimp/plugin-displace@https://registry.npmjs.org/@jimp/plugin-displace/-/plugin-displace-0.16.13.tgz 1ms (cache hit)
4473 http cache @jimp/plugin-crop@https://registry.npmjs.org/@jimp/plugin-crop/-/plugin-crop-0.16.13.tgz 1ms (cache hit)
4474 http cache @jimp/plugin-cover@https://registry.npmjs.org/@jimp/plugin-cover/-/plugin-cover-0.16.13.tgz 1ms (cache hit)
4475 http cache @jimp/plugin-resize@https://registry.npmjs.org/@jimp/plugin-resize/-/plugin-resize-0.16.13.tgz 0ms (cache hit)
4476 http cache @jimp/plugin-scale@https://registry.npmjs.org/@jimp/plugin-scale/-/plugin-scale-0.16.13.tgz 0ms (cache hit)
4477 http cache @jimp/plugin-contain@https://registry.npmjs.org/@jimp/plugin-contain/-/plugin-contain-0.16.13.tgz 0ms (cache hit)
4478 http cache @jimp/plugin-circle@https://registry.npmjs.org/@jimp/plugin-circle/-/plugin-circle-0.16.13.tgz 1ms (cache hit)
4479 http cache @jimp/plugin-blur@https://registry.npmjs.org/@jimp/plugin-blur/-/plugin-blur-0.16.13.tgz 1ms (cache hit)
4480 http cache @jimp/plugin-blit@https://registry.npmjs.org/@jimp/plugin-blit/-/plugin-blit-0.16.13.tgz 0ms (cache hit)
4481 http cache pixelmatch@https://registry.npmjs.org/pixelmatch/-/pixelmatch-4.0.2.tgz 1ms (cache hit)
4482 http cache tinycolor2@https://registry.npmjs.org/tinycolor2/-/tinycolor2-1.6.0.tgz 0ms (cache hit)
4483 http cache phin@https://registry.npmjs.org/phin/-/phin-2.9.3.tgz 1ms (cache hit)
4484 http cache mkdirp@https://registry.npmjs.org/mkdirp/-/mkdirp-0.5.6.tgz 0ms (cache hit)
4485 http cache @jimp/plugin-color@https://registry.npmjs.org/@jimp/plugin-color/-/plugin-color-0.16.13.tgz 0ms (cache hit)
4486 http cache load-bmfont@https://registry.npmjs.org/load-bmfont/-/load-bmfont-1.4.2.tgz 0ms (cache hit)
4487 http cache exif-parser@https://registry.npmjs.org/exif-parser/-/exif-parser-0.1.12.tgz 0ms (cache hit)
4488 http cache any-base@https://registry.npmjs.org/any-base/-/any-base-1.1.0.tgz 0ms (cache hit)
4489 http cache buffer@https://registry.npmjs.org/buffer/-/buffer-5.7.1.tgz 0ms (cache hit)
4490 http cache @jimp/utils@https://registry.npmjs.org/@jimp/utils/-/utils-0.16.13.tgz 0ms (cache hit)
4491 http cache @jimp/core@https://registry.npmjs.org/@jimp/core/-/core-0.16.13.tgz 0ms (cache hit)
4492 http cache regenerator-runtime@https://registry.npmjs.org/regenerator-runtime/-/regenerator-runtime-0.13.11.tgz 0ms (cache hit)
4493 http cache @jimp/types@https://registry.npmjs.org/@jimp/types/-/types-0.16.13.tgz 0ms (cache hit)
4494 http cache @jimp/plugins@https://registry.npmjs.org/@jimp/plugins/-/plugins-0.16.13.tgz 0ms (cache hit)
4495 http cache @jimp/custom@https://registry.npmjs.org/@jimp/custom/-/custom-0.16.13.tgz 0ms (cache hit)
4496 http cache @babel/runtime@https://registry.npmjs.org/@babel/runtime/-/runtime-7.29.2.tgz 1ms (cache hit)
4497 http cache safer-buffer@https://registry.npmjs.org/safer-buffer/-/safer-buffer-2.1.2.tgz 0ms (cache hit)
4498 http cache toidentifier@https://registry.npmjs.org/toidentifier/-/toidentifier-1.0.1.tgz 0ms (cache hit)
4499 http cache inherits@https://registry.npmjs.org/inherits/-/inherits-2.0.4.tgz 0ms (cache hit)
4500 http cache agent-base@https://registry.npmjs.org/agent-base/-/agent-base-9.0.0.tgz 0ms (cache hit)
4501 http cache dunder-proto@https://registry.npmjs.org/dunder-proto/-/dunder-proto-1.0.1.tgz 0ms (cache hit)
4502 http cache math-intrinsics@https://registry.npmjs.org/math-intrinsics/-/math-intrinsics-1.1.0.tgz 0ms (cache hit)
4503 http cache has-symbols@https://registry.npmjs.org/has-symbols/-/has-symbols-1.1.0.tgz 0ms (cache hit)
4504 http cache gopd@https://registry.npmjs.org/gopd/-/gopd-1.2.0.tgz 0ms (cache hit)
4505 http cache get-proto@https://registry.npmjs.org/get-proto/-/get-proto-1.0.1.tgz 0ms (cache hit)
4506 http cache function-bind@https://registry.npmjs.org/function-bind/-/function-bind-1.1.2.tgz 0ms (cache hit)
4507 http cache es-object-atoms@https://registry.npmjs.org/es-object-atoms/-/es-object-atoms-1.1.1.tgz 0ms (cache hit)
4508 http cache es-define-property@https://registry.npmjs.org/es-define-property/-/es-define-property-1.0.1.tgz 0ms (cache hit)
4509 http cache call-bind-apply-helpers@https://registry.npmjs.org/call-bind-apply-helpers/-/call-bind-apply-helpers-1.0.2.tgz 0ms (cache hit)
4510 http cache universalify@https://registry.npmjs.org/universalify/-/universalify-2.0.1.tgz 0ms (cache hit)
4511 http cache jsonfile@https://registry.npmjs.org/jsonfile/-/jsonfile-6.2.1.tgz 0ms (cache hit)
4512 http cache graceful-fs@https://registry.npmjs.org/graceful-fs/-/graceful-fs-4.2.11.tgz 0ms (cache hit)
4513 http cache has-tostringtag@https://registry.npmjs.org/has-tostringtag/-/has-tostringtag-1.0.2.tgz 0ms (cache hit)
4514 http cache get-intrinsic@https://registry.npmjs.org/get-intrinsic/-/get-intrinsic-1.3.0.tgz 0ms (cache hit)
4515 http cache es-errors@https://registry.npmjs.org/es-errors/-/es-errors-1.3.0.tgz 0ms (cache hit)
4516 http cache delayed-stream@https://registry.npmjs.org/delayed-stream/-/delayed-stream-1.0.0.tgz 0ms (cache hit)
4517 http cache hasown@https://registry.npmjs.org/hasown/-/hasown-2.0.3.tgz 0ms (cache hit)
4518 http cache es-set-tostringtag@https://registry.npmjs.org/es-set-tostringtag/-/es-set-tostringtag-2.1.0.tgz 0ms (cache hit)
4519 http cache combined-stream@https://registry.npmjs.org/combined-stream/-/combined-stream-1.0.8.tgz 0ms (cache hit)
4520 http cache asynckit@https://registry.npmjs.org/asynckit/-/asynckit-0.4.0.tgz 0ms (cache hit)
4521 http cache which@https://registry.npmjs.org/which/-/which-1.3.1.tgz 0ms (cache hit)
4522 http cache token-types@https://registry.npmjs.org/token-types/-/token-types-4.2.1.tgz 0ms (cache hit)
4523 http cache strtok3@https://registry.npmjs.org/strtok3/-/strtok3-6.3.0.tgz 0ms (cache hit)
4524 http cache readable-web-to-node-stream@https://registry.npmjs.org/readable-web-to-node-stream/-/readable-web-to-node-stream-3.0.4.tgz 0ms (cache hit)
4525 http cache when@https://registry.npmjs.org/when/-/when-3.7.8.tgz 0ms (cache hit)
4526 http cache uid-safe@https://registry.npmjs.org/uid-safe/-/uid-safe-2.1.5.tgz 1ms (cache hit)
4527 http cache on-headers@https://registry.npmjs.org/on-headers/-/on-headers-1.1.0.tgz 0ms (cache hit)
4528 http cache ms@https://registry.npmjs.org/ms/-/ms-2.0.0.tgz 0ms (cache hit)
4529 http cache unpipe@https://registry.npmjs.org/unpipe/-/unpipe-1.0.0.tgz 0ms (cache hit)
4530 http cache raw-body@https://registry.npmjs.org/raw-body/-/raw-body-2.5.3.tgz 0ms (cache hit)
4531 http cache destroy@https://registry.npmjs.org/destroy/-/destroy-1.2.0.tgz 0ms (cache hit)
4532 http cache bytes@https://registry.npmjs.org/bytes/-/bytes-3.1.2.tgz 0ms (cache hit)
4533 http cache negotiator@https://registry.npmjs.org/negotiator/-/negotiator-0.6.3.tgz 1ms (cache hit)
4534 http cache mime-types@https://registry.npmjs.org/mime-types/-/mime-types-2.1.35.tgz 0ms (cache hit)
4535 http cache vary@https://registry.npmjs.org/vary/-/vary-1.1.2.tgz 0ms (cache hit)
4536 http cache utils-merge@https://registry.npmjs.org/utils-merge/-/utils-merge-1.0.1.tgz 0ms (cache hit)
4537 http cache statuses@https://registry.npmjs.org/statuses/-/statuses-2.0.2.tgz 0ms (cache hit)
4538 http cache setprototypeof@https://registry.npmjs.org/setprototypeof/-/setprototypeof-1.2.0.tgz 0ms (cache hit)
4539 http cache type-is@https://registry.npmjs.org/type-is/-/type-is-1.6.18.tgz 0ms (cache hit)
4540 http cache serve-static@https://registry.npmjs.org/serve-static/-/serve-static-1.16.3.tgz 0ms (cache hit)
4541 http cache send@https://registry.npmjs.org/send/-/send-0.19.2.tgz 0ms (cache hit)
4542 http cache safe-buffer@https://registry.npmjs.org/safe-buffer/-/safe-buffer-5.2.1.tgz 0ms (cache hit)
4543 http cache range-parser@https://registry.npmjs.org/range-parser/-/range-parser-1.2.1.tgz 0ms (cache hit)
4544 http cache qs@https://registry.npmjs.org/qs/-/qs-6.15.2.tgz 0ms (cache hit)
4545 http cache proxy-addr@https://registry.npmjs.org/proxy-addr/-/proxy-addr-2.0.7.tgz 0ms (cache hit)
4546 http cache parseurl@https://registry.npmjs.org/parseurl/-/parseurl-1.3.3.tgz 0ms (cache hit)
4547 http cache path-to-regexp@https://registry.npmjs.org/path-to-regexp/-/path-to-regexp-0.1.13.tgz 0ms (cache hit)
4548 http cache on-finished@https://registry.npmjs.org/on-finished/-/on-finished-2.4.1.tgz 1ms (cache hit)
4549 http cache merge-descriptors@https://registry.npmjs.org/merge-descriptors/-/merge-descriptors-1.0.3.tgz 0ms (cache hit)
4550 http cache methods@https://registry.npmjs.org/methods/-/methods-1.1.2.tgz 0ms (cache hit)
4551 http cache fresh@https://registry.npmjs.org/fresh/-/fresh-0.5.2.tgz 0ms (cache hit)
4552 http cache http-errors@https://registry.npmjs.org/http-errors/-/http-errors-2.0.1.tgz 0ms (cache hit)
4553 http cache finalhandler@https://registry.npmjs.org/finalhandler/-/finalhandler-1.3.2.tgz 0ms (cache hit)
4554 http cache etag@https://registry.npmjs.org/etag/-/etag-1.8.1.tgz 0ms (cache hit)
4555 http cache escape-html@https://registry.npmjs.org/escape-html/-/escape-html-1.0.3.tgz 0ms (cache hit)
4556 http cache encodeurl@https://registry.npmjs.org/encodeurl/-/encodeurl-2.0.0.tgz 1ms (cache hit)
4557 http cache depd@https://registry.npmjs.org/depd/-/depd-2.0.0.tgz 1ms (cache hit)
4558 http cache debug@https://registry.npmjs.org/debug/-/debug-2.6.9.tgz 0ms (cache hit)
4559 http cache content-type@https://registry.npmjs.org/content-type/-/content-type-1.0.5.tgz 0ms (cache hit)
4560 http cache content-disposition@https://registry.npmjs.org/content-disposition/-/content-disposition-0.5.4.tgz 0ms (cache hit)
4561 http cache body-parser@https://registry.npmjs.org/body-parser/-/body-parser-1.20.5.tgz 0ms (cache hit)
4562 http cache array-flatten@https://registry.npmjs.org/array-flatten/-/array-flatten-1.1.1.tgz 0ms (cache hit)
4563 http cache accepts@https://registry.npmjs.org/accepts/-/accepts-1.3.8.tgz 0ms (cache hit)
4564 http cache whatwg-encoding@https://registry.npmjs.org/whatwg-encoding/-/whatwg-encoding-3.1.1.tgz 0ms (cache hit)
4565 http cache iconv-lite@https://registry.npmjs.org/iconv-lite/-/iconv-lite-0.6.3.tgz 0ms (cache hit)
4566 http cache entities@https://registry.npmjs.org/entities/-/entities-4.5.0.tgz 0ms (cache hit)
4567 http cache nth-check@https://registry.npmjs.org/nth-check/-/nth-check-2.1.1.tgz 0ms (cache hit)
4568 http cache cookie-signature@https://registry.npmjs.org/cookie-signature/-/cookie-signature-1.0.6.tgz 0ms (cache hit)
4569 http cache cookie@https://registry.npmjs.org/cookie/-/cookie-0.7.2.tgz 1ms (cache hit)
4570 http cache domelementtype@https://registry.npmjs.org/domelementtype/-/domelementtype-2.3.0.tgz 0ms (cache hit)
4571 http cache css-what@https://registry.npmjs.org/css-what/-/css-what-6.2.2.tgz 0ms (cache hit)
4572 http cache css-select@https://registry.npmjs.org/css-select/-/css-select-5.2.2.tgz 0ms (cache hit)
4573 http cache boolbase@https://registry.npmjs.org/boolbase/-/boolbase-1.0.0.tgz 0ms (cache hit)
4574 http cache whatwg-mimetype@https://registry.npmjs.org/whatwg-mimetype/-/whatwg-mimetype-4.0.0.tgz 0ms (cache hit)
4575 http cache parse5-parser-stream@https://registry.npmjs.org/parse5-parser-stream/-/parse5-parser-stream-7.1.2.tgz 0ms (cache hit)
4576 http cache parse5-htmlparser2-tree-adapter@https://registry.npmjs.org/parse5-htmlparser2-tree-adapter/-/parse5-htmlparser2-tree-adapter-7.1.0.tgz 0ms (cache hit)
4577 http cache parse5@https://registry.npmjs.org/parse5/-/parse5-7.3.0.tgz 0ms (cache hit)
4578 http cache htmlparser2@https://registry.npmjs.org/htmlparser2/-/htmlparser2-10.1.0.tgz 0ms (cache hit)
4579 http cache encoding-sniffer@https://registry.npmjs.org/encoding-sniffer/-/encoding-sniffer-0.2.1.tgz 0ms (cache hit)
4580 http cache domutils@https://registry.npmjs.org/domutils/-/domutils-3.2.2.tgz 0ms (cache hit)
4581 http cache domhandler@https://registry.npmjs.org/domhandler/-/domhandler-5.0.3.tgz 0ms (cache hit)
4582 http cache dom-serializer@https://registry.npmjs.org/dom-serializer/-/dom-serializer-2.0.0.tgz 0ms (cache hit)
4583 http cache cheerio-select@https://registry.npmjs.org/cheerio-select/-/cheerio-select-2.1.0.tgz 0ms (cache hit)
4584 http cache tar@https://registry.npmjs.org/tar/-/tar-6.2.1.tgz 0ms (cache hit)
4585 http cache semver@https://registry.npmjs.org/semver/-/semver-7.8.1.tgz 0ms (cache hit)
4586 http cache rimraf@https://registry.npmjs.org/rimraf/-/rimraf-3.0.2.tgz 0ms (cache hit)
4587 http cache npmlog@https://registry.npmjs.org/npmlog/-/npmlog-5.0.1.tgz 0ms (cache hit)
4588 http cache nopt@https://registry.npmjs.org/nopt/-/nopt-5.0.0.tgz 1ms (cache hit)
4589 http cache make-dir@https://registry.npmjs.org/make-dir/-/make-dir-3.1.0.tgz 0ms (cache hit)
4590 http cache detect-libc@https://registry.npmjs.org/detect-libc/-/detect-libc-2.1.2.tgz 0ms (cache hit)
4591 http cache simple-get@https://registry.npmjs.org/simple-get/-/simple-get-3.1.1.tgz 0ms (cache hit)
4592 http cache nan@https://registry.npmjs.org/nan/-/nan-2.27.0.tgz 0ms (cache hit)
4593 http cache lru-cache@https://registry.npmjs.org/lru-cache/-/lru-cache-7.18.3.tgz 0ms (cache hit)
4594 http cache @mapbox/node-pre-gyp@https://registry.npmjs.org/@mapbox/node-pre-gyp/-/node-pre-gyp-1.0.11.tgz 0ms (cache hit)
4595 http cache lodash.clonedeep@https://registry.npmjs.org/lodash.clonedeep/-/lodash.clonedeep-4.5.0.tgz 1ms (cache hit)
4596 http cache async@https://registry.npmjs.org/async/-/async-3.2.3.tgz 0ms (cache hit)
4597 http cache simple-yenc@https://registry.npmjs.org/simple-yenc/-/simple-yenc-1.0.4.tgz 1ms (cache hit)
4598 http cache follow-redirects@https://registry.npmjs.org/follow-redirects/-/follow-redirects-1.16.0.tgz 0ms (cache hit)
4599 http cache @eshaz/web-worker@https://registry.npmjs.org/@eshaz/web-worker/-/web-worker-1.2.2.tgz 0ms (cache hit)
4600 http cache codec-parser@https://registry.npmjs.org/codec-parser/-/codec-parser-2.5.0.tgz 0ms (cache hit)
4601 http cache @wasm-audio-decoders/common@https://registry.npmjs.org/@wasm-audio-decoders/common/-/common-9.0.7.tgz 0ms (cache hit)
4602 http cache qoa-format@https://registry.npmjs.org/qoa-format/-/qoa-format-1.0.1.tgz 1ms (cache hit)
4603 http cache ogg-opus-decoder@https://registry.npmjs.org/ogg-opus-decoder/-/ogg-opus-decoder-1.7.3.tgz 0ms (cache hit)
4604 http cache mpg123-decoder@https://registry.npmjs.org/mpg123-decoder/-/mpg123-decoder-1.0.3.tgz 0ms (cache hit)
4605 http cache audio-type@https://registry.npmjs.org/audio-type/-/audio-type-2.4.1.tgz 0ms (cache hit)
4606 http cache audio-buffer@https://registry.npmjs.org/audio-buffer/-/audio-buffer-5.0.0.tgz 0ms (cache hit)
4607 http cache @wasm-audio-decoders/ogg-vorbis@https://registry.npmjs.org/@wasm-audio-decoders/ogg-vorbis/-/ogg-vorbis-0.1.20.tgz 0ms (cache hit)
4608 http cache @wasm-audio-decoders/flac@https://registry.npmjs.org/@wasm-audio-decoders/flac/-/flac-0.2.10.tgz 0ms (cache hit)
4609 http cache ws@https://registry.npmjs.org/ws/-/ws-8.20.1.tgz 0ms (cache hit)
4610 http cache uuid@https://registry.npmjs.org/uuid/-/uuid-9.0.1.tgz 0ms (cache hit)
4611 http cache protobufjs@https://registry.npmjs.org/protobufjs/-/protobufjs-7.6.0.tgz 0ms (cache hit)
4612 http cache node-cache@https://registry.npmjs.org/node-cache/-/node-cache-5.1.2.tgz 0ms (cache hit)
4613 http cache music-metadata@https://registry.npmjs.org/music-metadata/-/music-metadata-7.14.0.tgz 0ms (cache hit)
4614 http cache libphonenumber-js@https://registry.npmjs.org/libphonenumber-js/-/libphonenumber-js-1.13.2.tgz 0ms (cache hit)
4615 http cache futoin-hkdf@https://registry.npmjs.org/futoin-hkdf/-/futoin-hkdf-1.5.3.tgz 0ms (cache hit)
4616 http cache cache-manager@https://registry.npmjs.org/cache-manager/-/cache-manager-4.0.1.tgz 0ms (cache hit)
4617 http cache audio-decode@https://registry.npmjs.org/audio-decode/-/audio-decode-2.2.3.tgz 0ms (cache hit)
4618 http cache @hapi/hoek@https://registry.npmjs.org/@hapi/hoek/-/hoek-9.3.0.tgz 1ms (cache hit)
4619 http cache undici@https://registry.npmjs.org/undici/-/undici-7.25.0.tgz 0ms (cache hit)
4620 http cache sax@https://registry.npmjs.org/sax/-/sax-1.6.0.tgz 0ms (cache hit)
4621 http cache miniget@https://registry.npmjs.org/miniget/-/miniget-4.2.3.tgz 0ms (cache hit)
4622 http cache m3u8stream@https://registry.npmjs.org/m3u8stream/-/m3u8stream-0.8.6.tgz 0ms (cache hit)
4623 http cache https-proxy-agent@https://registry.npmjs.org/https-proxy-agent/-/https-proxy-agent-7.0.6.tgz 0ms (cache hit)
4624 http cache tough-cookie@https://registry.npmjs.org/tough-cookie/-/tough-cookie-5.1.2.tgz 0ms (cache hit)
4625 http cache http-cookie-agent@https://registry.npmjs.org/http-cookie-agent/-/http-cookie-agent-7.0.4.tgz 1ms (cache hit)
4626 http cache ytdl-core@https://registry.npmjs.org/ytdl-core/-/ytdl-core-4.11.5.tgz 0ms (cache hit)
4627 http cache wa-sticker-formatter@https://registry.npmjs.org/wa-sticker-formatter/-/wa-sticker-formatter-4.4.4.tgz 0ms (cache hit)
4628 http cache util@https://registry.npmjs.org/util/-/util-0.12.5.tgz 0ms (cache hit)
4629 http cache translatte@https://registry.npmjs.org/translatte/-/translatte-3.0.1.tgz 0ms (cache hit)
4630 http cache simple-git@https://registry.npmjs.org/simple-git/-/simple-git-3.36.0.tgz 0ms (cache hit)
4631 http cache node-wav@https://registry.npmjs.org/node-wav/-/node-wav-0.0.2.tgz 0ms (cache hit)
4632 http cache qrcode@https://registry.npmjs.org/qrcode/-/qrcode-1.5.4.tgz 0ms (cache hit)
4633 http cache puppeteer@https://registry.npmjs.org/puppeteer/-/puppeteer-25.0.4.tgz 0ms (cache hit)
4634 http cache pm2@https://registry.npmjs.org/pm2/-/pm2-5.4.3.tgz 0ms (cache hit)
4635 http cache pino@https://registry.npmjs.org/pino/-/pino-7.11.0.tgz 0ms (cache hit)
4636 http cache pg@https://registry.npmjs.org/pg/-/pg-8.21.0.tgz 0ms (cache hit)
4637 http cache path@https://registry.npmjs.org/path/-/path-0.12.7.tgz 0ms (cache hit)
4638 http cache node-webpmux@https://registry.npmjs.org/node-webpmux/-/node-webpmux-3.2.1.tgz 0ms (cache hit)
4639 http cache node-cron@https://registry.npmjs.org/node-cron/-/node-cron-3.0.3.tgz 0ms (cache hit)
4640 http cache multer@https://registry.npmjs.org/multer/-/multer-1.4.5-lts.2.tgz 0ms (cache hit)
4641 http cache mongoose@https://registry.npmjs.org/mongoose/-/mongoose-6.13.9.tgz 0ms (cache hit)
4642 http cache moment-timezone@https://registry.npmjs.org/moment-timezone/-/moment-timezone-0.5.48.tgz 0ms (cache hit)
4643 http cache moment@https://registry.npmjs.org/moment/-/moment-2.30.1.tgz 0ms (cache hit)
4644 http cache jsdom@https://registry.npmjs.org/jsdom/-/jsdom-16.7.0.tgz 0ms (cache hit)
4645 http cache jimp@https://registry.npmjs.org/jimp/-/jimp-0.16.13.tgz 0ms (cache hit)
4646 http cache google-tts-api@https://registry.npmjs.org/google-tts-api/-/google-tts-api-2.0.2.tgz 0ms (cache hit)
4647 http cache fs-extra@https://registry.npmjs.org/fs-extra/-/fs-extra-10.1.0.tgz 0ms (cache hit)
4648 http cache form-data@https://registry.npmjs.org/form-data/-/form-data-4.0.5.tgz 0ms (cache hit)
4649 http cache fluent-ffmpeg@https://registry.npmjs.org/fluent-ffmpeg/-/fluent-ffmpeg-2.1.3.tgz 0ms (cache hit)
4650 http cache file-type@https://registry.npmjs.org/file-type/-/file-type-16.5.4.tgz 0ms (cache hit)
4651 http cache ffmpeg@https://registry.npmjs.org/ffmpeg/-/ffmpeg-0.0.4.tgz 0ms (cache hit)
4652 http cache express-session@https://registry.npmjs.org/express-session/-/express-session-1.19.0.tgz 0ms (cache hit)
4653 http cache dotenv@https://registry.npmjs.org/dotenv/-/dotenv-16.6.1.tgz 1ms (cache hit)
4654 http cache express@https://registry.npmjs.org/express/-/express-4.22.2.tgz 0ms (cache hit)
4655 http cache crypto-js@https://registry.npmjs.org/crypto-js/-/crypto-js-4.2.0.tgz 0ms (cache hit)
4656 http cache cookie-parser@https://registry.npmjs.org/cookie-parser/-/cookie-parser-1.4.7.tgz 0ms (cache hit)
4657 http cache connect-pg-simple@https://registry.npmjs.org/connect-pg-simple/-/connect-pg-simple-9.0.1.tgz 0ms (cache hit)
4658 http cache child_process@https://registry.npmjs.org/child_process/-/child_process-1.0.2.tgz 0ms (cache hit)
4659 http cache cheerio@https://registry.npmjs.org/cheerio/-/cheerio-1.2.0.tgz 0ms (cache hit)
4660 http cache canvas@https://registry.npmjs.org/canvas/-/canvas-2.11.2.tgz 0ms (cache hit)
4661 http cache bcryptjs@https://registry.npmjs.org/bcryptjs/-/bcryptjs-2.4.3.tgz 0ms (cache hit)
4662 http cache axios@https://registry.npmjs.org/axios/-/axios-0.24.0.tgz 0ms (cache hit)
4663 http cache node-fetch@https://registry.npmjs.org/node-fetch/-/node-fetch-2.7.0.tgz 0ms (cache hit)
4664 http cache async-g-i-s@https://registry.npmjs.org/async-g-i-s/-/async-g-i-s-1.5.5.tgz 0ms (cache hit)
4665 http cache anime-character-random@https://registry.npmjs.org/anime-character-random/-/anime-character-random-1.0.14.tgz 0ms (cache hit)
4666 http cache acrcloud@https://registry.npmjs.org/acrcloud/-/acrcloud-1.4.0.tgz 0ms (cache hit)
4667 http cache @whiskeysockets/baileys@https://registry.npmjs.org/@whiskeysockets/baileys/-/baileys-6.6.0.tgz 1ms (cache hit)
4668 http cache @hapi/boom@https://registry.npmjs.org/@hapi/boom/-/boom-9.1.4.tgz 0ms (cache hit)
4669 http cache @adiwajshing/keyed-db@https://registry.npmjs.org/@adiwajshing/keyed-db/-/keyed-db-0.2.4.tgz 0ms (cache hit)
4670 http cache @distube/ytdl-core@https://registry.npmjs.org/@distube/ytdl-core/-/ytdl-core-4.16.12.tgz 0ms (cache hit)
4671 http fetch POST 200 https://registry.npmjs.org/-/npm/v1/security/advisories/bulk 7809ms
4672 silly audit report {
4672 silly audit report   axios: [
4672 silly audit report     {
4672 silly audit report       id: 1111034,
4672 silly audit report       url: 'https://github.com/advisories/GHSA-jr5f-v2jv-69x6',
4672 silly audit report       title: 'axios Requests Vulnerable To Possible SSRF and Credential Leakage via Absolute URL',
4672 silly audit report       severity: 'high',
4672 silly audit report       vulnerable_versions: '<0.30.0',
4672 silly audit report       cwe: [Array],
4672 silly audit report       cvss: [Object]
4672 silly audit report     },
4672 silly audit report     {
4672 silly audit report       id: 1119403,
4672 silly audit report       url: 'https://github.com/advisories/GHSA-fvcv-3m26-pcqx',
4672 silly audit report       title: 'Axios has Unrestricted Cloud Metadata Exfiltration via Header Injection Chain',
4672 silly audit report       severity: 'moderate',
4672 silly audit report       vulnerable_versions: '<0.31.0',
4672 silly audit report       cwe: [Array],
4672 silly audit report       cvss: [Object]
4672 silly audit report     },
4672 silly audit report     {
4672 silly audit report       id: 1116672,
4672 silly audit report       url: 'https://github.com/advisories/GHSA-3p68-rc4w-qgx5',
4672 silly audit report       title: 'Axios has a NO_PROXY Hostname Normalization Bypass that Leads to SSRF',
4672 silly audit report       severity: 'moderate',
4672 silly audit report       vulnerable_versions: '<0.31.0',
4672 silly audit report       cwe: [Array],
4672 silly audit report       cvss: [Object]
4672 silly audit report     },
4672 silly audit report     {
4672 silly audit report       id: 1117573,
4672 silly audit report       url: 'https://github.com/advisories/GHSA-w9j2-pvgh-6h63',
4672 silly audit report       title: 'Axios: Authentication Bypass via Prototype Pollution Gadget in `validateStatus` Merge Strategy',
4672 silly audit report       severity: 'moderate',
4672 silly audit report       vulnerable_versions: '<=0.31.0',
4672 silly audit report       cwe: [Array],
4672 silly audit report       cvss: [Object]
4672 silly audit report     },
4672 silly audit report     {
4672 silly audit report       id: 1117575,
4672 silly audit report       url: 'https://github.com/advisories/GHSA-pmwg-cvhr-8vh7',
4672 silly audit report       title: 'Axios: Incomplete Fix for CVE-2025-62718 — NO_PROXY Protection Bypassed via RFC 1122 Loopback Subnet (127.0.0.0/8) in Axios 1.15.0',
4672 silly audit report       severity: 'high',
4672 silly audit report       vulnerable_versions: '<=0.31.0',
4672 silly audit report       cwe: [Array],
4672 silly audit report       cvss: [Object]
4672 silly audit report     },
4672 silly audit report     {
4672 silly audit report       id: 1117579,
4672 silly audit report       url: 'https://github.com/advisories/GHSA-xhjh-pmcv-23jw',
4672 silly audit report       title: 'Axios: Null Byte Injection via Reverse-Encoding in AxiosURLSearchParams',
4672 silly audit report       severity: 'low',
4672 silly audit report       vulnerable_versions: '<=0.31.0',
4672 silly audit report       cwe: [Array],
4672 silly audit report       cvss: [Object]
4672 silly audit report     },
4672 silly audit report     {
4672 silly audit report       id: 1117582,
4672 silly audit report       url: 'https://github.com/advisories/GHSA-m7pr-hjqh-92cm',
4672 silly audit report       title: 'Axios: no_proxy bypass via IP alias allows SSRF',
4672 silly audit report       severity: 'moderate',
4672 silly audit report       vulnerable_versions: '<=0.31.0',
4672 silly audit report       cwe: [Array],
4672 silly audit report       cvss: [Object]
4672 silly audit report     },
4672 silly audit report     {
4672 silly audit report       id: 1117584,
4672 silly audit report       url: 'https://github.com/advisories/GHSA-62hf-57xw-28j9',
4672 silly audit report       title: 'Axios: unbounded recursion in toFormData causes DoS via deeply nested request data',
4672 silly audit report       severity: 'moderate',
4672 silly audit report       vulnerable_versions: '<=0.31.0',
4672 silly audit report       cwe: [Array],
4672 silly audit report       cvss: [Object]
4672 silly audit report     },
4672 silly audit report     {
4672 silly audit report       id: 1117586,
4672 silly audit report       url: 'https://github.com/advisories/GHSA-5c9x-8gcm-mpgx',
4672 silly audit report       title: "Axios' HTTP adapter-streamed uploads bypass maxBodyLength when maxRedirects: 0",
4672 silly audit report       severity: 'moderate',
4672 silly audit report       vulnerable_versions: '<=0.31.0',
4672 silly audit report       cwe: [Array],
4672 silly audit report       cvss: [Object]
4672 silly audit report     },
4672 silly audit report     {
4672 silly audit report       id: 1117588,
4672 silly audit report       url: 'https://github.com/advisories/GHSA-vf2m-468p-8v99',
4672 silly audit report       title: 'Axios: HTTP adapter streamed responses bypass maxContentLength',
4672 silly audit report       severity: 'moderate',
4672 silly audit report       vulnerable_versions: '<=0.31.0',
4672 silly audit report       cwe: [Array],
4672 silly audit report       cvss: [Object]
4672 silly audit report     },
4672 silly audit report     {
4672 silly audit report       id: 1117590,
4672 silly audit report       url: 'https://github.com/advisories/GHSA-pf86-5x62-jrwf',
4672 silly audit report       title: 'Axios: Prototype Pollution Gadgets - Response Tampering, Data Exfiltration, and Request Hijacking',
4672 silly audit report       severity: 'high',
4672 silly audit report       vulnerable_versions: '<=0.31.0',
4672 silly audit report       cwe: [Array],
4672 silly audit report       cvss: [Object]
4672 silly audit report     },
4672 silly audit report     {
4672 silly audit report       id: 1117592,
4672 silly audit report       url: 'https://github.com/advisories/GHSA-6chq-wfr3-2hj9',
4672 silly audit report       title: 'Axios: Header Injection via Prototype Pollution',
4672 silly audit report       severity: 'high',
4672 silly audit report       vulnerable_versions: '<=0.31.0',
4672 silly audit report       cwe: [Array],
4672 silly audit report       cvss: [Object]
4672 silly audit report     },
4672 silly audit report     {
4672 silly audit report       id: 1117594,
4672 silly audit report       url: 'https://github.com/advisories/GHSA-xx6v-rp6x-q39c',
4672 silly audit report       title: 'Axios: XSRF Token Cross-Origin Leakage via Prototype Pollution Gadget in `withXSRFToken` Boolean Coercion',
4672 silly audit report       severity: 'moderate',
4672 silly audit report       vulnerable_versions: '<=0.31.0',
4672 silly audit report       cwe: [Array],
4672 silly audit report       cvss: [Object]
4672 silly audit report     },
4672 silly audit report     {
4672 silly audit report       id: 1117857,
4672 silly audit report       url: 'https://github.com/advisories/GHSA-43fc-jf86-j433',
4672 silly audit report       title: 'Axios is Vulnerable to Denial of Service via __proto__ Key in mergeConfig',
4672 silly audit report       severity: 'high',
4672 silly audit report       vulnerable_versions: '<=0.30.2',
4672 silly audit report       cwe: [Array],
4672 silly audit report       cvss: [Object]
4672 silly audit report     },
4672 silly audit report     {
4672 silly audit report       id: 1097679,
4672 silly audit report       url: 'https://github.com/advisories/GHSA-wf5p-g6vw-rhxx',
4672 silly audit report       title: 'Axios Cross-Site Request Forgery Vulnerability',
4672 silly audit report       severity: 'moderate',
4672 silly audit report       vulnerable_versions: '>=0.8.1 <0.28.0',
4672 silly audit report       cwe: [Array],
4672 silly audit report       cvss: [Object]
4672 silly audit report     }
4672 silly audit report   ],
4672 silly audit report   'file-type': [
4672 silly audit report     {
4672 silly audit report       id: 1114301,
4672 silly audit report       url: 'https://github.com/advisories/GHSA-5v7r-6r5c-r473',
4672 silly audit report       title: 'file-type affected by infinite loop in ASF parser on malformed input with zero-size sub-header',
4672 silly audit report       severity: 'moderate',
4672 silly audit report       vulnerable_versions: '>=13.0.0 <21.3.1',
4672 silly audit report       cwe: [Array],
4672 silly audit report       cvss: [Object]
4672 silly audit report     }
4672 silly audit report   ],
4672 silly audit report   pm2: [
4672 silly audit report     {
4672 silly audit report       id: 1119406,
4672 silly audit report       url: 'https://github.com/advisories/GHSA-x5gf-qvw8-r2rm',
4672 silly audit report       title: 'pm2 Regular Expression Denial of Service vulnerability',
4672 silly audit report       severity: 'low',
4672 silly audit report       vulnerable_versions: '<7.0.0',
4672 silly audit report       cwe: [Array],
4672 silly audit report       cvss: [Object]
4672 silly audit report     }
4672 silly audit report   ],
4672 silly audit report   'music-metadata': [
4672 silly audit report     {
4672 silly audit report       id: 1114969,
4672 silly audit report       url: 'https://github.com/advisories/GHSA-v6c2-xwv6-8xf7',
4672 silly audit report       title: 'music-metadata has an infinite loop vulnerability in ASF parser',
4672 silly audit report       severity: 'high',
4672 silly audit report       vulnerable_versions: '<=11.12.1',
4672 silly audit report       cwe: [Array],
4672 silly audit report       cvss: [Object]
4672 silly audit report     }
4672 silly audit report   ],
4672 silly audit report   protobufjs: [
4672 silly audit report     {
4672 silly audit report       id: 1118641,
4672 silly audit report       url: 'https://github.com/advisories/GHSA-66ff-xgx4-vchm',
4672 silly audit report       title: 'protobuf.js: Code injection through bytes field defaults in generated toObject code',
4672 silly audit report       severity: 'high',
4672 silly audit report       vulnerable_versions: '<=7.5.5',
4672 silly audit report       cwe: [Array],
4672 silly audit report       cvss: [Object]
4672 silly audit report     },
4672 silly audit report     {
4672 silly audit report       id: 1118924,
4672 silly audit report       url: 'https://github.com/advisories/GHSA-2pr8-phx7-x9h3',
4672 silly audit report       title: 'protobuf.js: Denial of service from crafted field names in generated code',
4672 silly audit report       severity: 'moderate',
4672 silly audit report       vulnerable_versions: '<=7.5.5',
4672 silly audit report       cwe: [Array],
4672 silly audit report       cvss: [Object]
4672 silly audit report     },
4672 silly audit report     {
4672 silly audit report       id: 1118926,
4672 silly audit report       url: 'https://github.com/advisories/GHSA-fx83-v9x8-x52w',
4672 silly audit report       title: 'protobuf.js: Prototype injection in generated message constructors',
4672 silly audit report       severity: 'moderate',
4672 silly audit report       vulnerable_versions: '<=7.5.5',
4672 silly audit report       cwe: [Array],
4672 silly audit report       cvss: [Object]
4672 silly audit report     },
4672 silly audit report     {
4672 silly audit report       id: 1118928,
4672 silly audit report       url: 'https://github.com/advisories/GHSA-75px-5xx7-5xc7',
4672 silly audit report       title: 'protobuf.js: Code generation gadget after prototype pollution',
4672 silly audit report       severity: 'high',
4672 silly audit report       vulnerable_versions: '<=7.5.5',
4672 silly audit report       cwe: [Array],
4672 silly audit report       cvss: [Object]
4672 silly audit report     },
4672 silly audit report     {
4672 silly audit report       id: 1118930,
4672 silly audit report       url: 'https://github.com/advisories/GHSA-jvwf-75h9-cwgg',
4672 silly audit report       title: 'protobuf.js: Process-wide denial of service through unsafe option paths',
4672 silly audit report       severity: 'high',
4672 silly audit report       vulnerable_versions: '<=7.5.5',
4672 silly audit report       cwe: [Array],
4672 silly audit report       cvss: [Object]
4672 silly audit report     },
4672 silly audit report     {
4672 silly audit report       id: 1118932,
4672 silly audit report       url: 'https://github.com/advisories/GHSA-685m-2w69-288q',
4672 silly audit report       title: 'protobuf.js: Denial of service through unbounded protobuf recursion',
4672 silly audit report       severity: 'high',
4672 silly audit report       vulnerable_versions: '<=7.5.5',
4672 silly audit report       cwe: [Array],
4672 silly audit report       cvss: [Object]
4672 silly audit report     },
4672 silly audit report     {
4672 silly audit report       id: 1118935,
4672 silly audit report       url: 'https://github.com/advisories/GHSA-q6x5-8v7m-xcrf',
4672 silly audit report       title: 'protobufjs has overlong UTF-8 decoding',
4672 silly audit report       severity: 'moderate',
4672 silly audit report       vulnerable_versions: '<=7.5.5',
4672 silly audit report       cwe: [Array],
4672 silly audit report       cvss: [Object]
4672 silly audit report     },
4672 silly audit report     {
4672 silly audit report       id: 1119378,
4672 silly audit report       url: 'https://github.com/advisories/GHSA-jggg-4jg4-v7c6',
4672 silly audit report       title: 'protobufjs: Denial of Service via unbounded recursive JSON descriptor expansion',
4672 silly audit report       severity: 'moderate',
4672 silly audit report       vulnerable_versions: '<=7.5.7',
4672 silly audit report       cwe: [Array],
4672 silly audit report       cvss: [Object]
4672 silly audit report     },
4672 silly audit report     {
4672 silly audit report       id: 1117571,
4672 silly audit report       url: 'https://github.com/advisories/GHSA-xq3m-2v4x-88gg',
4672 silly audit report       title: 'Arbitrary code execution in protobufjs',
4672 silly audit report       severity: 'critical',
4672 silly audit report       vulnerable_versions: '<7.5.5',
4672 silly audit report       cwe: [Array],
4672 silly audit report       cvss: [Object]
4672 silly audit report     }
4672 silly audit report   ],
4672 silly audit report   uuid: [
4672 silly audit report     {
4672 silly audit report       id: 1119441,
4672 silly audit report       url: 'https://github.com/advisories/GHSA-w5hq-g745-h8pq',
4672 silly audit report       title: 'uuid: Missing buffer bounds check in v3/v5/v6 when buf is provided',
4672 silly audit report       severity: 'moderate',
4672 silly audit report       vulnerable_versions: '<11.1.1',
4672 silly audit report       cwe: [Array],
4672 silly audit report       cvss: [Object]
4672 silly audit report     }
4672 silly audit report   ],
4672 silly audit report   tar: [
4672 silly audit report     {
4672 silly audit report       id: 1112659,
4672 silly audit report       url: 'https://github.com/advisories/GHSA-34x7-hfp2-rc4v',
4672 silly audit report       title: 'node-tar Vulnerable to Arbitrary File Creation/Overwrite via Hardlink Path Traversal',
4672 silly audit report       severity: 'high',
4672 silly audit report       vulnerable_versions: '<7.5.7',
4672 silly audit report       cwe: [Array],
4672 silly audit report       cvss: [Object]
4672 silly audit report     },
4672 silly audit report     {
4672 silly audit report       id: 1113300,
4672 silly audit report       url: 'https://github.com/advisories/GHSA-8qq5-rm4j-mr97',
4672 silly audit report       title: 'node-tar is Vulnerable to Arbitrary File Overwrite and Symlink Poisoning via Insufficient Path Sanitization',
4672 silly audit report       severity: 'high',
4672 silly audit report       vulnerable_versions: '<=7.5.2',
4672 silly audit report       cwe: [Array],
4672 silly audit report       cvss: [Object]
4672 silly audit report     },
4672 silly audit report     {
4672 silly audit report       id: 1113375,
4672 silly audit report       url: 'https://github.com/advisories/GHSA-83g3-92jg-28cx',
4672 silly audit report       title: 'Arbitrary File Read/Write via Hardlink Target Escape Through Symlink Chain in node-tar Extraction',
4672 silly audit report       severity: 'high',
4672 silly audit report       vulnerable_versions: '<7.5.8',
4672 silly audit report       cwe: [Array],
4672 silly audit report       cvss: [Object]
4672 silly audit report     },
4672 silly audit report     {
4672 silly audit report       id: 1114200,
4672 silly audit report       url: 'https://github.com/advisories/GHSA-qffp-2rhf-9h96',
4672 silly audit report       title: 'tar has Hardlink Path Traversal via Drive-Relative Linkpath',
4672 silly audit report       severity: 'high',
4672 silly audit report       vulnerable_versions: '<=7.5.9',
4672 silly audit report       cwe: [Array],
4672 silly audit report       cvss: [Object]
4672 silly audit report     },
4672 silly audit report     {
4672 silly audit report       id: 1114302,
4672 silly audit report       url: 'https://github.com/advisories/GHSA-9ppj-qmqm-q256',
4672 silly audit report       title: 'node-tar Symlink Path Traversal via Drive-Relative Linkpath',
4672 silly audit report       severity: 'high',
4672 silly audit report       vulnerable_versions: '<=7.5.10',
4672 silly audit report       cwe: [Array],
4672 silly audit report       cvss: [Object]
4672 silly audit report     },
4672 silly audit report     {
4672 silly audit report       id: 1114680,
4672 silly audit report       url: 'https://github.com/advisories/GHSA-r6q2-hw4h-h46w',
4672 silly audit report       title: 'Race Condition in node-tar Path Reservations via Unicode Ligature Collisions on macOS APFS',
4672 silly audit report       severity: 'high',
4672 silly audit report       vulnerable_versions: '<=7.5.3',
4672 silly audit report       cwe: [Array],
4672 silly audit report       cvss: [Object]
4672 silly audit report     }
4672 silly audit report   ],
4672 silly audit report   phin: [
4672 silly audit report     {
4672 silly audit report       id: 1096967,
4672 silly audit report       url: 'https://github.com/advisories/GHSA-x565-32qp-m3vf',
4672 silly audit report       title: 'phin may include sensitive headers in subsequent requests after redirect',
4672 silly audit report       severity: 'moderate',
4672 silly audit report       vulnerable_versions: '<3.7.1',
4672 silly audit report       cwe: [Array],
4672 silly audit report       cvss: [Object]
4672 silly audit report     }
4672 silly audit report   ],
4672 silly audit report   '@tootallnate/once': [
4672 silly audit report     {
4672 silly audit report       id: 1119438,
4672 silly audit report       url: 'https://github.com/advisories/GHSA-vpq2-c234-7xj6',
4672 silly audit report       title: '@tootallnate/once vulnerable to Incorrect Control Flow Scoping',
4672 silly audit report       severity: 'low',
4672 silly audit report       vulnerable_versions: '<2.0.1',
4672 silly audit report       cwe: [Array],
4672 silly audit report       cvss: [Object]
4672 silly audit report     }
4672 silly audit report   ],
4672 silly audit report   got: [
4672 silly audit report     {
4672 silly audit report       id: 1088948,
4672 silly audit report       url: 'https://github.com/advisories/GHSA-pfrx-2q88-qq97',
4672 silly audit report       title: 'Got allows a redirect to a UNIX socket',
4672 silly audit report       severity: 'moderate',
4672 silly audit report       vulnerable_versions: '<11.8.5',
4672 silly audit report       cwe: [],
4672 silly audit report       cvss: [Object]
4672 silly audit report     }
4672 silly audit report   ],
4672 silly audit report   sharp: [
4672 silly audit report     {
4672 silly audit report       id: 1094888,
4672 silly audit report       url: 'https://github.com/advisories/GHSA-54xq-cgqr-rpm3',
4672 silly audit report       title: 'sharp vulnerability in libwebp dependency CVE-2023-4863',
4672 silly audit report       severity: 'high',
4672 silly audit report       vulnerable_versions: '<0.32.6',
4672 silly audit report       cwe: [],
4672 silly audit report       cvss: [Object]
4672 silly audit report     }
4672 silly audit report   ]
4672 silly audit report }
4673 silly packumentCache corgi:https://registry.npmjs.org/axios cache-miss
4674 silly packumentCache corgi:https://registry.npmjs.org/file-type cache-miss
4675 silly packumentCache corgi:https://registry.npmjs.org/pm2 cache-miss
4676 silly packumentCache corgi:https://registry.npmjs.org/music-metadata cache-miss
4677 silly packumentCache corgi:https://registry.npmjs.org/protobufjs cache-miss
4678 silly packumentCache corgi:https://registry.npmjs.org/uuid cache-miss
4679 silly packumentCache corgi:https://registry.npmjs.org/tar cache-miss
4680 silly packumentCache corgi:https://registry.npmjs.org/phin cache-miss
4681 silly packumentCache corgi:https://registry.npmjs.org/@tootallnate%2fonce cache-miss
4682 silly packumentCache corgi:https://registry.npmjs.org/got cache-miss
4683 silly packumentCache corgi:https://registry.npmjs.org/sharp cache-miss
4684 http cache readable-stream@https://registry.npmjs.org/readable-stream/-/readable-stream-3.6.2.tgz 0ms (cache hit)
4685 http cache is-arrayish@https://registry.npmjs.org/is-arrayish/-/is-arrayish-0.3.4.tgz 0ms (cache hit)
4686 http cache readable-stream@https://registry.npmjs.org/readable-stream/-/readable-stream-3.6.2.tgz 0ms (cache hit)
4687 http cache tar-stream@https://registry.npmjs.org/tar-stream/-/tar-stream-2.2.0.tgz 0ms (cache hit)
4688 http cache mimic-response@https://registry.npmjs.org/mimic-response/-/mimic-response-3.1.0.tgz 0ms (cache hit)
4689 http cache tar-fs@https://registry.npmjs.org/tar-fs/-/tar-fs-2.1.4.tgz 0ms (cache hit)
4690 http cache chownr@https://registry.npmjs.org/chownr/-/chownr-1.1.4.tgz 0ms (cache hit)
4691 http cache decompress-response@https://registry.npmjs.org/decompress-response/-/decompress-response-6.0.0.tgz 0ms (cache hit)
4692 http cache simple-get@https://registry.npmjs.org/simple-get/-/simple-get-4.0.1.tgz 0ms (cache hit)
4693 http cache mimic-response@https://registry.npmjs.org/mimic-response/-/mimic-response-3.1.0.tgz 0ms (cache hit)
4694 http cache decompress-response@https://registry.npmjs.org/decompress-response/-/decompress-response-6.0.0.tgz 1ms (cache hit)
4695 http cache simple-get@https://registry.npmjs.org/simple-get/-/simple-get-4.0.1.tgz 1ms (cache hit)
4696 http cache mimic-response@https://registry.npmjs.org/mimic-response/-/mimic-response-1.0.1.tgz 0ms (cache hit)
4697 http cache lowercase-keys@https://registry.npmjs.org/lowercase-keys/-/lowercase-keys-2.0.0.tgz 0ms (cache hit)
4698 http cache get-stream@https://registry.npmjs.org/get-stream/-/get-stream-5.2.0.tgz 0ms (cache hit)
4699 http cache mimic-response@https://registry.npmjs.org/mimic-response/-/mimic-response-1.0.1.tgz 0ms (cache hit)
4700 http cache decompress-response@https://registry.npmjs.org/decompress-response/-/decompress-response-3.3.0.tgz 0ms (cache hit)
4701 http cache pako@https://registry.npmjs.org/pako/-/pako-0.2.9.tgz 0ms (cache hit)
4702 http cache minipass@https://registry.npmjs.org/minipass/-/minipass-3.3.6.tgz 0ms (cache hit)
4703 http cache minipass@https://registry.npmjs.org/minipass/-/minipass-3.3.6.tgz 0ms (cache hit)
4704 http cache make-dir@https://registry.npmjs.org/make-dir/-/make-dir-1.3.0.tgz 0ms (cache hit)
4705 http cache ms@https://registry.npmjs.org/ms/-/ms-2.1.3.tgz 1ms (cache hit)
4706 http cache debug@https://registry.npmjs.org/debug/-/debug-4.4.3.tgz 0ms (cache hit)
4707 http cache safe-buffer@https://registry.npmjs.org/safe-buffer/-/safe-buffer-5.1.2.tgz 0ms (cache hit)
4708 http cache yargs-parser@https://registry.npmjs.org/yargs-parser/-/yargs-parser-21.1.1.tgz 0ms (cache hit)
4709 http cache wrap-ansi@https://registry.npmjs.org/wrap-ansi/-/wrap-ansi-7.0.0.tgz 0ms (cache hit)
4710 http cache y18n@https://registry.npmjs.org/y18n/-/y18n-5.0.8.tgz 0ms (cache hit)
4711 http cache cliui@https://registry.npmjs.org/cliui/-/cliui-8.0.1.tgz 0ms (cache hit)
4712 http cache degenerator@https://registry.npmjs.org/degenerator/-/degenerator-7.0.1.tgz 0ms (cache hit)
4713 http cache data-uri-to-buffer@https://registry.npmjs.org/data-uri-to-buffer/-/data-uri-to-buffer-8.0.0.tgz 0ms (cache hit)
4714 http cache pac-resolver@https://registry.npmjs.org/pac-resolver/-/pac-resolver-9.0.1.tgz 0ms (cache hit)
4715 http cache get-uri@https://registry.npmjs.org/get-uri/-/get-uri-8.0.0.tgz 0ms (cache hit)
4716 http cache socks-proxy-agent@https://registry.npmjs.org/socks-proxy-agent/-/socks-proxy-agent-10.0.0.tgz 0ms (cache hit)
4717 http cache proxy-from-env@https://registry.npmjs.org/proxy-from-env/-/proxy-from-env-2.1.0.tgz 0ms (cache hit)
4718 http cache pac-proxy-agent@https://registry.npmjs.org/pac-proxy-agent/-/pac-proxy-agent-9.0.1.tgz 0ms (cache hit)
4719 http cache https-proxy-agent@https://registry.npmjs.org/https-proxy-agent/-/https-proxy-agent-9.0.0.tgz 0ms (cache hit)
4720 http cache http-proxy-agent@https://registry.npmjs.org/http-proxy-agent/-/http-proxy-agent-9.0.0.tgz 0ms (cache hit)
4721 http cache yargs@https://registry.npmjs.org/yargs/-/yargs-17.7.2.tgz 0ms (cache hit)
4722 http cache ms@https://registry.npmjs.org/ms/-/ms-2.1.3.tgz 0ms (cache hit)
4723 http cache debug@https://registry.npmjs.org/debug/-/debug-4.4.3.tgz 0ms (cache hit)
4724 http cache proxy-agent@https://registry.npmjs.org/proxy-agent/-/proxy-agent-8.0.1.tgz 0ms (cache hit)
4725 http cache @puppeteer/browsers@https://registry.npmjs.org/@puppeteer/browsers/-/browsers-3.0.3.tgz 0ms (cache hit)
4726 http cache ms@https://registry.npmjs.org/ms/-/ms-2.1.3.tgz 0ms (cache hit)
4727 http cache debug@https://registry.npmjs.org/debug/-/debug-4.4.3.tgz 1ms (cache hit)
4728 http cache ms@https://registry.npmjs.org/ms/-/ms-2.1.3.tgz 0ms (cache hit)
4729 http cache agent-base@https://registry.npmjs.org/agent-base/-/agent-base-7.1.4.tgz 0ms (cache hit)
4730 http cache debug@https://registry.npmjs.org/debug/-/debug-4.4.3.tgz 0ms (cache hit)
4731 http cache ms@https://registry.npmjs.org/ms/-/ms-2.1.3.tgz 0ms (cache hit)
4732 http cache debug@https://registry.npmjs.org/debug/-/debug-4.4.3.tgz 0ms (cache hit)
4733 http cache agent-base@https://registry.npmjs.org/agent-base/-/agent-base-7.1.4.tgz 0ms (cache hit)
4734 http cache http-proxy-agent@https://registry.npmjs.org/http-proxy-agent/-/http-proxy-agent-7.0.2.tgz 0ms (cache hit)
4735 http cache ms@https://registry.npmjs.org/ms/-/ms-2.1.3.tgz 0ms (cache hit)
4736 http cache debug@https://registry.npmjs.org/debug/-/debug-4.4.3.tgz 0ms (cache hit)
4737 http cache http-proxy-agent@https://registry.npmjs.org/http-proxy-agent/-/http-proxy-agent-7.0.2.tgz 0ms (cache hit)
4738 http cache debug@https://registry.npmjs.org/debug/-/debug-4.4.3.tgz 0ms (cache hit)
4739 http cache agent-base@https://registry.npmjs.org/agent-base/-/agent-base-7.1.4.tgz 0ms (cache hit)
4740 http cache eventemitter2@https://registry.npmjs.org/eventemitter2/-/eventemitter2-0.4.14.tgz 0ms (cache hit)
4741 http cache ms@https://registry.npmjs.org/ms/-/ms-2.1.3.tgz 0ms (cache hit)
4742 http cache async@https://registry.npmjs.org/async/-/async-2.6.4.tgz 0ms (cache hit)
4743 http cache ms@https://registry.npmjs.org/ms/-/ms-2.1.3.tgz 0ms (cache hit)
4744 http cache pidusage@https://registry.npmjs.org/pidusage/-/pidusage-2.0.21.tgz 0ms (cache hit)
4745 http cache debug@https://registry.npmjs.org/debug/-/debug-4.4.3.tgz 0ms (cache hit)
4746 http cache debug@https://registry.npmjs.org/debug/-/debug-4.4.3.tgz 0ms (cache hit)
4747 http cache ms@https://registry.npmjs.org/ms/-/ms-2.1.3.tgz 0ms (cache hit)
4748 http cache ms@https://registry.npmjs.org/ms/-/ms-2.1.3.tgz 1ms (cache hit)
4749 http cache ms@https://registry.npmjs.org/ms/-/ms-2.1.3.tgz 0ms (cache hit)
4750 http cache iconv-lite@https://registry.npmjs.org/iconv-lite/-/iconv-lite-0.4.24.tgz 0ms (cache hit)
4751 http cache debug@https://registry.npmjs.org/debug/-/debug-4.4.3.tgz 0ms (cache hit)
4752 http cache debug@https://registry.npmjs.org/debug/-/debug-3.2.7.tgz 0ms (cache hit)
4753 http cache ms@https://registry.npmjs.org/ms/-/ms-2.1.3.tgz 0ms (cache hit)
4754 http cache debug@https://registry.npmjs.org/debug/-/debug-4.4.3.tgz 0ms (cache hit)
4755 http cache ws@https://registry.npmjs.org/ws/-/ws-7.5.10.tgz 0ms (cache hit)
4756 http cache ms@https://registry.npmjs.org/ms/-/ms-2.1.3.tgz 0ms (cache hit)
4757 http cache eventemitter2@https://registry.npmjs.org/eventemitter2/-/eventemitter2-6.4.9.tgz 0ms (cache hit)
4758 http cache debug@https://registry.npmjs.org/debug/-/debug-4.3.7.tgz 0ms (cache hit)
4759 http cache lru-cache@https://registry.npmjs.org/lru-cache/-/lru-cache-6.0.0.tgz 0ms (cache hit)
4760 http cache async@https://registry.npmjs.org/async/-/async-2.6.4.tgz 0ms (cache hit)
4761 http cache ms@https://registry.npmjs.org/ms/-/ms-2.1.3.tgz 1ms (cache hit)
4762 http cache tslib@https://registry.npmjs.org/tslib/-/tslib-1.9.3.tgz 0ms (cache hit)
4763 http cache semver@https://registry.npmjs.org/semver/-/semver-7.5.4.tgz 0ms (cache hit)
4764 http cache eventemitter2@https://registry.npmjs.org/eventemitter2/-/eventemitter2-6.4.9.tgz 0ms (cache hit)
4765 http cache async@https://registry.npmjs.org/async/-/async-2.6.4.tgz 0ms (cache hit)
4766 http cache debug@https://registry.npmjs.org/debug/-/debug-4.3.7.tgz 0ms (cache hit)
4767 http cache lru-cache@https://registry.npmjs.org/lru-cache/-/lru-cache-6.0.0.tgz 0ms (cache hit)
4768 http cache ms@https://registry.npmjs.org/ms/-/ms-2.1.3.tgz 0ms (cache hit)
4769 http cache ws@https://registry.npmjs.org/ws/-/ws-7.5.10.tgz 0ms (cache hit)
4770 http cache semver@https://registry.npmjs.org/semver/-/semver-7.5.4.tgz 0ms (cache hit)
4771 http cache debug@https://registry.npmjs.org/debug/-/debug-4.3.7.tgz 0ms (cache hit)
4772 http cache dayjs@https://registry.npmjs.org/dayjs/-/dayjs-1.8.36.tgz 0ms (cache hit)
4773 http cache readable-stream@https://registry.npmjs.org/readable-stream/-/readable-stream-3.6.2.tgz 0ms (cache hit)
4774 http cache readable-stream@https://registry.npmjs.org/readable-stream/-/readable-stream-3.6.2.tgz 0ms (cache hit)
4775 http cache safe-buffer@https://registry.npmjs.org/safe-buffer/-/safe-buffer-5.1.2.tgz 0ms (cache hit)
4776 http cache webidl-conversions@https://registry.npmjs.org/webidl-conversions/-/webidl-conversions-7.0.0.tgz 0ms (cache hit)
4777 http cache whatwg-url@https://registry.npmjs.org/whatwg-url/-/whatwg-url-11.0.0.tgz 0ms (cache hit)
4778 http cache tr46@https://registry.npmjs.org/tr46/-/tr46-3.0.0.tgz 0ms (cache hit)
4779 http cache ms@https://registry.npmjs.org/ms/-/ms-2.1.3.tgz 0ms (cache hit)
4780 http cache debug@https://registry.npmjs.org/debug/-/debug-4.4.3.tgz 0ms (cache hit)
4781 http cache ms@https://registry.npmjs.org/ms/-/ms-2.1.3.tgz 0ms (cache hit)
4782 http cache debug@https://registry.npmjs.org/debug/-/debug-4.4.3.tgz 0ms (cache hit)
4783 http cache agent-base@https://registry.npmjs.org/agent-base/-/agent-base-6.0.2.tgz 0ms (cache hit)
4784 http cache iconv-lite@https://registry.npmjs.org/iconv-lite/-/iconv-lite-0.4.24.tgz 0ms (cache hit)
4785 http cache whatwg-encoding@https://registry.npmjs.org/whatwg-encoding/-/whatwg-encoding-1.0.5.tgz 1ms (cache hit)
4786 http cache webidl-conversions@https://registry.npmjs.org/webidl-conversions/-/webidl-conversions-5.0.0.tgz 1ms (cache hit)
4787 http cache whatwg-mimetype@https://registry.npmjs.org/whatwg-mimetype/-/whatwg-mimetype-2.3.0.tgz 0ms (cache hit)
4788 http cache cssom@https://registry.npmjs.org/cssom/-/cssom-0.3.8.tgz 0ms (cache hit)
4789 http cache acorn@https://registry.npmjs.org/acorn/-/acorn-7.4.1.tgz 0ms (cache hit)
4790 http cache phin@https://registry.npmjs.org/phin/-/phin-3.7.1.tgz 0ms (cache hit)
4791 http cache string_decoder@https://registry.npmjs.org/string_decoder/-/string_decoder-1.3.0.tgz 1ms (cache hit)
4792 http cache buffer@https://registry.npmjs.org/buffer/-/buffer-6.0.3.tgz 0ms (cache hit)
4793 http cache readable-stream@https://registry.npmjs.org/readable-stream/-/readable-stream-4.7.0.tgz 1ms (cache hit)
4794 http cache iconv-lite@https://registry.npmjs.org/iconv-lite/-/iconv-lite-0.4.24.tgz 1ms (cache hit)
4795 http cache media-typer@https://registry.npmjs.org/media-typer/-/media-typer-0.3.0.tgz 0ms (cache hit)
4796 http cache ms@https://registry.npmjs.org/ms/-/ms-2.1.3.tgz 1ms (cache hit)
4797 http cache iconv-lite@https://registry.npmjs.org/iconv-lite/-/iconv-lite-0.4.24.tgz 0ms (cache hit)
4798 http cache mkdirp@https://registry.npmjs.org/mkdirp/-/mkdirp-1.0.4.tgz 0ms (cache hit)
4799 http cache semver@https://registry.npmjs.org/semver/-/semver-6.3.1.tgz 0ms (cache hit)
4800 http cache entities@https://registry.npmjs.org/entities/-/entities-6.0.1.tgz 1ms (cache hit)
4801 http cache entities@https://registry.npmjs.org/entities/-/entities-7.0.1.tgz 0ms (cache hit)
4802 http cache debug@https://registry.npmjs.org/debug/-/debug-4.4.3.tgz 1ms (cache hit)
4803 http cache ms@https://registry.npmjs.org/ms/-/ms-2.1.3.tgz 0ms (cache hit)
4804 http cache agent-base@https://registry.npmjs.org/agent-base/-/agent-base-6.0.2.tgz 1ms (cache hit)
4805 http cache https-proxy-agent@https://registry.npmjs.org/https-proxy-agent/-/https-proxy-agent-5.0.1.tgz 1ms (cache hit)
4806 http cache debug@https://registry.npmjs.org/debug/-/debug-4.4.3.tgz 0ms (cache hit)
4807 http cache ms@https://registry.npmjs.org/ms/-/ms-2.1.3.tgz 0ms (cache hit)
4808 http cache long@https://registry.npmjs.org/long/-/long-4.0.0.tgz 0ms (cache hit)
4809 http cache protobufjs@https://registry.npmjs.org/protobufjs/-/protobufjs-6.8.8.tgz 0ms (cache hit)
4810 http cache @types/node@https://registry.npmjs.org/@types/node/-/node-10.17.60.tgz 0ms (cache hit)
4811 http cache ms@https://registry.npmjs.org/ms/-/ms-2.1.3.tgz 0ms (cache hit)
4812 http cache debug@https://registry.npmjs.org/debug/-/debug-4.4.3.tgz 0ms (cache hit)
4813 http cache agent-base@https://registry.npmjs.org/agent-base/-/agent-base-7.1.4.tgz 0ms (cache hit)
4814 http cache tar-stream@https://registry.npmjs.org/tar-stream/-/tar-stream-2.2.0.tgz 0ms (cache hit)
4815 http cache readable-stream@https://registry.npmjs.org/readable-stream/-/readable-stream-3.6.2.tgz 0ms (cache hit)
4816 http cache chownr@https://registry.npmjs.org/chownr/-/chownr-1.1.4.tgz 0ms (cache hit)
4817 http cache mimic-response@https://registry.npmjs.org/mimic-response/-/mimic-response-3.1.0.tgz 0ms (cache hit)
4818 http cache decompress-response@https://registry.npmjs.org/decompress-response/-/decompress-response-6.0.0.tgz 0ms (cache hit)
4819 http cache tar-fs@https://registry.npmjs.org/tar-fs/-/tar-fs-2.1.4.tgz 0ms (cache hit)
4820 http cache simple-get@https://registry.npmjs.org/simple-get/-/simple-get-4.0.1.tgz 0ms (cache hit)
4821 http cache node-addon-api@https://registry.npmjs.org/node-addon-api/-/node-addon-api-5.1.0.tgz 0ms (cache hit)
4822 http cache axios@https://registry.npmjs.org/axios/-/axios-0.21.4.tgz 0ms (cache hit)
4823 http cache sharp@https://registry.npmjs.org/sharp/-/sharp-0.30.7.tgz 0ms (cache hit)
4824 http cache ms@https://registry.npmjs.org/ms/-/ms-2.1.3.tgz 0ms (cache hit)
4825 http cache debug@https://registry.npmjs.org/debug/-/debug-4.4.3.tgz 0ms (cache hit)
4826 http cache pngjs@https://registry.npmjs.org/pngjs/-/pngjs-5.0.0.tgz 0ms (cache hit)
4827 http cache wrap-ansi@https://registry.npmjs.org/wrap-ansi/-/wrap-ansi-7.0.0.tgz 0ms (cache hit)
4828 http cache yargs-parser@https://registry.npmjs.org/yargs-parser/-/yargs-parser-21.1.1.tgz 1ms (cache hit)
4829 http cache y18n@https://registry.npmjs.org/y18n/-/y18n-5.0.8.tgz 0ms (cache hit)
4830 http cache degenerator@https://registry.npmjs.org/degenerator/-/degenerator-7.0.1.tgz 0ms (cache hit)
4831 http cache data-uri-to-buffer@https://registry.npmjs.org/data-uri-to-buffer/-/data-uri-to-buffer-8.0.0.tgz 0ms (cache hit)
4832 http cache cliui@https://registry.npmjs.org/cliui/-/cliui-8.0.1.tgz 0ms (cache hit)
4833 http cache pac-resolver@https://registry.npmjs.org/pac-resolver/-/pac-resolver-9.0.1.tgz 0ms (cache hit)
4834 http cache get-uri@https://registry.npmjs.org/get-uri/-/get-uri-8.0.0.tgz 0ms (cache hit)
4835 http cache socks-proxy-agent@https://registry.npmjs.org/socks-proxy-agent/-/socks-proxy-agent-10.0.0.tgz 0ms (cache hit)
4836 http cache proxy-from-env@https://registry.npmjs.org/proxy-from-env/-/proxy-from-env-2.1.0.tgz 0ms (cache hit)
4837 http cache https-proxy-agent@https://registry.npmjs.org/https-proxy-agent/-/https-proxy-agent-9.0.0.tgz 0ms (cache hit)
4838 http cache pac-proxy-agent@https://registry.npmjs.org/pac-proxy-agent/-/pac-proxy-agent-9.0.1.tgz 0ms (cache hit)
4839 http cache http-proxy-agent@https://registry.npmjs.org/http-proxy-agent/-/http-proxy-agent-9.0.0.tgz 0ms (cache hit)
4840 http cache ms@https://registry.npmjs.org/ms/-/ms-2.1.3.tgz 0ms (cache hit)
4841 http cache yargs@https://registry.npmjs.org/yargs/-/yargs-17.7.2.tgz 0ms (cache hit)
4842 http cache proxy-agent@https://registry.npmjs.org/proxy-agent/-/proxy-agent-8.0.1.tgz 0ms (cache hit)
4843 http cache debug@https://registry.npmjs.org/debug/-/debug-4.4.3.tgz 0ms (cache hit)
4844 http cache @puppeteer/browsers@https://registry.npmjs.org/@puppeteer/browsers/-/browsers-3.0.3.tgz 0ms (cache hit)
4845 http cache mkdirp@https://registry.npmjs.org/mkdirp/-/mkdirp-1.0.4.tgz 0ms (cache hit)
4846 http cache debug@https://registry.npmjs.org/debug/-/debug-4.4.3.tgz 0ms (cache hit)
4847 http cache ms@https://registry.npmjs.org/ms/-/ms-2.1.3.tgz 0ms (cache hit)
4848 http cache inherits@https://registry.npmjs.org/inherits/-/inherits-2.0.3.tgz 0ms (cache hit)
4849 http cache util@https://registry.npmjs.org/util/-/util-0.10.4.tgz 0ms (cache hit)
4850 http cache uuid@https://registry.npmjs.org/uuid/-/uuid-8.3.2.tgz 0ms (cache hit)
4851 http cache ms@https://registry.npmjs.org/ms/-/ms-2.1.3.tgz 1ms (cache hit)
4852 http cache iconv-lite@https://registry.npmjs.org/iconv-lite/-/iconv-lite-0.4.24.tgz 0ms (cache hit)
4853 http cache universalify@https://registry.npmjs.org/universalify/-/universalify-0.2.0.tgz 1ms (cache hit)
4854 http cache ms@https://registry.npmjs.org/ms/-/ms-2.1.3.tgz 0ms (cache hit)
4855 http cache debug@https://registry.npmjs.org/debug/-/debug-4.4.3.tgz 0ms (cache hit)
4856 http cache agent-base@https://registry.npmjs.org/agent-base/-/agent-base-6.0.2.tgz 0ms (cache hit)
4857 http cache ws@https://registry.npmjs.org/ws/-/ws-7.5.10.tgz 0ms (cache hit)
4858 http cache whatwg-mimetype@https://registry.npmjs.org/whatwg-mimetype/-/whatwg-mimetype-2.3.0.tgz 0ms (cache hit)
4859 http cache whatwg-encoding@https://registry.npmjs.org/whatwg-encoding/-/whatwg-encoding-1.0.5.tgz 0ms (cache hit)
4860 http cache tough-cookie@https://registry.npmjs.org/tough-cookie/-/tough-cookie-4.1.4.tgz 0ms (cache hit)
4861 http cache parse5@https://registry.npmjs.org/parse5/-/parse5-6.0.1.tgz 0ms (cache hit)
4862 http cache https-proxy-agent@https://registry.npmjs.org/https-proxy-agent/-/https-proxy-agent-5.0.1.tgz 0ms (cache hit)
4863 http cache form-data@https://registry.npmjs.org/form-data/-/form-data-3.0.4.tgz 0ms (cache hit)
4864 http cache axios@https://registry.npmjs.org/axios/-/axios-0.21.4.tgz 1ms (cache hit)
4865 http cache cookie-signature@https://registry.npmjs.org/cookie-signature/-/cookie-signature-1.0.7.tgz 0ms (cache hit)
4866 http cache webidl-conversions@https://registry.npmjs.org/webidl-conversions/-/webidl-conversions-3.0.1.tgz 0ms (cache hit)
4867 http cache async@https://registry.npmjs.org/async/-/async-0.2.10.tgz 0ms (cache hit)
4868 http cache tr46@https://registry.npmjs.org/tr46/-/tr46-0.0.3.tgz 0ms (cache hit)
4869 http cache whatwg-url@https://registry.npmjs.org/whatwg-url/-/whatwg-url-5.0.0.tgz 0ms (cache hit)
4870 http cache form-data@https://registry.npmjs.org/form-data/-/form-data-2.5.5.tgz 0ms (cache hit)
4871 http cache ms@https://registry.npmjs.org/ms/-/ms-2.1.3.tgz 0ms (cache hit)
4872 http cache debug@https://registry.npmjs.org/debug/-/debug-4.4.3.tgz 0ms (cache hit)
4873 http cache agent-base@https://registry.npmjs.org/agent-base/-/agent-base-6.0.2.tgz 0ms (cache hit)
4874 http cache https-proxy-agent@https://registry.npmjs.org/https-proxy-agent/-/https-proxy-agent-5.0.1.tgz 0ms (cache hit)
4875 http cache proxy-from-env@https://registry.npmjs.org/proxy-from-env/-/proxy-from-env-2.1.0.tgz 1ms (cache hit)
4876 http cache axios@https://registry.npmjs.org/axios/-/axios-1.16.1.tgz 0ms (cache hit)
4877 warn deprecated inflight@1.0.6: This module is not supported, and leaks memory. Do not use it. Check out lru-cache if you want a good and tested way to coalesce async requests by a key value, which is much more comprehensive and powerful.
4878 warn deprecated phin@2.9.3: Package no longer supported. Contact Support at https://www.npmjs.com/support for more info.
4879 warn deprecated npmlog@5.0.1: This package is no longer supported.
4880 warn deprecated phin@3.7.1: Package no longer supported. Contact Support at https://www.npmjs.com/support for more info.
4881 warn deprecated rimraf@3.0.2: Rimraf versions prior to v4 are no longer supported
4882 warn deprecated abab@2.0.6: Use your platform's native atob() and btoa() methods instead
4883 warn deprecated glob@7.2.3: Old versions of glob are not supported, and contain widely publicized security vulnerabilities, which have been fixed in the current version. Please update. Support for old versions may be purchased (at exorbitant rates) by contacting i@izs.me
4884 warn deprecated whatwg-encoding@3.1.1: Use @exodus/bytes instead for a more spec-conformant and faster implementation
4885 warn deprecated whatwg-encoding@1.0.5: Use @exodus/bytes instead for a more spec-conformant and faster implementation
4886 warn deprecated whatwg-encoding@1.0.5: Use @exodus/bytes instead for a more spec-conformant and faster implementation
4887 warn deprecated prebuild-install@7.1.3: No longer maintained. Please contact the author of the relevant native addon; alternatives are available.
4888 warn deprecated are-we-there-yet@2.0.0: This package is no longer supported.
4889 warn deprecated domexception@2.0.1: Use your platform's native DOMException instead
4890 http fetch GET 200 https://registry.npmjs.org/uuid 33438ms (cache revalidated)
4891 silly packumentCache corgi:https://registry.npmjs.org/uuid set size:81812 disposed:false
4892 http fetch GET 200 https://registry.npmjs.org/file-type 33482ms (cache revalidated)
4893 silly packumentCache corgi:https://registry.npmjs.org/file-type set size:198411 disposed:false
4894 http fetch GET 200 https://registry.npmjs.org/pm2 33506ms (cache revalidated)
4895 silly packumentCache corgi:https://registry.npmjs.org/pm2 set size:424536 disposed:false
4896 http fetch GET 200 https://registry.npmjs.org/phin 33564ms (cache revalidated)
4897 silly packumentCache corgi:https://registry.npmjs.org/phin set size:57382 disposed:false
4898 http fetch GET 200 https://registry.npmjs.org/got 33570ms (cache revalidated)
4899 silly packumentCache corgi:https://registry.npmjs.org/got set size:361088 disposed:false
4900 http fetch GET 200 https://registry.npmjs.org/axios 33675ms (cache revalidated)
4901 silly packumentCache corgi:https://registry.npmjs.org/axios set size:290630 disposed:false
4902 http fetch GET 200 https://registry.npmjs.org/tar 33708ms (cache revalidated)
4903 silly packumentCache corgi:https://registry.npmjs.org/tar set size:201168 disposed:false
4904 http fetch GET 200 https://registry.npmjs.org/protobufjs 33810ms (cache revalidated)
4905 silly packumentCache corgi:https://registry.npmjs.org/protobufjs set size:266479 disposed:false
4906 http fetch GET 200 https://registry.npmjs.org/sharp 35358ms (cache revalidated)
4907 silly packumentCache corgi:https://registry.npmjs.org/sharp set size:260776 disposed:false
4908 http fetch GET 200 https://registry.npmjs.org/music-metadata 35483ms (cache revalidated)
4909 silly packumentCache corgi:https://registry.npmjs.org/music-metadata set size:541099 disposed:false
4910 warn deprecated w3c-hr-time@1.0.2: Use your platform's native performance.now() and performance.timeOrigin.
4911 http fetch GET 200 https://registry.npmjs.org/@tootallnate%2fonce 36125ms (cache revalidated)
4912 silly packumentCache corgi:https://registry.npmjs.org/@tootallnate%2fonce set size:11748 disposed:false
4913 silly packumentCache corgi:https://registry.npmjs.org/google-tts-api cache-miss
4914 silly packumentCache corgi:https://registry.npmjs.org/wa-sticker-formatter cache-miss
4915 warn deprecated gauge@3.0.2: This package is no longer supported.
4916 warn deprecated multer@1.4.5-lts.2: Multer 1.x is impacted by a number of vulnerabilities, which have been patched in 2.x. You should upgrade to the latest 2.x version.
4917 http fetch GET 200 https://codeload.github.com/adiwajshing/libsignal-node/tar.gz/11dbd962ea108187c79a7c46fe4d6f790e23da97 23787ms (cache revalidated)
4918 http fetch GET 200 https://registry.npmjs.org/google-tts-api 22000ms (cache revalidated)
4919 silly packumentCache corgi:https://registry.npmjs.org/google-tts-api set size:13872 disposed:false
4920 http fetch GET 200 https://registry.npmjs.org/wa-sticker-formatter 22606ms (cache revalidated)
4921 silly packumentCache corgi:https://registry.npmjs.org/wa-sticker-formatter set size:77857 disposed:false
4922 silly packumentCache corgi:https://registry.npmjs.org/@jimp%2fcore cache-miss
4923 http fetch GET 200 https://registry.npmjs.org/@jimp%2fcore 18965ms (cache revalidated)
4924 silly packumentCache corgi:https://registry.npmjs.org/@jimp%2fcore set size:403318 disposed:false
4925 silly packumentCache corgi:https://registry.npmjs.org/@whiskeysockets%2fbaileys cache-miss
4926 warn deprecated tar@6.2.1: Old versions of tar are not supported, and contain widely publicized security vulnerabilities, which have been fixed in the current version. Please update. Support for old versions may be purchased (at exorbitant rates) by contacting i@izs.me
4927 http fetch GET 200 https://registry.npmjs.org/@whiskeysockets%2fbaileys 13038ms (cache revalidated)
4928 silly packumentCache corgi:https://registry.npmjs.org/@whiskeysockets%2fbaileys set size:102222 disposed:false
4929 silly packumentCache corgi:https://registry.npmjs.org/libsignal cache-miss
4930 silly packumentCache heap:1071644672 maxSize:267911168 maxEntrySize:133955584
4931 http fetch GET 200 https://registry.npmjs.org/libsignal 12091ms (cache revalidated)
4932 silly packumentCache corgi:https://registry.npmjs.org/libsignal set size:11288 disposed:false
4933 silly packumentCache corgi:https://registry.npmjs.org/node-cron cache-miss
4934 http fetch GET 200 https://registry.npmjs.org/node-cron 12065ms (cache revalidated)
4935 silly packumentCache corgi:https://registry.npmjs.org/node-cron set size:39793 disposed:false
4936 silly packumentCache corgi:https://registry.npmjs.org/@mapbox%2fnode-pre-gyp cache-miss
4937 http fetch GET 200 https://registry.npmjs.org/@mapbox%2fnode-pre-gyp 8339ms (cache revalidated)
4938 silly packumentCache corgi:https://registry.npmjs.org/@mapbox%2fnode-pre-gyp set size:47144 disposed:false
4939 silly packumentCache corgi:https://registry.npmjs.org/http-proxy-agent cache-miss
4940 warn deprecated uuid@8.3.2: uuid@10 and below is no longer supported.  For ESM codebases, update to uuid@latest.  For CommonJS codebases, use uuid@11 (but be aware this version will likely be deprecated in 2028).
4941 http fetch GET 200 https://registry.npmjs.org/http-proxy-agent 2917ms (cache revalidated)
4942 silly packumentCache corgi:https://registry.npmjs.org/http-proxy-agent set size:24577 disposed:false
4943 silly packumentCache corgi:https://registry.npmjs.org/translatte cache-miss
4944 warn deprecated uuid@9.0.1: uuid@10 and below is no longer supported.  For ESM codebases, update to uuid@latest.  For CommonJS codebases, use uuid@11 (but be aware this version will likely be deprecated in 2028).
4945 http fetch GET 200 https://registry.npmjs.org/translatte 12927ms (cache revalidated)
4946 silly packumentCache corgi:https://registry.npmjs.org/translatte set size:33283 disposed:false
4947 silly packumentCache corgi:https://registry.npmjs.org/@jimp%2fcustom cache-miss
4948 http fetch GET 200 https://registry.npmjs.org/@jimp%2fcustom 2034ms (cache revalidated)
4949 silly packumentCache corgi:https://registry.npmjs.org/@jimp%2fcustom set size:334779 disposed:false
4950 silly packumentCache corgi:https://registry.npmjs.org/canvas cache-miss
4951 http fetch GET 200 https://registry.npmjs.org/canvas 1426ms (cache revalidated)
4952 silly packumentCache corgi:https://registry.npmjs.org/canvas set size:135314 disposed:false
4953 silly packumentCache corgi:https://registry.npmjs.org/jsdom cache-miss
4954 http fetch GET 200 https://registry.npmjs.org/jsdom 5042ms (cache revalidated)
4955 silly packumentCache corgi:https://registry.npmjs.org/jsdom set size:383595 disposed:false
4956 silly packumentCache corgi:https://registry.npmjs.org/jimp cache-miss
4957 silly packumentCache corgi:https://registry.npmjs.org/@jimp%2fplugins cache-miss
4958 silly packumentCache corgi:https://registry.npmjs.org/@jimp%2ftypes cache-miss
4959 silly packumentCache corgi:https://registry.npmjs.org/@jimp%2fplugin-blit cache-miss
4960 silly packumentCache corgi:https://registry.npmjs.org/@jimp%2fplugin-blur cache-miss
4961 silly packumentCache corgi:https://registry.npmjs.org/@jimp%2fplugin-circle cache-miss
4962 silly packumentCache corgi:https://registry.npmjs.org/@jimp%2fplugin-color cache-miss
4963 silly packumentCache corgi:https://registry.npmjs.org/@jimp%2fplugin-contain cache-miss
4964 silly packumentCache corgi:https://registry.npmjs.org/@jimp%2fplugin-scale cache-miss
4965 silly packumentCache corgi:https://registry.npmjs.org/@jimp%2fplugin-resize cache-miss
4966 silly packumentCache corgi:https://registry.npmjs.org/@jimp%2fplugin-cover cache-miss
4967 silly packumentCache corgi:https://registry.npmjs.org/@jimp%2fplugin-crop cache-miss
4968 silly packumentCache corgi:https://registry.npmjs.org/@jimp%2fplugin-displace cache-miss
4969 silly packumentCache corgi:https://registry.npmjs.org/@jimp%2fplugin-dither cache-miss
4970 silly packumentCache corgi:https://registry.npmjs.org/@jimp%2fplugin-fisheye cache-miss
4971 silly packumentCache corgi:https://registry.npmjs.org/@jimp%2fplugin-flip cache-miss
4972 silly packumentCache corgi:https://registry.npmjs.org/@jimp%2fplugin-rotate cache-miss
4973 silly packumentCache corgi:https://registry.npmjs.org/@jimp%2fplugin-gaussian cache-miss
4974 silly packumentCache corgi:https://registry.npmjs.org/@jimp%2fplugin-invert cache-miss
4975 silly packumentCache corgi:https://registry.npmjs.org/@jimp%2fplugin-mask cache-miss
4976 silly packumentCache corgi:https://registry.npmjs.org/@jimp%2fplugin-normalize cache-miss
4977 silly packumentCache corgi:https://registry.npmjs.org/@jimp%2fplugin-print cache-miss
4978 silly packumentCache corgi:https://registry.npmjs.org/@jimp%2fplugin-shadow cache-miss
4979 silly packumentCache corgi:https://registry.npmjs.org/@jimp%2fplugin-threshold cache-miss
4980 silly packumentCache corgi:https://registry.npmjs.org/@jimp%2fbmp cache-miss
4981 silly packumentCache corgi:https://registry.npmjs.org/@jimp%2fgif cache-miss
4982 silly packumentCache corgi:https://registry.npmjs.org/@jimp%2fjpeg cache-miss
4983 silly packumentCache corgi:https://registry.npmjs.org/@jimp%2fpng cache-miss
4984 silly packumentCache corgi:https://registry.npmjs.org/@jimp%2ftiff cache-miss
4985 http fetch GET 200 https://registry.npmjs.org/jimp 10902ms (cache revalidated)
4986 silly packumentCache corgi:https://registry.npmjs.org/jimp set size:575057 disposed:false
4987 http fetch GET 200 https://registry.npmjs.org/@jimp%2fplugin-blit 10993ms (cache revalidated)
4988 silly packumentCache corgi:https://registry.npmjs.org/@jimp%2fplugin-blit set size:401773 disposed:false
4989 http fetch GET 200 https://registry.npmjs.org/@jimp%2fplugin-scale 11042ms (cache revalidated)
4990 silly packumentCache corgi:https://registry.npmjs.org/@jimp%2fplugin-scale set size:349805 disposed:false
4991 http fetch GET 200 https://registry.npmjs.org/@jimp%2fplugin-blur 11414ms (cache revalidated)
4992 silly packumentCache corgi:https://registry.npmjs.org/@jimp%2fplugin-blur set size:363483 disposed:false
4993 http fetch GET 200 https://registry.npmjs.org/@jimp%2fplugin-contain 11440ms (cache revalidated)
4994 silly packumentCache corgi:https://registry.npmjs.org/@jimp%2fplugin-contain set size:444619 disposed:false
4995 http fetch GET 200 https://registry.npmjs.org/@jimp%2fplugin-color 15105ms (cache revalidated)
4996 silly packumentCache corgi:https://registry.npmjs.org/@jimp%2fplugin-color set size:412382 disposed:false
4997 http fetch GET 200 https://registry.npmjs.org/@jimp%2fplugins 15181ms (cache revalidated)
4998 silly packumentCache corgi:https://registry.npmjs.org/@jimp%2fplugins set size:535505 disposed:false
4999 http fetch GET 200 https://registry.npmjs.org/@jimp%2fplugin-crop 15174ms (cache revalidated)
5000 silly packumentCache corgi:https://registry.npmjs.org/@jimp%2fplugin-crop set size:394941 disposed:false
5001 http fetch GET 200 https://registry.npmjs.org/@jimp%2fplugin-circle 15259ms (cache revalidated)
5002 silly packumentCache corgi:https://registry.npmjs.org/@jimp%2fplugin-circle set size:381295 disposed:false
5003 http fetch GET 200 https://registry.npmjs.org/@jimp%2fplugin-dither 15360ms (cache revalidated)
5004 silly packumentCache corgi:https://registry.npmjs.org/@jimp%2fplugin-dither set size:362850 disposed:false
5005 http fetch GET 200 https://registry.npmjs.org/@jimp%2fplugin-mask 15457ms (cache revalidated)
5006 silly packumentCache corgi:https://registry.npmjs.org/@jimp%2fplugin-mask set size:392252 disposed:false
5007 http fetch GET 200 https://registry.npmjs.org/@jimp%2fplugin-displace 15659ms (cache revalidated)
5008 silly packumentCache corgi:https://registry.npmjs.org/@jimp%2fplugin-displace set size:363584 disposed:false
5009 http fetch GET 200 https://registry.npmjs.org/@jimp%2fplugin-threshold 16263ms (cache revalidated)
5010 silly packumentCache corgi:https://registry.npmjs.org/@jimp%2fplugin-threshold set size:427308 disposed:false
5011 http fetch GET 200 https://registry.npmjs.org/@jimp%2fplugin-gaussian 16365ms (cache revalidated)
5012 silly packumentCache corgi:https://registry.npmjs.org/@jimp%2fplugin-gaussian set size:346400 disposed:false
5013 http fetch GET 200 https://registry.npmjs.org/@jimp%2fplugin-print 16574ms (cache revalidated)
5014 silly packumentCache corgi:https://registry.npmjs.org/@jimp%2fplugin-print set size:418612 disposed:false
5015 http fetch GET 200 https://registry.npmjs.org/@jimp%2fplugin-cover 16693ms (cache revalidated)
5016 silly packumentCache corgi:https://registry.npmjs.org/@jimp%2fplugin-cover set size:444252 disposed:false
5017 http fetch GET 200 https://registry.npmjs.org/@jimp%2fplugin-invert 16737ms (cache revalidated)
5018 silly packumentCache corgi:https://registry.npmjs.org/@jimp%2fplugin-invert set size:344918 disposed:false
5019 http fetch GET 200 https://registry.npmjs.org/@jimp%2fplugin-normalize 16781ms (cache revalidated)
5020 silly packumentCache corgi:https://registry.npmjs.org/@jimp%2fplugin-normalize set size:375893 disposed:false
5021 http fetch GET 200 https://registry.npmjs.org/@jimp%2fplugin-resize 16889ms (cache revalidated)
5022 silly packumentCache corgi:https://registry.npmjs.org/@jimp%2fplugin-resize set size:392958 disposed:false
5023 http fetch GET 200 https://registry.npmjs.org/@jimp%2fbmp 16841ms (cache revalidated)
5024 silly packumentCache corgi:https://registry.npmjs.org/@jimp%2fbmp set size:369990 disposed:false
5025 http fetch GET 200 https://registry.npmjs.org/@jimp%2fplugin-shadow 16892ms (cache revalidated)
5026 silly packumentCache corgi:https://registry.npmjs.org/@jimp%2fplugin-shadow set size:417284 disposed:false
5027 http fetch GET 200 https://registry.npmjs.org/@jimp%2fplugin-rotate 16970ms (cache revalidated)
5028 silly packumentCache corgi:https://registry.npmjs.org/@jimp%2fplugin-rotate set size:444709 disposed:false
5029 http fetch GET 200 https://registry.npmjs.org/@jimp%2ftypes 17103ms (cache revalidated)
5030 silly packumentCache corgi:https://registry.npmjs.org/@jimp%2ftypes set size:410382 disposed:false
5031 http fetch GET 200 https://registry.npmjs.org/@jimp%2ftiff 16992ms (cache revalidated)
5032 silly packumentCache corgi:https://registry.npmjs.org/@jimp%2ftiff set size:364060 disposed:false
5033 http fetch GET 200 https://registry.npmjs.org/@jimp%2fgif 17048ms (cache revalidated)
5034 silly packumentCache corgi:https://registry.npmjs.org/@jimp%2fgif set size:346116 disposed:false
5035 http fetch GET 200 https://registry.npmjs.org/@jimp%2fjpeg 17080ms (cache revalidated)
5036 silly packumentCache corgi:https://registry.npmjs.org/@jimp%2fjpeg set size:370853 disposed:false
5037 http fetch GET 200 https://registry.npmjs.org/@jimp%2fplugin-fisheye 17192ms (cache revalidated)
5038 silly packumentCache corgi:https://registry.npmjs.org/@jimp%2fplugin-fisheye set size:382537 disposed:false
5039 http fetch GET 200 https://registry.npmjs.org/@jimp%2fpng 17161ms (cache revalidated)
5040 silly packumentCache corgi:https://registry.npmjs.org/@jimp%2fpng set size:370878 disposed:false
5041 http fetch GET 200 https://registry.npmjs.org/@jimp%2fplugin-flip 17269ms (cache revalidated)
5042 silly packumentCache corgi:https://registry.npmjs.org/@jimp%2fplugin-flip set size:370872 disposed:false
5043 warn deprecated @whiskeysockets/baileys@6.6.0: This version is affected by a zero-day vulnerability that allows spoofing of messages, please update to
5043 warn deprecated   the latest versions (6.7.22^ or 7.0.0-rc12^)! For more information, check out the public advisory at
5043 warn deprecated   https://github.com/WhiskeySockets/Baileys/security/advisories/GHSA-qvv5-jq5g-4cgg
5044 warn deprecated fluent-ffmpeg@2.1.3: Package no longer supported. Contact Support at https://www.npmjs.com/support for more info.
5045 silly ADD node_modules/event-target-shim
5046 silly ADD node_modules/events
5047 silly ADD node_modules/abort-controller
5048 silly ADD node_modules/escalade
5049 silly ADD node_modules/quickjs-wasi
5050 silly ADD node_modules/progress
5051 silly ADD node_modules/fs-constants
5052 silly ADD node_modules/bl
5053 silly ADD node_modules/bl/node_modules/readable-stream
5054 silly ADD node_modules/centra
5055 silly ADD node_modules/@types/long
5056 silly ADD node_modules/requires-port
5057 silly ADD node_modules/querystringify
5058 silly ADD node_modules/url-parse
5059 silly ADD node_modules/psl
5060 silly ADD node_modules/pify
5061 silly ADD node_modules/camelcase
5062 silly ADD node_modules/p-try
5063 silly ADD node_modules/p-limit
5064 silly ADD node_modules/p-locate
5065 silly ADD node_modules/path-exists
5066 silly ADD node_modules/locate-path
5067 silly ADD node_modules/wrap-ansi
5068 silly ADD node_modules/yargs-parser
5069 silly ADD node_modules/y18n
5070 silly ADD node_modules/which-module
5071 silly ADD node_modules/require-main-filename
5072 silly ADD node_modules/require-directory
5073 silly ADD node_modules/get-caller-file
5074 silly ADD node_modules/find-up
5075 silly ADD node_modules/decamelize
5076 silly ADD node_modules/cliui
5077 silly ADD node_modules/xmlbuilder
5078 silly ADD node_modules/dom-walk
5079 silly ADD node_modules/min-document
5080 silly ADD node_modules/parse-headers
5081 silly ADD node_modules/is-function
5082 silly ADD node_modules/global
5083 silly ADD node_modules/imurmurhash
5084 silly ADD node_modules/has-property-descriptors
5085 silly ADD node_modules/define-data-property
5086 silly ADD node_modules/is-callable
5087 silly ADD node_modules/set-function-length
5088 silly ADD node_modules/possible-typed-array-names
5089 silly ADD node_modules/for-each
5090 silly ADD node_modules/call-bind
5091 silly ADD node_modules/available-typed-arrays
5092 silly ADD node_modules/isexe
5093 silly ADD node_modules/punycode
5094 silly ADD node_modules/tr46
5095 silly ADD node_modules/lodash
5096 silly ADD node_modules/b4a
5097 silly ADD node_modules/text-decoder
5098 silly ADD node_modules/events-universal
5099 silly ADD node_modules/teex
5100 silly ADD node_modules/streamx
5101 silly ADD node_modules/bare-os
5102 silly ADD node_modules/fast-fifo
5103 silly ADD node_modules/bare-url
5104 silly ADD node_modules/bare-stream
5105 silly ADD node_modules/bare-events
5106 silly ADD node_modules/tar-stream
5107 silly ADD node_modules/bare-path
5108 silly ADD node_modules/bare-fs
5109 silly ADD node_modules/strip-json-comments
5110 silly ADD node_modules/deep-extend
5111 silly ADD node_modules/rc
5112 silly ADD node_modules/node-abi
5113 silly ADD node_modules/napi-build-utils
5114 silly ADD node_modules/mkdirp-classic
5115 silly ADD node_modules/github-from-package
5116 silly ADD node_modules/expand-template
5117 silly ADD node_modules/simple-swizzle
5118 silly ADD node_modules/simple-swizzle/node_modules/is-arrayish
5119 silly ADD node_modules/color-string
5120 silly ADD node_modules/tunnel-agent
5121 silly ADD node_modules/tar-fs
5122 silly ADD node_modules/prebuild-install
5123 silly ADD node_modules/prebuild-install/node_modules/readable-stream
5124 silly ADD node_modules/prebuild-install/node_modules/tar-stream
5125 silly ADD node_modules/prebuild-install/node_modules/chownr
5126 silly ADD node_modules/prebuild-install/node_modules/mimic-response
5127 silly ADD node_modules/prebuild-install/node_modules/decompress-response
5128 silly ADD node_modules/prebuild-install/node_modules/tar-fs
5129 silly ADD node_modules/prebuild-install/node_modules/simple-get
5130 silly ADD node_modules/node-addon-api
5131 silly ADD node_modules/color
5132 silly ADD node_modules/queue
5133 silly ADD node_modules/sharp
5134 silly ADD node_modules/sharp/node_modules/mimic-response
5135 silly ADD node_modules/sharp/node_modules/decompress-response
5136 silly ADD node_modules/sharp/node_modules/simple-get
5137 silly ADD node_modules/image-size
5138 silly ADD node_modules/browser-process-hrtime
5139 silly ADD node_modules/git-sha1
5140 silly ADD node_modules/culvert
5141 silly ADD node_modules/bodec
5142 silly ADD node_modules/js-git
5143 silly ADD node_modules/js-git/node_modules/pako
5144 silly ADD node_modules/ini
5145 silly ADD node_modules/git-node-fs
5146 silly ADD node_modules/is-regex
5147 silly ADD node_modules/safe-regex-test
5148 silly ADD node_modules/generator-function
5149 silly ADD node_modules/which-typed-array
5150 silly ADD node_modules/is-typed-array
5151 silly ADD node_modules/is-generator-function
5152 silly ADD node_modules/is-arguments
5153 silly ADD node_modules/pako
5154 silly ADD node_modules/prepend-http
5155 silly ADD node_modules/crypto-random-string
5156 silly ADD node_modules/random-bytes
5157 silly ADD node_modules/json-stringify-safe
5158 silly ADD node_modules/json-buffer
5159 silly ADD node_modules/pump
5160 silly ADD node_modules/responselike
5161 silly ADD node_modules/normalize-url
5162 silly ADD node_modules/keyv
5163 silly ADD node_modules/http-cache-semantics
5164 silly ADD node_modules/clone-response
5165 silly ADD node_modules/clone-response/node_modules/mimic-response
5166 silly ADD node_modules/defer-to-connect
5167 silly ADD node_modules/url-parse-lax
5168 silly ADD node_modules/to-readable-stream
5169 silly ADD node_modules/p-cancelable
5170 silly ADD node_modules/lowercase-keys
5171 silly ADD node_modules/get-stream
5172 silly ADD node_modules/duplexer3
5173 silly ADD node_modules/cacheable-request
5174 silly ADD node_modules/cacheable-request/node_modules/lowercase-keys
5175 silly ADD node_modules/cacheable-request/node_modules/get-stream
5176 silly ADD node_modules/@szmarczak/http-timer
5177 silly ADD node_modules/@sindresorhus/is
5178 silly ADD node_modules/is-obj
5179 silly ADD node_modules/xdg-basedir
5180 silly ADD node_modules/write-file-atomic
5181 silly ADD node_modules/unique-string
5182 silly ADD node_modules/dot-prop
5183 silly ADD node_modules/tunnel
5184 silly ADD node_modules/proxy-check
5185 silly ADD node_modules/got
5186 silly ADD node_modules/got/node_modules/mimic-response
5187 silly ADD node_modules/got/node_modules/decompress-response
5188 silly ADD node_modules/configstore
5189 silly ADD node_modules/configstore/node_modules/make-dir
5190 silly ADD node_modules/tldts-core
5191 silly ADD node_modules/tldts
5192 silly ADD node_modules/is-number
5193 silly ADD node_modules/yallist
5194 silly ADD node_modules/minizlib
5195 silly ADD node_modules/minizlib/node_modules/minipass
5196 silly ADD node_modules/minipass
5197 silly ADD node_modules/fs-minipass
5198 silly ADD node_modules/fs-minipass/node_modules/minipass
5199 silly ADD node_modules/chownr
5200 silly ADD node_modules/has-flag
5201 silly ADD node_modules/peek-readable
5202 silly ADD node_modules/ansi-regex
5203 silly ADD node_modules/is-fullwidth-code-point
5204 silly ADD node_modules/emoji-regex
5205 silly ADD node_modules/memory-pager
5206 silly ADD node_modules/smart-buffer
5207 silly ADD node_modules/ip-address
5208 silly ADD node_modules/@simple-git/argv-parser
5209 silly ADD node_modules/@simple-git/args-pathspec
5210 silly ADD node_modules/@kwsites/promise-deferred
5211 silly ADD node_modules/@kwsites/file-exists
5212 silly ADD node_modules/@kwsites/file-exists/node_modules/ms
5213 silly ADD node_modules/@kwsites/file-exists/node_modules/debug
5214 silly ADD node_modules/mimic-response
5215 silly ADD node_modules/simple-concat
5216 silly ADD node_modules/decompress-response
5217 silly ADD node_modules/call-bound
5218 silly ADD node_modules/side-channel-weakmap
5219 silly ADD node_modules/side-channel-map
5220 silly ADD node_modules/side-channel-list
5221 silly ADD node_modules/object-inspect
5222 silly ADD node_modules/xmlchars
5223 silly ADD node_modules/concat-map
5224 silly ADD node_modules/balanced-match
5225 silly ADD node_modules/brace-expansion
5226 silly ADD node_modules/path-is-absolute
5227 silly ADD node_modules/minimatch
5228 silly ADD node_modules/inflight
5229 silly ADD node_modules/fs.realpath
5230 silly ADD node_modules/glob
5231 silly ADD node_modules/supports-preserve-symlinks-flag
5232 silly ADD node_modules/path-parse
5233 silly ADD node_modules/is-core-module
5234 silly ADD node_modules/resolve
5235 silly ADD node_modules/module-details-from-path
5236 silly ADD node_modules/util-deprecate
5237 silly ADD node_modules/string_decoder
5238 silly ADD node_modules/string_decoder/node_modules/safe-buffer
5239 silly ADD node_modules/process-nextick-args
5240 silly ADD node_modules/isarray
5241 silly ADD node_modules/core-util-is
5242 silly ADD node_modules/mute-stream
5243 silly ADD node_modules/side-channel
5244 silly ADD node_modules/yargs
5245 silly ADD node_modules/dijkstrajs
5246 silly ADD node_modules/@thi.ng/errors
5247 silly ADD node_modules/@thi.ng/bitstream
5248 silly ADD node_modules/webdriver-bidi-protocol
5249 silly ADD node_modules/is-arrayish
5250 silly ADD node_modules/picocolors
5251 silly ADD node_modules/js-tokens
5252 silly ADD node_modules/@babel/helper-validator-identifier
5253 silly ADD node_modules/lines-and-columns
5254 silly ADD node_modules/json-parse-even-better-errors
5255 silly ADD node_modules/error-ex
5256 silly ADD node_modules/@babel/code-frame
5257 silly ADD node_modules/callsites
5258 silly ADD node_modules/resolve-from
5259 silly ADD node_modules/parent-module
5260 silly ADD node_modules/parse-json
5261 silly ADD node_modules/import-fresh
5262 silly ADD node_modules/env-paths
5263 silly ADD node_modules/zod
5264 silly ADD node_modules/mitt
5265 silly ADD node_modules/typed-query-selector
5266 silly ADD node_modules/puppeteer-core
5267 silly ADD node_modules/puppeteer-core/node_modules/wrap-ansi
5268 silly ADD node_modules/puppeteer-core/node_modules/yargs-parser
5269 silly ADD node_modules/puppeteer-core/node_modules/y18n
5270 silly ADD node_modules/puppeteer-core/node_modules/cliui
5271 silly ADD node_modules/puppeteer-core/node_modules/degenerator
5272 silly ADD node_modules/puppeteer-core/node_modules/data-uri-to-buffer
5273 silly ADD node_modules/puppeteer-core/node_modules/pac-resolver
5274 silly ADD node_modules/puppeteer-core/node_modules/get-uri
5275 silly ADD node_modules/puppeteer-core/node_modules/socks-proxy-agent
5276 silly ADD node_modules/puppeteer-core/node_modules/proxy-from-env
5277 silly ADD node_modules/puppeteer-core/node_modules/pac-proxy-agent
5278 silly ADD node_modules/puppeteer-core/node_modules/https-proxy-agent
5279 silly ADD node_modules/puppeteer-core/node_modules/http-proxy-agent
5280 silly ADD node_modules/puppeteer-core/node_modules/ms
5281 silly ADD node_modules/puppeteer-core/node_modules/yargs
5282 silly ADD node_modules/puppeteer-core/node_modules/debug
5283 silly ADD node_modules/puppeteer-core/node_modules/proxy-agent
5284 silly ADD node_modules/puppeteer-core/node_modules/@puppeteer/browsers
5285 silly ADD node_modules/cosmiconfig
5286 silly ADD node_modules/devtools-protocol
5287 silly ADD node_modules/chromium-bidi
5288 silly ADD node_modules/ast-types
5289 silly ADD node_modules/netmask
5290 silly ADD node_modules/degenerator
5291 silly ADD node_modules/data-uri-to-buffer
5292 silly ADD node_modules/basic-ftp
5293 silly ADD node_modules/pac-resolver
5294 silly ADD node_modules/get-uri
5295 silly ADD node_modules/get-uri/node_modules/ms
5296 silly ADD node_modules/get-uri/node_modules/debug
5297 silly ADD node_modules/@tootallnate/quickjs-emscripten
5298 silly ADD node_modules/socks-proxy-agent
5299 silly ADD node_modules/socks-proxy-agent/node_modules/ms
5300 silly ADD node_modules/socks-proxy-agent/node_modules/debug
5301 silly ADD node_modules/socks-proxy-agent/node_modules/agent-base
5302 silly ADD node_modules/proxy-from-env
5303 silly ADD node_modules/pac-proxy-agent
5304 silly ADD node_modules/pac-proxy-agent/node_modules/ms
5305 silly ADD node_modules/pac-proxy-agent/node_modules/http-proxy-agent
5306 silly ADD node_modules/pac-proxy-agent/node_modules/debug
5307 silly ADD node_modules/pac-proxy-agent/node_modules/agent-base
5308 silly ADD node_modules/ipaddr.js
5309 silly ADD node_modules/forwarded
5310 silly ADD node_modules/long
5311 silly ADD node_modules/@protobufjs/utf8
5312 silly ADD node_modules/@protobufjs/pool
5313 silly ADD node_modules/@protobufjs/path
5314 silly ADD node_modules/@protobufjs/inquire
5315 silly ADD node_modules/@protobufjs/float
5316 silly ADD node_modules/@protobufjs/fetch
5317 silly ADD node_modules/@protobufjs/eventemitter
5318 silly ADD node_modules/@protobufjs/codegen
5319 silly ADD node_modules/@protobufjs/base64
5320 silly ADD node_modules/@protobufjs/aspromise
5321 silly ADD node_modules/read
5322 silly ADD node_modules/tx2
5323 silly ADD node_modules/systeminformation
5324 silly ADD node_modules/charm
5325 silly ADD node_modules/tv4
5326 silly ADD node_modules/run-series
5327 silly ADD node_modules/escape-string-regexp
5328 silly ADD node_modules/amp-message
5329 silly ADD node_modules/amp
5330 silly ADD node_modules/lazy
5331 silly ADD node_modules/argparse
5332 silly ADD node_modules/is-extglob
5333 silly ADD node_modules/binary-extensions
5334 silly ADD node_modules/to-regex-range
5335 silly ADD node_modules/ansi-colors
5336 silly ADD node_modules/color-name
5337 silly ADD node_modules/fill-range
5338 silly ADD node_modules/picomatch
5339 silly ADD node_modules/readdirp
5340 silly ADD node_modules/normalize-path
5341 silly ADD node_modules/is-glob
5342 silly ADD node_modules/is-binary-path
5343 silly ADD node_modules/glob-parent
5344 silly ADD node_modules/braces
5345 silly ADD node_modules/anymatch
5346 silly ADD node_modules/color-convert
5347 silly ADD node_modules/supports-color
5348 silly ADD node_modules/ansi-styles
5349 silly ADD node_modules/extrareqp2
5350 silly ADD node_modules/shimmer
5351 silly ADD node_modules/require-in-the-middle
5352 silly ADD node_modules/require-in-the-middle/node_modules/ms
5353 silly ADD node_modules/require-in-the-middle/node_modules/debug
5354 silly ADD node_modules/proxy-agent
5355 silly ADD node_modules/proxy-agent/node_modules/ms
5356 silly ADD node_modules/proxy-agent/node_modules/http-proxy-agent
5357 silly ADD node_modules/proxy-agent/node_modules/debug
5358 silly ADD node_modules/proxy-agent/node_modules/agent-base
5359 silly ADD node_modules/nssocket
5360 silly ADD node_modules/nssocket/node_modules/eventemitter2
5361 silly ADD node_modules/fast-json-patch
5362 silly ADD node_modules/vizion
5363 silly ADD node_modules/vizion/node_modules/async
5364 silly ADD node_modules/sprintf-js
5365 silly ADD node_modules/source-map-support
5366 silly ADD node_modules/promptly
5367 silly ADD node_modules/pm2-sysmonit
5368 silly ADD node_modules/pm2-sysmonit/node_modules/ms
5369 silly ADD node_modules/pm2-sysmonit/node_modules/pidusage
5370 silly ADD node_modules/pm2-sysmonit/node_modules/debug
5371 silly ADD node_modules/pm2-multimeter
5372 silly ADD node_modules/pm2-deploy
5373 silly ADD node_modules/pm2-axon-rpc
5374 silly ADD node_modules/pm2-axon-rpc/node_modules/ms
5375 silly ADD node_modules/pm2-axon-rpc/node_modules/debug
5376 silly ADD node_modules/pm2-axon
5377 silly ADD node_modules/pm2-axon/node_modules/ms
5378 silly ADD node_modules/pm2-axon/node_modules/debug
5379 silly ADD node_modules/pidusage
5380 silly ADD node_modules/needle
5381 silly ADD node_modules/needle/node_modules/ms
5382 silly ADD node_modules/needle/node_modules/iconv-lite
5383 silly ADD node_modules/needle/node_modules/debug
5384 silly ADD node_modules/js-yaml
5385 silly ADD node_modules/fclone
5386 silly ADD node_modules/eventemitter2
5387 silly ADD node_modules/enquirer
5388 silly ADD node_modules/dayjs
5389 silly ADD node_modules/croner
5390 silly ADD node_modules/commander
5391 silly ADD node_modules/cli-tableau
5392 silly ADD node_modules/chokidar
5393 silly ADD node_modules/chalk
5394 silly ADD node_modules/blessed
5395 silly ADD node_modules/@pm2/pm2-version-check
5396 silly ADD node_modules/@pm2/pm2-version-check/node_modules/ms
5397 silly ADD node_modules/@pm2/pm2-version-check/node_modules/debug
5398 silly ADD node_modules/@pm2/js-api
5399 silly ADD node_modules/@pm2/js-api/node_modules/ms
5400 silly ADD node_modules/@pm2/js-api/node_modules/ws
5401 silly ADD node_modules/@pm2/js-api/node_modules/eventemitter2
5402 silly ADD node_modules/@pm2/js-api/node_modules/debug
5403 silly ADD node_modules/@pm2/js-api/node_modules/async
5404 silly ADD node_modules/@pm2/io
5405 silly ADD node_modules/@pm2/io/node_modules/lru-cache
5406 silly ADD node_modules/@pm2/io/node_modules/ms
5407 silly ADD node_modules/@pm2/io/node_modules/tslib
5408 silly ADD node_modules/@pm2/io/node_modules/semver
5409 silly ADD node_modules/@pm2/io/node_modules/eventemitter2
5410 silly ADD node_modules/@pm2/io/node_modules/debug
5411 silly ADD node_modules/@pm2/io/node_modules/async
5412 silly ADD node_modules/@pm2/agent
5413 silly ADD node_modules/@pm2/agent/node_modules/lru-cache
5414 silly ADD node_modules/@pm2/agent/node_modules/ms
5415 silly ADD node_modules/@pm2/agent/node_modules/ws
5416 silly ADD node_modules/@pm2/agent/node_modules/semver
5417 silly ADD node_modules/@pm2/agent/node_modules/debug
5418 silly ADD node_modules/@pm2/agent/node_modules/dayjs
5419 silly ADD node_modules/wrappy
5420 silly ADD node_modules/once
5421 silly ADD node_modules/stream-shift
5422 silly ADD node_modules/end-of-stream
5423 silly ADD node_modules/duplexify
5424 silly ADD node_modules/duplexify/node_modules/readable-stream
5425 silly ADD node_modules/thread-stream
5426 silly ADD node_modules/sonic-boom
5427 silly ADD node_modules/safe-stable-stringify
5428 silly ADD node_modules/real-require
5429 silly ADD node_modules/quick-format-unescaped
5430 silly ADD node_modules/process-warning
5431 silly ADD node_modules/pino-std-serializers
5432 silly ADD node_modules/pino-abstract-transport
5433 silly ADD node_modules/on-exit-leak-free
5434 silly ADD node_modules/fast-redact
5435 silly ADD node_modules/atomic-sleep
5436 silly ADD node_modules/split2
5437 silly ADD node_modules/postgres-interval
5438 silly ADD node_modules/postgres-date
5439 silly ADD node_modules/postgres-bytea
5440 silly ADD node_modules/postgres-array
5441 silly ADD node_modules/pg-int8
5442 silly ADD node_modules/pgpass
5443 silly ADD node_modules/pg-types
5444 silly ADD node_modules/pg-protocol
5445 silly ADD node_modules/pg-pool
5446 silly ADD node_modules/pg-connection-string
5447 silly ADD node_modules/pg-cloudflare
5448 silly ADD node_modules/process
5449 silly ADD node_modules/xml2js
5450 silly ADD node_modules/xml-parse-from-string
5451 silly ADD node_modules/ee-first
5452 silly ADD node_modules/opus-decoder
5453 silly ADD node_modules/@wasm-audio-decoders/opus-ml
5454 silly ADD node_modules/wide-align
5455 silly ADD node_modules/strip-ansi
5456 silly ADD node_modules/string-width
5457 silly ADD node_modules/signal-exit
5458 silly ADD node_modules/has-unicode
5459 silly ADD node_modules/color-support
5460 silly ADD node_modules/aproba
5461 silly ADD node_modules/delegates
5462 silly ADD node_modules/set-blocking
5463 silly ADD node_modules/gauge
5464 silly ADD node_modules/console-control-strings
5465 silly ADD node_modules/are-we-there-yet
5466 silly ADD node_modules/are-we-there-yet/node_modules/readable-stream
5467 silly ADD node_modules/abbrev
5468 silly ADD node_modules/clone
5469 silly ADD node_modules/media-typer
5470 silly ADD node_modules/@tokenizer/token
5471 silly ADD node_modules/typedarray
5472 silly ADD node_modules/readable-stream
5473 silly ADD node_modules/readable-stream/node_modules/safe-buffer
5474 silly ADD node_modules/buffer-from
5475 silly ADD node_modules/streamsearch
5476 silly ADD node_modules/object-assign
5477 silly ADD node_modules/concat-stream
5478 silly ADD node_modules/busboy
5479 silly ADD node_modules/append-field
5480 silly ADD node_modules/@types/webidl-conversions
5481 silly ADD node_modules/@types/whatwg-url
5482 silly ADD node_modules/xml-naming
5483 silly ADD node_modules/strnum
5484 silly ADD node_modules/path-expression-matcher
5485 silly ADD node_modules/fast-xml-builder
5486 silly ADD node_modules/@smithy/is-array-buffer
5487 silly ADD node_modules/@smithy/util-buffer-from
5488 silly ADD node_modules/@aws-crypto/crc32
5489 silly ADD node_modules/sparse-bitfield
5490 silly ADD node_modules/fast-xml-parser
5491 silly ADD node_modules/@nodable/entities
5492 silly ADD node_modules/@aws-sdk/signature-v4-multi-region
5493 silly ADD node_modules/@aws-sdk/token-providers
5494 silly ADD node_modules/bowser
5495 silly ADD node_modules/@smithy/signature-v4
5496 silly ADD node_modules/@aws/lambda-invoke-store
5497 silly ADD node_modules/@aws-sdk/xml-builder
5498 silly ADD node_modules/@smithy/util-utf8
5499 silly ADD node_modules/@aws-sdk/util-locate-window
5500 silly ADD node_modules/@aws-crypto/util
5501 silly ADD node_modules/@aws-crypto/supports-web-crypto
5502 silly ADD node_modules/@smithy/node-http-handler
5503 silly ADD node_modules/@smithy/fetch-http-handler
5504 silly ADD node_modules/@aws-crypto/sha256-js
5505 silly ADD node_modules/@aws-crypto/sha256-browser
5506 silly ADD node_modules/tslib
5507 silly ADD node_modules/@smithy/types
5508 silly ADD node_modules/@smithy/credential-provider-imds
5509 silly ADD node_modules/@smithy/core
5510 silly ADD node_modules/@aws-sdk/types
5511 silly ADD node_modules/@aws-sdk/nested-clients
5512 silly ADD node_modules/@aws-sdk/credential-provider-web-identity
5513 silly ADD node_modules/@aws-sdk/credential-provider-sso
5514 silly ADD node_modules/@aws-sdk/credential-provider-process
5515 silly ADD node_modules/@aws-sdk/credential-provider-node
5516 silly ADD node_modules/@aws-sdk/credential-provider-login
5517 silly ADD node_modules/@aws-sdk/credential-provider-ini
5518 silly ADD node_modules/@aws-sdk/credential-provider-http
5519 silly ADD node_modules/@aws-sdk/credential-provider-env
5520 silly ADD node_modules/@aws-sdk/credential-provider-cognito-identity
5521 silly ADD node_modules/@aws-sdk/core
5522 silly ADD node_modules/@aws-sdk/client-cognito-identity
5523 silly ADD node_modules/socks
5524 silly ADD node_modules/mongodb-connection-string-url
5525 silly ADD node_modules/mongodb-connection-string-url/node_modules/webidl-conversions
5526 silly ADD node_modules/mongodb-connection-string-url/node_modules/tr46
5527 silly ADD node_modules/mongodb-connection-string-url/node_modules/whatwg-url
5528 silly ADD node_modules/@mongodb-js/saslprep
5529 silly ADD node_modules/@aws-sdk/credential-providers
5530 silly ADD node_modules/sift
5531 silly ADD node_modules/mquery
5532 silly ADD node_modules/mquery/node_modules/ms
5533 silly ADD node_modules/mquery/node_modules/debug
5534 silly ADD node_modules/mpath
5535 silly ADD node_modules/mongodb
5536 silly ADD node_modules/kareem
5537 silly ADD node_modules/bson
5538 silly ADD node_modules/minimist
5539 silly ADD node_modules/mime-db
5540 silly ADD node_modules/xtend
5541 silly ADD node_modules/xhr
5542 silly ADD node_modules/parse-bmfont-xml
5543 silly ADD node_modules/parse-bmfont-binary
5544 silly ADD node_modules/parse-bmfont-ascii
5545 silly ADD node_modules/mime
5546 silly ADD node_modules/buffer-equal
5547 silly ADD node_modules/curve25519-js
5548 silly ADD node_modules/@tootallnate/once
5549 silly ADD node_modules/source-map
5550 silly ADD node_modules/esutils
5551 silly ADD node_modules/estraverse
5552 silly ADD node_modules/esprima
5553 silly ADD node_modules/acorn-walk
5554 silly ADD node_modules/xml-name-validator
5555 silly ADD node_modules/whatwg-url
5556 silly ADD node_modules/webidl-conversions
5557 silly ADD node_modules/w3c-xmlserializer
5558 silly ADD node_modules/w3c-hr-time
5559 silly ADD node_modules/symbol-tree
5560 silly ADD node_modules/saxes
5561 silly ADD node_modules/nwsapi
5562 silly ADD node_modules/is-potential-custom-element-name
5563 silly ADD node_modules/http-proxy-agent
5564 silly ADD node_modules/http-proxy-agent/node_modules/ms
5565 silly ADD node_modules/http-proxy-agent/node_modules/debug
5566 silly ADD node_modules/http-proxy-agent/node_modules/agent-base
5567 silly ADD node_modules/html-encoding-sniffer
5568 silly ADD node_modules/html-encoding-sniffer/node_modules/iconv-lite
5569 silly ADD node_modules/html-encoding-sniffer/node_modules/whatwg-encoding
5570 silly ADD node_modules/escodegen
5571 silly ADD node_modules/domexception
5572 silly ADD node_modules/domexception/node_modules/webidl-conversions
5573 silly ADD node_modules/decimal.js
5574 silly ADD node_modules/data-urls
5575 silly ADD node_modules/data-urls/node_modules/whatwg-mimetype
5576 silly ADD node_modules/cssstyle
5577 silly ADD node_modules/cssstyle/node_modules/cssom
5578 silly ADD node_modules/cssom
5579 silly ADD node_modules/acorn-globals
5580 silly ADD node_modules/acorn-globals/node_modules/acorn
5581 silly ADD node_modules/acorn
5582 silly ADD node_modules/abab
5583 silly ADD node_modules/@types/node
5584 silly ADD node_modules/image-q
5585 silly ADD node_modules/ieee754
5586 silly ADD node_modules/base64-js
5587 silly ADD node_modules/utif
5588 silly ADD node_modules/pngjs
5589 silly ADD node_modules/jpeg-js
5590 silly ADD node_modules/omggif
5591 silly ADD node_modules/gifwrap
5592 silly ADD node_modules/bmp-js
5593 silly ADD node_modules/@jimp/tiff
5594 silly ADD node_modules/@jimp/png
5595 silly ADD node_modules/@jimp/jpeg
5596 silly ADD node_modules/@jimp/gif
5597 silly ADD node_modules/@jimp/bmp
5598 silly ADD node_modules/timm
5599 silly ADD node_modules/@jimp/plugin-threshold
5600 silly ADD node_modules/@jimp/plugin-shadow
5601 silly ADD node_modules/@jimp/plugin-print
5602 silly ADD node_modules/@jimp/plugin-normalize
5603 silly ADD node_modules/@jimp/plugin-mask
5604 silly ADD node_modules/@jimp/plugin-invert
5605 silly ADD node_modules/@jimp/plugin-gaussian
5606 silly ADD node_modules/@jimp/plugin-rotate
5607 silly ADD node_modules/@jimp/plugin-flip
5608 silly ADD node_modules/@jimp/plugin-fisheye
5609 silly ADD node_modules/@jimp/plugin-dither
5610 silly ADD node_modules/@jimp/plugin-displace
5611 silly ADD node_modules/@jimp/plugin-crop
5612 silly ADD node_modules/@jimp/plugin-cover
5613 silly ADD node_modules/@jimp/plugin-resize
5614 silly ADD node_modules/@jimp/plugin-scale
5615 silly ADD node_modules/@jimp/plugin-contain
5616 silly ADD node_modules/@jimp/plugin-color
5617 silly ADD node_modules/@jimp/plugin-circle
5618 silly ADD node_modules/@jimp/plugin-blur
5619 silly ADD node_modules/@jimp/plugin-blit
5620 silly ADD node_modules/tinycolor2
5621 silly ADD node_modules/pixelmatch
5622 silly ADD node_modules/phin
5623 silly ADD node_modules/mkdirp
5624 silly ADD node_modules/load-bmfont
5625 silly ADD node_modules/load-bmfont/node_modules/phin
5626 silly ADD node_modules/exif-parser
5627 silly ADD node_modules/buffer
5628 silly ADD node_modules/any-base
5629 silly ADD node_modules/@jimp/utils
5630 silly ADD node_modules/@jimp/core
5631 silly ADD node_modules/regenerator-runtime
5632 silly ADD node_modules/@jimp/types
5633 silly ADD node_modules/@jimp/plugins
5634 silly ADD node_modules/@jimp/custom
5635 silly ADD node_modules/@babel/runtime
5636 silly ADD node_modules/safer-buffer
5637 silly ADD node_modules/toidentifier
5638 silly ADD node_modules/inherits
5639 silly ADD node_modules/agent-base
5640 silly ADD node_modules/dunder-proto
5641 silly ADD node_modules/math-intrinsics
5642 silly ADD node_modules/has-symbols
5643 silly ADD node_modules/gopd
5644 silly ADD node_modules/get-proto
5645 silly ADD node_modules/function-bind
5646 silly ADD node_modules/es-object-atoms
5647 silly ADD node_modules/es-define-property
5648 silly ADD node_modules/call-bind-apply-helpers
5649 silly ADD node_modules/universalify
5650 silly ADD node_modules/jsonfile
5651 silly ADD node_modules/graceful-fs
5652 silly ADD node_modules/has-tostringtag
5653 silly ADD node_modules/get-intrinsic
5654 silly ADD node_modules/es-errors
5655 silly ADD node_modules/delayed-stream
5656 silly ADD node_modules/hasown
5657 silly ADD node_modules/es-set-tostringtag
5658 silly ADD node_modules/combined-stream
5659 silly ADD node_modules/asynckit
5660 silly ADD node_modules/which
5661 silly ADD node_modules/token-types
5662 silly ADD node_modules/strtok3
5663 silly ADD node_modules/readable-web-to-node-stream
5664 silly ADD node_modules/readable-web-to-node-stream/node_modules/string_decoder
5665 silly ADD node_modules/readable-web-to-node-stream/node_modules/buffer
5666 silly ADD node_modules/readable-web-to-node-stream/node_modules/readable-stream
5667 silly ADD node_modules/when
5668 silly ADD node_modules/uid-safe
5669 silly ADD node_modules/on-headers
5670 silly ADD node_modules/ms
5671 silly ADD node_modules/unpipe
5672 silly ADD node_modules/raw-body
5673 silly ADD node_modules/raw-body/node_modules/iconv-lite
5674 silly ADD node_modules/destroy
5675 silly ADD node_modules/bytes
5676 silly ADD node_modules/negotiator
5677 silly ADD node_modules/mime-types
5678 silly ADD node_modules/vary
5679 silly ADD node_modules/utils-merge
5680 silly ADD node_modules/type-is
5681 silly ADD node_modules/type-is/node_modules/media-typer
5682 silly ADD node_modules/statuses
5683 silly ADD node_modules/setprototypeof
5684 silly ADD node_modules/serve-static
5685 silly ADD node_modules/send
5686 silly ADD node_modules/send/node_modules/ms
5687 silly ADD node_modules/safe-buffer
5688 silly ADD node_modules/range-parser
5689 silly ADD node_modules/qs
5690 silly ADD node_modules/proxy-addr
5691 silly ADD node_modules/path-to-regexp
5692 silly ADD node_modules/parseurl
5693 silly ADD node_modules/on-finished
5694 silly ADD node_modules/methods
5695 silly ADD node_modules/merge-descriptors
5696 silly ADD node_modules/http-errors
5697 silly ADD node_modules/fresh
5698 silly ADD node_modules/finalhandler
5699 silly ADD node_modules/etag
5700 silly ADD node_modules/escape-html
5701 silly ADD node_modules/encodeurl
5702 silly ADD node_modules/depd
5703 silly ADD node_modules/debug
5704 silly ADD node_modules/content-type
5705 silly ADD node_modules/content-disposition
5706 silly ADD node_modules/body-parser
5707 silly ADD node_modules/body-parser/node_modules/iconv-lite
5708 silly ADD node_modules/array-flatten
5709 silly ADD node_modules/accepts
5710 silly ADD node_modules/whatwg-encoding
5711 silly ADD node_modules/iconv-lite
5712 silly ADD node_modules/entities
5713 silly ADD node_modules/nth-check
5714 silly ADD node_modules/cookie-signature
5715 silly ADD node_modules/cookie
5716 silly ADD node_modules/domelementtype
5717 silly ADD node_modules/css-what
5718 silly ADD node_modules/css-select
5719 silly ADD node_modules/boolbase
5720 silly ADD node_modules/whatwg-mimetype
5721 silly ADD node_modules/parse5-parser-stream
5722 silly ADD node_modules/parse5-htmlparser2-tree-adapter
5723 silly ADD node_modules/parse5
5724 silly ADD node_modules/parse5/node_modules/entities
5725 silly ADD node_modules/htmlparser2
5726 silly ADD node_modules/htmlparser2/node_modules/entities
5727 silly ADD node_modules/encoding-sniffer
5728 silly ADD node_modules/domutils
5729 silly ADD node_modules/domhandler
5730 silly ADD node_modules/dom-serializer
5731 silly ADD node_modules/cheerio-select
5732 silly ADD node_modules/tar
5733 silly ADD node_modules/tar/node_modules/mkdirp
5734 silly ADD node_modules/semver
5735 silly ADD node_modules/rimraf
5736 silly ADD node_modules/npmlog
5737 silly ADD node_modules/nopt
5738 silly ADD node_modules/make-dir
5739 silly ADD node_modules/make-dir/node_modules/semver
5740 silly ADD node_modules/detect-libc
5741 silly ADD node_modules/simple-get
5742 silly ADD node_modules/nan
5743 silly ADD node_modules/@mapbox/node-pre-gyp
5744 silly ADD node_modules/@mapbox/node-pre-gyp/node_modules/ms
5745 silly ADD node_modules/@mapbox/node-pre-gyp/node_modules/debug
5746 silly ADD node_modules/@mapbox/node-pre-gyp/node_modules/agent-base
5747 silly ADD node_modules/@mapbox/node-pre-gyp/node_modules/https-proxy-agent
5748 silly ADD node_modules/lru-cache
5749 silly ADD node_modules/lodash.clonedeep
5750 silly ADD node_modules/async
5751 silly ADD node_modules/follow-redirects
5752 silly ADD node_modules/simple-yenc
5753 silly ADD node_modules/@eshaz/web-worker
5754 silly ADD node_modules/codec-parser
5755 silly ADD node_modules/@wasm-audio-decoders/common
5756 silly ADD node_modules/qoa-format
5757 silly ADD node_modules/ogg-opus-decoder
5758 silly ADD node_modules/node-wav
5759 silly ADD node_modules/mpg123-decoder
5760 silly ADD node_modules/audio-type
5761 silly ADD node_modules/audio-buffer
5762 silly ADD node_modules/@wasm-audio-decoders/ogg-vorbis
5763 silly ADD node_modules/@wasm-audio-decoders/flac
5764 silly ADD node_modules/ws
5765 silly ADD node_modules/uuid
5766 silly ADD node_modules/protobufjs
5767 silly ADD node_modules/node-cache
5768 silly ADD node_modules/music-metadata
5769 silly ADD node_modules/music-metadata/node_modules/ms
5770 silly ADD node_modules/music-metadata/node_modules/debug
5771 silly ADD node_modules/libsignal
5772 silly ADD node_modules/libsignal/node_modules/long
5773 silly ADD node_modules/libsignal/node_modules/@types/node
5774 silly ADD node_modules/libsignal/node_modules/protobufjs
5775 silly ADD node_modules/libphonenumber-js
5776 silly ADD node_modules/futoin-hkdf
5777 silly ADD node_modules/cache-manager
5778 silly ADD node_modules/audio-decode
5779 silly ADD node_modules/@hapi/hoek
5780 silly ADD node_modules/undici
5781 silly ADD node_modules/sax
5782 silly ADD node_modules/miniget
5783 silly ADD node_modules/m3u8stream
5784 silly ADD node_modules/https-proxy-agent
5785 silly ADD node_modules/https-proxy-agent/node_modules/ms
5786 silly ADD node_modules/https-proxy-agent/node_modules/debug
5787 silly ADD node_modules/https-proxy-agent/node_modules/agent-base
5788 silly ADD node_modules/tough-cookie
5789 silly ADD node_modules/http-cookie-agent
5790 silly ADD node_modules/ytdl-core
5791 silly ADD node_modules/wa-sticker-formatter
5792 silly ADD node_modules/wa-sticker-formatter/node_modules/readable-stream
5793 silly ADD node_modules/wa-sticker-formatter/node_modules/tar-stream
5794 silly ADD node_modules/wa-sticker-formatter/node_modules/chownr
5795 silly ADD node_modules/wa-sticker-formatter/node_modules/mimic-response
5796 silly ADD node_modules/wa-sticker-formatter/node_modules/decompress-response
5797 silly ADD node_modules/wa-sticker-formatter/node_modules/tar-fs
5798 silly ADD node_modules/wa-sticker-formatter/node_modules/simple-get
5799 silly ADD node_modules/wa-sticker-formatter/node_modules/node-addon-api
5800 silly ADD node_modules/wa-sticker-formatter/node_modules/sharp
5801 silly ADD node_modules/wa-sticker-formatter/node_modules/axios
5802 silly ADD node_modules/util
5803 silly ADD node_modules/translatte
5804 silly ADD node_modules/simple-git
5805 silly ADD node_modules/simple-git/node_modules/ms
5806 silly ADD node_modules/simple-git/node_modules/debug
5807 silly ADD node_modules/qrcode
5808 silly ADD node_modules/qrcode/node_modules/pngjs
5809 silly ADD node_modules/puppeteer
5810 silly ADD node_modules/puppeteer/node_modules/wrap-ansi
5811 silly ADD node_modules/puppeteer/node_modules/yargs-parser
5812 silly ADD node_modules/puppeteer/node_modules/y18n
5813 silly ADD node_modules/puppeteer/node_modules/cliui
5814 silly ADD node_modules/puppeteer/node_modules/degenerator
5815 silly ADD node_modules/puppeteer/node_modules/data-uri-to-buffer
5816 silly ADD node_modules/puppeteer/node_modules/pac-resolver
5817 silly ADD node_modules/puppeteer/node_modules/get-uri
5818 silly ADD node_modules/puppeteer/node_modules/socks-proxy-agent
5819 silly ADD node_modules/puppeteer/node_modules/proxy-from-env
5820 silly ADD node_modules/puppeteer/node_modules/pac-proxy-agent
5821 silly ADD node_modules/puppeteer/node_modules/https-proxy-agent
5822 silly ADD node_modules/puppeteer/node_modules/http-proxy-agent
5823 silly ADD node_modules/puppeteer/node_modules/ms
5824 silly ADD node_modules/puppeteer/node_modules/yargs
5825 silly ADD node_modules/puppeteer/node_modules/debug
5826 silly ADD node_modules/puppeteer/node_modules/proxy-agent
5827 silly ADD node_modules/puppeteer/node_modules/@puppeteer/browsers
5828 silly ADD node_modules/pm2
5829 silly ADD node_modules/pm2/node_modules/ms
5830 silly ADD node_modules/pm2/node_modules/mkdirp
5831 silly ADD node_modules/pm2/node_modules/debug
5832 silly ADD node_modules/pino
5833 silly ADD node_modules/pg
5834 silly ADD node_modules/path
5835 silly ADD node_modules/path/node_modules/inherits
5836 silly ADD node_modules/path/node_modules/util
5837 silly ADD node_modules/node-webpmux
5838 silly ADD node_modules/node-cron
5839 silly ADD node_modules/node-cron/node_modules/uuid
5840 silly ADD node_modules/multer
5841 silly ADD node_modules/mongoose
5842 silly ADD node_modules/mongoose/node_modules/ms
5843 silly ADD node_modules/moment-timezone
5844 silly ADD node_modules/moment
5845 silly ADD node_modules/jsdom
5846 silly ADD node_modules/jsdom/node_modules/iconv-lite
5847 silly ADD node_modules/jsdom/node_modules/universalify
5848 silly ADD node_modules/jsdom/node_modules/ms
5849 silly ADD node_modules/jsdom/node_modules/debug
5850 silly ADD node_modules/jsdom/node_modules/agent-base
5851 silly ADD node_modules/jsdom/node_modules/ws
5852 silly ADD node_modules/jsdom/node_modules/whatwg-mimetype
5853 silly ADD node_modules/jsdom/node_modules/whatwg-encoding
5854 silly ADD node_modules/jsdom/node_modules/tough-cookie
5855 silly ADD node_modules/jsdom/node_modules/parse5
5856 silly ADD node_modules/jsdom/node_modules/https-proxy-agent
5857 silly ADD node_modules/jsdom/node_modules/form-data
5858 silly ADD node_modules/jimp
5859 silly ADD node_modules/google-tts-api
5860 silly ADD node_modules/google-tts-api/node_modules/axios
5861 silly ADD node_modules/fs-extra
5862 silly ADD node_modules/form-data
5863 silly ADD node_modules/fluent-ffmpeg
5864 silly ADD node_modules/fluent-ffmpeg/node_modules/async
5865 silly ADD node_modules/file-type
5866 silly ADD node_modules/ffmpeg
5867 silly ADD node_modules/express-session
5868 silly ADD node_modules/express-session/node_modules/cookie-signature
5869 silly ADD node_modules/express
5870 silly ADD node_modules/dotenv
5871 silly ADD node_modules/crypto-js
5872 silly ADD node_modules/cookie-parser
5873 silly ADD node_modules/connect-pg-simple
5874 silly ADD node_modules/child_process
5875 silly ADD node_modules/cheerio
5876 silly ADD node_modules/canvas
5877 silly ADD node_modules/bcryptjs
5878 silly ADD node_modules/axios
5879 silly ADD node_modules/node-fetch
5880 silly ADD node_modules/node-fetch/node_modules/webidl-conversions
5881 silly ADD node_modules/node-fetch/node_modules/tr46
5882 silly ADD node_modules/node-fetch/node_modules/whatwg-url
5883 silly ADD node_modules/async-g-i-s
5884 silly ADD node_modules/anime-character-random
5885 silly ADD node_modules/acrcloud
5886 silly ADD node_modules/acrcloud/node_modules/form-data
5887 silly ADD node_modules/@whiskeysockets/baileys
5888 silly ADD node_modules/@whiskeysockets/baileys/node_modules/ms
5889 silly ADD node_modules/@whiskeysockets/baileys/node_modules/debug
5890 silly ADD node_modules/@whiskeysockets/baileys/node_modules/agent-base
5891 silly ADD node_modules/@whiskeysockets/baileys/node_modules/proxy-from-env
5892 silly ADD node_modules/@whiskeysockets/baileys/node_modules/https-proxy-agent
5893 silly ADD node_modules/@whiskeysockets/baileys/node_modules/axios
5894 silly ADD node_modules/@hapi/boom
5895 silly ADD node_modules/@distube/ytdl-core
5896 silly ADD node_modules/@adiwajshing/keyed-db
5897 verbose cwd /data/data/com.termux/files/home/xavi-bot-v1.5
5898 verbose os Linux 4.19.111-27127798
5899 verbose node v26.1.0
5900 verbose npm  v11.15.0
5901 verbose exit 0
5902 info ok
