0 verbose cli /data/data/com.termux/files/usr/bin/node /data/data/com.termux/files/usr/bin/npm
1 info using npm@11.15.0
2 info using node@v26.1.0
3 silly config load:file:/data/data/com.termux/files/usr/lib/node_modules/npm/npmrc
4 silly config load:file:/data/data/com.termux/files/home/xavibot/.npmrc
5 silly config load:file:/data/data/com.termux/files/home/.npmrc
6 silly config load:file:/data/data/com.termux/files/usr/etc/npmrc
7 verbose title npm install
8 verbose argv "install"
9 verbose logfile logs-max:10 dir:/data/data/com.termux/files/home/.npm/_logs/2026-05-26T03_39_53_052Z-
10 verbose logfile /data/data/com.termux/files/home/.npm/_logs/2026-05-26T03_39_53_052Z-debug-0.log
11 silly logfile done cleaning log files
12 silly packumentCache heap:1071644672 maxSize:267911168 maxEntrySize:133955584
13 silly idealTree buildDeps
14 silly fetch manifest @whiskeysockets/baileys@^6.7.9
15 silly packumentCache full:https://registry.npmjs.org/@whiskeysockets%2fbaileys cache-miss
16 http fetch GET 200 https://registry.npmjs.org/@whiskeysockets%2fbaileys 1584ms (cache revalidated)
17 silly packumentCache full:https://registry.npmjs.org/@whiskeysockets%2fbaileys set size:194192 disposed:false
18 silly fetch manifest audio-decode@^2.1.3
19 silly packumentCache full:https://registry.npmjs.org/audio-decode cache-miss
20 http fetch GET 200 https://registry.npmjs.org/audio-decode 141ms (cache revalidated)
21 silly packumentCache full:https://registry.npmjs.org/audio-decode set size:120660 disposed:false
22 silly fetch manifest jimp@^1.6.0
23 silly packumentCache full:https://registry.npmjs.org/jimp cache-miss
24 http fetch GET 200 https://registry.npmjs.org/jimp 624ms (cache revalidated)
25 silly packumentCache full:https://registry.npmjs.org/jimp set size:1198045 disposed:false
26 silly fetch manifest link-preview-js@^3.0.0
27 silly packumentCache full:https://registry.npmjs.org/link-preview-js cache-miss
28 http fetch GET 200 https://registry.npmjs.org/link-preview-js 578ms (cache revalidated)
29 silly packumentCache full:https://registry.npmjs.org/link-preview-js set size:150486 disposed:false
30 silly fetch manifest sharp@*
31 silly packumentCache full:https://registry.npmjs.org/sharp cache-miss
32 http fetch GET 200 https://registry.npmjs.org/sharp 139ms (cache revalidated)
33 silly packumentCache full:https://registry.npmjs.org/sharp set size:1072564 disposed:false
34 silly fetch manifest axios@^1.6.0
35 silly packumentCache full:https://registry.npmjs.org/axios cache-miss
36 http fetch GET 200 https://registry.npmjs.org/axios 522ms (cache revalidated)
37 silly packumentCache full:https://registry.npmjs.org/axios set size:820578 disposed:false
38 silly fetch manifest express@^4.18.2
39 silly packumentCache full:https://registry.npmjs.org/express cache-miss
40 http fetch GET 200 https://registry.npmjs.org/express 111ms (cache revalidated)
41 silly packumentCache full:https://registry.npmjs.org/express set size:804947 disposed:false
42 silly fetch manifest mongoose@^8.0.0
43 silly packumentCache full:https://registry.npmjs.org/mongoose cache-miss
44 http fetch GET 200 https://registry.npmjs.org/mongoose 536ms (cache revalidated)
45 silly packumentCache full:https://registry.npmjs.org/mongoose set size:4150843 disposed:false
46 silly fetch manifest pino@^8.17.0
47 silly packumentCache full:https://registry.npmjs.org/pino cache-miss
48 http fetch GET 200 https://registry.npmjs.org/pino 708ms (cache revalidated)
49 silly packumentCache full:https://registry.npmjs.org/pino set size:1274379 disposed:false
50 silly fetch manifest fs-extra@^11.2.0
51 silly packumentCache full:https://registry.npmjs.org/fs-extra cache-miss
52 http fetch GET 200 https://registry.npmjs.org/fs-extra 507ms (cache revalidated)
53 silly packumentCache full:https://registry.npmjs.org/fs-extra set size:234923 disposed:false
54 silly fetch manifest dotenv@^16.3.1
55 silly packumentCache full:https://registry.npmjs.org/dotenv cache-miss
56 http fetch GET 200 https://registry.npmjs.org/dotenv 114ms (cache revalidated)
57 silly packumentCache full:https://registry.npmjs.org/dotenv set size:277832 disposed:false
58 silly fetch manifest node-fetch@^2.7.0
59 silly packumentCache full:https://registry.npmjs.org/node-fetch cache-miss
60 http fetch GET 200 https://registry.npmjs.org/node-fetch 608ms (cache revalidated)
61 silly packumentCache full:https://registry.npmjs.org/node-fetch set size:896010 disposed:false
62 silly fetch manifest encoding@^0.1.0
63 silly packumentCache full:https://registry.npmjs.org/encoding cache-miss
64 http fetch GET 200 https://registry.npmjs.org/encoding 415ms (cache revalidated)
65 silly packumentCache full:https://registry.npmjs.org/encoding set size:17833 disposed:false
66 silly fetch manifest qrcode@^1.5.3
67 silly packumentCache full:https://registry.npmjs.org/qrcode cache-miss
68 http fetch GET 200 https://registry.npmjs.org/qrcode 474ms (cache revalidated)
69 silly packumentCache full:https://registry.npmjs.org/qrcode set size:131489 disposed:false
70 silly placeDep ROOT @whiskeysockets/baileys@6.7.23 OK for: xavi-clinton-bot@1.5.0 want: ^6.7.9
71 silly placeDep ROOT sharp@0.34.5 OK for: @whiskeysockets/baileys@6.7.23 want: *
72 silly placeDep ROOT axios@1.16.1 OK for: xavi-clinton-bot@1.5.0 want: ^1.6.0
73 silly placeDep ROOT dotenv@16.6.1 OK for: xavi-clinton-bot@1.5.0 want: ^16.3.1
74 silly placeDep ROOT express@4.22.2 OK for: xavi-clinton-bot@1.5.0 want: ^4.18.2
75 silly placeDep ROOT fs-extra@11.3.5 OK for: xavi-clinton-bot@1.5.0 want: ^11.2.0
76 silly placeDep ROOT mongoose@8.24.0 OK for: xavi-clinton-bot@1.5.0 want: ^8.0.0
77 silly placeDep ROOT node-fetch@2.7.0 OK for: xavi-clinton-bot@1.5.0 want: ^2.7.0
78 silly placeDep ROOT pino@8.21.0 OK for: xavi-clinton-bot@1.5.0 want: ^8.17.0
79 silly placeDep ROOT qrcode@1.5.4 OK for: xavi-clinton-bot@1.5.0 want: ^1.5.3
80 silly fetch manifest @cacheable/node-cache@^1.4.0
81 silly packumentCache full:https://registry.npmjs.org/@cacheable%2fnode-cache cache-miss
82 silly fetch manifest @hapi/boom@^9.1.3
83 silly packumentCache full:https://registry.npmjs.org/@hapi%2fboom cache-miss
84 silly fetch manifest async-mutex@^0.5.0
85 silly packumentCache full:https://registry.npmjs.org/async-mutex cache-miss
86 silly fetch manifest libsignal@git+https://github.com/whiskeysockets/libsignal-node.git
87 silly fetch manifest music-metadata@^11.7.0
88 silly packumentCache full:https://registry.npmjs.org/music-metadata cache-miss
89 silly fetch manifest pino@^9.6
90 silly packumentCache full:https://registry.npmjs.org/pino cache-miss
91 silly fetch manifest protobufjs@^7.2.4
92 silly packumentCache full:https://registry.npmjs.org/protobufjs cache-miss
93 http cache https://registry.npmjs.org/pino 278ms (cache hit)
94 silly packumentCache full:https://registry.npmjs.org/pino set size:1274379 disposed:false
95 silly fetch manifest ws@^8.13.0
96 silly packumentCache full:https://registry.npmjs.org/ws cache-miss
97 http fetch GET 200 https://registry.npmjs.org/@cacheable%2fnode-cache 1116ms (cache miss)
98 silly packumentCache full:https://registry.npmjs.org/@cacheable%2fnode-cache set size:undefined disposed:false
99 silly fetch manifest semver@^7.7.3
100 silly packumentCache full:https://registry.npmjs.org/semver cache-miss
101 http fetch GET 200 https://registry.npmjs.org/music-metadata 1257ms (cache revalidated)
102 silly packumentCache full:https://registry.npmjs.org/music-metadata set size:1277084 disposed:false
103 silly fetch manifest @img/colour@^1.0.0
104 silly packumentCache full:https://registry.npmjs.org/@img%2fcolour cache-miss
105 http fetch GET 200 https://registry.npmjs.org/async-mutex 1466ms (cache miss)
106 silly packumentCache full:https://registry.npmjs.org/async-mutex set size:undefined disposed:false
107 silly fetch manifest detect-libc@^2.1.2
108 silly packumentCache full:https://registry.npmjs.org/detect-libc cache-miss
109 http fetch GET 200 https://registry.npmjs.org/ws 1144ms (cache updated)
110 silly packumentCache full:https://registry.npmjs.org/ws set size:undefined disposed:false
111 silly fetch manifest @img/sharp-wasm32@0.34.5
112 silly packumentCache full:https://registry.npmjs.org/@img%2fsharp-wasm32 cache-miss
113 http fetch GET 200 https://registry.npmjs.org/protobufjs 1627ms (cache updated)
114 silly packumentCache full:https://registry.npmjs.org/protobufjs set size:undefined disposed:false
115 silly fetch manifest @img/sharp-linux-arm@0.34.5
116 silly packumentCache full:https://registry.npmjs.org/@img%2fsharp-linux-arm cache-miss
117 http fetch GET 200 https://registry.npmjs.org/@hapi%2fboom 1871ms (cache revalidated)
118 silly packumentCache full:https://registry.npmjs.org/@hapi%2fboom set size:55492 disposed:false
119 silly fetch manifest @img/sharp-linux-x64@0.34.5
120 silly packumentCache full:https://registry.npmjs.org/@img%2fsharp-linux-x64 cache-miss
121 http fetch GET 200 https://registry.npmjs.org/detect-libc 574ms (cache revalidated)
122 silly packumentCache full:https://registry.npmjs.org/detect-libc set size:47861 disposed:false
123 silly fetch manifest @img/sharp-win32-x64@0.34.5
124 silly packumentCache full:https://registry.npmjs.org/@img%2fsharp-win32-x64 cache-miss
125 http fetch GET 200 https://registry.npmjs.org/semver 945ms (cache revalidated)
126 silly packumentCache full:https://registry.npmjs.org/semver set size:235672 disposed:false
127 silly fetch manifest @img/sharp-darwin-x64@0.34.5
128 silly packumentCache full:https://registry.npmjs.org/@img%2fsharp-darwin-x64 cache-miss
129 http fetch GET 200 https://registry.npmjs.org/@img%2fcolour 1294ms (cache miss)
130 silly packumentCache full:https://registry.npmjs.org/@img%2fcolour set size:undefined disposed:false
131 silly fetch manifest @img/sharp-win32-ia32@0.34.5
132 silly packumentCache full:https://registry.npmjs.org/@img%2fsharp-win32-ia32 cache-miss
133 http fetch GET 200 https://registry.npmjs.org/@img%2fsharp-linux-arm 970ms (cache miss)
134 silly packumentCache full:https://registry.npmjs.org/@img%2fsharp-linux-arm set size:undefined disposed:false
135 silly fetch manifest @img/sharp-linux-arm64@0.34.5
136 silly packumentCache full:https://registry.npmjs.org/@img%2fsharp-linux-arm64 cache-miss
137 http fetch GET 200 https://registry.npmjs.org/@img%2fsharp-wasm32 1145ms (cache miss)
138 silly packumentCache full:https://registry.npmjs.org/@img%2fsharp-wasm32 set size:undefined disposed:false
139 silly fetch manifest @img/sharp-linux-ppc64@0.34.5
140 silly packumentCache full:https://registry.npmjs.org/@img%2fsharp-linux-ppc64 cache-miss
141 http fetch GET 200 https://registry.npmjs.org/@img%2fsharp-linux-x64 949ms (cache miss)
142 silly packumentCache full:https://registry.npmjs.org/@img%2fsharp-linux-x64 set size:undefined disposed:false
143 silly fetch manifest @img/sharp-linux-s390x@0.34.5
144 silly packumentCache full:https://registry.npmjs.org/@img%2fsharp-linux-s390x cache-miss
145 http fetch GET 200 https://registry.npmjs.org/@img%2fsharp-win32-x64 997ms (cache miss)
146 silly packumentCache full:https://registry.npmjs.org/@img%2fsharp-win32-x64 set size:undefined disposed:false
147 silly fetch manifest @img/sharp-win32-arm64@0.34.5
148 silly packumentCache full:https://registry.npmjs.org/@img%2fsharp-win32-arm64 cache-miss
149 http fetch GET 200 https://registry.npmjs.org/@img%2fsharp-darwin-x64 1015ms (cache miss)
150 silly packumentCache full:https://registry.npmjs.org/@img%2fsharp-darwin-x64 set size:undefined disposed:false
151 silly fetch manifest @img/sharp-darwin-arm64@0.34.5
152 silly packumentCache full:https://registry.npmjs.org/@img%2fsharp-darwin-arm64 cache-miss
153 http fetch GET 200 https://registry.npmjs.org/@img%2fsharp-win32-ia32 906ms (cache miss)
154 silly packumentCache full:https://registry.npmjs.org/@img%2fsharp-win32-ia32 set size:undefined disposed:false
155 silly fetch manifest @img/sharp-linux-riscv64@0.34.5
156 silly packumentCache full:https://registry.npmjs.org/@img%2fsharp-linux-riscv64 cache-miss
157 http fetch GET 200 https://registry.npmjs.org/@img%2fsharp-linux-arm64 910ms (cache miss)
158 silly packumentCache full:https://registry.npmjs.org/@img%2fsharp-linux-arm64 set size:undefined disposed:false
159 silly fetch manifest @img/sharp-linuxmusl-x64@0.34.5
160 silly packumentCache full:https://registry.npmjs.org/@img%2fsharp-linuxmusl-x64 cache-miss
161 http fetch GET 200 https://registry.npmjs.org/@img%2fsharp-linux-ppc64 1048ms (cache miss)
162 silly packumentCache full:https://registry.npmjs.org/@img%2fsharp-linux-ppc64 set size:undefined disposed:false
163 silly fetch manifest @img/sharp-linuxmusl-arm64@0.34.5
164 silly packumentCache full:https://registry.npmjs.org/@img%2fsharp-linuxmusl-arm64 cache-miss
165 http fetch GET 200 https://registry.npmjs.org/@img%2fsharp-linux-s390x 1034ms (cache miss)
166 silly packumentCache full:https://registry.npmjs.org/@img%2fsharp-linux-s390x set size:undefined disposed:false
167 silly fetch manifest @img/sharp-libvips-linux-arm@1.2.4
168 silly packumentCache full:https://registry.npmjs.org/@img%2fsharp-libvips-linux-arm cache-miss
169 http fetch GET 200 https://registry.npmjs.org/@img%2fsharp-win32-arm64 970ms (cache miss)
170 silly packumentCache full:https://registry.npmjs.org/@img%2fsharp-win32-arm64 set size:undefined disposed:false
171 silly fetch manifest @img/sharp-libvips-linux-x64@1.2.4
172 silly packumentCache full:https://registry.npmjs.org/@img%2fsharp-libvips-linux-x64 cache-miss
173 http fetch GET 200 https://registry.npmjs.org/@img%2fsharp-darwin-arm64 1015ms (cache miss)
174 silly packumentCache full:https://registry.npmjs.org/@img%2fsharp-darwin-arm64 set size:undefined disposed:false
175 silly fetch manifest @img/sharp-libvips-darwin-x64@1.2.4
176 silly packumentCache full:https://registry.npmjs.org/@img%2fsharp-libvips-darwin-x64 cache-miss
177 silly fetch manifest @img/sharp-libvips-linux-arm64@1.2.4
178 silly packumentCache full:https://registry.npmjs.org/@img%2fsharp-libvips-linux-arm64 cache-miss
179 http fetch GET 200 https://registry.npmjs.org/@img%2fsharp-linux-riscv64 1020ms (cache miss)
180 silly packumentCache full:https://registry.npmjs.org/@img%2fsharp-linux-riscv64 set size:undefined disposed:false
181 silly fetch manifest @img/sharp-libvips-linux-ppc64@1.2.4
182 silly packumentCache full:https://registry.npmjs.org/@img%2fsharp-libvips-linux-ppc64 cache-miss
183 http fetch GET 200 https://registry.npmjs.org/@img%2fsharp-linuxmusl-x64 1003ms (cache miss)
184 silly packumentCache full:https://registry.npmjs.org/@img%2fsharp-linuxmusl-x64 set size:undefined disposed:false
185 silly fetch manifest @img/sharp-libvips-linux-s390x@1.2.4
186 silly packumentCache full:https://registry.npmjs.org/@img%2fsharp-libvips-linux-s390x cache-miss
187 http fetch GET 200 https://registry.npmjs.org/@img%2fsharp-libvips-linux-arm 1006ms (cache miss)
188 silly packumentCache full:https://registry.npmjs.org/@img%2fsharp-libvips-linux-arm set size:undefined disposed:false
189 silly fetch manifest @img/sharp-libvips-darwin-arm64@1.2.4
190 silly packumentCache full:https://registry.npmjs.org/@img%2fsharp-libvips-darwin-arm64 cache-miss
191 http fetch GET 200 https://registry.npmjs.org/@img%2fsharp-linuxmusl-arm64 1085ms (cache miss)
192 silly packumentCache full:https://registry.npmjs.org/@img%2fsharp-linuxmusl-arm64 set size:undefined disposed:false
193 silly fetch manifest @img/sharp-libvips-linux-riscv64@1.2.4
194 silly packumentCache full:https://registry.npmjs.org/@img%2fsharp-libvips-linux-riscv64 cache-miss
195 http fetch GET 200 https://registry.npmjs.org/@img%2fsharp-libvips-linux-x64 926ms (cache miss)
196 silly packumentCache full:https://registry.npmjs.org/@img%2fsharp-libvips-linux-x64 set size:undefined disposed:false
197 silly fetch manifest @img/sharp-libvips-linuxmusl-x64@1.2.4
198 silly packumentCache full:https://registry.npmjs.org/@img%2fsharp-libvips-linuxmusl-x64 cache-miss
199 http fetch GET 200 https://registry.npmjs.org/@img%2fsharp-libvips-darwin-x64 986ms (cache miss)
200 silly packumentCache full:https://registry.npmjs.org/@img%2fsharp-libvips-darwin-x64 set size:undefined disposed:false
201 silly fetch manifest @img/sharp-libvips-linuxmusl-arm64@1.2.4
202 silly packumentCache full:https://registry.npmjs.org/@img%2fsharp-libvips-linuxmusl-arm64 cache-miss
203 http fetch GET 200 https://registry.npmjs.org/@img%2fsharp-libvips-linux-arm64 936ms (cache miss)
204 silly packumentCache full:https://registry.npmjs.org/@img%2fsharp-libvips-linux-arm64 set size:undefined disposed:false
205 silly fetch manifest follow-redirects@^1.16.0
206 silly packumentCache full:https://registry.npmjs.org/follow-redirects cache-miss
207 http fetch GET 200 https://registry.npmjs.org/@img%2fsharp-libvips-linux-ppc64 938ms (cache miss)
208 silly packumentCache full:https://registry.npmjs.org/@img%2fsharp-libvips-linux-ppc64 set size:undefined disposed:false
209 silly fetch manifest form-data@^4.0.5
210 silly packumentCache full:https://registry.npmjs.org/form-data cache-miss
211 http fetch GET 200 https://registry.npmjs.org/@img%2fsharp-libvips-darwin-arm64 970ms (cache miss)
212 silly packumentCache full:https://registry.npmjs.org/@img%2fsharp-libvips-darwin-arm64 set size:undefined disposed:false
213 silly fetch manifest https-proxy-agent@^5.0.1
214 silly packumentCache full:https://registry.npmjs.org/https-proxy-agent cache-miss
215 http fetch GET 200 https://registry.npmjs.org/@img%2fsharp-libvips-linux-s390x 1217ms (cache miss)
216 silly packumentCache full:https://registry.npmjs.org/@img%2fsharp-libvips-linux-s390x set size:undefined disposed:false
217 silly fetch manifest proxy-from-env@^2.1.0
218 silly packumentCache full:https://registry.npmjs.org/proxy-from-env cache-miss
219 http fetch GET 200 https://registry.npmjs.org/@img%2fsharp-libvips-linuxmusl-x64 950ms (cache miss)
220 silly packumentCache full:https://registry.npmjs.org/@img%2fsharp-libvips-linuxmusl-x64 set size:undefined disposed:false
221 silly fetch manifest qs@~6.15.1
222 silly packumentCache full:https://registry.npmjs.org/qs cache-miss
223 http fetch GET 200 https://registry.npmjs.org/@img%2fsharp-libvips-linux-riscv64 1078ms (cache miss)
224 silly packumentCache full:https://registry.npmjs.org/@img%2fsharp-libvips-linux-riscv64 set size:undefined disposed:false
225 silly fetch manifest depd@2.0.0
226 silly packumentCache full:https://registry.npmjs.org/depd cache-miss
227 http fetch GET 200 https://registry.npmjs.org/form-data 439ms (cache revalidated)
228 silly packumentCache full:https://registry.npmjs.org/form-data set size:153646 disposed:false
229 silly fetch manifest etag@~1.8.1
230 silly packumentCache full:https://registry.npmjs.org/etag cache-miss
231 http fetch GET 200 https://registry.npmjs.org/follow-redirects 510ms (cache revalidated)
232 silly packumentCache full:https://registry.npmjs.org/follow-redirects set size:188945 disposed:false
233 silly fetch manifest send@~0.19.0
234 silly packumentCache full:https://registry.npmjs.org/send cache-miss
235 http fetch GET 200 https://registry.npmjs.org/@img%2fsharp-libvips-linuxmusl-arm64 1030ms (cache miss)
236 silly packumentCache full:https://registry.npmjs.org/@img%2fsharp-libvips-linuxmusl-arm64 set size:undefined disposed:false
237 silly fetch manifest vary@~1.1.2
238 silly packumentCache full:https://registry.npmjs.org/vary cache-miss
239 http fetch GET 200 https://registry.npmjs.org/proxy-from-env 532ms (cache revalidated)
240 silly packumentCache full:https://registry.npmjs.org/proxy-from-env set size:21422 disposed:false
241 silly fetch manifest debug@2.6.9
242 silly packumentCache full:https://registry.npmjs.org/debug cache-miss
243 http fetch GET 200 https://registry.npmjs.org/https-proxy-agent 569ms (cache revalidated)
244 silly packumentCache full:https://registry.npmjs.org/https-proxy-agent set size:81258 disposed:false
245 silly fetch manifest fresh@~0.5.2
246 silly packumentCache full:https://registry.npmjs.org/fresh cache-miss
247 http fetch GET 200 https://registry.npmjs.org/qs 601ms (cache revalidated)
248 silly packumentCache full:https://registry.npmjs.org/qs set size:356906 disposed:false
249 silly fetch manifest cookie@~0.7.1
250 silly packumentCache full:https://registry.npmjs.org/cookie cache-miss
251 http fetch GET 200 https://registry.npmjs.org/depd 619ms (cache revalidated)
252 silly packumentCache full:https://registry.npmjs.org/depd set size:40182 disposed:false
253 silly fetch manifest accepts@~1.3.8
254 silly packumentCache full:https://registry.npmjs.org/accepts cache-miss
255 http fetch GET 200 https://registry.npmjs.org/etag 600ms (cache revalidated)
256 silly packumentCache full:https://registry.npmjs.org/etag set size:30032 disposed:false
257 silly fetch manifest methods@~1.1.2
258 silly packumentCache full:https://registry.npmjs.org/methods cache-miss
259 http fetch GET 200 https://registry.npmjs.org/debug 250ms (cache revalidated)
260 silly packumentCache full:https://registry.npmjs.org/debug set size:195840 disposed:false
261 silly fetch manifest type-is@~1.6.18
262 silly packumentCache full:https://registry.npmjs.org/type-is cache-miss
263 http fetch GET 200 https://registry.npmjs.org/send 741ms (cache revalidated)
264 silly packumentCache full:https://registry.npmjs.org/send set size:152810 disposed:false
265 silly fetch manifest parseurl@~1.3.3
266 silly packumentCache full:https://registry.npmjs.org/parseurl cache-miss
267 http fetch GET 200 https://registry.npmjs.org/vary 680ms (cache revalidated)
268 silly packumentCache full:https://registry.npmjs.org/vary set size:15994 disposed:false
269 silly fetch manifest statuses@~2.0.1
270 silly packumentCache full:https://registry.npmjs.org/statuses cache-miss
271 http fetch GET 200 https://registry.npmjs.org/cookie 349ms (cache revalidated)
272 silly packumentCache full:https://registry.npmjs.org/cookie set size:72891 disposed:false
273 silly fetch manifest encodeurl@~2.0.0
274 silly packumentCache full:https://registry.npmjs.org/encodeurl cache-miss
275 http fetch GET 200 https://registry.npmjs.org/fresh 518ms (cache revalidated)
276 silly packumentCache full:https://registry.npmjs.org/fresh set size:25427 disposed:false
277 silly fetch manifest proxy-addr@~2.0.7
278 silly packumentCache full:https://registry.npmjs.org/proxy-addr cache-miss
279 http fetch GET 200 https://registry.npmjs.org/accepts 376ms (cache revalidated)
280 silly packumentCache full:https://registry.npmjs.org/accepts set size:77054 disposed:false
281 silly fetch manifest body-parser@~1.20.5
282 silly packumentCache full:https://registry.npmjs.org/body-parser cache-miss
283 http fetch GET 200 https://registry.npmjs.org/parseurl 222ms (cache revalidated)
284 silly packumentCache full:https://registry.npmjs.org/parseurl set size:24148 disposed:false
285 silly fetch manifest escape-html@~1.0.3
286 silly packumentCache full:https://registry.npmjs.org/escape-html cache-miss
287 http fetch GET 200 https://registry.npmjs.org/type-is 644ms (cache revalidated)
288 silly packumentCache full:https://registry.npmjs.org/type-is set size:88614 disposed:false
289 silly fetch manifest http-errors@~2.0.0
290 silly packumentCache full:https://registry.npmjs.org/http-errors cache-miss
291 http fetch GET 200 https://registry.npmjs.org/methods 738ms (cache revalidated)
292 silly packumentCache full:https://registry.npmjs.org/methods set size:12600 disposed:false
293 silly fetch manifest on-finished@~2.4.1
294 silly packumentCache full:https://registry.npmjs.org/on-finished cache-miss
295 http fetch GET 200 https://registry.npmjs.org/escape-html 354ms (cache revalidated)
296 silly packumentCache full:https://registry.npmjs.org/escape-html set size:7345 disposed:false
297 silly fetch manifest safe-buffer@5.2.1
298 silly packumentCache full:https://registry.npmjs.org/safe-buffer cache-miss
299 http fetch GET 200 https://registry.npmjs.org/statuses 590ms (cache revalidated)
300 silly packumentCache full:https://registry.npmjs.org/statuses set size:37117 disposed:false
301 silly fetch manifest utils-merge@1.0.1
302 silly packumentCache full:https://registry.npmjs.org/utils-merge cache-miss
303 http fetch GET 200 https://registry.npmjs.org/encodeurl 527ms (cache revalidated)
304 silly packumentCache full:https://registry.npmjs.org/encodeurl set size:12296 disposed:false
305 silly fetch manifest content-type@~1.0.4
306 silly packumentCache full:https://registry.npmjs.org/content-type cache-miss
307 http fetch GET 200 https://registry.npmjs.org/proxy-addr 560ms (cache revalidated)
308 silly packumentCache full:https://registry.npmjs.org/proxy-addr set size:61619 disposed:false
309 silly fetch manifest finalhandler@~1.3.1
310 silly packumentCache full:https://registry.npmjs.org/finalhandler cache-miss
311 http fetch GET 200 https://registry.npmjs.org/http-errors 212ms (cache revalidated)
312 silly packumentCache full:https://registry.npmjs.org/http-errors set size:71987 disposed:false
313 silly fetch manifest range-parser@~1.2.1
314 silly packumentCache full:https://registry.npmjs.org/range-parser cache-miss
315 http fetch GET 200 https://registry.npmjs.org/content-type 162ms (cache revalidated)
316 silly packumentCache full:https://registry.npmjs.org/content-type set size:18994 disposed:false
317 silly fetch manifest serve-static@~1.16.2
318 silly packumentCache full:https://registry.npmjs.org/serve-static cache-miss
319 http fetch GET 200 https://registry.npmjs.org/body-parser 682ms (cache revalidated)
320 silly packumentCache full:https://registry.npmjs.org/body-parser set size:199299 disposed:false
321 silly fetch manifest array-flatten@1.1.1
322 silly packumentCache full:https://registry.npmjs.org/array-flatten cache-miss
323 http fetch GET 200 https://registry.npmjs.org/serve-static 112ms (cache revalidated)
324 silly packumentCache full:https://registry.npmjs.org/serve-static set size:150391 disposed:false
325 silly fetch manifest path-to-regexp@~0.1.12
326 silly packumentCache full:https://registry.npmjs.org/path-to-regexp cache-miss
327 http fetch GET 200 https://registry.npmjs.org/on-finished 517ms (cache revalidated)
328 silly packumentCache full:https://registry.npmjs.org/on-finished set size:23212 disposed:false
329 silly fetch manifest setprototypeof@1.2.0
330 silly packumentCache full:https://registry.npmjs.org/setprototypeof cache-miss
331 http fetch GET 200 https://registry.npmjs.org/utils-merge 493ms (cache revalidated)
332 silly packumentCache full:https://registry.npmjs.org/utils-merge set size:5237 disposed:false
333 silly fetch manifest cookie-signature@~1.0.6
334 silly packumentCache full:https://registry.npmjs.org/cookie-signature cache-miss
335 http fetch GET 200 https://registry.npmjs.org/safe-buffer 548ms (cache revalidated)
336 silly packumentCache full:https://registry.npmjs.org/safe-buffer set size:41183 disposed:false
337 silly fetch manifest merge-descriptors@1.0.3
338 silly packumentCache full:https://registry.npmjs.org/merge-descriptors cache-miss
339 http fetch GET 200 https://registry.npmjs.org/finalhandler 523ms (cache revalidated)
340 silly packumentCache full:https://registry.npmjs.org/finalhandler set size:79291 disposed:false
341 silly fetch manifest content-disposition@~0.5.4
342 silly packumentCache full:https://registry.npmjs.org/content-disposition cache-miss
343 http fetch GET 200 https://registry.npmjs.org/range-parser 478ms (cache revalidated)
344 silly packumentCache full:https://registry.npmjs.org/range-parser set size:22228 disposed:false
345 silly fetch manifest graceful-fs@^4.2.0
346 silly packumentCache full:https://registry.npmjs.org/graceful-fs cache-miss
347 http fetch GET 200 https://registry.npmjs.org/array-flatten 581ms (cache revalidated)
348 silly packumentCache full:https://registry.npmjs.org/array-flatten set size:24005 disposed:false
349 silly fetch manifest jsonfile@^6.0.1
350 silly packumentCache full:https://registry.npmjs.org/jsonfile cache-miss
351 http fetch GET 200 https://registry.npmjs.org/cookie-signature 379ms (cache revalidated)
352 silly packumentCache full:https://registry.npmjs.org/cookie-signature set size:21777 disposed:false
353 silly fetch manifest universalify@^2.0.0
354 silly packumentCache full:https://registry.npmjs.org/universalify cache-miss
355 http fetch GET 200 https://registry.npmjs.org/path-to-regexp 566ms (cache revalidated)
356 silly packumentCache full:https://registry.npmjs.org/path-to-regexp set size:216334 disposed:false
357 silly fetch manifest bson@^6.10.4
358 silly packumentCache full:https://registry.npmjs.org/bson cache-miss
359 http fetch GET 200 https://registry.npmjs.org/graceful-fs 353ms (cache revalidated)
360 silly packumentCache full:https://registry.npmjs.org/graceful-fs set size:124285 disposed:false
361 silly fetch manifest kareem@2.6.3
362 silly packumentCache full:https://registry.npmjs.org/kareem cache-miss
363 http fetch GET 200 https://registry.npmjs.org/setprototypeof 562ms (cache revalidated)
364 silly packumentCache full:https://registry.npmjs.org/setprototypeof set size:14532 disposed:false
365 silly fetch manifest mongodb@~6.20.0
366 silly packumentCache full:https://registry.npmjs.org/mongodb cache-miss
367 http fetch GET 200 https://registry.npmjs.org/universalify 227ms (cache revalidated)
368 silly packumentCache full:https://registry.npmjs.org/universalify set size:19431 disposed:false
369 silly fetch manifest mpath@0.9.0
370 silly packumentCache full:https://registry.npmjs.org/mpath cache-miss
371 http fetch GET 200 https://registry.npmjs.org/merge-descriptors 687ms (cache revalidated)
372 silly packumentCache full:https://registry.npmjs.org/merge-descriptors set size:16527 disposed:false
373 silly fetch manifest mquery@5.0.0
374 silly packumentCache full:https://registry.npmjs.org/mquery cache-miss
375 http fetch GET 200 https://registry.npmjs.org/content-disposition 632ms (cache revalidated)
376 silly packumentCache full:https://registry.npmjs.org/content-disposition set size:40258 disposed:false
377 silly fetch manifest ms@2.1.3
378 silly packumentCache full:https://registry.npmjs.org/ms cache-miss
379 http fetch GET 200 https://registry.npmjs.org/jsonfile 578ms (cache revalidated)
380 silly packumentCache full:https://registry.npmjs.org/jsonfile set size:53210 disposed:false
381 silly fetch manifest sift@17.1.3
382 silly packumentCache full:https://registry.npmjs.org/sift cache-miss
383 http fetch GET 200 https://registry.npmjs.org/bson 566ms (cache revalidated)
384 silly packumentCache full:https://registry.npmjs.org/bson set size:580424 disposed:false
385 silly fetch manifest whatwg-url@^5.0.0
386 silly packumentCache full:https://registry.npmjs.org/whatwg-url cache-miss
387 http fetch GET 200 https://registry.npmjs.org/kareem 601ms (cache revalidated)
388 silly packumentCache full:https://registry.npmjs.org/kareem set size:117935 disposed:false
389 silly fetch manifest sonic-boom@^3.7.0
390 silly packumentCache full:https://registry.npmjs.org/sonic-boom cache-miss
391 http fetch GET 200 https://registry.npmjs.org/mongodb 671ms (cache revalidated)
392 silly packumentCache full:https://registry.npmjs.org/mongodb set size:4283421 disposed:false
393 silly fetch manifest fast-redact@^3.1.1
394 silly packumentCache full:https://registry.npmjs.org/fast-redact cache-miss
395 http fetch GET 200 https://registry.npmjs.org/mpath 1094ms (cache revalidated)
396 silly packumentCache full:https://registry.npmjs.org/mpath set size:50773 disposed:false
397 silly fetch manifest atomic-sleep@^1.0.0
398 silly packumentCache full:https://registry.npmjs.org/atomic-sleep cache-miss
399 http fetch GET 200 https://registry.npmjs.org/ms 983ms (cache revalidated)
400 silly packumentCache full:https://registry.npmjs.org/ms set size:92208 disposed:false
401 silly fetch manifest real-require@^0.2.0
402 silly packumentCache full:https://registry.npmjs.org/real-require cache-miss
403 http fetch GET 200 https://registry.npmjs.org/mquery 1039ms (cache revalidated)
404 silly packumentCache full:https://registry.npmjs.org/mquery set size:172977 disposed:false
405 silly fetch manifest thread-stream@^2.6.0
406 silly packumentCache full:https://registry.npmjs.org/thread-stream cache-miss
407 http fetch GET 200 https://registry.npmjs.org/sonic-boom 1157ms (cache revalidated)
408 silly packumentCache full:https://registry.npmjs.org/sonic-boom set size:170649 disposed:false
409 silly fetch manifest process-warning@^3.0.0
410 silly packumentCache full:https://registry.npmjs.org/process-warning cache-miss
411 http fetch GET 200 https://registry.npmjs.org/whatwg-url 1222ms (cache revalidated)
412 silly packumentCache full:https://registry.npmjs.org/whatwg-url set size:170765 disposed:false
413 silly fetch manifest on-exit-leak-free@^2.1.0
414 silly packumentCache full:https://registry.npmjs.org/on-exit-leak-free cache-miss
415 http fetch GET 200 https://registry.npmjs.org/fast-redact 702ms (cache revalidated)
416 silly packumentCache full:https://registry.npmjs.org/fast-redact set size:114752 disposed:false
417 silly fetch manifest pino-std-serializers@^6.0.0
418 silly packumentCache full:https://registry.npmjs.org/pino-std-serializers cache-miss
419 http fetch GET 200 https://registry.npmjs.org/sift 1431ms (cache revalidated)
420 silly packumentCache full:https://registry.npmjs.org/sift set size:398463 disposed:false
421 silly fetch manifest safe-stable-stringify@^2.3.1
422 silly packumentCache full:https://registry.npmjs.org/safe-stable-stringify cache-miss
423 http fetch GET 200 https://registry.npmjs.org/atomic-sleep 724ms (cache revalidated)
424 silly packumentCache full:https://registry.npmjs.org/atomic-sleep set size:5192 disposed:false
425 silly fetch manifest quick-format-unescaped@^4.0.3
426 silly packumentCache full:https://registry.npmjs.org/quick-format-unescaped cache-miss
427 http fetch GET 200 https://registry.npmjs.org/thread-stream 673ms (cache revalidated)
428 silly packumentCache full:https://registry.npmjs.org/thread-stream set size:132366 disposed:false
429 silly fetch manifest pino-abstract-transport@^1.2.0
430 silly packumentCache full:https://registry.npmjs.org/pino-abstract-transport cache-miss
431 http fetch GET 200 https://registry.npmjs.org/real-require 751ms (cache revalidated)
432 silly packumentCache full:https://registry.npmjs.org/real-require set size:10884 disposed:false
433 silly fetch manifest pngjs@^5.0.0
434 silly packumentCache full:https://registry.npmjs.org/pngjs cache-miss
435 http fetch GET 200 https://registry.npmjs.org/process-warning 610ms (cache revalidated)
436 silly packumentCache full:https://registry.npmjs.org/process-warning set size:32480 disposed:false
437 silly fetch manifest yargs@^15.3.1
438 silly packumentCache full:https://registry.npmjs.org/yargs cache-miss
439 http fetch GET 200 https://registry.npmjs.org/on-exit-leak-free 612ms (cache revalidated)
440 silly packumentCache full:https://registry.npmjs.org/on-exit-leak-free set size:18719 disposed:false
441 silly fetch manifest dijkstrajs@^1.0.1
442 silly packumentCache full:https://registry.npmjs.org/dijkstrajs cache-miss
443 http fetch GET 200 https://registry.npmjs.org/safe-stable-stringify 544ms (cache revalidated)
444 silly packumentCache full:https://registry.npmjs.org/safe-stable-stringify set size:45091 disposed:false
445 http fetch GET 200 https://registry.npmjs.org/pino-std-serializers 833ms (cache revalidated)
446 silly packumentCache full:https://registry.npmjs.org/pino-std-serializers set size:96176 disposed:false
447 http fetch GET 200 https://registry.npmjs.org/quick-format-unescaped 779ms (cache revalidated)
448 silly packumentCache full:https://registry.npmjs.org/quick-format-unescaped set size:36121 disposed:false
449 http fetch GET 200 https://registry.npmjs.org/pino-abstract-transport 756ms (cache revalidated)
450 silly packumentCache full:https://registry.npmjs.org/pino-abstract-transport set size:28687 disposed:false
451 http fetch GET 200 https://registry.npmjs.org/pngjs 737ms (cache revalidated)
452 silly packumentCache full:https://registry.npmjs.org/pngjs set size:70154 disposed:false
453 http fetch GET 200 https://registry.npmjs.org/yargs 383ms (cache revalidated)
454 silly packumentCache full:https://registry.npmjs.org/yargs set size:743056 disposed:false
455 http fetch GET 200 https://registry.npmjs.org/dijkstrajs 564ms (cache revalidated)
456 silly packumentCache full:https://registry.npmjs.org/dijkstrajs set size:10832 disposed:false
457 silly fetch manifest bufferutil@^4.0.1
458 silly packumentCache full:https://registry.npmjs.org/bufferutil cache-miss
459 http fetch GET 200 https://registry.npmjs.org/bufferutil 538ms (cache revalidated)
460 silly packumentCache full:https://registry.npmjs.org/bufferutil set size:52763 disposed:false
461 silly fetch manifest utf-8-validate@>=5.0.2
462 silly packumentCache full:https://registry.npmjs.org/utf-8-validate cache-miss
463 http fetch GET 200 https://registry.npmjs.org/utf-8-validate 410ms (cache revalidated)
464 silly packumentCache full:https://registry.npmjs.org/utf-8-validate set size:77148 disposed:false
465 silly placeDep ROOT @cacheable/node-cache@1.7.6 OK for: @whiskeysockets/baileys@6.7.23 want: ^1.4.0
466 silly placeDep ROOT @hapi/boom@9.1.4 OK for: @whiskeysockets/baileys@6.7.23 want: ^9.1.3
467 silly placeDep ROOT async-mutex@0.5.0 OK for: @whiskeysockets/baileys@6.7.23 want: ^0.5.0
468 silly placeDep ROOT libsignal@6.0.0 OK for: @whiskeysockets/baileys@6.7.23 want: git+https://github.com/whiskeysockets/libsignal-node.git
469 silly placeDep ROOT music-metadata@11.12.3 OK for: @whiskeysockets/baileys@6.7.23 want: ^11.7.0
470 silly placeDep node_modules/@whiskeysockets/baileys pino@9.14.0 OK for: @whiskeysockets/baileys@6.7.23 want: ^9.6
471 silly placeDep ROOT protobufjs@7.6.1 OK for: @whiskeysockets/baileys@6.7.23 want: ^7.2.4
472 silly placeDep ROOT ws@8.21.0 OK for: @whiskeysockets/baileys@6.7.23 want: ^8.13.0
473 silly fetch manifest keyv@^5.5.5
474 silly packumentCache full:https://registry.npmjs.org/keyv cache-miss
475 silly fetch manifest cacheable@^2.3.1
476 silly packumentCache full:https://registry.npmjs.org/cacheable cache-miss
477 silly fetch manifest hookified@^1.14.0
478 silly packumentCache full:https://registry.npmjs.org/hookified cache-miss
479 silly fetch manifest @hapi/hoek@9.x.x
480 silly packumentCache full:https://registry.npmjs.org/@hapi%2fhoek cache-miss
481 silly fetch manifest tslib@^2.4.0
482 silly packumentCache full:https://registry.npmjs.org/tslib cache-miss
483 silly fetch manifest curve25519-js@^0.0.4
484 silly packumentCache full:https://registry.npmjs.org/curve25519-js cache-miss
485 silly fetch manifest protobufjs@^7.5.5
486 silly packumentCache full:https://registry.npmjs.org/protobufjs cache-miss
487 http cache https://registry.npmjs.org/protobufjs 94ms (cache hit)
488 silly packumentCache full:https://registry.npmjs.org/protobufjs set size:684892 disposed:false
489 silly fetch manifest debug@^4.4.3
490 silly packumentCache full:https://registry.npmjs.org/debug cache-hit
491 silly fetch manifest strtok3@^10.3.4
492 silly packumentCache full:https://registry.npmjs.org/strtok3 cache-miss
493 http fetch GET 200 https://registry.npmjs.org/tslib 228ms (cache revalidated)
494 silly packumentCache full:https://registry.npmjs.org/tslib set size:108760 disposed:false
495 silly fetch manifest win-guid@^0.2.1
496 silly packumentCache full:https://registry.npmjs.org/win-guid cache-miss
497 http fetch GET 200 https://registry.npmjs.org/hookified 493ms (cache miss)
498 silly packumentCache full:https://registry.npmjs.org/hookified set size:undefined disposed:false
499 silly fetch manifest file-type@^21.3.1
500 silly packumentCache full:https://registry.npmjs.org/file-type cache-miss
501 http fetch GET 200 https://registry.npmjs.org/keyv 530ms (cache revalidated)
502 silly packumentCache full:https://registry.npmjs.org/keyv set size:215840 disposed:false
503 silly fetch manifest media-typer@^1.1.0
504 silly packumentCache full:https://registry.npmjs.org/media-typer cache-miss
505 http fetch GET 200 https://registry.npmjs.org/curve25519-js 563ms (cache revalidated)
506 silly packumentCache full:https://registry.npmjs.org/curve25519-js set size:15295 disposed:false
507 silly fetch manifest token-types@^6.1.2
508 silly packumentCache full:https://registry.npmjs.org/token-types cache-miss
509 http fetch GET 200 https://registry.npmjs.org/cacheable 601ms (cache miss)
510 silly packumentCache full:https://registry.npmjs.org/cacheable set size:undefined disposed:false
511 silly fetch manifest content-type@^1.0.5
512 silly packumentCache full:https://registry.npmjs.org/content-type cache-hit
513 silly fetch manifest @tokenizer/token@^0.3.0
514 silly packumentCache full:https://registry.npmjs.org/@tokenizer%2ftoken cache-miss
515 http fetch GET 200 https://registry.npmjs.org/win-guid 483ms (cache miss)
516 silly packumentCache full:https://registry.npmjs.org/win-guid set size:undefined disposed:false
517 silly fetch manifest uint8array-extras@^1.5.0
518 silly packumentCache full:https://registry.npmjs.org/uint8array-extras cache-miss
519 http fetch GET 200 https://registry.npmjs.org/strtok3 556ms (cache revalidated)
520 silly packumentCache full:https://registry.npmjs.org/strtok3 set size:412240 disposed:false
521 silly fetch manifest @borewit/text-codec@^0.2.2
522 silly packumentCache full:https://registry.npmjs.org/@borewit%2ftext-codec cache-miss
523 http fetch GET 200 https://registry.npmjs.org/@hapi%2fhoek 926ms (cache revalidated)
524 silly packumentCache full:https://registry.npmjs.org/@hapi%2fhoek set size:121471 disposed:false
525 silly fetch manifest sonic-boom@^4.0.1
526 silly packumentCache full:https://registry.npmjs.org/sonic-boom cache-hit
527 silly fetch manifest thread-stream@^3.0.0
528 silly packumentCache full:https://registry.npmjs.org/thread-stream cache-hit
529 silly fetch manifest @pinojs/redact@^0.4.0
530 silly packumentCache full:https://registry.npmjs.org/@pinojs%2fredact cache-miss
531 http fetch GET 200 https://registry.npmjs.org/file-type 503ms (cache revalidated)
532 silly packumentCache full:https://registry.npmjs.org/file-type set size:558008 disposed:false
533 silly fetch manifest process-warning@^5.0.0
534 silly packumentCache full:https://registry.npmjs.org/process-warning cache-hit
535 silly fetch manifest pino-std-serializers@^7.0.0
536 silly packumentCache full:https://registry.npmjs.org/pino-std-serializers cache-hit
537 silly fetch manifest pino-abstract-transport@^2.0.0
538 silly packumentCache full:https://registry.npmjs.org/pino-abstract-transport cache-hit
539 silly fetch manifest @protobufjs/aspromise@^1.1.2
540 silly packumentCache full:https://registry.npmjs.org/@protobufjs%2faspromise cache-miss
541 http fetch GET 200 https://registry.npmjs.org/media-typer 583ms (cache revalidated)
542 silly packumentCache full:https://registry.npmjs.org/media-typer set size:20873 disposed:false
543 silly fetch manifest @protobufjs/base64@^1.1.2
544 silly packumentCache full:https://registry.npmjs.org/@protobufjs%2fbase64 cache-miss
545 http fetch GET 200 https://registry.npmjs.org/token-types 571ms (cache revalidated)
546 silly packumentCache full:https://registry.npmjs.org/token-types set size:155133 disposed:false
547 silly fetch manifest @protobufjs/codegen@^2.0.5
548 silly packumentCache full:https://registry.npmjs.org/@protobufjs%2fcodegen cache-miss
549 http fetch GET 200 https://registry.npmjs.org/uint8array-extras 602ms (cache miss)
550 silly packumentCache full:https://registry.npmjs.org/uint8array-extras set size:undefined disposed:false
551 silly fetch manifest @protobufjs/eventemitter@^1.1.1
552 silly packumentCache full:https://registry.npmjs.org/@protobufjs%2feventemitter cache-miss
553 http fetch GET 200 https://registry.npmjs.org/@tokenizer%2ftoken 892ms (cache revalidated)
554 silly packumentCache full:https://registry.npmjs.org/@tokenizer%2ftoken set size:11833 disposed:false
555 silly fetch manifest @protobufjs/fetch@^1.1.1
556 silly packumentCache full:https://registry.npmjs.org/@protobufjs%2ffetch cache-miss
557 http fetch GET 200 https://registry.npmjs.org/@pinojs%2fredact 867ms (cache miss)
558 silly packumentCache full:https://registry.npmjs.org/@pinojs%2fredact set size:undefined disposed:false
559 silly fetch manifest @protobufjs/float@^1.0.2
560 silly packumentCache full:https://registry.npmjs.org/@protobufjs%2ffloat cache-miss
561 http fetch GET 200 https://registry.npmjs.org/@borewit%2ftext-codec 1018ms (cache miss)
562 silly packumentCache full:https://registry.npmjs.org/@borewit%2ftext-codec set size:undefined disposed:false
563 silly fetch manifest @protobufjs/inquire@^1.1.2
564 silly packumentCache full:https://registry.npmjs.org/@protobufjs%2finquire cache-miss
565 http fetch GET 200 https://registry.npmjs.org/@protobufjs%2faspromise 1211ms (cache revalidated)
566 silly packumentCache full:https://registry.npmjs.org/@protobufjs%2faspromise set size:11438 disposed:false
567 silly fetch manifest @protobufjs/path@^1.1.2
568 silly packumentCache full:https://registry.npmjs.org/@protobufjs%2fpath cache-miss
569 http fetch GET 200 https://registry.npmjs.org/@protobufjs%2fbase64 1189ms (cache revalidated)
570 silly packumentCache full:https://registry.npmjs.org/@protobufjs%2fbase64 set size:14176 disposed:false
571 silly fetch manifest @protobufjs/pool@^1.1.0
572 silly packumentCache full:https://registry.npmjs.org/@protobufjs%2fpool cache-miss
573 http fetch GET 200 https://registry.npmjs.org/@protobufjs%2fcodegen 1167ms (cache revalidated)
574 silly packumentCache full:https://registry.npmjs.org/@protobufjs%2fcodegen set size:23820 disposed:false
575 silly fetch manifest @protobufjs/utf8@^1.1.1
576 silly packumentCache full:https://registry.npmjs.org/@protobufjs%2futf8 cache-miss
577 http fetch GET 200 https://registry.npmjs.org/@protobufjs%2feventemitter 1010ms (cache updated)
578 silly packumentCache full:https://registry.npmjs.org/@protobufjs%2feventemitter set size:undefined disposed:false
579 silly fetch manifest @types/node@>=13.7.0
580 silly packumentCache full:https://registry.npmjs.org/@types%2fnode cache-miss
581 http fetch GET 200 https://registry.npmjs.org/@protobufjs%2ffetch 917ms (cache revalidated)
582 silly packumentCache full:https://registry.npmjs.org/@protobufjs%2ffetch set size:12023 disposed:false
583 silly fetch manifest long@^5.3.2
584 silly packumentCache full:https://registry.npmjs.org/long cache-miss
585 http fetch GET 200 https://registry.npmjs.org/@protobufjs%2finquire 883ms (cache revalidated)
586 silly packumentCache full:https://registry.npmjs.org/@protobufjs%2finquire set size:10538 disposed:false
587 http fetch GET 200 https://registry.npmjs.org/@protobufjs%2ffloat 1001ms (cache revalidated)
588 silly packumentCache full:https://registry.npmjs.org/@protobufjs%2ffloat set size:9957 disposed:false
589 http fetch GET 200 https://registry.npmjs.org/long 423ms (cache revalidated)
590 silly packumentCache full:https://registry.npmjs.org/long set size:80704 disposed:false
591 http fetch GET 200 https://registry.npmjs.org/@protobufjs%2fpath 967ms (cache revalidated)
592 silly packumentCache full:https://registry.npmjs.org/@protobufjs%2fpath set size:10241 disposed:false
593 http fetch GET 200 https://registry.npmjs.org/@protobufjs%2futf8 981ms (cache revalidated)
594 silly packumentCache full:https://registry.npmjs.org/@protobufjs%2futf8 set size:15634 disposed:false
595 http fetch GET 200 https://registry.npmjs.org/@types%2fnode 1046ms (cache revalidated)
596 silly packumentCache full:https://registry.npmjs.org/@types%2fnode set size:11015753 disposed:false
597 http fetch GET 200 https://registry.npmjs.org/@protobufjs%2fpool 2012ms (cache revalidated)
598 silly packumentCache full:https://registry.npmjs.org/@protobufjs%2fpool set size:10727 disposed:false
599 silly placeDep ROOT cacheable@2.3.5 OK for: @cacheable/node-cache@1.7.6 want: ^2.3.1
600 silly placeDep ROOT hookified@1.15.1 OK for: @cacheable/node-cache@1.7.6 want: ^1.14.0
601 silly placeDep ROOT keyv@5.6.0 OK for: @cacheable/node-cache@1.7.6 want: ^5.5.5
602 silly fetch manifest hookified@^1.15.0
603 silly packumentCache full:https://registry.npmjs.org/hookified cache-miss
604 silly fetch manifest keyv@^5.6.0
605 silly packumentCache full:https://registry.npmjs.org/keyv cache-hit
606 silly fetch manifest qified@^0.10.1
607 silly packumentCache full:https://registry.npmjs.org/qified cache-miss
608 silly fetch manifest @cacheable/memory@^2.0.8
609 silly packumentCache full:https://registry.npmjs.org/@cacheable%2fmemory cache-miss
610 silly fetch manifest @cacheable/utils@^2.4.1
611 silly packumentCache full:https://registry.npmjs.org/@cacheable%2futils cache-miss
612 silly fetch manifest @keyv/serialize@^1.1.1
613 silly packumentCache full:https://registry.npmjs.org/@keyv%2fserialize cache-miss
614 http cache https://registry.npmjs.org/hookified 140ms (cache hit)
615 silly packumentCache full:https://registry.npmjs.org/hookified set size:92482 disposed:false
616 http fetch GET 200 https://registry.npmjs.org/qified 433ms (cache miss)
617 silly packumentCache full:https://registry.npmjs.org/qified set size:undefined disposed:false
618 http fetch GET 200 https://registry.npmjs.org/@keyv%2fserialize 968ms (cache miss)
619 silly packumentCache full:https://registry.npmjs.org/@keyv%2fserialize set size:undefined disposed:false
620 http fetch GET 200 https://registry.npmjs.org/@cacheable%2futils 988ms (cache miss)
621 silly packumentCache full:https://registry.npmjs.org/@cacheable%2futils set size:undefined disposed:false
622 http fetch GET 200 https://registry.npmjs.org/@cacheable%2fmemory 1037ms (cache miss)
623 silly packumentCache full:https://registry.npmjs.org/@cacheable%2fmemory set size:undefined disposed:false
624 silly placeDep ROOT @hapi/hoek@9.3.0 OK for: @hapi/boom@9.1.4 want: 9.x.x
625 silly placeDep ROOT tslib@2.8.1 OK for: async-mutex@0.5.0 want: ^2.4.0
626 silly placeDep ROOT follow-redirects@1.16.0 OK for: axios@1.16.1 want: ^1.16.0
627 silly placeDep ROOT form-data@4.0.5 OK for: axios@1.16.1 want: ^4.0.5
628 silly placeDep ROOT https-proxy-agent@5.0.1 OK for: axios@1.16.1 want: ^5.0.1
629 silly placeDep ROOT proxy-from-env@2.1.0 OK for: axios@1.16.1 want: ^2.1.0
630 silly fetch manifest asynckit@^0.4.0
631 silly packumentCache full:https://registry.npmjs.org/asynckit cache-miss
632 silly fetch manifest combined-stream@^1.0.8
633 silly packumentCache full:https://registry.npmjs.org/combined-stream cache-miss
634 silly fetch manifest es-set-tostringtag@^2.1.0
635 silly packumentCache full:https://registry.npmjs.org/es-set-tostringtag cache-miss
636 silly fetch manifest hasown@^2.0.2
637 silly packumentCache full:https://registry.npmjs.org/hasown cache-miss
638 silly fetch manifest mime-types@^2.1.12
639 silly packumentCache full:https://registry.npmjs.org/mime-types cache-miss
640 silly fetch manifest debug@4
641 silly packumentCache full:https://registry.npmjs.org/debug cache-hit
642 silly fetch manifest agent-base@6
643 silly packumentCache full:https://registry.npmjs.org/agent-base cache-miss
644 http fetch GET 200 https://registry.npmjs.org/hasown 577ms (cache revalidated)
645 silly packumentCache full:https://registry.npmjs.org/hasown set size:15429 disposed:false
646 http fetch GET 200 https://registry.npmjs.org/es-set-tostringtag 593ms (cache revalidated)
647 silly packumentCache full:https://registry.npmjs.org/es-set-tostringtag set size:22094 disposed:false
648 http fetch GET 200 https://registry.npmjs.org/combined-stream 608ms (cache revalidated)
649 silly packumentCache full:https://registry.npmjs.org/combined-stream set size:40337 disposed:false
650 http fetch GET 200 https://registry.npmjs.org/agent-base 603ms (cache revalidated)
651 silly packumentCache full:https://registry.npmjs.org/agent-base set size:72085 disposed:false
652 http fetch GET 200 https://registry.npmjs.org/asynckit 645ms (cache revalidated)
653 silly packumentCache full:https://registry.npmjs.org/asynckit set size:18932 disposed:false
654 http fetch GET 200 https://registry.npmjs.org/mime-types 640ms (cache revalidated)
655 silly packumentCache full:https://registry.npmjs.org/mime-types set size:139110 disposed:false
656 silly placeDep ROOT @cacheable/memory@2.0.9 OK for: cacheable@2.3.5 want: ^2.0.8
657 silly placeDep ROOT @cacheable/utils@2.4.1 OK for: cacheable@2.3.5 want: ^2.4.1
658 silly placeDep ROOT qified@0.10.1 OK for: cacheable@2.3.5 want: ^0.10.1
659 silly fetch manifest @keyv/bigmap@^1.3.1
660 silly packumentCache full:https://registry.npmjs.org/@keyv%2fbigmap cache-miss
661 silly fetch manifest hashery@^1.5.1
662 silly packumentCache full:https://registry.npmjs.org/hashery cache-miss
663 silly fetch manifest hookified@^2.1.1
664 silly packumentCache full:https://registry.npmjs.org/hookified cache-hit
665 http fetch GET 200 https://registry.npmjs.org/hashery 445ms (cache miss)
666 silly packumentCache full:https://registry.npmjs.org/hashery set size:undefined disposed:false
667 http fetch GET 200 https://registry.npmjs.org/@keyv%2fbigmap 977ms (cache miss)
668 silly packumentCache full:https://registry.npmjs.org/@keyv%2fbigmap set size:undefined disposed:false
669 silly placeDep ROOT @keyv/bigmap@1.3.1 OK for: @cacheable/memory@2.0.9 want: ^1.3.1
670 silly fetch manifest hashery@^1.4.0
671 silly packumentCache full:https://registry.npmjs.org/hashery cache-miss
672 http cache https://registry.npmjs.org/hashery 18ms (cache hit)
673 silly packumentCache full:https://registry.npmjs.org/hashery set size:75282 disposed:false
674 silly placeDep ROOT hashery@1.5.1 OK for: @cacheable/utils@2.4.1 want: ^1.5.1
675 silly placeDep ROOT accepts@1.3.8 OK for: express@4.22.2 want: ~1.3.8
676 silly placeDep ROOT array-flatten@1.1.1 OK for: express@4.22.2 want: 1.1.1
677 silly placeDep ROOT body-parser@1.20.5 OK for: express@4.22.2 want: ~1.20.5
678 silly placeDep ROOT content-disposition@0.5.4 OK for: express@4.22.2 want: ~0.5.4
679 silly placeDep ROOT content-type@1.0.5 OK for: express@4.22.2 want: ~1.0.4
680 silly placeDep ROOT cookie@0.7.2 OK for: express@4.22.2 want: ~0.7.1
681 silly placeDep ROOT cookie-signature@1.0.7 OK for: express@4.22.2 want: ~1.0.6
682 silly placeDep ROOT debug@2.6.9 OK for: express@4.22.2 want: 2.6.9
683 silly placeDep ROOT depd@2.0.0 OK for: express@4.22.2 want: 2.0.0
684 silly placeDep ROOT encodeurl@2.0.0 OK for: express@4.22.2 want: ~2.0.0
685 silly placeDep ROOT escape-html@1.0.3 OK for: express@4.22.2 want: ~1.0.3
686 silly placeDep ROOT etag@1.8.1 OK for: express@4.22.2 want: ~1.8.1
687 silly placeDep ROOT finalhandler@1.3.2 OK for: express@4.22.2 want: ~1.3.1
688 silly placeDep ROOT fresh@0.5.2 OK for: express@4.22.2 want: ~0.5.2
689 silly placeDep ROOT http-errors@2.0.1 OK for: express@4.22.2 want: ~2.0.0
690 silly placeDep ROOT merge-descriptors@1.0.3 OK for: express@4.22.2 want: 1.0.3
691 silly placeDep ROOT methods@1.1.2 OK for: express@4.22.2 want: ~1.1.2
692 silly placeDep ROOT on-finished@2.4.1 OK for: express@4.22.2 want: ~2.4.1
693 silly placeDep ROOT parseurl@1.3.3 OK for: express@4.22.2 want: ~1.3.3
694 silly placeDep ROOT path-to-regexp@0.1.13 OK for: express@4.22.2 want: ~0.1.12
695 silly placeDep ROOT proxy-addr@2.0.7 OK for: express@4.22.2 want: ~2.0.7
696 silly placeDep ROOT qs@6.15.2 OK for: express@4.22.2 want: ~6.15.1
697 silly placeDep ROOT range-parser@1.2.1 OK for: express@4.22.2 want: ~1.2.1
698 silly placeDep ROOT safe-buffer@5.2.1 OK for: express@4.22.2 want: 5.2.1
699 silly placeDep ROOT send@0.19.2 OK for: express@4.22.2 want: ~0.19.0
700 silly placeDep ROOT serve-static@1.16.3 OK for: express@4.22.2 want: ~1.16.2
701 silly placeDep ROOT setprototypeof@1.2.0 OK for: express@4.22.2 want: 1.2.0
702 silly placeDep ROOT statuses@2.0.2 OK for: express@4.22.2 want: ~2.0.1
703 silly placeDep ROOT type-is@1.6.18 OK for: express@4.22.2 want: ~1.6.18
704 silly placeDep ROOT utils-merge@1.0.1 OK for: express@4.22.2 want: 1.0.1
705 silly placeDep ROOT vary@1.1.2 OK for: express@4.22.2 want: ~1.1.2
706 silly fetch manifest mime-types@~2.1.34
707 silly packumentCache full:https://registry.npmjs.org/mime-types cache-hit
708 silly fetch manifest negotiator@0.6.3
709 silly packumentCache full:https://registry.npmjs.org/negotiator cache-miss
710 silly fetch manifest bytes@~3.1.2
711 silly packumentCache full:https://registry.npmjs.org/bytes cache-miss
712 silly fetch manifest content-type@~1.0.5
713 silly packumentCache full:https://registry.npmjs.org/content-type cache-hit
714 silly fetch manifest destroy@~1.2.0
715 silly packumentCache full:https://registry.npmjs.org/destroy cache-miss
716 silly fetch manifest http-errors@~2.0.1
717 silly packumentCache full:https://registry.npmjs.org/http-errors cache-hit
718 silly fetch manifest iconv-lite@~0.4.24
719 silly packumentCache full:https://registry.npmjs.org/iconv-lite cache-miss
720 silly fetch manifest raw-body@~2.5.3
721 silly packumentCache full:https://registry.npmjs.org/raw-body cache-miss
722 silly fetch manifest unpipe@~1.0.0
723 silly packumentCache full:https://registry.npmjs.org/unpipe cache-miss
724 silly fetch manifest ms@2.0.0
725 silly packumentCache full:https://registry.npmjs.org/ms cache-hit
726 silly fetch manifest unpipe@~1.0.0
727 silly packumentCache full:https://registry.npmjs.org/unpipe cache-miss
728 http fetch GET 200 https://registry.npmjs.org/iconv-lite 282ms (cache revalidated)
729 silly packumentCache full:https://registry.npmjs.org/iconv-lite set size:120557 disposed:false
730 silly fetch manifest statuses@~2.0.2
731 silly packumentCache full:https://registry.npmjs.org/statuses cache-hit
732 silly fetch manifest inherits@~2.0.4
733 silly packumentCache full:https://registry.npmjs.org/inherits cache-miss
734 http fetch GET 200 https://registry.npmjs.org/raw-body 612ms (cache revalidated)
735 silly packumentCache full:https://registry.npmjs.org/raw-body set size:117822 disposed:false
736 silly fetch manifest setprototypeof@~1.2.0
737 silly packumentCache full:https://registry.npmjs.org/setprototypeof cache-hit
738 silly fetch manifest toidentifier@~1.0.1
739 silly packumentCache full:https://registry.npmjs.org/toidentifier cache-miss
740 http fetch GET 200 https://registry.npmjs.org/bytes 680ms (cache revalidated)
741 silly packumentCache full:https://registry.npmjs.org/bytes set size:37018 disposed:false
742 silly fetch manifest ee-first@1.1.1
743 silly packumentCache full:https://registry.npmjs.org/ee-first cache-miss
744 http fetch GET 200 https://registry.npmjs.org/destroy 694ms (cache revalidated)
745 silly packumentCache full:https://registry.npmjs.org/destroy set size:15738 disposed:false
746 silly fetch manifest forwarded@0.2.0
747 silly packumentCache full:https://registry.npmjs.org/forwarded cache-miss
748 http fetch GET 200 https://registry.npmjs.org/unpipe 687ms (cache revalidated)
749 silly packumentCache full:https://registry.npmjs.org/unpipe set size:3609 disposed:false
750 silly fetch manifest ipaddr.js@1.9.1
751 silly packumentCache full:https://registry.npmjs.org/ipaddr.js cache-miss
752 http fetch GET 200 https://registry.npmjs.org/unpipe 710ms (cache revalidated)
753 silly packumentCache full:https://registry.npmjs.org/unpipe set size:3609 disposed:false
754 silly packumentCache full:https://registry.npmjs.org/unpipe dispose
755 silly fetch manifest side-channel@^1.1.0
756 silly packumentCache full:https://registry.npmjs.org/side-channel cache-miss
757 http fetch GET 200 https://registry.npmjs.org/negotiator 762ms (cache revalidated)
758 silly packumentCache full:https://registry.npmjs.org/negotiator set size:48046 disposed:false
759 silly fetch manifest mime@1.6.0
760 silly packumentCache full:https://registry.npmjs.org/mime cache-miss
761 http fetch GET 200 https://registry.npmjs.org/inherits 466ms (cache revalidated)
762 silly packumentCache full:https://registry.npmjs.org/inherits set size:12925 disposed:false
763 silly fetch manifest destroy@1.2.0
764 silly packumentCache full:https://registry.npmjs.org/destroy cache-hit
765 silly fetch manifest mime-types@~2.1.24
766 silly packumentCache full:https://registry.npmjs.org/mime-types cache-hit
767 silly fetch manifest media-typer@0.3.0
768 silly packumentCache full:https://registry.npmjs.org/media-typer cache-hit
769 http fetch GET 200 https://registry.npmjs.org/forwarded 209ms (cache revalidated)
770 silly packumentCache full:https://registry.npmjs.org/forwarded set size:11229 disposed:false
771 http fetch GET 200 https://registry.npmjs.org/ee-first 563ms (cache revalidated)
772 silly packumentCache full:https://registry.npmjs.org/ee-first set size:15327 disposed:false
773 http fetch GET 200 https://registry.npmjs.org/toidentifier 594ms (cache revalidated)
774 silly packumentCache full:https://registry.npmjs.org/toidentifier set size:12006 disposed:false
775 http fetch GET 200 https://registry.npmjs.org/side-channel 546ms (cache revalidated)
776 silly packumentCache full:https://registry.npmjs.org/side-channel set size:24660 disposed:false
777 http fetch GET 200 https://registry.npmjs.org/ipaddr.js 572ms (cache revalidated)
778 silly packumentCache full:https://registry.npmjs.org/ipaddr.js set size:69563 disposed:false
779 http fetch GET 200 https://registry.npmjs.org/mime 558ms (cache revalidated)
780 silly packumentCache full:https://registry.npmjs.org/mime set size:119236 disposed:false
781 silly placeDep ROOT mime-types@2.1.35 OK for: accepts@1.3.8 want: ~2.1.34
782 silly placeDep ROOT negotiator@0.6.3 OK for: accepts@1.3.8 want: 0.6.3
783 silly fetch manifest mime-db@1.52.0
784 silly packumentCache full:https://registry.npmjs.org/mime-db cache-miss
785 http fetch GET 200 https://registry.npmjs.org/mime-db 428ms (cache revalidated)
786 silly packumentCache full:https://registry.npmjs.org/mime-db set size:164953 disposed:false
787 silly placeDep ROOT bytes@3.1.2 OK for: body-parser@1.20.5 want: ~3.1.2
788 silly placeDep ROOT destroy@1.2.0 OK for: body-parser@1.20.5 want: ~1.2.0
789 silly placeDep ROOT iconv-lite@0.4.24 OK for: body-parser@1.20.5 want: ~0.4.24
790 silly placeDep ROOT raw-body@2.5.3 OK for: body-parser@1.20.5 want: ~2.5.3
791 silly placeDep ROOT unpipe@1.0.0 OK for: body-parser@1.20.5 want: ~1.0.0
792 silly fetch manifest safer-buffer@>= 2.1.2 < 3
793 silly packumentCache full:https://registry.npmjs.org/safer-buffer cache-miss
794 http fetch GET 200 https://registry.npmjs.org/safer-buffer 301ms (cache revalidated)
795 silly packumentCache full:https://registry.npmjs.org/safer-buffer set size:18521 disposed:false
796 silly placeDep ROOT ms@2.0.0 OK for: debug@2.6.9 want: 2.0.0
797 silly placeDep ROOT asynckit@0.4.0 OK for: form-data@4.0.5 want: ^0.4.0
798 silly placeDep ROOT combined-stream@1.0.8 OK for: form-data@4.0.5 want: ^1.0.8
799 silly placeDep ROOT es-set-tostringtag@2.1.0 OK for: form-data@4.0.5 want: ^2.1.0
800 silly placeDep ROOT hasown@2.0.3 OK for: form-data@4.0.5 want: ^2.0.2
801 silly fetch manifest delayed-stream@~1.0.0
802 silly packumentCache full:https://registry.npmjs.org/delayed-stream cache-miss
803 silly fetch manifest es-errors@^1.3.0
804 silly packumentCache full:https://registry.npmjs.org/es-errors cache-miss
805 silly fetch manifest get-intrinsic@^1.2.6
806 silly packumentCache full:https://registry.npmjs.org/get-intrinsic cache-miss
807 silly fetch manifest has-tostringtag@^1.0.2
808 silly packumentCache full:https://registry.npmjs.org/has-tostringtag cache-miss
809 silly fetch manifest function-bind@^1.1.2
810 silly packumentCache full:https://registry.npmjs.org/function-bind cache-miss
811 http fetch GET 200 https://registry.npmjs.org/get-intrinsic 103ms (cache revalidated)
812 silly packumentCache full:https://registry.npmjs.org/get-intrinsic set size:60985 disposed:false
813 http fetch GET 200 https://registry.npmjs.org/delayed-stream 449ms (cache revalidated)
814 silly packumentCache full:https://registry.npmjs.org/delayed-stream set size:15820 disposed:false
815 http fetch GET 200 https://registry.npmjs.org/has-tostringtag 451ms (cache revalidated)
816 silly packumentCache full:https://registry.npmjs.org/has-tostringtag set size:13945 disposed:false
817 http fetch GET 200 https://registry.npmjs.org/es-errors 487ms (cache revalidated)
818 silly packumentCache full:https://registry.npmjs.org/es-errors set size:16918 disposed:false
819 http fetch GET 200 https://registry.npmjs.org/function-bind 485ms (cache revalidated)
820 silly packumentCache full:https://registry.npmjs.org/function-bind set size:15733 disposed:false
821 silly placeDep ROOT delayed-stream@1.0.0 OK for: combined-stream@1.0.8 want: ~1.0.0
822 silly placeDep ROOT es-errors@1.3.0 OK for: es-set-tostringtag@2.1.0 want: ^1.3.0
823 silly placeDep ROOT get-intrinsic@1.3.0 OK for: es-set-tostringtag@2.1.0 want: ^1.2.6
824 silly placeDep ROOT has-tostringtag@1.0.2 OK for: es-set-tostringtag@2.1.0 want: ^1.0.2
825 silly fetch manifest gopd@^1.2.0
826 silly packumentCache full:https://registry.npmjs.org/gopd cache-miss
827 silly fetch manifest get-proto@^1.0.1
828 silly packumentCache full:https://registry.npmjs.org/get-proto cache-miss
829 silly fetch manifest has-symbols@^1.1.0
830 silly packumentCache full:https://registry.npmjs.org/has-symbols cache-miss
831 silly fetch manifest es-object-atoms@^1.1.1
832 silly packumentCache full:https://registry.npmjs.org/es-object-atoms cache-miss
833 silly fetch manifest math-intrinsics@^1.1.0
834 silly packumentCache full:https://registry.npmjs.org/math-intrinsics cache-miss
835 silly fetch manifest es-define-property@^1.0.1
836 silly packumentCache full:https://registry.npmjs.org/es-define-property cache-miss
837 silly fetch manifest call-bind-apply-helpers@^1.0.2
838 silly packumentCache full:https://registry.npmjs.org/call-bind-apply-helpers cache-miss
839 http fetch GET 200 https://registry.npmjs.org/es-object-atoms 316ms (cache revalidated)
840 silly packumentCache full:https://registry.npmjs.org/es-object-atoms set size:18278 disposed:false
841 silly fetch manifest has-symbols@^1.0.3
842 silly packumentCache full:https://registry.npmjs.org/has-symbols cache-miss
843 http fetch GET 200 https://registry.npmjs.org/get-proto 339ms (cache revalidated)
844 silly packumentCache full:https://registry.npmjs.org/get-proto set size:8300 disposed:false
845 http fetch GET 200 https://registry.npmjs.org/gopd 351ms (cache revalidated)
846 silly packumentCache full:https://registry.npmjs.org/gopd set size:11458 disposed:false
847 http fetch GET 200 https://registry.npmjs.org/math-intrinsics 345ms (cache revalidated)
848 silly packumentCache full:https://registry.npmjs.org/math-intrinsics set size:9265 disposed:false
849 http fetch GET 200 https://registry.npmjs.org/has-symbols 656ms (cache revalidated)
850 silly packumentCache full:https://registry.npmjs.org/has-symbols set size:21550 disposed:false
851 http fetch GET 200 https://registry.npmjs.org/es-define-property 656ms (cache revalidated)
852 silly packumentCache full:https://registry.npmjs.org/es-define-property set size:8542 disposed:false
853 http fetch GET 200 https://registry.npmjs.org/call-bind-apply-helpers 655ms (cache revalidated)
854 silly packumentCache full:https://registry.npmjs.org/call-bind-apply-helpers set size:12744 disposed:false
855 http fetch GET 200 https://registry.npmjs.org/has-symbols 413ms (cache revalidated)
856 silly packumentCache full:https://registry.npmjs.org/has-symbols set size:21550 disposed:false
857 silly packumentCache full:https://registry.npmjs.org/has-symbols dispose
858 silly placeDep ROOT graceful-fs@4.2.11 OK for: fs-extra@11.3.5 want: ^4.2.0
859 silly placeDep ROOT jsonfile@6.2.1 OK for: fs-extra@11.3.5 want: ^6.0.1
860 silly placeDep ROOT universalify@2.0.1 OK for: fs-extra@11.3.5 want: ^2.0.0
861 silly placeDep ROOT call-bind-apply-helpers@1.0.2 OK for: get-intrinsic@1.3.0 want: ^1.0.2
862 silly placeDep ROOT es-define-property@1.0.1 OK for: get-intrinsic@1.3.0 want: ^1.0.1
863 silly placeDep ROOT es-object-atoms@1.1.2 OK for: get-intrinsic@1.3.0 want: ^1.1.1
864 silly placeDep ROOT function-bind@1.1.2 OK for: get-intrinsic@1.3.0 want: ^1.1.2
865 silly placeDep ROOT get-proto@1.0.1 OK for: get-intrinsic@1.3.0 want: ^1.0.1
866 silly placeDep ROOT gopd@1.2.0 OK for: get-intrinsic@1.3.0 want: ^1.2.0
867 silly placeDep ROOT has-symbols@1.1.0 OK for: get-intrinsic@1.3.0 want: ^1.1.0
868 silly placeDep ROOT math-intrinsics@1.1.0 OK for: get-intrinsic@1.3.0 want: ^1.1.0
869 silly fetch manifest dunder-proto@^1.0.1
870 silly packumentCache full:https://registry.npmjs.org/dunder-proto cache-miss
871 http fetch GET 200 https://registry.npmjs.org/dunder-proto 75ms (cache revalidated)
872 silly packumentCache full:https://registry.npmjs.org/dunder-proto set size:8256 disposed:false
873 silly placeDep ROOT dunder-proto@1.0.1 OK for: get-proto@1.0.1 want: ^1.0.1
874 silly placeDep ROOT inherits@2.0.4 OK for: http-errors@2.0.1 want: ~2.0.4
875 silly placeDep ROOT toidentifier@1.0.1 OK for: http-errors@2.0.1 want: ~1.0.1
876 silly placeDep ROOT agent-base@6.0.2 OK for: https-proxy-agent@5.0.1 want: 6
877 silly placeDep node_modules/https-proxy-agent debug@4.4.3 OK for: https-proxy-agent@5.0.1 want: 4
878 silly fetch manifest ms@^2.1.3
879 silly packumentCache full:https://registry.npmjs.org/ms cache-hit
880 silly placeDep node_modules/agent-base debug@4.4.3 OK for: agent-base@6.0.2 want: 4
881 silly placeDep ROOT safer-buffer@2.1.2 OK for: iconv-lite@0.4.24 want: >= 2.1.2 < 3
882 silly placeDep ROOT @keyv/serialize@1.1.1 OK for: keyv@5.6.0 want: ^1.1.1
883 silly placeDep ROOT curve25519-js@0.0.4 OK for: libsignal@6.0.0 want: ^0.0.4
884 silly placeDep ROOT mime-db@1.52.0 OK for: mime-types@2.1.35 want: 1.52.0
885 silly fetch manifest @aws-sdk/credential-providers@^3.188.0
886 silly packumentCache full:https://registry.npmjs.org/@aws-sdk%2fcredential-providers cache-miss
887 http fetch GET 200 https://registry.npmjs.org/@aws-sdk%2fcredential-providers 1492ms (cache updated)
888 silly packumentCache full:https://registry.npmjs.org/@aws-sdk%2fcredential-providers set size:undefined disposed:false
889 silly fetch manifest @mongodb-js/zstd@^1.1.0 || ^2.0.0
890 silly packumentCache full:https://registry.npmjs.org/@mongodb-js%2fzstd cache-miss
891 http fetch GET 200 https://registry.npmjs.org/@mongodb-js%2fzstd 995ms (cache miss)
892 silly packumentCache full:https://registry.npmjs.org/@mongodb-js%2fzstd set size:undefined disposed:false
893 silly fetch manifest gcp-metadata@^5.2.0
894 silly packumentCache full:https://registry.npmjs.org/gcp-metadata cache-miss
895 http fetch GET 200 https://registry.npmjs.org/gcp-metadata 435ms (cache miss)
896 silly packumentCache full:https://registry.npmjs.org/gcp-metadata set size:undefined disposed:false
897 silly fetch manifest kerberos@^2.0.1
898 silly packumentCache full:https://registry.npmjs.org/kerberos cache-miss
899 http fetch GET 200 https://registry.npmjs.org/kerberos 455ms (cache miss)
900 silly packumentCache full:https://registry.npmjs.org/kerberos set size:undefined disposed:false
901 silly fetch manifest mongodb-client-encryption@>=6.0.0 <7
902 silly packumentCache full:https://registry.npmjs.org/mongodb-client-encryption cache-miss
903 http fetch GET 200 https://registry.npmjs.org/mongodb-client-encryption 493ms (cache miss)
904 silly packumentCache full:https://registry.npmjs.org/mongodb-client-encryption set size:undefined disposed:false
905 silly fetch manifest snappy@^7.3.2
906 silly packumentCache full:https://registry.npmjs.org/snappy cache-miss
907 http fetch GET 200 https://registry.npmjs.org/snappy 425ms (cache miss)
908 silly packumentCache full:https://registry.npmjs.org/snappy set size:undefined disposed:false
909 silly fetch manifest socks@^2.7.1
910 silly packumentCache full:https://registry.npmjs.org/socks cache-miss
911 http fetch GET 200 https://registry.npmjs.org/socks 440ms (cache revalidated)
912 silly packumentCache full:https://registry.npmjs.org/socks set size:173143 disposed:false
913 silly placeDep ROOT bson@6.10.4 OK for: mongoose@8.24.0 want: ^6.10.4
914 silly placeDep ROOT kareem@2.6.3 OK for: mongoose@8.24.0 want: 2.6.3
915 silly placeDep ROOT mongodb@6.20.0 OK for: mongoose@8.24.0 want: ~6.20.0
916 silly placeDep ROOT mpath@0.9.0 OK for: mongoose@8.24.0 want: 0.9.0
917 silly placeDep ROOT mquery@5.0.0 OK for: mongoose@8.24.0 want: 5.0.0
918 silly placeDep node_modules/mongoose ms@2.1.3 OK for: mongoose@8.24.0 want: 2.1.3
919 silly placeDep ROOT sift@17.1.3 OK for: mongoose@8.24.0 want: 17.1.3
920 silly fetch manifest @mongodb-js/saslprep@^1.3.0
921 silly packumentCache full:https://registry.npmjs.org/@mongodb-js%2fsaslprep cache-miss
922 silly fetch manifest mongodb-connection-string-url@^3.0.2
923 silly packumentCache full:https://registry.npmjs.org/mongodb-connection-string-url cache-miss
924 silly fetch manifest debug@4.x
925 silly packumentCache full:https://registry.npmjs.org/debug cache-hit
926 http fetch GET 200 https://registry.npmjs.org/mongodb-connection-string-url 445ms (cache updated)
927 silly packumentCache full:https://registry.npmjs.org/mongodb-connection-string-url set size:undefined disposed:false
928 http fetch GET 200 https://registry.npmjs.org/@mongodb-js%2fsaslprep 1075ms (cache revalidated)
929 silly packumentCache full:https://registry.npmjs.org/@mongodb-js%2fsaslprep set size:118365 disposed:false
930 silly placeDep ROOT @mongodb-js/saslprep@1.4.11 OK for: mongodb@6.20.0 want: ^1.3.0
931 silly placeDep ROOT mongodb-connection-string-url@3.0.2 OK for: mongodb@6.20.0 want: ^3.0.2
932 silly fetch manifest sparse-bitfield@^3.0.3
933 silly packumentCache full:https://registry.npmjs.org/sparse-bitfield cache-miss
934 silly fetch manifest whatwg-url@^14.1.0 || ^13.0.0
935 silly packumentCache full:https://registry.npmjs.org/whatwg-url cache-hit
936 silly fetch manifest @types/whatwg-url@^11.0.2
937 silly packumentCache full:https://registry.npmjs.org/@types%2fwhatwg-url cache-miss
938 http fetch GET 200 https://registry.npmjs.org/sparse-bitfield 455ms (cache revalidated)
939 silly packumentCache full:https://registry.npmjs.org/sparse-bitfield set size:18366 disposed:false
940 http fetch GET 200 https://registry.npmjs.org/@types%2fwhatwg-url 1007ms (cache revalidated)
941 silly packumentCache full:https://registry.npmjs.org/@types%2fwhatwg-url set size:25750 disposed:false
942 silly placeDep ROOT sparse-bitfield@3.0.3 OK for: @mongodb-js/saslprep@1.4.11 want: ^3.0.3
943 silly fetch manifest memory-pager@^1.0.2
944 silly packumentCache full:https://registry.npmjs.org/memory-pager cache-miss
945 http fetch GET 200 https://registry.npmjs.org/memory-pager 424ms (cache revalidated)
946 silly packumentCache full:https://registry.npmjs.org/memory-pager set size:21090 disposed:false
947 silly placeDep ROOT @types/whatwg-url@11.0.5 OK for: mongodb-connection-string-url@3.0.2 want: ^11.0.2
948 silly placeDep ROOT whatwg-url@14.2.0 OK for: mongodb-connection-string-url@3.0.2 want: ^14.1.0 || ^13.0.0
949 silly fetch manifest @types/webidl-conversions@*
950 silly packumentCache full:https://registry.npmjs.org/@types%2fwebidl-conversions cache-miss
951 silly fetch manifest tr46@^5.1.0
952 silly packumentCache full:https://registry.npmjs.org/tr46 cache-miss
953 silly fetch manifest webidl-conversions@^7.0.0
954 silly packumentCache full:https://registry.npmjs.org/webidl-conversions cache-miss
955 http fetch GET 200 https://registry.npmjs.org/tr46 451ms (cache revalidated)
956 silly packumentCache full:https://registry.npmjs.org/tr46 set size:47377 disposed:false
957 http fetch GET 200 https://registry.npmjs.org/webidl-conversions 468ms (cache revalidated)
958 silly packumentCache full:https://registry.npmjs.org/webidl-conversions set size:46073 disposed:false
959 http fetch GET 200 https://registry.npmjs.org/@types%2fwebidl-conversions 842ms (cache revalidated)
960 silly packumentCache full:https://registry.npmjs.org/@types%2fwebidl-conversions set size:22935 disposed:false
961 silly placeDep ROOT @types/webidl-conversions@7.0.3 OK for: @types/whatwg-url@11.0.5 want: *
962 silly placeDep node_modules/mquery debug@4.4.3 OK for: mquery@5.0.0 want: 4.x
963 silly placeDep ROOT @borewit/text-codec@0.2.2 OK for: music-metadata@11.12.3 want: ^0.2.2
964 silly placeDep ROOT @tokenizer/token@0.3.0 OK for: music-metadata@11.12.3 want: ^0.3.0
965 silly placeDep node_modules/music-metadata debug@4.4.3 OK for: music-metadata@11.12.3 want: ^4.4.3
966 silly placeDep ROOT file-type@21.3.4 OK for: music-metadata@11.12.3 want: ^21.3.1
967 silly placeDep ROOT media-typer@1.1.0 OK for: music-metadata@11.12.3 want: ^1.1.0
968 silly placeDep ROOT strtok3@10.3.5 OK for: music-metadata@11.12.3 want: ^10.3.4
969 silly placeDep ROOT token-types@6.1.2 OK for: music-metadata@11.12.3 want: ^6.1.2
970 silly placeDep ROOT uint8array-extras@1.5.0 OK for: music-metadata@11.12.3 want: ^1.5.0
971 silly placeDep ROOT win-guid@0.2.1 OK for: music-metadata@11.12.3 want: ^0.2.1
972 silly fetch manifest token-types@^6.1.1
973 silly packumentCache full:https://registry.npmjs.org/token-types cache-hit
974 silly fetch manifest uint8array-extras@^1.4.0
975 silly packumentCache full:https://registry.npmjs.org/uint8array-extras cache-miss
976 silly fetch manifest @tokenizer/inflate@^0.4.1
977 silly packumentCache full:https://registry.npmjs.org/@tokenizer%2finflate cache-miss
978 silly fetch manifest ieee754@^1.2.1
979 silly packumentCache full:https://registry.npmjs.org/ieee754 cache-miss
980 http cache https://registry.npmjs.org/uint8array-extras 48ms (cache hit)
981 silly packumentCache full:https://registry.npmjs.org/uint8array-extras set size:36606 disposed:false
982 http fetch GET 200 https://registry.npmjs.org/ieee754 455ms (cache revalidated)
983 silly packumentCache full:https://registry.npmjs.org/ieee754 set size:34910 disposed:false
984 http fetch GET 200 https://registry.npmjs.org/@tokenizer%2finflate 909ms (cache miss)
985 silly packumentCache full:https://registry.npmjs.org/@tokenizer%2finflate set size:undefined disposed:false
986 silly placeDep ROOT @tokenizer/inflate@0.4.1 OK for: file-type@21.3.4 want: ^0.4.1
987 silly placeDep node_modules/@tokenizer/inflate debug@4.4.3 OK for: @tokenizer/inflate@0.4.1 want: ^4.4.3
988 silly placeDep node_modules/node-fetch whatwg-url@5.0.0 OK for: node-fetch@2.7.0 want: ^5.0.0
989 silly fetch manifest tr46@~0.0.3
990 silly packumentCache full:https://registry.npmjs.org/tr46 cache-hit
991 silly fetch manifest webidl-conversions@^3.0.0
992 silly packumentCache full:https://registry.npmjs.org/webidl-conversions cache-hit
993 silly placeDep ROOT ee-first@1.1.1 OK for: on-finished@2.4.1 want: 1.1.1
994 silly placeDep ROOT atomic-sleep@1.0.0 OK for: pino@8.21.0 want: ^1.0.0
995 silly placeDep ROOT fast-redact@3.5.0 OK for: pino@8.21.0 want: ^3.1.1
996 silly placeDep ROOT on-exit-leak-free@2.1.2 OK for: pino@8.21.0 want: ^2.1.0
997 silly placeDep ROOT pino-abstract-transport@1.2.0 OK for: pino@8.21.0 want: ^1.2.0
998 silly placeDep ROOT pino-std-serializers@6.2.2 OK for: pino@8.21.0 want: ^6.0.0
999 silly placeDep ROOT process-warning@3.0.0 OK for: pino@8.21.0 want: ^3.0.0
1000 silly placeDep ROOT quick-format-unescaped@4.0.4 OK for: pino@8.21.0 want: ^4.0.3
1001 silly placeDep ROOT real-require@0.2.0 OK for: pino@8.21.0 want: ^0.2.0
1002 silly placeDep ROOT safe-stable-stringify@2.5.0 OK for: pino@8.21.0 want: ^2.3.1
1003 silly placeDep ROOT sonic-boom@3.8.1 OK for: pino@8.21.0 want: ^3.7.0
1004 silly placeDep ROOT thread-stream@2.7.0 OK for: pino@8.21.0 want: ^2.6.0
1005 silly fetch manifest split2@^4.0.0
1006 silly packumentCache full:https://registry.npmjs.org/split2 cache-miss
1007 silly fetch manifest readable-stream@^4.0.0
1008 silly packumentCache full:https://registry.npmjs.org/readable-stream cache-miss
1009 http fetch GET 200 https://registry.npmjs.org/split2 456ms (cache revalidated)
1010 silly packumentCache full:https://registry.npmjs.org/split2 set size:47438 disposed:false
1011 http fetch GET 200 https://registry.npmjs.org/readable-stream 480ms (cache revalidated)
1012 silly packumentCache full:https://registry.npmjs.org/readable-stream set size:261096 disposed:false
1013 silly placeDep ROOT readable-stream@4.7.0 OK for: pino-abstract-transport@1.2.0 want: ^4.0.0
1014 silly placeDep ROOT split2@4.2.0 OK for: pino-abstract-transport@1.2.0 want: ^4.0.0
1015 silly fetch manifest abort-controller@^3.0.0
1016 silly packumentCache full:https://registry.npmjs.org/abort-controller cache-miss
1017 silly fetch manifest buffer@^6.0.3
1018 silly packumentCache full:https://registry.npmjs.org/buffer cache-miss
1019 silly fetch manifest events@^3.3.0
1020 silly packumentCache full:https://registry.npmjs.org/events cache-miss
1021 silly fetch manifest process@^0.11.10
1022 silly packumentCache full:https://registry.npmjs.org/process cache-miss
1023 silly fetch manifest string_decoder@^1.3.0
1024 silly packumentCache full:https://registry.npmjs.org/string_decoder cache-miss
1025 http fetch GET 200 https://registry.npmjs.org/abort-controller 717ms (cache revalidated)
1026 silly packumentCache full:https://registry.npmjs.org/abort-controller set size:47272 disposed:false
1027 http fetch GET 200 https://registry.npmjs.org/events 815ms (cache revalidated)
1028 silly packumentCache full:https://registry.npmjs.org/events set size:35240 disposed:false
1029 http fetch GET 200 https://registry.npmjs.org/buffer 846ms (cache revalidated)
1030 silly packumentCache full:https://registry.npmjs.org/buffer set size:280480 disposed:false
1031 http fetch GET 200 https://registry.npmjs.org/string_decoder 959ms (cache revalidated)
1032 silly packumentCache full:https://registry.npmjs.org/string_decoder set size:28441 disposed:false
1033 http fetch GET 200 https://registry.npmjs.org/process 1072ms (cache revalidated)
1034 silly packumentCache full:https://registry.npmjs.org/process set size:31260 disposed:false
1035 silly placeDep ROOT @protobufjs/aspromise@1.1.2 OK for: protobufjs@7.6.1 want: ^1.1.2
1036 silly placeDep ROOT @protobufjs/base64@1.1.2 OK for: protobufjs@7.6.1 want: ^1.1.2
1037 silly placeDep ROOT @protobufjs/codegen@2.0.5 OK for: protobufjs@7.6.1 want: ^2.0.5
1038 silly placeDep ROOT @protobufjs/eventemitter@1.1.1 OK for: protobufjs@7.6.1 want: ^1.1.1
1039 silly placeDep ROOT @protobufjs/fetch@1.1.1 OK for: protobufjs@7.6.1 want: ^1.1.1
1040 silly placeDep ROOT @protobufjs/float@1.0.2 OK for: protobufjs@7.6.1 want: ^1.0.2
1041 silly placeDep ROOT @protobufjs/inquire@1.1.2 OK for: protobufjs@7.6.1 want: ^1.1.2
1042 silly placeDep ROOT @protobufjs/path@1.1.2 OK for: protobufjs@7.6.1 want: ^1.1.2
1043 silly placeDep ROOT @protobufjs/pool@1.1.0 OK for: protobufjs@7.6.1 want: ^1.1.0
1044 silly placeDep ROOT @protobufjs/utf8@1.1.1 OK for: protobufjs@7.6.1 want: ^1.1.1
1045 silly placeDep ROOT @types/node@25.9.1 OK for: protobufjs@7.6.1 want: >=13.7.0
1046 silly placeDep ROOT long@5.3.2 OK for: protobufjs@7.6.1 want: ^5.3.2
1047 silly fetch manifest undici-types@>=7.24.0 <7.24.7
1048 silly packumentCache full:https://registry.npmjs.org/undici-types cache-miss
1049 http fetch GET 200 https://registry.npmjs.org/undici-types 476ms (cache miss)
1050 silly packumentCache full:https://registry.npmjs.org/undici-types set size:undefined disposed:false
1051 silly placeDep ROOT undici-types@7.24.6 OK for: @types/node@25.9.1 want: >=7.24.0 <7.24.7
1052 silly placeDep ROOT forwarded@0.2.0 OK for: proxy-addr@2.0.7 want: 0.2.0
1053 silly placeDep ROOT ipaddr.js@1.9.1 OK for: proxy-addr@2.0.7 want: 1.9.1
1054 silly placeDep node_modules/qified hookified@2.2.0 OK for: qified@0.10.1 want: ^2.1.1
1055 silly placeDep ROOT dijkstrajs@1.0.3 OK for: qrcode@1.5.4 want: ^1.0.1
1056 silly placeDep ROOT pngjs@5.0.0 OK for: qrcode@1.5.4 want: ^5.0.0
1057 silly placeDep ROOT yargs@15.4.1 OK for: qrcode@1.5.4 want: ^15.3.1
1058 silly fetch manifest y18n@^4.0.0
1059 silly packumentCache full:https://registry.npmjs.org/y18n cache-miss
1060 silly fetch manifest cliui@^6.0.0
1061 silly packumentCache full:https://registry.npmjs.org/cliui cache-miss
1062 silly fetch manifest find-up@^4.1.0
1063 silly packumentCache full:https://registry.npmjs.org/find-up cache-miss
1064 silly fetch manifest decamelize@^1.2.0
1065 silly packumentCache full:https://registry.npmjs.org/decamelize cache-miss
1066 silly fetch manifest set-blocking@^2.0.0
1067 silly packumentCache full:https://registry.npmjs.org/set-blocking cache-miss
1068 silly fetch manifest string-width@^4.2.0
1069 silly packumentCache full:https://registry.npmjs.org/string-width cache-miss
1070 silly fetch manifest which-module@^2.0.0
1071 silly packumentCache full:https://registry.npmjs.org/which-module cache-miss
1072 http fetch GET 200 https://registry.npmjs.org/cliui 141ms (cache revalidated)
1073 silly packumentCache full:https://registry.npmjs.org/cliui set size:69089 disposed:false
1074 silly fetch manifest yargs-parser@^18.1.2
1075 silly packumentCache full:https://registry.npmjs.org/yargs-parser cache-miss
1076 http fetch GET 200 https://registry.npmjs.org/find-up 452ms (cache revalidated)
1077 silly packumentCache full:https://registry.npmjs.org/find-up set size:42620 disposed:false
1078 silly fetch manifest get-caller-file@^2.0.1
1079 silly packumentCache full:https://registry.npmjs.org/get-caller-file cache-miss
1080 http fetch GET 200 https://registry.npmjs.org/set-blocking 505ms (cache revalidated)
1081 silly packumentCache full:https://registry.npmjs.org/set-blocking set size:5763 disposed:false
1082 silly fetch manifest require-directory@^2.1.1
1083 silly packumentCache full:https://registry.npmjs.org/require-directory cache-miss
1084 http fetch GET 200 https://registry.npmjs.org/decamelize 527ms (cache revalidated)
1085 silly packumentCache full:https://registry.npmjs.org/decamelize set size:34500 disposed:false
1086 silly fetch manifest require-main-filename@^2.0.0
1087 silly packumentCache full:https://registry.npmjs.org/require-main-filename cache-miss
1088 http fetch GET 200 https://registry.npmjs.org/y18n 557ms (cache revalidated)
1089 silly packumentCache full:https://registry.npmjs.org/y18n set size:76155 disposed:false
1090 http fetch GET 200 https://registry.npmjs.org/string-width 556ms (cache revalidated)
1091 silly packumentCache full:https://registry.npmjs.org/string-width set size:70381 disposed:false
1092 http fetch GET 200 https://registry.npmjs.org/which-module 599ms (cache revalidated)
1093 silly packumentCache full:https://registry.npmjs.org/which-module set size:13898 disposed:false
1094 http fetch GET 200 https://registry.npmjs.org/yargs-parser 476ms (cache revalidated)
1095 silly packumentCache full:https://registry.npmjs.org/yargs-parser set size:238630 disposed:false
1096 http fetch GET 200 https://registry.npmjs.org/get-caller-file 228ms (cache revalidated)
1097 silly packumentCache full:https://registry.npmjs.org/get-caller-file set size:26456 disposed:false
1098 http fetch GET 200 https://registry.npmjs.org/require-directory 503ms (cache revalidated)
1099 silly packumentCache full:https://registry.npmjs.org/require-directory set size:26866 disposed:false
1100 http fetch GET 200 https://registry.npmjs.org/require-main-filename 529ms (cache revalidated)
1101 silly packumentCache full:https://registry.npmjs.org/require-main-filename set size:7471 disposed:false
1102 silly placeDep ROOT side-channel@1.1.0 OK for: qs@6.15.2 want: ^1.1.0
1103 silly fetch manifest object-inspect@^1.13.3
1104 silly packumentCache full:https://registry.npmjs.org/object-inspect cache-miss
1105 silly fetch manifest side-channel-list@^1.0.0
1106 silly packumentCache full:https://registry.npmjs.org/side-channel-list cache-miss
1107 silly fetch manifest side-channel-map@^1.0.1
1108 silly packumentCache full:https://registry.npmjs.org/side-channel-map cache-miss
1109 silly fetch manifest side-channel-weakmap@^1.0.2
1110 silly packumentCache full:https://registry.npmjs.org/side-channel-weakmap cache-miss
1111 http fetch GET 200 https://registry.npmjs.org/object-inspect 470ms (cache revalidated)
1112 silly packumentCache full:https://registry.npmjs.org/object-inspect set size:101912 disposed:false
1113 http fetch GET 200 https://registry.npmjs.org/side-channel-weakmap 484ms (cache revalidated)
1114 silly packumentCache full:https://registry.npmjs.org/side-channel-weakmap set size:12620 disposed:false
1115 http fetch GET 200 https://registry.npmjs.org/side-channel-map 503ms (cache revalidated)
1116 silly packumentCache full:https://registry.npmjs.org/side-channel-map set size:9126 disposed:false
1117 http fetch GET 200 https://registry.npmjs.org/side-channel-list 516ms (cache revalidated)
1118 silly packumentCache full:https://registry.npmjs.org/side-channel-list set size:9021 disposed:false
1119 silly placeDep ROOT abort-controller@3.0.0 OK for: readable-stream@4.7.0 want: ^3.0.0
1120 silly placeDep ROOT buffer@6.0.3 OK for: readable-stream@4.7.0 want: ^6.0.3
1121 silly placeDep ROOT events@3.3.0 OK for: readable-stream@4.7.0 want: ^3.3.0
1122 silly placeDep ROOT process@0.11.10 OK for: readable-stream@4.7.0 want: ^0.11.10
1123 silly placeDep ROOT string_decoder@1.3.0 OK for: readable-stream@4.7.0 want: ^1.3.0
1124 silly fetch manifest event-target-shim@^5.0.0
1125 silly packumentCache full:https://registry.npmjs.org/event-target-shim cache-miss
1126 silly fetch manifest base64-js@^1.3.1
1127 silly packumentCache full:https://registry.npmjs.org/base64-js cache-miss
1128 http fetch GET 200 https://registry.npmjs.org/event-target-shim 406ms (cache revalidated)
1129 silly packumentCache full:https://registry.npmjs.org/event-target-shim set size:103601 disposed:false
1130 http fetch GET 200 https://registry.npmjs.org/base64-js 439ms (cache revalidated)
1131 silly packumentCache full:https://registry.npmjs.org/base64-js set size:41270 disposed:false
1132 silly placeDep ROOT event-target-shim@5.0.1 OK for: abort-controller@3.0.0 want: ^5.0.0
1133 silly placeDep ROOT base64-js@1.5.1 OK for: buffer@6.0.3 want: ^1.3.1
1134 silly placeDep ROOT ieee754@1.2.1 OK for: buffer@6.0.3 want: ^1.2.1
1135 silly placeDep ROOT mime@1.6.0 OK for: send@0.19.2 want: 1.6.0
1136 silly placeDep node_modules/send ms@2.1.3 OK for: send@0.19.2 want: 2.1.3
1137 silly placeDep ROOT @img/colour@1.1.0 OK for: sharp@0.34.5 want: ^1.0.0
1138 silly placeDep ROOT @img/sharp-darwin-arm64@0.34.5 OK for: sharp@0.34.5 want: 0.34.5
1139 silly placeDep ROOT @img/sharp-darwin-x64@0.34.5 OK for: sharp@0.34.5 want: 0.34.5
1140 silly placeDep ROOT @img/sharp-libvips-darwin-arm64@1.2.4 OK for: sharp@0.34.5 want: 1.2.4
1141 silly placeDep ROOT @img/sharp-libvips-darwin-x64@1.2.4 OK for: sharp@0.34.5 want: 1.2.4
1142 silly placeDep ROOT @img/sharp-libvips-linux-arm@1.2.4 OK for: sharp@0.34.5 want: 1.2.4
1143 silly placeDep ROOT @img/sharp-libvips-linux-arm64@1.2.4 OK for: sharp@0.34.5 want: 1.2.4
1144 silly placeDep ROOT @img/sharp-libvips-linux-ppc64@1.2.4 OK for: sharp@0.34.5 want: 1.2.4
1145 silly placeDep ROOT @img/sharp-libvips-linux-riscv64@1.2.4 OK for: sharp@0.34.5 want: 1.2.4
1146 silly placeDep ROOT @img/sharp-libvips-linux-s390x@1.2.4 OK for: sharp@0.34.5 want: 1.2.4
1147 silly placeDep ROOT @img/sharp-libvips-linux-x64@1.2.4 OK for: sharp@0.34.5 want: 1.2.4
1148 silly placeDep ROOT @img/sharp-libvips-linuxmusl-arm64@1.2.4 OK for: sharp@0.34.5 want: 1.2.4
1149 silly placeDep ROOT @img/sharp-libvips-linuxmusl-x64@1.2.4 OK for: sharp@0.34.5 want: 1.2.4
1150 silly placeDep ROOT @img/sharp-linux-arm@0.34.5 OK for: sharp@0.34.5 want: 0.34.5
1151 silly placeDep ROOT @img/sharp-linux-arm64@0.34.5 OK for: sharp@0.34.5 want: 0.34.5
1152 silly placeDep ROOT @img/sharp-linux-ppc64@0.34.5 OK for: sharp@0.34.5 want: 0.34.5
1153 silly placeDep ROOT @img/sharp-linux-riscv64@0.34.5 OK for: sharp@0.34.5 want: 0.34.5
1154 silly placeDep ROOT @img/sharp-linux-s390x@0.34.5 OK for: sharp@0.34.5 want: 0.34.5
1155 silly placeDep ROOT @img/sharp-linux-x64@0.34.5 OK for: sharp@0.34.5 want: 0.34.5
1156 silly placeDep ROOT @img/sharp-linuxmusl-arm64@0.34.5 OK for: sharp@0.34.5 want: 0.34.5
1157 silly placeDep ROOT @img/sharp-linuxmusl-x64@0.34.5 OK for: sharp@0.34.5 want: 0.34.5
1158 silly placeDep ROOT @img/sharp-wasm32@0.34.5 OK for: sharp@0.34.5 want: 0.34.5
1159 silly placeDep ROOT @img/sharp-win32-arm64@0.34.5 OK for: sharp@0.34.5 want: 0.34.5
1160 silly placeDep ROOT @img/sharp-win32-ia32@0.34.5 OK for: sharp@0.34.5 want: 0.34.5
1161 silly placeDep ROOT @img/sharp-win32-x64@0.34.5 OK for: sharp@0.34.5 want: 0.34.5
1162 silly placeDep ROOT detect-libc@2.1.2 OK for: sharp@0.34.5 want: ^2.1.2
1163 silly placeDep ROOT semver@7.8.1 OK for: sharp@0.34.5 want: ^7.7.3
1164 silly fetch manifest @emnapi/runtime@^1.7.0
1165 silly packumentCache full:https://registry.npmjs.org/@emnapi%2fruntime cache-miss
1166 http fetch GET 200 https://registry.npmjs.org/@emnapi%2fruntime 1048ms (cache miss)
1167 silly packumentCache full:https://registry.npmjs.org/@emnapi%2fruntime set size:undefined disposed:false
1168 silly placeDep ROOT @emnapi/runtime@1.10.0 OK for: @img/sharp-wasm32@0.34.5 want: ^1.7.0
1169 silly placeDep ROOT object-inspect@1.13.4 OK for: side-channel@1.1.0 want: ^1.13.3
1170 silly placeDep ROOT side-channel-list@1.0.1 OK for: side-channel@1.1.0 want: ^1.0.0
1171 silly placeDep ROOT side-channel-map@1.0.1 OK for: side-channel@1.1.0 want: ^1.0.1
1172 silly placeDep ROOT side-channel-weakmap@1.0.2 OK for: side-channel@1.1.0 want: ^1.0.2
1173 silly fetch manifest call-bound@^1.0.2
1174 silly packumentCache full:https://registry.npmjs.org/call-bound cache-miss
1175 silly fetch manifest call-bound@^1.0.2
1176 silly packumentCache full:https://registry.npmjs.org/call-bound cache-miss
1177 http fetch GET 200 https://registry.npmjs.org/call-bound 445ms (cache revalidated)
1178 silly packumentCache full:https://registry.npmjs.org/call-bound set size:15317 disposed:false
1179 http fetch GET 200 https://registry.npmjs.org/call-bound 453ms (cache revalidated)
1180 silly packumentCache full:https://registry.npmjs.org/call-bound set size:15317 disposed:false
1181 silly packumentCache full:https://registry.npmjs.org/call-bound dispose
1182 silly placeDep ROOT call-bound@1.0.4 OK for: side-channel-map@1.0.1 want: ^1.0.2
1183 silly placeDep ROOT memory-pager@1.5.0 OK for: sparse-bitfield@3.0.3 want: ^1.0.2
1184 silly placeDep node_modules/type-is media-typer@0.3.0 OK for: type-is@1.6.18 want: 0.3.0
1185 silly placeDep ROOT tr46@5.1.1 OK for: whatwg-url@14.2.0 want: ^5.1.0
1186 silly placeDep ROOT webidl-conversions@7.0.0 OK for: whatwg-url@14.2.0 want: ^7.0.0
1187 silly fetch manifest punycode@^2.3.1
1188 silly packumentCache full:https://registry.npmjs.org/punycode cache-miss
1189 http fetch GET 200 https://registry.npmjs.org/punycode 438ms (cache revalidated)
1190 silly packumentCache full:https://registry.npmjs.org/punycode set size:61278 disposed:false
1191 silly placeDep ROOT punycode@2.3.1 OK for: tr46@5.1.1 want: ^2.3.1
1192 silly placeDep ROOT cliui@6.0.0 OK for: yargs@15.4.1 want: ^6.0.0
1193 silly placeDep ROOT decamelize@1.2.0 OK for: yargs@15.4.1 want: ^1.2.0
1194 silly placeDep ROOT find-up@4.1.0 OK for: yargs@15.4.1 want: ^4.1.0
1195 silly placeDep ROOT get-caller-file@2.0.5 OK for: yargs@15.4.1 want: ^2.0.1
1196 silly placeDep ROOT require-directory@2.1.1 OK for: yargs@15.4.1 want: ^2.1.1
1197 silly placeDep ROOT require-main-filename@2.0.0 OK for: yargs@15.4.1 want: ^2.0.0
1198 silly placeDep ROOT set-blocking@2.0.0 OK for: yargs@15.4.1 want: ^2.0.0
1199 silly placeDep ROOT string-width@4.2.3 OK for: yargs@15.4.1 want: ^4.2.0
1200 silly placeDep ROOT which-module@2.0.1 OK for: yargs@15.4.1 want: ^2.0.0
1201 silly placeDep ROOT y18n@4.0.3 OK for: yargs@15.4.1 want: ^4.0.0
1202 silly placeDep ROOT yargs-parser@18.1.3 OK for: yargs@15.4.1 want: ^18.1.2
1203 silly fetch manifest wrap-ansi@^6.2.0
1204 silly packumentCache full:https://registry.npmjs.org/wrap-ansi cache-miss
1205 silly fetch manifest strip-ansi@^6.0.0
1206 silly packumentCache full:https://registry.npmjs.org/strip-ansi cache-miss
1207 silly fetch manifest locate-path@^5.0.0
1208 silly packumentCache full:https://registry.npmjs.org/locate-path cache-miss
1209 silly fetch manifest path-exists@^4.0.0
1210 silly packumentCache full:https://registry.npmjs.org/path-exists cache-miss
1211 silly fetch manifest strip-ansi@^6.0.1
1212 silly packumentCache full:https://registry.npmjs.org/strip-ansi cache-miss
1213 silly fetch manifest emoji-regex@^8.0.0
1214 silly packumentCache full:https://registry.npmjs.org/emoji-regex cache-miss
1215 silly fetch manifest is-fullwidth-code-point@^3.0.0
1216 silly packumentCache full:https://registry.npmjs.org/is-fullwidth-code-point cache-miss
1217 http fetch GET 200 https://registry.npmjs.org/emoji-regex 156ms (cache revalidated)
1218 silly packumentCache full:https://registry.npmjs.org/emoji-regex set size:89064 disposed:false
1219 silly fetch manifest camelcase@^5.0.0
1220 silly packumentCache full:https://registry.npmjs.org/camelcase cache-miss
1221 http fetch GET 200 https://registry.npmjs.org/is-fullwidth-code-point 184ms (cache revalidated)
1222 silly packumentCache full:https://registry.npmjs.org/is-fullwidth-code-point set size:14578 disposed:false
1223 http fetch GET 200 https://registry.npmjs.org/wrap-ansi 480ms (cache revalidated)
1224 silly packumentCache full:https://registry.npmjs.org/wrap-ansi set size:55299 disposed:false
1225 http fetch GET 200 https://registry.npmjs.org/strip-ansi 479ms (cache revalidated)
1226 silly packumentCache full:https://registry.npmjs.org/strip-ansi set size:44998 disposed:false
1227 http fetch GET 200 https://registry.npmjs.org/strip-ansi 505ms (cache revalidated)
1228 silly packumentCache full:https://registry.npmjs.org/strip-ansi set size:44998 disposed:false
1229 silly packumentCache full:https://registry.npmjs.org/strip-ansi dispose
1230 http fetch GET 200 https://registry.npmjs.org/locate-path 524ms (cache revalidated)
1231 silly packumentCache full:https://registry.npmjs.org/locate-path set size:31329 disposed:false
1232 http fetch GET 200 https://registry.npmjs.org/path-exists 532ms (cache revalidated)
1233 silly packumentCache full:https://registry.npmjs.org/path-exists set size:13704 disposed:false
1234 http fetch GET 200 https://registry.npmjs.org/camelcase 429ms (cache revalidated)
1235 silly packumentCache full:https://registry.npmjs.org/camelcase set size:60255 disposed:false
1236 silly placeDep ROOT strip-ansi@6.0.1 OK for: cliui@6.0.0 want: ^6.0.0
1237 silly placeDep ROOT wrap-ansi@6.2.0 OK for: cliui@6.0.0 want: ^6.2.0
1238 silly fetch manifest ansi-regex@^5.0.1
1239 silly packumentCache full:https://registry.npmjs.org/ansi-regex cache-miss
1240 silly fetch manifest ansi-styles@^4.0.0
1241 silly packumentCache full:https://registry.npmjs.org/ansi-styles cache-miss
1242 http fetch GET 200 https://registry.npmjs.org/ansi-regex 90ms (cache revalidated)
1243 silly packumentCache full:https://registry.npmjs.org/ansi-regex set size:43572 disposed:false
1244 http fetch GET 200 https://registry.npmjs.org/ansi-styles 391ms (cache revalidated)
1245 silly packumentCache full:https://registry.npmjs.org/ansi-styles set size:63233 disposed:false
1246 silly placeDep ROOT locate-path@5.0.0 OK for: find-up@4.1.0 want: ^5.0.0
1247 silly placeDep ROOT path-exists@4.0.0 OK for: find-up@4.1.0 want: ^4.0.0
1248 silly fetch manifest p-locate@^4.1.0
1249 silly packumentCache full:https://registry.npmjs.org/p-locate cache-miss
1250 http fetch GET 200 https://registry.npmjs.org/p-locate 423ms (cache revalidated)
1251 silly packumentCache full:https://registry.npmjs.org/p-locate set size:22488 disposed:false
1252 silly placeDep ROOT p-locate@4.1.0 OK for: locate-path@5.0.0 want: ^4.1.0
1253 silly fetch manifest p-limit@^2.2.0
1254 silly packumentCache full:https://registry.npmjs.org/p-limit cache-miss
1255 http fetch GET 200 https://registry.npmjs.org/p-limit 417ms (cache revalidated)
1256 silly packumentCache full:https://registry.npmjs.org/p-limit set size:61867 disposed:false
1257 silly placeDep ROOT p-limit@2.3.0 OK for: p-locate@4.1.0 want: ^2.2.0
1258 silly fetch manifest p-try@^2.0.0
1259 silly packumentCache full:https://registry.npmjs.org/p-try cache-miss
1260 http fetch GET 200 https://registry.npmjs.org/p-try 424ms (cache revalidated)
1261 silly packumentCache full:https://registry.npmjs.org/p-try set size:13014 disposed:false
1262 silly placeDep ROOT p-try@2.2.0 OK for: p-limit@2.3.0 want: ^2.0.0
1263 silly placeDep ROOT emoji-regex@8.0.0 OK for: string-width@4.2.3 want: ^8.0.0
1264 silly placeDep ROOT is-fullwidth-code-point@3.0.0 OK for: string-width@4.2.3 want: ^3.0.0
1265 silly placeDep ROOT ansi-regex@5.0.1 OK for: strip-ansi@6.0.1 want: ^5.0.1
1266 silly placeDep ROOT ansi-styles@4.3.0 OK for: wrap-ansi@6.2.0 want: ^4.0.0
1267 silly fetch manifest color-convert@^2.0.1
1268 silly packumentCache full:https://registry.npmjs.org/color-convert cache-miss
1269 http fetch GET 200 https://registry.npmjs.org/color-convert 423ms (cache revalidated)
1270 silly packumentCache full:https://registry.npmjs.org/color-convert set size:72663 disposed:false
1271 silly placeDep ROOT color-convert@2.0.1 OK for: ansi-styles@4.3.0 want: ^2.0.1
1272 silly fetch manifest color-name@~1.1.4
1273 silly packumentCache full:https://registry.npmjs.org/color-name cache-miss
1274 http fetch GET 200 https://registry.npmjs.org/color-name 419ms (cache revalidated)
1275 silly packumentCache full:https://registry.npmjs.org/color-name set size:19467 disposed:false
1276 silly placeDep ROOT color-name@1.1.4 OK for: color-convert@2.0.1 want: ~1.1.4
1277 silly placeDep ROOT camelcase@5.3.1 OK for: yargs-parser@18.1.3 want: ^5.0.0
1278 silly placeDep node_modules/@tokenizer/inflate ms@2.1.3 OK for: debug@4.4.3 want: ^2.1.3
1279 silly placeDep ROOT @pinojs/redact@0.4.0 OK for: pino@9.14.0 want: ^0.4.0
1280 silly placeDep node_modules/@whiskeysockets/baileys pino-abstract-transport@2.0.0 OK for: pino@9.14.0 want: ^2.0.0
1281 silly placeDep node_modules/@whiskeysockets/baileys pino-std-serializers@7.1.0 OK for: pino@9.14.0 want: ^7.0.0
1282 silly placeDep node_modules/@whiskeysockets/baileys process-warning@5.0.0 OK for: pino@9.14.0 want: ^5.0.0
1283 silly placeDep node_modules/@whiskeysockets/baileys sonic-boom@4.2.1 OK for: pino@9.14.0 want: ^4.0.1
1284 silly placeDep node_modules/@whiskeysockets/baileys thread-stream@3.1.0 OK for: pino@9.14.0 want: ^3.0.0
1285 silly placeDep node_modules/agent-base ms@2.1.3 OK for: debug@4.4.3 want: ^2.1.3
1286 silly placeDep node_modules/https-proxy-agent ms@2.1.3 OK for: debug@4.4.3 want: ^2.1.3
1287 silly placeDep node_modules/mquery ms@2.1.3 OK for: debug@4.4.3 want: ^2.1.3
1288 silly placeDep node_modules/music-metadata ms@2.1.3 OK for: debug@4.4.3 want: ^2.1.3
1289 silly placeDep node_modules/node-fetch tr46@0.0.3 OK for: whatwg-url@5.0.0 want: ~0.0.3
1290 silly placeDep node_modules/node-fetch webidl-conversions@3.0.1 OK for: whatwg-url@5.0.0 want: ^3.0.0
1291 silly reify moves {}
1292 silly audit bulk request {
1292 silly audit   '@whiskeysockets/baileys': [ '6.7.23' ],
1292 silly audit   sharp: [ '0.34.5' ],
1292 silly audit   axios: [ '1.16.1' ],
1292 silly audit   dotenv: [ '16.6.1' ],
1292 silly audit   express: [ '4.22.2' ],
1292 silly audit   'fs-extra': [ '11.3.5' ],
1292 silly audit   mongoose: [ '8.24.0' ],
1292 silly audit   'node-fetch': [ '2.7.0' ],
1292 silly audit   pino: [ '8.21.0', '9.14.0' ],
1292 silly audit   qrcode: [ '1.5.4' ],
1292 silly audit   '@cacheable/node-cache': [ '1.7.6' ],
1292 silly audit   '@hapi/boom': [ '9.1.4' ],
1292 silly audit   'async-mutex': [ '0.5.0' ],
1292 silly audit   libsignal: [ '6.0.0' ],
1292 silly audit   'music-metadata': [ '11.12.3' ],
1292 silly audit   protobufjs: [ '7.6.1' ],
1292 silly audit   ws: [ '8.21.0' ],
1292 silly audit   cacheable: [ '2.3.5' ],
1292 silly audit   hookified: [ '1.15.1', '2.2.0' ],
1292 silly audit   keyv: [ '5.6.0' ],
1292 silly audit   '@hapi/hoek': [ '9.3.0' ],
1292 silly audit   tslib: [ '2.8.1' ],
1292 silly audit   'follow-redirects': [ '1.16.0' ],
1292 silly audit   'form-data': [ '4.0.5' ],
1292 silly audit   'https-proxy-agent': [ '5.0.1' ],
1292 silly audit   'proxy-from-env': [ '2.1.0' ],
1292 silly audit   '@cacheable/memory': [ '2.0.9' ],
1292 silly audit   '@cacheable/utils': [ '2.4.1' ],
1292 silly audit   qified: [ '0.10.1' ],
1292 silly audit   '@keyv/bigmap': [ '1.3.1' ],
1292 silly audit   hashery: [ '1.5.1' ],
1292 silly audit   accepts: [ '1.3.8' ],
1292 silly audit   'array-flatten': [ '1.1.1' ],
1292 silly audit   'body-parser': [ '1.20.5' ],
1292 silly audit   'content-disposition': [ '0.5.4' ],
1292 silly audit   'content-type': [ '1.0.5' ],
1292 silly audit   cookie: [ '0.7.2' ],
1292 silly audit   'cookie-signature': [ '1.0.7' ],
1292 silly audit   debug: [ '2.6.9', '4.4.3' ],
1292 silly audit   depd: [ '2.0.0' ],
1292 silly audit   encodeurl: [ '2.0.0' ],
1292 silly audit   'escape-html': [ '1.0.3' ],
1292 silly audit   etag: [ '1.8.1' ],
1292 silly audit   finalhandler: [ '1.3.2' ],
1292 silly audit   fresh: [ '0.5.2' ],
1292 silly audit   'http-errors': [ '2.0.1' ],
1292 silly audit   'merge-descriptors': [ '1.0.3' ],
1292 silly audit   methods: [ '1.1.2' ],
1292 silly audit   'on-finished': [ '2.4.1' ],
1292 silly audit   parseurl: [ '1.3.3' ],
1292 silly audit   'path-to-regexp': [ '0.1.13' ],
1292 silly audit   'proxy-addr': [ '2.0.7' ],
1292 silly audit   qs: [ '6.15.2' ],
1292 silly audit   'range-parser': [ '1.2.1' ],
1292 silly audit   'safe-buffer': [ '5.2.1' ],
1292 silly audit   send: [ '0.19.2' ],
1292 silly audit   'serve-static': [ '1.16.3' ],
1292 silly audit   setprototypeof: [ '1.2.0' ],
1292 silly audit   statuses: [ '2.0.2' ],
1292 silly audit   'type-is': [ '1.6.18' ],
1292 silly audit   'utils-merge': [ '1.0.1' ],
1292 silly audit   vary: [ '1.1.2' ],
1292 silly audit   'mime-types': [ '2.1.35' ],
1292 silly audit   negotiator: [ '0.6.3' ],
1292 silly audit   bytes: [ '3.1.2' ],
1292 silly audit   destroy: [ '1.2.0' ],
1292 silly audit   'iconv-lite': [ '0.4.24' ],
1292 silly audit   'raw-body': [ '2.5.3' ],
1292 silly audit   unpipe: [ '1.0.0' ],
1292 silly audit   ms: [ '2.0.0', '2.1.3' ],
1292 silly audit   asynckit: [ '0.4.0' ],
1292 silly audit   'combined-stream': [ '1.0.8' ],
1292 silly audit   'es-set-tostringtag': [ '2.1.0' ],
1292 silly audit   hasown: [ '2.0.3' ],
1292 silly audit   'delayed-stream': [ '1.0.0' ],
1292 silly audit   'es-errors': [ '1.3.0' ],
1292 silly audit   'get-intrinsic': [ '1.3.0' ],
1292 silly audit   'has-tostringtag': [ '1.0.2' ],
1292 silly audit   'graceful-fs': [ '4.2.11' ],
1292 silly audit   jsonfile: [ '6.2.1' ],
1292 silly audit   universalify: [ '2.0.1' ],
1292 silly audit   'call-bind-apply-helpers': [ '1.0.2' ],
1292 silly audit   'es-define-property': [ '1.0.1' ],
1292 silly audit   'es-object-atoms': [ '1.1.2' ],
1292 silly audit   'function-bind': [ '1.1.2' ],
1292 silly audit   'get-proto': [ '1.0.1' ],
1292 silly audit   gopd: [ '1.2.0' ],
1292 silly audit   'has-symbols': [ '1.1.0' ],
1292 silly audit   'math-intrinsics': [ '1.1.0' ],
1292 silly audit   'dunder-proto': [ '1.0.1' ],
1292 silly audit   inherits: [ '2.0.4' ],
1292 silly audit   toidentifier: [ '1.0.1' ],
1292 silly audit   'agent-base': [ '6.0.2' ],
1292 silly audit   'safer-buffer': [ '2.1.2' ],
1292 silly audit   '@keyv/serialize': [ '1.1.1' ],
1292 silly audit   'curve25519-js': [ '0.0.4' ],
1292 silly audit   'mime-db': [ '1.52.0' ],
1292 silly audit   bson: [ '6.10.4' ],
1292 silly audit   kareem: [ '2.6.3' ],
1292 silly audit   mongodb: [ '6.20.0' ],
1292 silly audit   mpath: [ '0.9.0' ],
1292 silly audit   mquery: [ '5.0.0' ],
1292 silly audit   sift: [ '17.1.3' ],
1292 silly audit   '@mongodb-js/saslprep': [ '1.4.11' ],
1292 silly audit   'mongodb-connection-string-url': [ '3.0.2' ],
1292 silly audit   'sparse-bitfield': [ '3.0.3' ],
1292 silly audit   '@types/whatwg-url': [ '11.0.5' ],
1292 silly audit   'whatwg-url': [ '14.2.0', '5.0.0' ],
1292 silly audit   '@types/webidl-conversions': [ '7.0.3' ],
1292 silly audit   '@borewit/text-codec': [ '0.2.2' ],
1292 silly audit   '@tokenizer/token': [ '0.3.0' ],
1292 silly audit   'file-type': [ '21.3.4' ],
1292 silly audit   'media-typer': [ '1.1.0', '0.3.0' ],
1292 silly audit   strtok3: [ '10.3.5' ],
1292 silly audit   'token-types': [ '6.1.2' ],
1292 silly audit   'uint8array-extras': [ '1.5.0' ],
1292 silly audit   'win-guid': [ '0.2.1' ],
1292 silly audit   '@tokenizer/inflate': [ '0.4.1' ],
1292 silly audit   'ee-first': [ '1.1.1' ],
1292 silly audit   'atomic-sleep': [ '1.0.0' ],
1292 silly audit   'fast-redact': [ '3.5.0' ],
1292 silly audit   'on-exit-leak-free': [ '2.1.2' ],
1292 silly audit   'pino-abstract-transport': [ '1.2.0', '2.0.0' ],
1292 silly audit   'pino-std-serializers': [ '6.2.2', '7.1.0' ],
1292 silly audit   'process-warning': [ '3.0.0', '5.0.0' ],
1292 silly audit   'quick-format-unescaped': [ '4.0.4' ],
1292 silly audit   'real-require': [ '0.2.0' ],
1292 silly audit   'safe-stable-stringify': [ '2.5.0' ],
1292 silly audit   'sonic-boom': [ '3.8.1', '4.2.1' ],
1292 silly audit   'thread-stream': [ '2.7.0', '3.1.0' ],
1292 silly audit   'readable-stream': [ '4.7.0' ],
1292 silly audit   split2: [ '4.2.0' ],
1292 silly audit   '@protobufjs/aspromise': [ '1.1.2' ],
1292 silly audit   '@protobufjs/base64': [ '1.1.2' ],
1292 silly audit   '@protobufjs/codegen': [ '2.0.5' ],
1292 silly audit   '@protobufjs/eventemitter': [ '1.1.1' ],
1292 silly audit   '@protobufjs/fetch': [ '1.1.1' ],
1292 silly audit   '@protobufjs/float': [ '1.0.2' ],
1292 silly audit   '@protobufjs/inquire': [ '1.1.2' ],
1292 silly audit   '@protobufjs/path': [ '1.1.2' ],
1292 silly audit   '@protobufjs/pool': [ '1.1.0' ],
1292 silly audit   '@protobufjs/utf8': [ '1.1.1' ],
1292 silly audit   '@types/node': [ '25.9.1' ],
1292 silly audit   long: [ '5.3.2' ],
1292 silly audit   'undici-types': [ '7.24.6' ],
1292 silly audit   forwarded: [ '0.2.0' ],
1292 silly audit   'ipaddr.js': [ '1.9.1' ],
1292 silly audit   dijkstrajs: [ '1.0.3' ],
1292 silly audit   pngjs: [ '5.0.0' ],
1292 silly audit   yargs: [ '15.4.1' ],
1292 silly audit   'side-channel': [ '1.1.0' ],
1292 silly audit   'abort-controller': [ '3.0.0' ],
1292 silly audit   buffer: [ '6.0.3' ],
1292 silly audit   events: [ '3.3.0' ],
1292 silly audit   process: [ '0.11.10' ],
1292 silly audit   string_decoder: [ '1.3.0' ],
1292 silly audit   'event-target-shim': [ '5.0.1' ],
1292 silly audit   'base64-js': [ '1.5.1' ],
1292 silly audit   ieee754: [ '1.2.1' ],
1292 silly audit   mime: [ '1.6.0' ],
1292 silly audit   '@img/colour': [ '1.1.0' ],
1292 silly audit   '@img/sharp-darwin-arm64': [ '0.34.5' ],
1292 silly audit   '@img/sharp-darwin-x64': [ '0.34.5' ],
1292 silly audit   '@img/sharp-libvips-darwin-arm64': [ '1.2.4' ],
1292 silly audit   '@img/sharp-libvips-darwin-x64': [ '1.2.4' ],
1292 silly audit   '@img/sharp-libvips-linux-arm': [ '1.2.4' ],
1292 silly audit   '@img/sharp-libvips-linux-arm64': [ '1.2.4' ],
1292 silly audit   '@img/sharp-libvips-linux-ppc64': [ '1.2.4' ],
1292 silly audit   '@img/sharp-libvips-linux-riscv64': [ '1.2.4' ],
1292 silly audit   '@img/sharp-libvips-linux-s390x': [ '1.2.4' ],
1292 silly audit   '@img/sharp-libvips-linux-x64': [ '1.2.4' ],
1292 silly audit   '@img/sharp-libvips-linuxmusl-arm64': [ '1.2.4' ],
1292 silly audit   '@img/sharp-libvips-linuxmusl-x64': [ '1.2.4' ],
1292 silly audit   '@img/sharp-linux-arm': [ '0.34.5' ],
1292 silly audit   '@img/sharp-linux-arm64': [ '0.34.5' ],
1292 silly audit   '@img/sharp-linux-ppc64': [ '0.34.5' ],
1292 silly audit   '@img/sharp-linux-riscv64': [ '0.34.5' ],
1292 silly audit   '@img/sharp-linux-s390x': [ '0.34.5' ],
1292 silly audit   '@img/sharp-linux-x64': [ '0.34.5' ],
1292 silly audit   '@img/sharp-linuxmusl-arm64': [ '0.34.5' ],
1292 silly audit   '@img/sharp-linuxmusl-x64': [ '0.34.5' ],
1292 silly audit   '@img/sharp-wasm32': [ '0.34.5' ],
1292 silly audit   '@img/sharp-win32-arm64': [ '0.34.5' ],
1292 silly audit   '@img/sharp-win32-ia32': [ '0.34.5' ],
1292 silly audit   '@img/sharp-win32-x64': [ '0.34.5' ],
1292 silly audit   'detect-libc': [ '2.1.2' ],
1292 silly audit   semver: [ '7.8.1' ],
1292 silly audit   '@emnapi/runtime': [ '1.10.0' ],
1292 silly audit   'object-inspect': [ '1.13.4' ],
1292 silly audit   'side-channel-list': [ '1.0.1' ],
1292 silly audit   'side-channel-map': [ '1.0.1' ],
1292 silly audit   'side-channel-weakmap': [ '1.0.2' ],
1292 silly audit   'call-bound': [ '1.0.4' ],
1292 silly audit   'memory-pager': [ '1.5.0' ],
1292 silly audit   tr46: [ '5.1.1', '0.0.3' ],
1292 silly audit   'webidl-conversions': [ '7.0.0', '3.0.1' ],
1292 silly audit   punycode: [ '2.3.1' ],
1292 silly audit   cliui: [ '6.0.0' ],
1292 silly audit   decamelize: [ '1.2.0' ],
1292 silly audit   'find-up': [ '4.1.0' ],
1292 silly audit   'get-caller-file': [ '2.0.5' ],
1292 silly audit   'require-directory': [ '2.1.1' ],
1292 silly audit   'require-main-filename': [ '2.0.0' ],
1292 silly audit   'set-blocking': [ '2.0.0' ],
1292 silly audit   'string-width': [ '4.2.3' ],
1292 silly audit   'which-module': [ '2.0.1' ],
1292 silly audit   y18n: [ '4.0.3' ],
1292 silly audit   'yargs-parser': [ '18.1.3' ],
1292 silly audit   'strip-ansi': [ '6.0.1' ],
1292 silly audit   'wrap-ansi': [ '6.2.0' ],
1292 silly audit   'locate-path': [ '5.0.0' ],
1292 silly audit   'path-exists': [ '4.0.0' ],
1292 silly audit   'p-locate': [ '4.1.0' ],
1292 silly audit   'p-limit': [ '2.3.0' ],
1292 silly audit   'p-try': [ '2.2.0' ],
1292 silly audit   'emoji-regex': [ '8.0.0' ],
1292 silly audit   'is-fullwidth-code-point': [ '3.0.0' ],
1292 silly audit   'ansi-regex': [ '5.0.1' ],
1292 silly audit   'ansi-styles': [ '4.3.0' ],
1292 silly audit   'color-convert': [ '2.0.1' ],
1292 silly audit   'color-name': [ '1.1.4' ],
1292 silly audit   camelcase: [ '5.3.1' ],
1292 silly audit   '@pinojs/redact': [ '0.4.0' ]
1292 silly audit }
1293 http cache @pinojs/redact@https://registry.npmjs.org/@pinojs/redact/-/redact-0.4.0.tgz 1ms (cache hit)
1294 http cache camelcase@https://registry.npmjs.org/camelcase/-/camelcase-5.3.1.tgz 0ms (cache hit)
1295 http cache color-convert@https://registry.npmjs.org/color-convert/-/color-convert-2.0.1.tgz 0ms (cache hit)
1296 http cache color-name@https://registry.npmjs.org/color-name/-/color-name-1.1.4.tgz 0ms (cache hit)
1297 http cache ansi-styles@https://registry.npmjs.org/ansi-styles/-/ansi-styles-4.3.0.tgz 0ms (cache hit)
1298 http cache ansi-regex@https://registry.npmjs.org/ansi-regex/-/ansi-regex-5.0.1.tgz 0ms (cache hit)
1299 http cache is-fullwidth-code-point@https://registry.npmjs.org/is-fullwidth-code-point/-/is-fullwidth-code-point-3.0.0.tgz 0ms (cache hit)
1300 http cache emoji-regex@https://registry.npmjs.org/emoji-regex/-/emoji-regex-8.0.0.tgz 0ms (cache hit)
1301 http cache p-try@https://registry.npmjs.org/p-try/-/p-try-2.2.0.tgz 0ms (cache hit)
1302 http cache p-limit@https://registry.npmjs.org/p-limit/-/p-limit-2.3.0.tgz 0ms (cache hit)
1303 http cache p-locate@https://registry.npmjs.org/p-locate/-/p-locate-4.1.0.tgz 0ms (cache hit)
1304 http cache locate-path@https://registry.npmjs.org/locate-path/-/locate-path-5.0.0.tgz 0ms (cache hit)
1305 http cache strip-ansi@https://registry.npmjs.org/strip-ansi/-/strip-ansi-6.0.1.tgz 0ms (cache hit)
1306 http cache wrap-ansi@https://registry.npmjs.org/wrap-ansi/-/wrap-ansi-6.2.0.tgz 0ms (cache hit)
1307 http cache path-exists@https://registry.npmjs.org/path-exists/-/path-exists-4.0.0.tgz 0ms (cache hit)
1308 http cache yargs-parser@https://registry.npmjs.org/yargs-parser/-/yargs-parser-18.1.3.tgz 1ms (cache hit)
1309 http cache y18n@https://registry.npmjs.org/y18n/-/y18n-4.0.3.tgz 0ms (cache hit)
1310 http cache which-module@https://registry.npmjs.org/which-module/-/which-module-2.0.1.tgz 0ms (cache hit)
1311 http cache string-width@https://registry.npmjs.org/string-width/-/string-width-4.2.3.tgz 0ms (cache hit)
1312 http cache set-blocking@https://registry.npmjs.org/set-blocking/-/set-blocking-2.0.0.tgz 0ms (cache hit)
1313 http cache require-main-filename@https://registry.npmjs.org/require-main-filename/-/require-main-filename-2.0.0.tgz 0ms (cache hit)
1314 http cache require-directory@https://registry.npmjs.org/require-directory/-/require-directory-2.1.1.tgz 0ms (cache hit)
1315 http cache get-caller-file@https://registry.npmjs.org/get-caller-file/-/get-caller-file-2.0.5.tgz 0ms (cache hit)
1316 http cache find-up@https://registry.npmjs.org/find-up/-/find-up-4.1.0.tgz 0ms (cache hit)
1317 http cache cliui@https://registry.npmjs.org/cliui/-/cliui-6.0.0.tgz 0ms (cache hit)
1318 http cache punycode@https://registry.npmjs.org/punycode/-/punycode-2.3.1.tgz 0ms (cache hit)
1319 http cache webidl-conversions@https://registry.npmjs.org/webidl-conversions/-/webidl-conversions-7.0.0.tgz 0ms (cache hit)
1320 http cache tr46@https://registry.npmjs.org/tr46/-/tr46-5.1.1.tgz 1ms (cache hit)
1321 http cache memory-pager@https://registry.npmjs.org/memory-pager/-/memory-pager-1.5.0.tgz 0ms (cache hit)
1322 http cache call-bound@https://registry.npmjs.org/call-bound/-/call-bound-1.0.4.tgz 0ms (cache hit)
1323 http cache side-channel-weakmap@https://registry.npmjs.org/side-channel-weakmap/-/side-channel-weakmap-1.0.2.tgz 0ms (cache hit)
1324 http cache side-channel-map@https://registry.npmjs.org/side-channel-map/-/side-channel-map-1.0.1.tgz 0ms (cache hit)
1325 http cache decamelize@https://registry.npmjs.org/decamelize/-/decamelize-1.2.0.tgz 0ms (cache hit)
1326 http cache side-channel-list@https://registry.npmjs.org/side-channel-list/-/side-channel-list-1.0.1.tgz 1ms (cache hit)
1327 http cache semver@https://registry.npmjs.org/semver/-/semver-7.8.1.tgz 0ms (cache hit)
1328 http cache detect-libc@https://registry.npmjs.org/detect-libc/-/detect-libc-2.1.2.tgz 0ms (cache hit)
1329 http cache @img/colour@https://registry.npmjs.org/@img/colour/-/colour-1.1.0.tgz 0ms (cache hit)
1330 http cache mime@https://registry.npmjs.org/mime/-/mime-1.6.0.tgz 1ms (cache hit)
1331 http cache ieee754@https://registry.npmjs.org/ieee754/-/ieee754-1.2.1.tgz 0ms (cache hit)
1332 http cache base64-js@https://registry.npmjs.org/base64-js/-/base64-js-1.5.1.tgz 0ms (cache hit)
1333 http cache event-target-shim@https://registry.npmjs.org/event-target-shim/-/event-target-shim-5.0.1.tgz 0ms (cache hit)
1334 http cache string_decoder@https://registry.npmjs.org/string_decoder/-/string_decoder-1.3.0.tgz 0ms (cache hit)
1335 http cache process@https://registry.npmjs.org/process/-/process-0.11.10.tgz 1ms (cache hit)
1336 http cache events@https://registry.npmjs.org/events/-/events-3.3.0.tgz 0ms (cache hit)
1337 http cache buffer@https://registry.npmjs.org/buffer/-/buffer-6.0.3.tgz 0ms (cache hit)
1338 http cache abort-controller@https://registry.npmjs.org/abort-controller/-/abort-controller-3.0.0.tgz 0ms (cache hit)
1339 http cache side-channel@https://registry.npmjs.org/side-channel/-/side-channel-1.1.0.tgz 0ms (cache hit)
1340 http cache yargs@https://registry.npmjs.org/yargs/-/yargs-15.4.1.tgz 1ms (cache hit)
1341 http cache pngjs@https://registry.npmjs.org/pngjs/-/pngjs-5.0.0.tgz 0ms (cache hit)
1342 http cache object-inspect@https://registry.npmjs.org/object-inspect/-/object-inspect-1.13.4.tgz 0ms (cache hit)
1343 http cache dijkstrajs@https://registry.npmjs.org/dijkstrajs/-/dijkstrajs-1.0.3.tgz 0ms (cache hit)
1344 http cache ipaddr.js@https://registry.npmjs.org/ipaddr.js/-/ipaddr.js-1.9.1.tgz 0ms (cache hit)
1345 http cache forwarded@https://registry.npmjs.org/forwarded/-/forwarded-0.2.0.tgz 0ms (cache hit)
1346 http cache undici-types@https://registry.npmjs.org/undici-types/-/undici-types-7.24.6.tgz 0ms (cache hit)
1347 http cache long@https://registry.npmjs.org/long/-/long-5.3.2.tgz 0ms (cache hit)
1348 http cache @types/node@https://registry.npmjs.org/@types/node/-/node-25.9.1.tgz 0ms (cache hit)
1349 http cache @protobufjs/utf8@https://registry.npmjs.org/@protobufjs/utf8/-/utf8-1.1.1.tgz 0ms (cache hit)
1350 http cache @protobufjs/pool@https://registry.npmjs.org/@protobufjs/pool/-/pool-1.1.0.tgz 0ms (cache hit)
1351 http cache @protobufjs/path@https://registry.npmjs.org/@protobufjs/path/-/path-1.1.2.tgz 0ms (cache hit)
1352 http cache @protobufjs/inquire@https://registry.npmjs.org/@protobufjs/inquire/-/inquire-1.1.2.tgz 0ms (cache hit)
1353 http cache @protobufjs/float@https://registry.npmjs.org/@protobufjs/float/-/float-1.0.2.tgz 0ms (cache hit)
1354 http cache @protobufjs/fetch@https://registry.npmjs.org/@protobufjs/fetch/-/fetch-1.1.1.tgz 0ms (cache hit)
1355 http cache @protobufjs/eventemitter@https://registry.npmjs.org/@protobufjs/eventemitter/-/eventemitter-1.1.1.tgz 0ms (cache hit)
1356 http cache @protobufjs/codegen@https://registry.npmjs.org/@protobufjs/codegen/-/codegen-2.0.5.tgz 0ms (cache hit)
1357 http cache @protobufjs/base64@https://registry.npmjs.org/@protobufjs/base64/-/base64-1.1.2.tgz 0ms (cache hit)
1358 http cache @protobufjs/aspromise@https://registry.npmjs.org/@protobufjs/aspromise/-/aspromise-1.1.2.tgz 0ms (cache hit)
1359 http cache split2@https://registry.npmjs.org/split2/-/split2-4.2.0.tgz 0ms (cache hit)
1360 http cache readable-stream@https://registry.npmjs.org/readable-stream/-/readable-stream-4.7.0.tgz 0ms (cache hit)
1361 http cache thread-stream@https://registry.npmjs.org/thread-stream/-/thread-stream-2.7.0.tgz 0ms (cache hit)
1362 http cache sonic-boom@https://registry.npmjs.org/sonic-boom/-/sonic-boom-3.8.1.tgz 1ms (cache hit)
1363 http cache safe-stable-stringify@https://registry.npmjs.org/safe-stable-stringify/-/safe-stable-stringify-2.5.0.tgz 0ms (cache hit)
1364 http cache real-require@https://registry.npmjs.org/real-require/-/real-require-0.2.0.tgz 0ms (cache hit)
1365 http cache quick-format-unescaped@https://registry.npmjs.org/quick-format-unescaped/-/quick-format-unescaped-4.0.4.tgz 1ms (cache hit)
1366 http cache process-warning@https://registry.npmjs.org/process-warning/-/process-warning-3.0.0.tgz 0ms (cache hit)
1367 http cache pino-std-serializers@https://registry.npmjs.org/pino-std-serializers/-/pino-std-serializers-6.2.2.tgz 0ms (cache hit)
1368 http cache pino-abstract-transport@https://registry.npmjs.org/pino-abstract-transport/-/pino-abstract-transport-1.2.0.tgz 0ms (cache hit)
1369 http cache on-exit-leak-free@https://registry.npmjs.org/on-exit-leak-free/-/on-exit-leak-free-2.1.2.tgz 0ms (cache hit)
1370 http cache fast-redact@https://registry.npmjs.org/fast-redact/-/fast-redact-3.5.0.tgz 0ms (cache hit)
1371 http cache ee-first@https://registry.npmjs.org/ee-first/-/ee-first-1.1.1.tgz 0ms (cache hit)
1372 http cache atomic-sleep@https://registry.npmjs.org/atomic-sleep/-/atomic-sleep-1.0.0.tgz 0ms (cache hit)
1373 http cache @tokenizer/inflate@https://registry.npmjs.org/@tokenizer/inflate/-/inflate-0.4.1.tgz 1ms (cache hit)
1374 http cache win-guid@https://registry.npmjs.org/win-guid/-/win-guid-0.2.1.tgz 0ms (cache hit)
1375 http cache uint8array-extras@https://registry.npmjs.org/uint8array-extras/-/uint8array-extras-1.5.0.tgz 0ms (cache hit)
1376 http cache token-types@https://registry.npmjs.org/token-types/-/token-types-6.1.2.tgz 0ms (cache hit)
1377 http cache strtok3@https://registry.npmjs.org/strtok3/-/strtok3-10.3.5.tgz 0ms (cache hit)
1378 http cache media-typer@https://registry.npmjs.org/media-typer/-/media-typer-1.1.0.tgz 1ms (cache hit)
1379 http cache file-type@https://registry.npmjs.org/file-type/-/file-type-21.3.4.tgz 0ms (cache hit)
1380 http cache @tokenizer/token@https://registry.npmjs.org/@tokenizer/token/-/token-0.3.0.tgz 0ms (cache hit)
1381 http cache @borewit/text-codec@https://registry.npmjs.org/@borewit/text-codec/-/text-codec-0.2.2.tgz 0ms (cache hit)
1382 http cache @types/webidl-conversions@https://registry.npmjs.org/@types/webidl-conversions/-/webidl-conversions-7.0.3.tgz 0ms (cache hit)
1383 http cache whatwg-url@https://registry.npmjs.org/whatwg-url/-/whatwg-url-14.2.0.tgz 0ms (cache hit)
1384 http cache @types/whatwg-url@https://registry.npmjs.org/@types/whatwg-url/-/whatwg-url-11.0.5.tgz 0ms (cache hit)
1385 http cache sparse-bitfield@https://registry.npmjs.org/sparse-bitfield/-/sparse-bitfield-3.0.3.tgz 0ms (cache hit)
1386 http cache mongodb-connection-string-url@https://registry.npmjs.org/mongodb-connection-string-url/-/mongodb-connection-string-url-3.0.2.tgz 0ms (cache hit)
1387 http cache @mongodb-js/saslprep@https://registry.npmjs.org/@mongodb-js/saslprep/-/saslprep-1.4.11.tgz 0ms (cache hit)
1388 http cache sift@https://registry.npmjs.org/sift/-/sift-17.1.3.tgz 0ms (cache hit)
1389 http cache mquery@https://registry.npmjs.org/mquery/-/mquery-5.0.0.tgz 0ms (cache hit)
1390 http cache mpath@https://registry.npmjs.org/mpath/-/mpath-0.9.0.tgz 0ms (cache hit)
1391 http cache mongodb@https://registry.npmjs.org/mongodb/-/mongodb-6.20.0.tgz 0ms (cache hit)
1392 http cache kareem@https://registry.npmjs.org/kareem/-/kareem-2.6.3.tgz 0ms (cache hit)
1393 http cache bson@https://registry.npmjs.org/bson/-/bson-6.10.4.tgz 0ms (cache hit)
1394 http cache mime-db@https://registry.npmjs.org/mime-db/-/mime-db-1.52.0.tgz 0ms (cache hit)
1395 http cache @keyv/serialize@https://registry.npmjs.org/@keyv/serialize/-/serialize-1.1.1.tgz 0ms (cache hit)
1396 http cache curve25519-js@https://registry.npmjs.org/curve25519-js/-/curve25519-js-0.0.4.tgz 0ms (cache hit)
1397 http cache safer-buffer@https://registry.npmjs.org/safer-buffer/-/safer-buffer-2.1.2.tgz 0ms (cache hit)
1398 http cache agent-base@https://registry.npmjs.org/agent-base/-/agent-base-6.0.2.tgz 0ms (cache hit)
1399 http cache toidentifier@https://registry.npmjs.org/toidentifier/-/toidentifier-1.0.1.tgz 0ms (cache hit)
1400 http cache inherits@https://registry.npmjs.org/inherits/-/inherits-2.0.4.tgz 0ms (cache hit)
1401 http cache dunder-proto@https://registry.npmjs.org/dunder-proto/-/dunder-proto-1.0.1.tgz 1ms (cache hit)
1402 http cache math-intrinsics@https://registry.npmjs.org/math-intrinsics/-/math-intrinsics-1.1.0.tgz 0ms (cache hit)
1403 http cache gopd@https://registry.npmjs.org/gopd/-/gopd-1.2.0.tgz 0ms (cache hit)
1404 http cache function-bind@https://registry.npmjs.org/function-bind/-/function-bind-1.1.2.tgz 1ms (cache hit)
1405 http cache get-proto@https://registry.npmjs.org/get-proto/-/get-proto-1.0.1.tgz 0ms (cache hit)
1406 http cache es-object-atoms@https://registry.npmjs.org/es-object-atoms/-/es-object-atoms-1.1.2.tgz 0ms (cache hit)
1407 http cache call-bind-apply-helpers@https://registry.npmjs.org/call-bind-apply-helpers/-/call-bind-apply-helpers-1.0.2.tgz 1ms (cache hit)
1408 http cache es-define-property@https://registry.npmjs.org/es-define-property/-/es-define-property-1.0.1.tgz 0ms (cache hit)
1409 http cache universalify@https://registry.npmjs.org/universalify/-/universalify-2.0.1.tgz 0ms (cache hit)
1410 http cache jsonfile@https://registry.npmjs.org/jsonfile/-/jsonfile-6.2.1.tgz 0ms (cache hit)
1411 http cache graceful-fs@https://registry.npmjs.org/graceful-fs/-/graceful-fs-4.2.11.tgz 0ms (cache hit)
1412 http cache has-tostringtag@https://registry.npmjs.org/has-tostringtag/-/has-tostringtag-1.0.2.tgz 0ms (cache hit)
1413 http cache get-intrinsic@https://registry.npmjs.org/get-intrinsic/-/get-intrinsic-1.3.0.tgz 0ms (cache hit)
1414 http cache es-errors@https://registry.npmjs.org/es-errors/-/es-errors-1.3.0.tgz 0ms (cache hit)
1415 http cache delayed-stream@https://registry.npmjs.org/delayed-stream/-/delayed-stream-1.0.0.tgz 1ms (cache hit)
1416 http cache hasown@https://registry.npmjs.org/hasown/-/hasown-2.0.3.tgz 0ms (cache hit)
1417 http cache es-set-tostringtag@https://registry.npmjs.org/es-set-tostringtag/-/es-set-tostringtag-2.1.0.tgz 0ms (cache hit)
1418 http cache combined-stream@https://registry.npmjs.org/combined-stream/-/combined-stream-1.0.8.tgz 1ms (cache hit)
1419 http cache asynckit@https://registry.npmjs.org/asynckit/-/asynckit-0.4.0.tgz 0ms (cache hit)
1420 http cache ms@https://registry.npmjs.org/ms/-/ms-2.0.0.tgz 0ms (cache hit)
1421 http cache unpipe@https://registry.npmjs.org/unpipe/-/unpipe-1.0.0.tgz 1ms (cache hit)
1422 http cache raw-body@https://registry.npmjs.org/raw-body/-/raw-body-2.5.3.tgz 0ms (cache hit)
1423 http cache iconv-lite@https://registry.npmjs.org/iconv-lite/-/iconv-lite-0.4.24.tgz 0ms (cache hit)
1424 http cache destroy@https://registry.npmjs.org/destroy/-/destroy-1.2.0.tgz 0ms (cache hit)
1425 http cache bytes@https://registry.npmjs.org/bytes/-/bytes-3.1.2.tgz 0ms (cache hit)
1426 http cache negotiator@https://registry.npmjs.org/negotiator/-/negotiator-0.6.3.tgz 0ms (cache hit)
1427 http cache mime-types@https://registry.npmjs.org/mime-types/-/mime-types-2.1.35.tgz 0ms (cache hit)
1428 http cache vary@https://registry.npmjs.org/vary/-/vary-1.1.2.tgz 0ms (cache hit)
1429 http cache utils-merge@https://registry.npmjs.org/utils-merge/-/utils-merge-1.0.1.tgz 0ms (cache hit)
1430 http cache type-is@https://registry.npmjs.org/type-is/-/type-is-1.6.18.tgz 0ms (cache hit)
1431 http cache statuses@https://registry.npmjs.org/statuses/-/statuses-2.0.2.tgz 0ms (cache hit)
1432 http cache setprototypeof@https://registry.npmjs.org/setprototypeof/-/setprototypeof-1.2.0.tgz 1ms (cache hit)
1433 http cache serve-static@https://registry.npmjs.org/serve-static/-/serve-static-1.16.3.tgz 0ms (cache hit)
1434 http cache send@https://registry.npmjs.org/send/-/send-0.19.2.tgz 0ms (cache hit)
1435 http cache safe-buffer@https://registry.npmjs.org/safe-buffer/-/safe-buffer-5.2.1.tgz 0ms (cache hit)
1436 http cache range-parser@https://registry.npmjs.org/range-parser/-/range-parser-1.2.1.tgz 0ms (cache hit)
1437 http cache qs@https://registry.npmjs.org/qs/-/qs-6.15.2.tgz 0ms (cache hit)
1438 http cache path-to-regexp@https://registry.npmjs.org/path-to-regexp/-/path-to-regexp-0.1.13.tgz 0ms (cache hit)
1439 http cache proxy-addr@https://registry.npmjs.org/proxy-addr/-/proxy-addr-2.0.7.tgz 0ms (cache hit)
1440 http cache parseurl@https://registry.npmjs.org/parseurl/-/parseurl-1.3.3.tgz 0ms (cache hit)
1441 http cache on-finished@https://registry.npmjs.org/on-finished/-/on-finished-2.4.1.tgz 0ms (cache hit)
1442 http cache methods@https://registry.npmjs.org/methods/-/methods-1.1.2.tgz 0ms (cache hit)
1443 http cache merge-descriptors@https://registry.npmjs.org/merge-descriptors/-/merge-descriptors-1.0.3.tgz 0ms (cache hit)
1444 http cache http-errors@https://registry.npmjs.org/http-errors/-/http-errors-2.0.1.tgz 0ms (cache hit)
1445 http cache fresh@https://registry.npmjs.org/fresh/-/fresh-0.5.2.tgz 0ms (cache hit)
1446 http cache finalhandler@https://registry.npmjs.org/finalhandler/-/finalhandler-1.3.2.tgz 0ms (cache hit)
1447 http cache etag@https://registry.npmjs.org/etag/-/etag-1.8.1.tgz 0ms (cache hit)
1448 http cache escape-html@https://registry.npmjs.org/escape-html/-/escape-html-1.0.3.tgz 0ms (cache hit)
1449 http cache encodeurl@https://registry.npmjs.org/encodeurl/-/encodeurl-2.0.0.tgz 0ms (cache hit)
1450 http cache depd@https://registry.npmjs.org/depd/-/depd-2.0.0.tgz 0ms (cache hit)
1451 http cache debug@https://registry.npmjs.org/debug/-/debug-2.6.9.tgz 0ms (cache hit)
1452 http cache cookie-signature@https://registry.npmjs.org/cookie-signature/-/cookie-signature-1.0.7.tgz 0ms (cache hit)
1453 http cache cookie@https://registry.npmjs.org/cookie/-/cookie-0.7.2.tgz 0ms (cache hit)
1454 http cache content-type@https://registry.npmjs.org/content-type/-/content-type-1.0.5.tgz 0ms (cache hit)
1455 http cache content-disposition@https://registry.npmjs.org/content-disposition/-/content-disposition-0.5.4.tgz 0ms (cache hit)
1456 http cache body-parser@https://registry.npmjs.org/body-parser/-/body-parser-1.20.5.tgz 0ms (cache hit)
1457 http cache array-flatten@https://registry.npmjs.org/array-flatten/-/array-flatten-1.1.1.tgz 0ms (cache hit)
1458 http cache accepts@https://registry.npmjs.org/accepts/-/accepts-1.3.8.tgz 0ms (cache hit)
1459 http cache hashery@https://registry.npmjs.org/hashery/-/hashery-1.5.1.tgz 0ms (cache hit)
1460 http cache @keyv/bigmap@https://registry.npmjs.org/@keyv/bigmap/-/bigmap-1.3.1.tgz 0ms (cache hit)
1461 http cache qified@https://registry.npmjs.org/qified/-/qified-0.10.1.tgz 0ms (cache hit)
1462 http cache @cacheable/utils@https://registry.npmjs.org/@cacheable/utils/-/utils-2.4.1.tgz 0ms (cache hit)
1463 http cache @cacheable/memory@https://registry.npmjs.org/@cacheable/memory/-/memory-2.0.9.tgz 1ms (cache hit)
1464 http cache proxy-from-env@https://registry.npmjs.org/proxy-from-env/-/proxy-from-env-2.1.0.tgz 0ms (cache hit)
1465 http cache https-proxy-agent@https://registry.npmjs.org/https-proxy-agent/-/https-proxy-agent-5.0.1.tgz 0ms (cache hit)
1466 http cache form-data@https://registry.npmjs.org/form-data/-/form-data-4.0.5.tgz 1ms (cache hit)
1467 http cache follow-redirects@https://registry.npmjs.org/follow-redirects/-/follow-redirects-1.16.0.tgz 0ms (cache hit)
1468 http cache tslib@https://registry.npmjs.org/tslib/-/tslib-2.8.1.tgz 1ms (cache hit)
1469 http cache @hapi/hoek@https://registry.npmjs.org/@hapi/hoek/-/hoek-9.3.0.tgz 0ms (cache hit)
1470 http cache keyv@https://registry.npmjs.org/keyv/-/keyv-5.6.0.tgz 0ms (cache hit)
1471 http cache hookified@https://registry.npmjs.org/hookified/-/hookified-1.15.1.tgz 1ms (cache hit)
1472 http cache cacheable@https://registry.npmjs.org/cacheable/-/cacheable-2.3.5.tgz 0ms (cache hit)
1473 http cache ws@https://registry.npmjs.org/ws/-/ws-8.21.0.tgz 0ms (cache hit)
1474 http cache protobufjs@https://registry.npmjs.org/protobufjs/-/protobufjs-7.6.1.tgz 1ms (cache hit)
1475 http cache music-metadata@https://registry.npmjs.org/music-metadata/-/music-metadata-11.12.3.tgz 0ms (cache hit)
1476 http cache async-mutex@https://registry.npmjs.org/async-mutex/-/async-mutex-0.5.0.tgz 0ms (cache hit)
1477 http cache @hapi/boom@https://registry.npmjs.org/@hapi/boom/-/boom-9.1.4.tgz 0ms (cache hit)
1478 http cache @cacheable/node-cache@https://registry.npmjs.org/@cacheable/node-cache/-/node-cache-1.7.6.tgz 0ms (cache hit)
1479 http cache qrcode@https://registry.npmjs.org/qrcode/-/qrcode-1.5.4.tgz 0ms (cache hit)
1480 http cache pino@https://registry.npmjs.org/pino/-/pino-8.21.0.tgz 0ms (cache hit)
1481 http cache node-fetch@https://registry.npmjs.org/node-fetch/-/node-fetch-2.7.0.tgz 0ms (cache hit)
1482 http cache mongoose@https://registry.npmjs.org/mongoose/-/mongoose-8.24.0.tgz 0ms (cache hit)
1483 http cache fs-extra@https://registry.npmjs.org/fs-extra/-/fs-extra-11.3.5.tgz 0ms (cache hit)
1484 http cache express@https://registry.npmjs.org/express/-/express-4.22.2.tgz 0ms (cache hit)
1485 http cache dotenv@https://registry.npmjs.org/dotenv/-/dotenv-16.6.1.tgz 0ms (cache hit)
1486 http cache axios@https://registry.npmjs.org/axios/-/axios-1.16.1.tgz 0ms (cache hit)
1487 http cache sharp@https://registry.npmjs.org/sharp/-/sharp-0.34.5.tgz 0ms (cache hit)
1488 http cache @whiskeysockets/baileys@https://registry.npmjs.org/@whiskeysockets/baileys/-/baileys-6.7.23.tgz 0ms (cache hit)
1489 http cache ms@https://registry.npmjs.org/ms/-/ms-2.1.3.tgz 0ms (cache hit)
1490 http cache debug@https://registry.npmjs.org/debug/-/debug-4.4.3.tgz 0ms (cache hit)
1491 http cache ms@https://registry.npmjs.org/ms/-/ms-2.1.3.tgz 0ms (cache hit)
1492 http cache debug@https://registry.npmjs.org/debug/-/debug-4.4.3.tgz 0ms (cache hit)
1493 http cache ms@https://registry.npmjs.org/ms/-/ms-2.1.3.tgz 0ms (cache hit)
1494 http cache debug@https://registry.npmjs.org/debug/-/debug-4.4.3.tgz 0ms (cache hit)
1495 http cache media-typer@https://registry.npmjs.org/media-typer/-/media-typer-0.3.0.tgz 1ms (cache hit)
1496 http cache ms@https://registry.npmjs.org/ms/-/ms-2.1.3.tgz 0ms (cache hit)
1497 http cache hookified@https://registry.npmjs.org/hookified/-/hookified-2.2.0.tgz 0ms (cache hit)
1498 http cache ms@https://registry.npmjs.org/ms/-/ms-2.1.3.tgz 0ms (cache hit)
1499 http cache debug@https://registry.npmjs.org/debug/-/debug-4.4.3.tgz 0ms (cache hit)
1500 http cache ms@https://registry.npmjs.org/ms/-/ms-2.1.3.tgz 0ms (cache hit)
1501 http cache debug@https://registry.npmjs.org/debug/-/debug-4.4.3.tgz 1ms (cache hit)
1502 http cache webidl-conversions@https://registry.npmjs.org/webidl-conversions/-/webidl-conversions-3.0.1.tgz 0ms (cache hit)
1503 http cache tr46@https://registry.npmjs.org/tr46/-/tr46-0.0.3.tgz 0ms (cache hit)
1504 http cache whatwg-url@https://registry.npmjs.org/whatwg-url/-/whatwg-url-5.0.0.tgz 0ms (cache hit)
1505 http cache ms@https://registry.npmjs.org/ms/-/ms-2.1.3.tgz 0ms (cache hit)
1506 http cache thread-stream@https://registry.npmjs.org/thread-stream/-/thread-stream-3.1.0.tgz 0ms (cache hit)
1507 http cache sonic-boom@https://registry.npmjs.org/sonic-boom/-/sonic-boom-4.2.1.tgz 0ms (cache hit)
1508 http cache process-warning@https://registry.npmjs.org/process-warning/-/process-warning-5.0.0.tgz 0ms (cache hit)
1509 http cache pino-std-serializers@https://registry.npmjs.org/pino-std-serializers/-/pino-std-serializers-7.1.0.tgz 0ms (cache hit)
1510 http cache pino-abstract-transport@https://registry.npmjs.org/pino-abstract-transport/-/pino-abstract-transport-2.0.0.tgz 0ms (cache hit)
1511 http cache pino@https://registry.npmjs.org/pino/-/pino-9.14.0.tgz 0ms (cache hit)
1512 http cache has-symbols@https://registry.npmjs.org/has-symbols/-/has-symbols-1.1.0.tgz 0ms (cache hit)
1513 silly tarball no local data for @pinojs/redact@https://registry.npmjs.org/@pinojs/redact/-/redact-0.4.0.tgz. Extracting by manifest.
1514 silly tarball no local data for tr46@https://registry.npmjs.org/tr46/-/tr46-5.1.1.tgz. Extracting by manifest.
1515 silly tarball no local data for @img/colour@https://registry.npmjs.org/@img/colour/-/colour-1.1.0.tgz. Extracting by manifest.
1516 silly tarball no local data for undici-types@https://registry.npmjs.org/undici-types/-/undici-types-7.24.6.tgz. Extracting by manifest.
1517 silly tarball no local data for @types/node@https://registry.npmjs.org/@types/node/-/node-25.9.1.tgz. Extracting by manifest.
1518 silly tarball no local data for @protobufjs/eventemitter@https://registry.npmjs.org/@protobufjs/eventemitter/-/eventemitter-1.1.1.tgz. Extracting by manifest.
1519 silly tarball no local data for thread-stream@https://registry.npmjs.org/thread-stream/-/thread-stream-2.7.0.tgz. Extracting by manifest.
1520 silly tarball no local data for sonic-boom@https://registry.npmjs.org/sonic-boom/-/sonic-boom-3.8.1.tgz. Extracting by manifest.
1521 silly tarball no local data for real-require@https://registry.npmjs.org/real-require/-/real-require-0.2.0.tgz. Extracting by manifest.
1522 silly tarball no local data for process-warning@https://registry.npmjs.org/process-warning/-/process-warning-3.0.0.tgz. Extracting by manifest.
1523 silly tarball no local data for pino-std-serializers@https://registry.npmjs.org/pino-std-serializers/-/pino-std-serializers-6.2.2.tgz. Extracting by manifest.
1524 silly tarball no local data for pino-abstract-transport@https://registry.npmjs.org/pino-abstract-transport/-/pino-abstract-transport-1.2.0.tgz. Extracting by manifest.
1525 silly tarball no local data for on-exit-leak-free@https://registry.npmjs.org/on-exit-leak-free/-/on-exit-leak-free-2.1.2.tgz. Extracting by manifest.
1526 silly tarball no local data for @tokenizer/inflate@https://registry.npmjs.org/@tokenizer/inflate/-/inflate-0.4.1.tgz. Extracting by manifest.
1527 silly tarball no local data for win-guid@https://registry.npmjs.org/win-guid/-/win-guid-0.2.1.tgz. Extracting by manifest.
1528 silly tarball no local data for uint8array-extras@https://registry.npmjs.org/uint8array-extras/-/uint8array-extras-1.5.0.tgz. Extracting by manifest.
1529 silly tarball no local data for token-types@https://registry.npmjs.org/token-types/-/token-types-6.1.2.tgz. Extracting by manifest.
1530 silly tarball no local data for strtok3@https://registry.npmjs.org/strtok3/-/strtok3-10.3.5.tgz. Extracting by manifest.
1531 silly tarball no local data for file-type@https://registry.npmjs.org/file-type/-/file-type-21.3.4.tgz. Extracting by manifest.
1532 silly tarball no local data for @borewit/text-codec@https://registry.npmjs.org/@borewit/text-codec/-/text-codec-0.2.2.tgz. Extracting by manifest.
1533 silly tarball no local data for whatwg-url@https://registry.npmjs.org/whatwg-url/-/whatwg-url-14.2.0.tgz. Extracting by manifest.
1534 silly tarball no local data for @types/whatwg-url@https://registry.npmjs.org/@types/whatwg-url/-/whatwg-url-11.0.5.tgz. Extracting by manifest.
1535 silly tarball no local data for mongodb-connection-string-url@https://registry.npmjs.org/mongodb-connection-string-url/-/mongodb-connection-string-url-3.0.2.tgz. Extracting by manifest.
1536 silly tarball no local data for sift@https://registry.npmjs.org/sift/-/sift-17.1.3.tgz. Extracting by manifest.
1537 silly tarball no local data for mquery@https://registry.npmjs.org/mquery/-/mquery-5.0.0.tgz. Extracting by manifest.
1538 silly tarball no local data for mongodb@https://registry.npmjs.org/mongodb/-/mongodb-6.20.0.tgz. Extracting by manifest.
1539 silly tarball no local data for kareem@https://registry.npmjs.org/kareem/-/kareem-2.6.3.tgz. Extracting by manifest.
1540 silly tarball no local data for bson@https://registry.npmjs.org/bson/-/bson-6.10.4.tgz. Extracting by manifest.
1541 silly tarball no local data for @keyv/serialize@https://registry.npmjs.org/@keyv/serialize/-/serialize-1.1.1.tgz. Extracting by manifest.
1542 silly tarball no local data for hashery@https://registry.npmjs.org/hashery/-/hashery-1.5.1.tgz. Extracting by manifest.
1543 silly tarball no local data for @keyv/bigmap@https://registry.npmjs.org/@keyv/bigmap/-/bigmap-1.3.1.tgz. Extracting by manifest.
1544 silly tarball no local data for qified@https://registry.npmjs.org/qified/-/qified-0.10.1.tgz. Extracting by manifest.
1545 silly tarball no local data for @cacheable/utils@https://registry.npmjs.org/@cacheable/utils/-/utils-2.4.1.tgz. Extracting by manifest.
1546 silly tarball no local data for @cacheable/memory@https://registry.npmjs.org/@cacheable/memory/-/memory-2.0.9.tgz. Extracting by manifest.
1547 silly tarball no local data for keyv@https://registry.npmjs.org/keyv/-/keyv-5.6.0.tgz. Extracting by manifest.
1548 silly tarball no local data for hookified@https://registry.npmjs.org/hookified/-/hookified-1.15.1.tgz. Extracting by manifest.
1549 silly tarball no local data for cacheable@https://registry.npmjs.org/cacheable/-/cacheable-2.3.5.tgz. Extracting by manifest.
1550 silly tarball no local data for ws@https://registry.npmjs.org/ws/-/ws-8.21.0.tgz. Extracting by manifest.
1551 silly tarball no local data for protobufjs@https://registry.npmjs.org/protobufjs/-/protobufjs-7.6.1.tgz. Extracting by manifest.
1552 silly tarball no local data for music-metadata@https://registry.npmjs.org/music-metadata/-/music-metadata-11.12.3.tgz. Extracting by manifest.
1553 silly tarball no local data for async-mutex@https://registry.npmjs.org/async-mutex/-/async-mutex-0.5.0.tgz. Extracting by manifest.
1554 silly tarball no local data for @cacheable/node-cache@https://registry.npmjs.org/@cacheable/node-cache/-/node-cache-1.7.6.tgz. Extracting by manifest.
1555 silly tarball no local data for pino@https://registry.npmjs.org/pino/-/pino-8.21.0.tgz. Extracting by manifest.
1556 silly tarball no local data for mongoose@https://registry.npmjs.org/mongoose/-/mongoose-8.24.0.tgz. Extracting by manifest.
1557 silly tarball no local data for fs-extra@https://registry.npmjs.org/fs-extra/-/fs-extra-11.3.5.tgz. Extracting by manifest.
1558 silly tarball no local data for sharp@https://registry.npmjs.org/sharp/-/sharp-0.34.5.tgz. Extracting by manifest.
1559 silly tarball no local data for @whiskeysockets/baileys@https://registry.npmjs.org/@whiskeysockets/baileys/-/baileys-6.7.23.tgz. Extracting by manifest.
1560 silly tarball no local data for hookified@https://registry.npmjs.org/hookified/-/hookified-2.2.0.tgz. Extracting by manifest.
1561 silly tarball no local data for thread-stream@https://registry.npmjs.org/thread-stream/-/thread-stream-3.1.0.tgz. Extracting by manifest.
1562 silly tarball no local data for sonic-boom@https://registry.npmjs.org/sonic-boom/-/sonic-boom-4.2.1.tgz. Extracting by manifest.
1563 silly tarball no local data for process-warning@https://registry.npmjs.org/process-warning/-/process-warning-5.0.0.tgz. Extracting by manifest.
1564 silly tarball no local data for pino-std-serializers@https://registry.npmjs.org/pino-std-serializers/-/pino-std-serializers-7.1.0.tgz. Extracting by manifest.
1565 silly tarball no local data for pino-abstract-transport@https://registry.npmjs.org/pino-abstract-transport/-/pino-abstract-transport-2.0.0.tgz. Extracting by manifest.
1566 silly tarball no local data for pino@https://registry.npmjs.org/pino/-/pino-9.14.0.tgz. Extracting by manifest.
1567 http fetch POST 200 https://registry.npmjs.org/-/npm/v1/security/advisories/bulk 3123ms
1568 silly audit report {}
1569 http fetch GET 200 https://registry.npmjs.org/uint8array-extras/-/uint8array-extras-1.5.0.tgz 4481ms (cache miss)
1570 http fetch GET 200 https://registry.npmjs.org/token-types/-/token-types-6.1.2.tgz 4480ms (cache miss)
1571 http fetch GET 200 https://registry.npmjs.org/@protobufjs/eventemitter/-/eventemitter-1.1.1.tgz 4560ms (cache miss)
1572 http fetch GET 200 https://registry.npmjs.org/@img/colour/-/colour-1.1.0.tgz 4679ms (cache miss)
1573 http fetch GET 200 https://registry.npmjs.org/mongodb-connection-string-url/-/mongodb-connection-string-url-3.0.2.tgz 4621ms (cache miss)
1574 http fetch GET 200 https://registry.npmjs.org/@types/whatwg-url/-/whatwg-url-11.0.5.tgz 4692ms (cache miss)
1575 http fetch GET 200 https://registry.npmjs.org/@borewit/text-codec/-/text-codec-0.2.2.tgz 4989ms (cache miss)
1576 http fetch GET 200 https://registry.npmjs.org/@keyv/serialize/-/serialize-1.1.1.tgz 4937ms (cache miss)
1577 http fetch GET 200 https://registry.npmjs.org/kareem/-/kareem-2.6.3.tgz 5000ms (cache miss)
1578 http fetch GET 200 https://registry.npmjs.org/file-type/-/file-type-21.3.4.tgz 5158ms (cache miss)
1579 http fetch GET 200 https://registry.npmjs.org/real-require/-/real-require-0.2.0.tgz 5232ms (cache miss)
1580 http fetch GET 200 https://registry.npmjs.org/@keyv/bigmap/-/bigmap-1.3.1.tgz 5257ms (cache miss)
1581 http fetch GET 200 https://registry.npmjs.org/qified/-/qified-0.10.1.tgz 5370ms (cache miss)
1582 http fetch GET 200 https://registry.npmjs.org/tr46/-/tr46-5.1.1.tgz 5700ms (cache miss)
1583 http fetch GET 200 https://registry.npmjs.org/async-mutex/-/async-mutex-0.5.0.tgz 5476ms (cache miss)
1584 http fetch GET 200 https://registry.npmjs.org/@cacheable/utils/-/utils-2.4.1.tgz 5642ms (cache miss)
1585 http fetch GET 200 https://registry.npmjs.org/@cacheable/memory/-/memory-2.0.9.tgz 5641ms (cache miss)
1586 http fetch GET 200 https://registry.npmjs.org/on-exit-leak-free/-/on-exit-leak-free-2.1.2.tgz 6051ms (cache miss)
1587 http fetch GET 200 https://registry.npmjs.org/mquery/-/mquery-5.0.0.tgz 5997ms (cache miss)
1588 http fetch GET 200 https://registry.npmjs.org/@pinojs/redact/-/redact-0.4.0.tgz 6197ms (cache miss)
1589 http fetch GET 200 https://registry.npmjs.org/whatwg-url/-/whatwg-url-14.2.0.tgz 6070ms (cache miss)
1590 http fetch GET 200 https://registry.npmjs.org/process-warning/-/process-warning-3.0.0.tgz 6420ms (cache miss)
1591 http fetch GET 200 https://registry.npmjs.org/cacheable/-/cacheable-2.3.5.tgz 6341ms (cache miss)
1592 http fetch GET 200 https://registry.npmjs.org/undici-types/-/undici-types-7.24.6.tgz 6675ms (cache miss)
1593 http fetch GET 200 https://registry.npmjs.org/@cacheable/node-cache/-/node-cache-1.7.6.tgz 6409ms (cache miss)
1594 http fetch GET 200 https://registry.npmjs.org/process-warning/-/process-warning-5.0.0.tgz 6581ms (cache miss)
1595 http fetch GET 200 https://registry.npmjs.org/sonic-boom/-/sonic-boom-3.8.1.tgz 6988ms (cache miss)
1596 http fetch GET 200 https://registry.npmjs.org/sift/-/sift-17.1.3.tgz 7071ms (cache miss)
1597 http fetch GET 200 https://registry.npmjs.org/hashery/-/hashery-1.5.1.tgz 7062ms (cache miss)
1598 http fetch GET 200 https://registry.npmjs.org/hookified/-/hookified-1.15.1.tgz 7057ms (cache miss)
1599 http fetch GET 200 https://registry.npmjs.org/pino-std-serializers/-/pino-std-serializers-6.2.2.tgz 7525ms (cache miss)
1600 http fetch GET 200 https://registry.npmjs.org/win-guid/-/win-guid-0.2.1.tgz 7677ms (cache miss)
1601 http fetch GET 200 https://registry.npmjs.org/ws/-/ws-8.21.0.tgz 7608ms (cache miss)
1602 http fetch GET 200 https://registry.npmjs.org/pino-abstract-transport/-/pino-abstract-transport-2.0.0.tgz 7627ms (cache miss)
1603 http fetch GET 200 https://registry.npmjs.org/hookified/-/hookified-2.2.0.tgz 7723ms (cache miss)
1604 http fetch GET 200 https://registry.npmjs.org/pino-std-serializers/-/pino-std-serializers-7.1.0.tgz 7779ms (cache miss)
1605 http fetch GET 200 https://registry.npmjs.org/sonic-boom/-/sonic-boom-4.2.1.tgz 7906ms (cache miss)
1606 http fetch GET 200 https://registry.npmjs.org/strtok3/-/strtok3-10.3.5.tgz 8617ms (cache miss)
1607 http fetch GET 200 https://registry.npmjs.org/keyv/-/keyv-5.6.0.tgz 8622ms (cache miss)
1608 http fetch GET 200 https://registry.npmjs.org/@tokenizer/inflate/-/inflate-0.4.1.tgz 8941ms (cache miss)
1609 http fetch GET 200 https://registry.npmjs.org/thread-stream/-/thread-stream-2.7.0.tgz 9040ms (cache miss)
1610 http fetch GET 200 https://registry.npmjs.org/fs-extra/-/fs-extra-11.3.5.tgz 9077ms (cache miss)
1611 http fetch GET 200 https://registry.npmjs.org/thread-stream/-/thread-stream-3.1.0.tgz 9560ms (cache miss)
1612 http fetch GET 200 https://registry.npmjs.org/sharp/-/sharp-0.34.5.tgz 9595ms (cache miss)
1613 http fetch GET 200 https://registry.npmjs.org/@types/node/-/node-25.9.1.tgz 10589ms (cache miss)
1614 http fetch GET 200 https://codeload.github.com/whiskeysockets/libsignal-node/tar.gz/bcea72df9ec34d9d9140ab30619cf479c7c144c7 7656ms (cache miss)
1615 silly packumentCache heap:1071644672 maxSize:267911168 maxEntrySize:133955584
1616 http fetch GET 200 https://registry.npmjs.org/bson/-/bson-6.10.4.tgz 10764ms (cache miss)
1617 http fetch GET 200 https://registry.npmjs.org/pino-abstract-transport/-/pino-abstract-transport-1.2.0.tgz 11516ms (cache miss)
1618 http fetch GET 200 https://registry.npmjs.org/protobufjs/-/protobufjs-7.6.1.tgz 11583ms (cache miss)
1619 http fetch GET 200 https://registry.npmjs.org/pino/-/pino-8.21.0.tgz 12939ms (cache miss)
1620 http fetch GET 200 https://registry.npmjs.org/pino/-/pino-9.14.0.tgz 13018ms (cache miss)
1621 http fetch GET 200 https://registry.npmjs.org/music-metadata/-/music-metadata-11.12.3.tgz 13217ms (cache miss)
1622 http fetch GET 200 https://registry.npmjs.org/mongoose/-/mongoose-8.24.0.tgz 14230ms (cache miss)
1623 http fetch GET 200 https://registry.npmjs.org/mongodb/-/mongodb-6.20.0.tgz 14931ms (cache miss)
1624 http fetch GET 200 https://registry.npmjs.org/@whiskeysockets/baileys/-/baileys-6.7.23.tgz 15178ms (cache miss)
1625 info run @whiskeysockets/baileys@6.7.23 preinstall node_modules/@whiskeysockets/baileys node ./engine-requirements.js
1626 info run @whiskeysockets/baileys@6.7.23 preinstall { code: 0, signal: null }
1627 info run sharp@0.34.5 install node_modules/sharp node install/check.js || npm run build
1628 info run sharp@0.34.5 install { code: 0, signal: null }
1629 info run protobufjs@7.6.1 postinstall node_modules/protobufjs node scripts/postinstall
1630 info run protobufjs@7.6.1 postinstall { code: 0, signal: null }
1631 silly ADD node_modules/@pinojs/redact
1632 silly ADD node_modules/camelcase
1633 silly ADD node_modules/color-name
1634 silly ADD node_modules/color-convert
1635 silly ADD node_modules/ansi-styles
1636 silly ADD node_modules/ansi-regex
1637 silly ADD node_modules/is-fullwidth-code-point
1638 silly ADD node_modules/emoji-regex
1639 silly ADD node_modules/p-try
1640 silly ADD node_modules/p-limit
1641 silly ADD node_modules/p-locate
1642 silly ADD node_modules/path-exists
1643 silly ADD node_modules/locate-path
1644 silly ADD node_modules/wrap-ansi
1645 silly ADD node_modules/strip-ansi
1646 silly ADD node_modules/yargs-parser
1647 silly ADD node_modules/y18n
1648 silly ADD node_modules/which-module
1649 silly ADD node_modules/string-width
1650 silly ADD node_modules/set-blocking
1651 silly ADD node_modules/require-main-filename
1652 silly ADD node_modules/require-directory
1653 silly ADD node_modules/get-caller-file
1654 silly ADD node_modules/find-up
1655 silly ADD node_modules/decamelize
1656 silly ADD node_modules/cliui
1657 silly ADD node_modules/punycode
1658 silly ADD node_modules/webidl-conversions
1659 silly ADD node_modules/tr46
1660 silly ADD node_modules/memory-pager
1661 silly ADD node_modules/call-bound
1662 silly ADD node_modules/side-channel-weakmap
1663 silly ADD node_modules/side-channel-map
1664 silly ADD node_modules/side-channel-list
1665 silly ADD node_modules/object-inspect
1666 silly ADD node_modules/semver
1667 silly ADD node_modules/detect-libc
1668 silly ADD node_modules/@img/colour
1669 silly ADD node_modules/mime
1670 silly ADD node_modules/ieee754
1671 silly ADD node_modules/base64-js
1672 silly ADD node_modules/event-target-shim
1673 silly ADD node_modules/string_decoder
1674 silly ADD node_modules/process
1675 silly ADD node_modules/events
1676 silly ADD node_modules/buffer
1677 silly ADD node_modules/abort-controller
1678 silly ADD node_modules/side-channel
1679 silly ADD node_modules/yargs
1680 silly ADD node_modules/pngjs
1681 silly ADD node_modules/dijkstrajs
1682 silly ADD node_modules/ipaddr.js
1683 silly ADD node_modules/forwarded
1684 silly ADD node_modules/undici-types
1685 silly ADD node_modules/long
1686 silly ADD node_modules/@types/node
1687 silly ADD node_modules/@protobufjs/utf8
1688 silly ADD node_modules/@protobufjs/pool
1689 silly ADD node_modules/@protobufjs/path
1690 silly ADD node_modules/@protobufjs/inquire
1691 silly ADD node_modules/@protobufjs/float
1692 silly ADD node_modules/@protobufjs/fetch
1693 silly ADD node_modules/@protobufjs/eventemitter
1694 silly ADD node_modules/@protobufjs/codegen
1695 silly ADD node_modules/@protobufjs/base64
1696 silly ADD node_modules/@protobufjs/aspromise
1697 silly ADD node_modules/split2
1698 silly ADD node_modules/readable-stream
1699 silly ADD node_modules/thread-stream
1700 silly ADD node_modules/sonic-boom
1701 silly ADD node_modules/safe-stable-stringify
1702 silly ADD node_modules/real-require
1703 silly ADD node_modules/quick-format-unescaped
1704 silly ADD node_modules/process-warning
1705 silly ADD node_modules/pino-std-serializers
1706 silly ADD node_modules/pino-abstract-transport
1707 silly ADD node_modules/on-exit-leak-free
1708 silly ADD node_modules/fast-redact
1709 silly ADD node_modules/atomic-sleep
1710 silly ADD node_modules/ee-first
1711 silly ADD node_modules/@tokenizer/inflate
1712 silly ADD node_modules/@tokenizer/inflate/node_modules/ms
1713 silly ADD node_modules/@tokenizer/inflate/node_modules/debug
1714 silly ADD node_modules/win-guid
1715 silly ADD node_modules/uint8array-extras
1716 silly ADD node_modules/token-types
1717 silly ADD node_modules/strtok3
1718 silly ADD node_modules/media-typer
1719 silly ADD node_modules/file-type
1720 silly ADD node_modules/@tokenizer/token
1721 silly ADD node_modules/@borewit/text-codec
1722 silly ADD node_modules/@types/webidl-conversions
1723 silly ADD node_modules/whatwg-url
1724 silly ADD node_modules/@types/whatwg-url
1725 silly ADD node_modules/sparse-bitfield
1726 silly ADD node_modules/mongodb-connection-string-url
1727 silly ADD node_modules/@mongodb-js/saslprep
1728 silly ADD node_modules/sift
1729 silly ADD node_modules/mquery
1730 silly ADD node_modules/mquery/node_modules/ms
1731 silly ADD node_modules/mquery/node_modules/debug
1732 silly ADD node_modules/mpath
1733 silly ADD node_modules/mongodb
1734 silly ADD node_modules/kareem
1735 silly ADD node_modules/bson
1736 silly ADD node_modules/mime-db
1737 silly ADD node_modules/curve25519-js
1738 silly ADD node_modules/@keyv/serialize
1739 silly ADD node_modules/safer-buffer
1740 silly ADD node_modules/agent-base
1741 silly ADD node_modules/agent-base/node_modules/ms
1742 silly ADD node_modules/agent-base/node_modules/debug
1743 silly ADD node_modules/toidentifier
1744 silly ADD node_modules/inherits
1745 silly ADD node_modules/dunder-proto
1746 silly ADD node_modules/math-intrinsics
1747 silly ADD node_modules/has-symbols
1748 silly ADD node_modules/gopd
1749 silly ADD node_modules/get-proto
1750 silly ADD node_modules/function-bind
1751 silly ADD node_modules/es-object-atoms
1752 silly ADD node_modules/es-define-property
1753 silly ADD node_modules/call-bind-apply-helpers
1754 silly ADD node_modules/universalify
1755 silly ADD node_modules/jsonfile
1756 silly ADD node_modules/graceful-fs
1757 silly ADD node_modules/has-tostringtag
1758 silly ADD node_modules/get-intrinsic
1759 silly ADD node_modules/es-errors
1760 silly ADD node_modules/delayed-stream
1761 silly ADD node_modules/hasown
1762 silly ADD node_modules/es-set-tostringtag
1763 silly ADD node_modules/combined-stream
1764 silly ADD node_modules/asynckit
1765 silly ADD node_modules/ms
1766 silly ADD node_modules/unpipe
1767 silly ADD node_modules/raw-body
1768 silly ADD node_modules/iconv-lite
1769 silly ADD node_modules/destroy
1770 silly ADD node_modules/bytes
1771 silly ADD node_modules/negotiator
1772 silly ADD node_modules/mime-types
1773 silly ADD node_modules/vary
1774 silly ADD node_modules/utils-merge
1775 silly ADD node_modules/type-is
1776 silly ADD node_modules/type-is/node_modules/media-typer
1777 silly ADD node_modules/statuses
1778 silly ADD node_modules/setprototypeof
1779 silly ADD node_modules/serve-static
1780 silly ADD node_modules/send
1781 silly ADD node_modules/send/node_modules/ms
1782 silly ADD node_modules/safe-buffer
1783 silly ADD node_modules/range-parser
1784 silly ADD node_modules/qs
1785 silly ADD node_modules/proxy-addr
1786 silly ADD node_modules/path-to-regexp
1787 silly ADD node_modules/parseurl
1788 silly ADD node_modules/on-finished
1789 silly ADD node_modules/methods
1790 silly ADD node_modules/merge-descriptors
1791 silly ADD node_modules/http-errors
1792 silly ADD node_modules/fresh
1793 silly ADD node_modules/finalhandler
1794 silly ADD node_modules/etag
1795 silly ADD node_modules/escape-html
1796 silly ADD node_modules/encodeurl
1797 silly ADD node_modules/depd
1798 silly ADD node_modules/debug
1799 silly ADD node_modules/cookie-signature
1800 silly ADD node_modules/cookie
1801 silly ADD node_modules/content-type
1802 silly ADD node_modules/content-disposition
1803 silly ADD node_modules/body-parser
1804 silly ADD node_modules/array-flatten
1805 silly ADD node_modules/accepts
1806 silly ADD node_modules/hashery
1807 silly ADD node_modules/@keyv/bigmap
1808 silly ADD node_modules/qified
1809 silly ADD node_modules/qified/node_modules/hookified
1810 silly ADD node_modules/@cacheable/utils
1811 silly ADD node_modules/@cacheable/memory
1812 silly ADD node_modules/proxy-from-env
1813 silly ADD node_modules/https-proxy-agent
1814 silly ADD node_modules/https-proxy-agent/node_modules/ms
1815 silly ADD node_modules/https-proxy-agent/node_modules/debug
1816 silly ADD node_modules/form-data
1817 silly ADD node_modules/follow-redirects
1818 silly ADD node_modules/tslib
1819 silly ADD node_modules/@hapi/hoek
1820 silly ADD node_modules/keyv
1821 silly ADD node_modules/hookified
1822 silly ADD node_modules/cacheable
1823 silly ADD node_modules/ws
1824 silly ADD node_modules/protobufjs
1825 silly ADD node_modules/music-metadata
1826 silly ADD node_modules/music-metadata/node_modules/ms
1827 silly ADD node_modules/music-metadata/node_modules/debug
1828 silly ADD node_modules/libsignal
1829 silly ADD node_modules/async-mutex
1830 silly ADD node_modules/@hapi/boom
1831 silly ADD node_modules/@cacheable/node-cache
1832 silly ADD node_modules/qrcode
1833 silly ADD node_modules/pino
1834 silly ADD node_modules/node-fetch
1835 silly ADD node_modules/node-fetch/node_modules/webidl-conversions
1836 silly ADD node_modules/node-fetch/node_modules/tr46
1837 silly ADD node_modules/node-fetch/node_modules/whatwg-url
1838 silly ADD node_modules/mongoose
1839 silly ADD node_modules/mongoose/node_modules/ms
1840 silly ADD node_modules/fs-extra
1841 silly ADD node_modules/express
1842 silly ADD node_modules/dotenv
1843 silly ADD node_modules/axios
1844 silly ADD node_modules/sharp
1845 silly ADD node_modules/@whiskeysockets/baileys
1846 silly ADD node_modules/@whiskeysockets/baileys/node_modules/thread-stream
1847 silly ADD node_modules/@whiskeysockets/baileys/node_modules/sonic-boom
1848 silly ADD node_modules/@whiskeysockets/baileys/node_modules/process-warning
1849 silly ADD node_modules/@whiskeysockets/baileys/node_modules/pino-std-serializers
1850 silly ADD node_modules/@whiskeysockets/baileys/node_modules/pino-abstract-transport
1851 silly ADD node_modules/@whiskeysockets/baileys/node_modules/pino
1852 verbose cwd /data/data/com.termux/files/home/xavibot
1853 verbose os Linux 4.19.111-27127798
1854 verbose node v26.1.0
1855 verbose npm  v11.15.0
1856 verbose exit 0
1857 info ok
