0 verbose cli /data/data/com.termux/files/usr/bin/node /data/data/com.termux/files/usr/bin/npm
1 info using npm@11.15.0
2 info using node@v26.1.0
3 silly config load:file:/data/data/com.termux/files/usr/lib/node_modules/npm/npmrc
4 silly config load:file:/data/data/com.termux/files/home/xavi-bot-v1.5/.npmrc
5 silly config load:file:/data/data/com.termux/files/home/.npmrc
6 silly config load:file:/data/data/com.termux/files/usr/etc/npmrc
7 verbose title npm install
8 verbose argv "install"
9 verbose logfile logs-max:10 dir:/data/data/com.termux/files/home/.npm/_logs/2026-05-22T00_03_36_240Z-
10 verbose logfile /data/data/com.termux/files/home/.npm/_logs/2026-05-22T00_03_36_240Z-debug-0.log
11 silly logfile done cleaning log files
12 silly packumentCache heap:1071644672 maxSize:267911168 maxEntrySize:133955584
13 silly idealTree buildDeps
14 silly fetch manifest @adiwajshing/keyed-db@^0.2.4
15 silly packumentCache full:https://registry.npmjs.org/@adiwajshing%2fkeyed-db cache-miss
16 http fetch GET 200 https://registry.npmjs.org/@adiwajshing%2fkeyed-db 2671ms (cache miss)
17 silly packumentCache full:https://registry.npmjs.org/@adiwajshing%2fkeyed-db set size:undefined disposed:false
18 silly fetch manifest @distube/ytdl-core@^4.13.5
19 silly packumentCache full:https://registry.npmjs.org/@distube%2fytdl-core cache-miss
20 http fetch GET 200 https://registry.npmjs.org/@distube%2fytdl-core 1004ms (cache miss)
21 silly packumentCache full:https://registry.npmjs.org/@distube%2fytdl-core set size:undefined disposed:false
22 silly fetch manifest @hapi/boom@^9.1.4
23 silly packumentCache full:https://registry.npmjs.org/@hapi%2fboom cache-miss
24 http fetch GET 200 https://registry.npmjs.org/@hapi%2fboom 1001ms (cache miss)
25 silly packumentCache full:https://registry.npmjs.org/@hapi%2fboom set size:undefined disposed:false
26 silly fetch manifest @whiskeysockets/baileys@6.6.0
27 silly packumentCache full:https://registry.npmjs.org/@whiskeysockets%2fbaileys cache-miss
28 http fetch GET 200 https://registry.npmjs.org/@whiskeysockets%2fbaileys 1105ms (cache miss)
29 silly packumentCache full:https://registry.npmjs.org/@whiskeysockets%2fbaileys set size:undefined disposed:false
30 silly fetch manifest jimp@^0.16.1
31 silly packumentCache full:https://registry.npmjs.org/jimp cache-miss
32 http fetch GET 200 https://registry.npmjs.org/jimp 731ms (cache miss)
33 silly packumentCache full:https://registry.npmjs.org/jimp set size:undefined disposed:false
34 silly fetch manifest link-preview-js@^3.0.0
35 silly packumentCache full:https://registry.npmjs.org/link-preview-js cache-miss
36 http fetch GET 200 https://registry.npmjs.org/link-preview-js 616ms (cache miss)
37 silly packumentCache full:https://registry.npmjs.org/link-preview-js set size:undefined disposed:false
38 silly fetch manifest qrcode-terminal@^0.12.0
39 silly packumentCache full:https://registry.npmjs.org/qrcode-terminal cache-miss
40 http fetch GET 200 https://registry.npmjs.org/qrcode-terminal 563ms (cache miss)
41 silly packumentCache full:https://registry.npmjs.org/qrcode-terminal set size:undefined disposed:false
42 silly fetch manifest sharp@^0.32.2
43 silly packumentCache full:https://registry.npmjs.org/sharp cache-miss
44 http fetch GET 200 https://registry.npmjs.org/sharp 490ms (cache miss)
45 silly packumentCache full:https://registry.npmjs.org/sharp set size:undefined disposed:false
46 silly fetch manifest acrcloud@^1.4.0
47 silly packumentCache full:https://registry.npmjs.org/acrcloud cache-miss
48 http fetch GET 200 https://registry.npmjs.org/acrcloud 610ms (cache miss)
49 silly packumentCache full:https://registry.npmjs.org/acrcloud set size:undefined disposed:false
50 silly fetch manifest anime-character-random@latest
51 silly packumentCache full:https://registry.npmjs.org/anime-character-random cache-miss
52 http fetch GET 200 https://registry.npmjs.org/anime-character-random 578ms (cache miss)
53 silly packumentCache full:https://registry.npmjs.org/anime-character-random set size:undefined disposed:false
54 silly fetch manifest async-g-i-s@^1.4.0
55 silly packumentCache full:https://registry.npmjs.org/async-g-i-s cache-miss
56 http fetch GET 200 https://registry.npmjs.org/async-g-i-s 376ms (cache miss)
57 silly packumentCache full:https://registry.npmjs.org/async-g-i-s set size:undefined disposed:false
58 silly fetch manifest node-fetch@^2.6.1
59 silly packumentCache full:https://registry.npmjs.org/node-fetch cache-miss
60 http fetch GET 200 https://registry.npmjs.org/node-fetch 996ms (cache miss)
61 silly packumentCache full:https://registry.npmjs.org/node-fetch set size:undefined disposed:false
62 silly fetch manifest encoding@^0.1.0
63 silly packumentCache full:https://registry.npmjs.org/encoding cache-miss
64 http fetch GET 200 https://registry.npmjs.org/encoding 468ms (cache miss)
65 silly packumentCache full:https://registry.npmjs.org/encoding set size:undefined disposed:false
66 silly fetch manifest axios@^0.24.0
67 silly packumentCache full:https://registry.npmjs.org/axios cache-miss
68 http fetch GET 200 https://registry.npmjs.org/axios 1464ms (cache miss)
69 silly packumentCache full:https://registry.npmjs.org/axios set size:undefined disposed:false
70 silly fetch manifest bcryptjs@^2.4.3
71 silly packumentCache full:https://registry.npmjs.org/bcryptjs cache-miss
72 http fetch GET 200 https://registry.npmjs.org/bcryptjs 538ms (cache miss)
73 silly packumentCache full:https://registry.npmjs.org/bcryptjs set size:undefined disposed:false
74 silly fetch manifest canvas@^2.11.2
75 silly packumentCache full:https://registry.npmjs.org/canvas cache-miss
76 http fetch GET 200 https://registry.npmjs.org/canvas 597ms (cache miss)
77 silly packumentCache full:https://registry.npmjs.org/canvas set size:undefined disposed:false
78 silly fetch manifest cheerio@^1.0.0-rc.10
79 silly packumentCache full:https://registry.npmjs.org/cheerio cache-miss
80 http fetch GET 200 https://registry.npmjs.org/cheerio 418ms (cache miss)
81 silly packumentCache full:https://registry.npmjs.org/cheerio set size:undefined disposed:false
82 silly fetch manifest child_process@^1.0.2
83 silly packumentCache full:https://registry.npmjs.org/child_process cache-miss
84 http fetch GET 200 https://registry.npmjs.org/child_process 423ms (cache miss)
85 silly packumentCache full:https://registry.npmjs.org/child_process set size:undefined disposed:false
86 silly fetch manifest connect-pg-simple@^9.0.1
87 silly packumentCache full:https://registry.npmjs.org/connect-pg-simple cache-miss
88 http fetch GET 200 https://registry.npmjs.org/connect-pg-simple 415ms (cache miss)
89 silly packumentCache full:https://registry.npmjs.org/connect-pg-simple set size:undefined disposed:false
90 silly fetch manifest cookie-parser@^1.4.6
91 silly packumentCache full:https://registry.npmjs.org/cookie-parser cache-miss
92 http fetch GET 200 https://registry.npmjs.org/cookie-parser 453ms (cache miss)
93 silly packumentCache full:https://registry.npmjs.org/cookie-parser set size:undefined disposed:false
94 silly fetch manifest crypto-js@latest
95 silly packumentCache full:https://registry.npmjs.org/crypto-js cache-miss
96 http fetch GET 200 https://registry.npmjs.org/crypto-js 414ms (cache miss)
97 silly packumentCache full:https://registry.npmjs.org/crypto-js set size:undefined disposed:false
98 silly fetch manifest dotenv@^16.0.0
99 silly packumentCache full:https://registry.npmjs.org/dotenv cache-miss
100 http fetch GET 200 https://registry.npmjs.org/dotenv 490ms (cache miss)
101 silly packumentCache full:https://registry.npmjs.org/dotenv set size:undefined disposed:false
102 silly fetch manifest express@^4.18.1
103 silly packumentCache full:https://registry.npmjs.org/express cache-miss
104 http fetch GET 200 https://registry.npmjs.org/express 531ms (cache miss)
105 silly packumentCache full:https://registry.npmjs.org/express set size:undefined disposed:false
106 silly fetch manifest express-session@^1.17.3
107 silly packumentCache full:https://registry.npmjs.org/express-session cache-miss
108 http fetch GET 200 https://registry.npmjs.org/express-session 557ms (cache miss)
109 silly packumentCache full:https://registry.npmjs.org/express-session set size:undefined disposed:false
110 silly fetch manifest ffmpeg@^0.0.4
111 silly packumentCache full:https://registry.npmjs.org/ffmpeg cache-miss
112 http fetch GET 200 https://registry.npmjs.org/ffmpeg 544ms (cache miss)
113 silly packumentCache full:https://registry.npmjs.org/ffmpeg set size:undefined disposed:false
114 silly fetch manifest file-type@^16.5.3
115 silly packumentCache full:https://registry.npmjs.org/file-type cache-miss
116 http fetch GET 200 https://registry.npmjs.org/file-type 515ms (cache miss)
117 silly packumentCache full:https://registry.npmjs.org/file-type set size:undefined disposed:false
118 silly fetch manifest fluent-ffmpeg@^2.1.2
119 silly packumentCache full:https://registry.npmjs.org/fluent-ffmpeg cache-miss
120 http fetch GET 200 https://registry.npmjs.org/fluent-ffmpeg 517ms (cache miss)
121 silly packumentCache full:https://registry.npmjs.org/fluent-ffmpeg set size:undefined disposed:false
122 silly fetch manifest form-data@^4.0.0
123 silly packumentCache full:https://registry.npmjs.org/form-data cache-miss
124 http fetch GET 200 https://registry.npmjs.org/form-data 739ms (cache miss)
125 silly packumentCache full:https://registry.npmjs.org/form-data set size:undefined disposed:false
126 silly fetch manifest fs-extra@^10.1.0
127 silly packumentCache full:https://registry.npmjs.org/fs-extra cache-miss
128 http fetch GET 200 https://registry.npmjs.org/fs-extra 440ms (cache miss)
129 silly packumentCache full:https://registry.npmjs.org/fs-extra set size:undefined disposed:false
130 silly fetch manifest google-tts-api@^2.0.2
131 silly packumentCache full:https://registry.npmjs.org/google-tts-api cache-miss
132 http fetch GET 200 https://registry.npmjs.org/google-tts-api 528ms (cache miss)
133 silly packumentCache full:https://registry.npmjs.org/google-tts-api set size:undefined disposed:false
134 silly fetch manifest jsdom@^16.4.0
135 silly packumentCache full:https://registry.npmjs.org/jsdom cache-miss
136 http fetch GET 200 https://registry.npmjs.org/jsdom 547ms (cache miss)
137 silly packumentCache full:https://registry.npmjs.org/jsdom set size:undefined disposed:false
138 silly fetch manifest moment@^2.30.1
139 silly packumentCache full:https://registry.npmjs.org/moment cache-miss
140 http fetch GET 200 https://registry.npmjs.org/moment 454ms (cache miss)
141 silly packumentCache full:https://registry.npmjs.org/moment set size:undefined disposed:false
142 silly fetch manifest moment-timezone@^0.5.34
143 silly packumentCache full:https://registry.npmjs.org/moment-timezone cache-miss
144 http fetch GET 200 https://registry.npmjs.org/moment-timezone 527ms (cache miss)
145 silly packumentCache full:https://registry.npmjs.org/moment-timezone set size:undefined disposed:false
146 silly fetch manifest mongoose@^6.2.1
147 silly packumentCache full:https://registry.npmjs.org/mongoose cache-miss
148 http fetch GET 200 https://registry.npmjs.org/mongoose 1121ms (cache miss)
149 silly packumentCache full:https://registry.npmjs.org/mongoose set size:undefined disposed:false
150 silly fetch manifest multer@^1.4.5-lts.1
151 silly packumentCache full:https://registry.npmjs.org/multer cache-miss
152 http fetch GET 200 https://registry.npmjs.org/multer 636ms (cache miss)
153 silly packumentCache full:https://registry.npmjs.org/multer set size:undefined disposed:false
154 silly fetch manifest node-cron@^3.0.0
155 silly packumentCache full:https://registry.npmjs.org/node-cron cache-miss
156 http fetch GET 200 https://registry.npmjs.org/node-cron 482ms (cache miss)
157 silly packumentCache full:https://registry.npmjs.org/node-cron set size:undefined disposed:false
158 silly fetch manifest node-webpmux@^3.1.0
159 silly packumentCache full:https://registry.npmjs.org/node-webpmux cache-miss
160 http fetch GET 200 https://registry.npmjs.org/node-webpmux 410ms (cache miss)
161 silly packumentCache full:https://registry.npmjs.org/node-webpmux set size:undefined disposed:false
162 silly fetch manifest path@^0.12.7
163 silly packumentCache full:https://registry.npmjs.org/path cache-miss
164 http fetch GET 200 https://registry.npmjs.org/path 456ms (cache miss)
165 silly packumentCache full:https://registry.npmjs.org/path set size:undefined disposed:false
166 silly fetch manifest pg@^8.11.3
167 silly packumentCache full:https://registry.npmjs.org/pg cache-miss
168 http fetch GET 200 https://registry.npmjs.org/pg 472ms (cache miss)
169 silly packumentCache full:https://registry.npmjs.org/pg set size:undefined disposed:false
170 silly fetch manifest pg-native@>=3.0.1
171 silly packumentCache full:https://registry.npmjs.org/pg-native cache-miss
172 http fetch GET 200 https://registry.npmjs.org/pg-native 1356ms (cache miss)
173 silly packumentCache full:https://registry.npmjs.org/pg-native set size:undefined disposed:false
174 silly fetch manifest pino@^7.0.5
175 silly packumentCache full:https://registry.npmjs.org/pino cache-miss
176 http fetch GET 200 https://registry.npmjs.org/pino 554ms (cache miss)
177 silly packumentCache full:https://registry.npmjs.org/pino set size:undefined disposed:false
178 silly fetch manifest pm2@^5.2.0
179 silly packumentCache full:https://registry.npmjs.org/pm2 cache-miss
180 http fetch GET 200 https://registry.npmjs.org/pm2 575ms (cache revalidated)
181 silly packumentCache full:https://registry.npmjs.org/pm2 set size:1060668 disposed:false
182 silly fetch manifest puppeteer@latest
183 silly packumentCache full:https://registry.npmjs.org/puppeteer cache-miss
184 http fetch GET 200 https://registry.npmjs.org/puppeteer 1501ms (cache miss)
185 silly packumentCache full:https://registry.npmjs.org/puppeteer set size:undefined disposed:false
186 silly fetch manifest qrcode@latest
187 silly packumentCache full:https://registry.npmjs.org/qrcode cache-miss
188 http fetch GET 200 https://registry.npmjs.org/qrcode 528ms (cache miss)
189 silly packumentCache full:https://registry.npmjs.org/qrcode set size:undefined disposed:false
190 silly fetch manifest simple-git@^3.15.1
191 silly packumentCache full:https://registry.npmjs.org/simple-git cache-miss
192 http fetch GET 200 https://registry.npmjs.org/simple-git 525ms (cache miss)
193 silly packumentCache full:https://registry.npmjs.org/simple-git set size:undefined disposed:false
194 silly fetch manifest translatte@^3.0.1
195 silly packumentCache full:https://registry.npmjs.org/translatte cache-miss
196 http fetch GET 200 https://registry.npmjs.org/translatte 587ms (cache miss)
197 silly packumentCache full:https://registry.npmjs.org/translatte set size:undefined disposed:false
198 silly fetch manifest util@^0.12.4
199 silly packumentCache full:https://registry.npmjs.org/util cache-miss
200 http fetch GET 200 https://registry.npmjs.org/util 528ms (cache miss)
201 silly packumentCache full:https://registry.npmjs.org/util set size:undefined disposed:false
202 silly fetch manifest wa-sticker-formatter@^4.3.2
203 silly packumentCache full:https://registry.npmjs.org/wa-sticker-formatter cache-miss
204 http fetch GET 200 https://registry.npmjs.org/wa-sticker-formatter 421ms (cache miss)
205 silly packumentCache full:https://registry.npmjs.org/wa-sticker-formatter set size:undefined disposed:false
206 silly fetch manifest ytdl-core@^4.11.5
207 silly packumentCache full:https://registry.npmjs.org/ytdl-core cache-miss
208 http fetch GET 200 https://registry.npmjs.org/ytdl-core 907ms (cache miss)
209 silly packumentCache full:https://registry.npmjs.org/ytdl-core set size:undefined disposed:false
210 silly placeDep ROOT @adiwajshing/keyed-db@0.2.4 OK for: xavi-bot-v1.5@1.5.0 want: ^0.2.4
211 silly placeDep ROOT @distube/ytdl-core@4.16.12 OK for: xavi-bot-v1.5@1.5.0 want: ^4.13.5
212 silly placeDep ROOT @hapi/boom@9.1.4 OK for: xavi-bot-v1.5@1.5.0 want: ^9.1.4
213 silly placeDep ROOT @whiskeysockets/baileys@6.6.0 OK for: xavi-bot-v1.5@1.5.0 want: 6.6.0
214 silly placeDep ROOT acrcloud@1.4.0 OK for: xavi-bot-v1.5@1.5.0 want: ^1.4.0
215 silly placeDep ROOT anime-character-random@1.0.14 OK for: xavi-bot-v1.5@1.5.0 want: latest
216 silly placeDep ROOT async-g-i-s@1.5.5 OK for: xavi-bot-v1.5@1.5.0 want: ^1.4.0
217 silly placeDep ROOT node-fetch@2.7.0 OK for: async-g-i-s@1.5.5 want: ^2.7.0
218 silly placeDep ROOT axios@0.24.0 OK for: xavi-bot-v1.5@1.5.0 want: ^0.24.0
219 silly placeDep ROOT bcryptjs@2.4.3 OK for: xavi-bot-v1.5@1.5.0 want: ^2.4.3
220 silly placeDep ROOT canvas@2.11.2 OK for: xavi-bot-v1.5@1.5.0 want: ^2.11.2
221 silly placeDep ROOT cheerio@1.2.0 OK for: xavi-bot-v1.5@1.5.0 want: ^1.0.0-rc.10
222 silly placeDep ROOT child_process@1.0.2 OK for: xavi-bot-v1.5@1.5.0 want: ^1.0.2
223 silly placeDep ROOT connect-pg-simple@9.0.1 OK for: xavi-bot-v1.5@1.5.0 want: ^9.0.1
224 silly placeDep ROOT cookie-parser@1.4.7 OK for: xavi-bot-v1.5@1.5.0 want: ^1.4.6
225 silly placeDep ROOT crypto-js@4.2.0 OK for: xavi-bot-v1.5@1.5.0 want: latest
226 silly placeDep ROOT dotenv@16.6.1 OK for: xavi-bot-v1.5@1.5.0 want: ^16.0.0
227 silly placeDep ROOT express@4.22.2 OK for: xavi-bot-v1.5@1.5.0 want: ^4.18.1
228 silly placeDep ROOT express-session@1.19.0 OK for: xavi-bot-v1.5@1.5.0 want: ^1.17.3
229 silly placeDep ROOT ffmpeg@0.0.4 OK for: xavi-bot-v1.5@1.5.0 want: ^0.0.4
230 silly placeDep ROOT file-type@16.5.4 OK for: xavi-bot-v1.5@1.5.0 want: ^16.5.3
231 silly placeDep ROOT fluent-ffmpeg@2.1.3 OK for: xavi-bot-v1.5@1.5.0 want: ^2.1.2
232 silly placeDep ROOT form-data@4.0.5 OK for: xavi-bot-v1.5@1.5.0 want: ^4.0.0
233 silly placeDep ROOT fs-extra@10.1.0 OK for: xavi-bot-v1.5@1.5.0 want: ^10.1.0
234 silly placeDep ROOT google-tts-api@2.0.2 OK for: xavi-bot-v1.5@1.5.0 want: ^2.0.2
235 silly placeDep ROOT jimp@0.16.13 OK for: xavi-bot-v1.5@1.5.0 want: ^0.16.1
236 silly placeDep ROOT jsdom@16.7.0 OK for: xavi-bot-v1.5@1.5.0 want: ^16.4.0
237 silly placeDep ROOT moment@2.30.1 OK for: xavi-bot-v1.5@1.5.0 want: ^2.30.1
238 silly placeDep ROOT moment-timezone@0.5.48 OK for: xavi-bot-v1.5@1.5.0 want: ^0.5.34
239 silly placeDep ROOT mongoose@6.13.9 OK for: xavi-bot-v1.5@1.5.0 want: ^6.2.1
240 silly placeDep ROOT multer@1.4.5-lts.2 OK for: xavi-bot-v1.5@1.5.0 want: ^1.4.5-lts.1
241 silly placeDep ROOT node-cron@3.0.3 OK for: xavi-bot-v1.5@1.5.0 want: ^3.0.0
242 silly placeDep ROOT node-webpmux@3.2.1 OK for: xavi-bot-v1.5@1.5.0 want: ^3.1.0
243 silly placeDep ROOT path@0.12.7 OK for: xavi-bot-v1.5@1.5.0 want: ^0.12.7
244 silly placeDep ROOT pg@8.21.0 OK for: xavi-bot-v1.5@1.5.0 want: ^8.11.3
245 silly placeDep ROOT pino@7.11.0 OK for: xavi-bot-v1.5@1.5.0 want: ^7.0.5
246 silly placeDep ROOT pm2@5.4.3 OK for: xavi-bot-v1.5@1.5.0 want: ^5.2.0
247 silly placeDep ROOT puppeteer@25.0.4 OK for: xavi-bot-v1.5@1.5.0 want: latest
248 silly placeDep ROOT qrcode@1.5.4 OK for: xavi-bot-v1.5@1.5.0 want: latest
249 silly placeDep ROOT simple-git@3.36.0 OK for: xavi-bot-v1.5@1.5.0 want: ^3.15.1
250 silly placeDep ROOT translatte@3.0.1 OK for: xavi-bot-v1.5@1.5.0 want: ^3.0.1
251 silly placeDep ROOT util@0.12.5 OK for: xavi-bot-v1.5@1.5.0 want: ^0.12.4
252 silly placeDep ROOT wa-sticker-formatter@4.4.4 OK for: xavi-bot-v1.5@1.5.0 want: ^4.3.2
253 silly placeDep ROOT ytdl-core@4.11.5 OK for: xavi-bot-v1.5@1.5.0 want: ^4.11.5
254 silly fetch manifest sax@^1.4.1
255 silly packumentCache full:https://registry.npmjs.org/sax cache-miss
256 silly fetch manifest undici@^7.8.0
257 silly packumentCache full:https://registry.npmjs.org/undici cache-miss
258 silly fetch manifest miniget@^4.2.3
259 silly packumentCache full:https://registry.npmjs.org/miniget cache-miss
260 silly fetch manifest m3u8stream@^0.8.6
261 silly packumentCache full:https://registry.npmjs.org/m3u8stream cache-miss
262 silly fetch manifest tough-cookie@^5.1.2
263 silly packumentCache full:https://registry.npmjs.org/tough-cookie cache-miss
264 silly fetch manifest http-cookie-agent@^7.0.1
265 silly packumentCache full:https://registry.npmjs.org/http-cookie-agent cache-miss
266 silly fetch manifest https-proxy-agent@^7.0.6
267 silly packumentCache full:https://registry.npmjs.org/https-proxy-agent cache-miss
268 http fetch GET 200 https://registry.npmjs.org/sax 436ms (cache miss)
269 silly packumentCache full:https://registry.npmjs.org/sax set size:undefined disposed:false
270 silly fetch manifest @hapi/hoek@9.x.x
271 silly packumentCache full:https://registry.npmjs.org/@hapi%2fhoek cache-miss
272 http fetch GET 200 https://registry.npmjs.org/miniget 796ms (cache miss)
273 silly packumentCache full:https://registry.npmjs.org/miniget set size:undefined disposed:false
274 silly fetch manifest ws@^8.13.0
275 silly packumentCache full:https://registry.npmjs.org/ws cache-miss
276 http fetch GET 200 https://registry.npmjs.org/tough-cookie 811ms (cache miss)
277 silly packumentCache full:https://registry.npmjs.org/tough-cookie set size:undefined disposed:false
278 silly fetch manifest pino@^7.0.0
279 silly packumentCache full:https://registry.npmjs.org/pino cache-miss
280 http cache https://registry.npmjs.org/pino 49ms (cache hit)
281 silly packumentCache full:https://registry.npmjs.org/pino set size:1274379 disposed:false
282 silly fetch manifest uuid@^9.0.0
283 silly packumentCache full:https://registry.npmjs.org/uuid cache-miss
284 http fetch GET 200 https://registry.npmjs.org/https-proxy-agent 1215ms (cache revalidated)
285 silly packumentCache full:https://registry.npmjs.org/https-proxy-agent set size:81258 disposed:false
286 silly fetch manifest axios@^1.3.3
287 silly packumentCache full:https://registry.npmjs.org/axios cache-miss
288 http fetch GET 200 https://registry.npmjs.org/ws 496ms (cache revalidated)
289 silly packumentCache full:https://registry.npmjs.org/ws set size:418167 disposed:false
290 silly fetch manifest libsignal@github:adiwajshing/libsignal-node
291 http cache https://registry.npmjs.org/axios 306ms (cache hit)
292 silly packumentCache full:https://registry.npmjs.org/axios set size:820578 disposed:false
293 silly fetch manifest node-cache@^5.1.2
294 silly packumentCache full:https://registry.npmjs.org/node-cache cache-miss
295 http fetch GET 200 https://registry.npmjs.org/m3u8stream 1740ms (cache miss)
296 silly packumentCache full:https://registry.npmjs.org/m3u8stream set size:undefined disposed:false
297 silly fetch manifest protobufjs@^7.2.4
298 silly packumentCache full:https://registry.npmjs.org/protobufjs cache-miss
299 http fetch GET 200 https://registry.npmjs.org/http-cookie-agent 1767ms (cache miss)
300 silly packumentCache full:https://registry.npmjs.org/http-cookie-agent set size:undefined disposed:false
301 silly fetch manifest futoin-hkdf@^1.5.1
302 silly packumentCache full:https://registry.npmjs.org/futoin-hkdf cache-miss
303 http fetch GET 200 https://registry.npmjs.org/@hapi%2fhoek 1408ms (cache miss)
304 silly packumentCache full:https://registry.npmjs.org/@hapi%2fhoek set size:undefined disposed:false
305 silly fetch manifest audio-decode@^2.1.3
306 silly packumentCache full:https://registry.npmjs.org/audio-decode cache-miss
307 http fetch GET 200 https://registry.npmjs.org/uuid 841ms (cache miss)
308 silly packumentCache full:https://registry.npmjs.org/uuid set size:undefined disposed:false
309 silly fetch manifest cache-manager@4.0.1
310 silly packumentCache full:https://registry.npmjs.org/cache-manager cache-miss
311 http fetch GET 200 https://registry.npmjs.org/audio-decode 165ms (cache miss)
312 silly packumentCache full:https://registry.npmjs.org/audio-decode set size:undefined disposed:false
313 silly fetch manifest music-metadata@^7.12.3
314 silly packumentCache full:https://registry.npmjs.org/music-metadata cache-miss
315 http fetch GET 200 https://registry.npmjs.org/undici 2119ms (cache miss)
316 silly packumentCache full:https://registry.npmjs.org/undici set size:undefined disposed:false
317 silly fetch manifest libphonenumber-js@^1.10.20
318 silly packumentCache full:https://registry.npmjs.org/libphonenumber-js cache-miss
319 http fetch GET 200 https://registry.npmjs.org/node-cache 775ms (cache miss)
320 silly packumentCache full:https://registry.npmjs.org/node-cache set size:undefined disposed:false
321 silly fetch manifest form-data@^2.5.1
322 silly packumentCache full:https://registry.npmjs.org/form-data cache-miss
323 http fetch GET 200 https://registry.npmjs.org/futoin-hkdf 728ms (cache miss)
324 silly packumentCache full:https://registry.npmjs.org/futoin-hkdf set size:undefined disposed:false
325 silly fetch manifest node-fetch@^2.6.0
326 silly packumentCache full:https://registry.npmjs.org/node-fetch cache-miss
327 http cache https://registry.npmjs.org/form-data 106ms (cache hit)
328 silly packumentCache full:https://registry.npmjs.org/form-data set size:153646 disposed:false
329 silly fetch manifest whatwg-url@^5.0.0
330 silly packumentCache full:https://registry.npmjs.org/whatwg-url cache-miss
331 http cache https://registry.npmjs.org/node-fetch 146ms (cache hit)
332 silly packumentCache full:https://registry.npmjs.org/node-fetch set size:896010 disposed:false
333 silly fetch manifest follow-redirects@^1.14.4
334 silly packumentCache full:https://registry.npmjs.org/follow-redirects cache-miss
335 http fetch GET 200 https://registry.npmjs.org/cache-manager 885ms (cache miss)
336 silly packumentCache full:https://registry.npmjs.org/cache-manager set size:undefined disposed:false
337 silly fetch manifest nan@^2.17.0
338 silly packumentCache full:https://registry.npmjs.org/nan cache-miss
339 http fetch GET 200 https://registry.npmjs.org/protobufjs 1214ms (cache miss)
340 silly packumentCache full:https://registry.npmjs.org/protobufjs set size:undefined disposed:false
341 silly fetch manifest simple-get@^3.0.3
342 silly packumentCache full:https://registry.npmjs.org/simple-get cache-miss
343 http fetch GET 200 https://registry.npmjs.org/whatwg-url 621ms (cache miss)
344 silly packumentCache full:https://registry.npmjs.org/whatwg-url set size:undefined disposed:false
345 silly fetch manifest @mapbox/node-pre-gyp@^1.0.0
346 silly packumentCache full:https://registry.npmjs.org/@mapbox%2fnode-pre-gyp cache-miss
347 http fetch GET 200 https://registry.npmjs.org/follow-redirects 591ms (cache revalidated)
348 silly packumentCache full:https://registry.npmjs.org/follow-redirects set size:188945 disposed:false
349 silly fetch manifest parse5@^7.3.0
350 silly packumentCache full:https://registry.npmjs.org/parse5 cache-miss
351 http fetch GET 200 https://registry.npmjs.org/music-metadata 1447ms (cache miss)
352 silly packumentCache full:https://registry.npmjs.org/music-metadata set size:undefined disposed:false
353 silly fetch manifest undici@^7.19.0
354 silly packumentCache full:https://registry.npmjs.org/undici cache-miss
355 http fetch GET 200 https://registry.npmjs.org/nan 851ms (cache miss)
356 silly packumentCache full:https://registry.npmjs.org/nan set size:undefined disposed:false
357 silly fetch manifest domutils@^3.2.2
358 silly packumentCache full:https://registry.npmjs.org/domutils cache-miss
359 http cache https://registry.npmjs.org/undici 118ms (cache hit)
360 silly packumentCache full:https://registry.npmjs.org/undici set size:1412963 disposed:false
361 silly fetch manifest domhandler@^5.0.3
362 silly packumentCache full:https://registry.npmjs.org/domhandler cache-miss
363 http fetch GET 200 https://registry.npmjs.org/simple-get 885ms (cache miss)
364 silly packumentCache full:https://registry.npmjs.org/simple-get set size:undefined disposed:false
365 silly fetch manifest htmlparser2@^10.1.0
366 silly packumentCache full:https://registry.npmjs.org/htmlparser2 cache-miss
367 http fetch GET 200 https://registry.npmjs.org/parse5 680ms (cache miss)
368 silly packumentCache full:https://registry.npmjs.org/parse5 set size:undefined disposed:false
369 silly fetch manifest cheerio-select@^2.1.0
370 silly packumentCache full:https://registry.npmjs.org/cheerio-select cache-miss
371 http fetch GET 200 https://registry.npmjs.org/libphonenumber-js 1976ms (cache miss)
372 silly packumentCache full:https://registry.npmjs.org/libphonenumber-js set size:undefined disposed:false
373 silly fetch manifest dom-serializer@^2.0.0
374 silly packumentCache full:https://registry.npmjs.org/dom-serializer cache-miss
375 http fetch GET 200 https://registry.npmjs.org/@mapbox%2fnode-pre-gyp 1301ms (cache miss)
376 silly packumentCache full:https://registry.npmjs.org/@mapbox%2fnode-pre-gyp set size:undefined disposed:false
377 silly fetch manifest whatwg-mimetype@^4.0.0
378 silly packumentCache full:https://registry.npmjs.org/whatwg-mimetype cache-miss
379 http fetch GET 200 https://registry.npmjs.org/domutils 963ms (cache miss)
380 silly packumentCache full:https://registry.npmjs.org/domutils set size:undefined disposed:false
381 silly fetch manifest encoding-sniffer@^0.2.1
382 silly packumentCache full:https://registry.npmjs.org/encoding-sniffer cache-miss
383 http fetch GET 200 https://registry.npmjs.org/domhandler 823ms (cache miss)
384 silly packumentCache full:https://registry.npmjs.org/domhandler set size:undefined disposed:false
385 silly fetch manifest parse5-parser-stream@^7.1.2
386 silly packumentCache full:https://registry.npmjs.org/parse5-parser-stream cache-miss
387 http fetch GET 200 https://registry.npmjs.org/cheerio-select 711ms (cache miss)
388 silly packumentCache full:https://registry.npmjs.org/cheerio-select set size:undefined disposed:false
389 silly fetch manifest parse5-htmlparser2-tree-adapter@^7.1.0
390 silly packumentCache full:https://registry.npmjs.org/parse5-htmlparser2-tree-adapter cache-miss
391 http fetch GET 200 https://registry.npmjs.org/htmlparser2 822ms (cache miss)
392 silly packumentCache full:https://registry.npmjs.org/htmlparser2 set size:undefined disposed:false
393 silly fetch manifest pg@^8.8.0
394 silly packumentCache full:https://registry.npmjs.org/pg cache-miss
395 http cache https://registry.npmjs.org/pg 30ms (cache hit)
396 silly packumentCache full:https://registry.npmjs.org/pg set size:477609 disposed:false
397 silly fetch manifest cookie@0.7.2
398 silly packumentCache full:https://registry.npmjs.org/cookie cache-miss
399 http fetch GET 200 https://registry.npmjs.org/whatwg-mimetype 482ms (cache miss)
400 silly packumentCache full:https://registry.npmjs.org/whatwg-mimetype set size:undefined disposed:false
401 silly fetch manifest cookie-signature@1.0.6
402 silly packumentCache full:https://registry.npmjs.org/cookie-signature cache-miss
403 http fetch GET 200 https://registry.npmjs.org/dom-serializer 685ms (cache miss)
404 silly packumentCache full:https://registry.npmjs.org/dom-serializer set size:undefined disposed:false
405 silly fetch manifest qs@~6.15.1
406 silly packumentCache full:https://registry.npmjs.org/qs cache-miss
407 http fetch GET 200 https://registry.npmjs.org/cookie 200ms (cache miss)
408 silly packumentCache full:https://registry.npmjs.org/cookie set size:undefined disposed:false
409 silly fetch manifest depd@2.0.0
410 silly packumentCache full:https://registry.npmjs.org/depd cache-miss
411 http fetch GET 200 https://registry.npmjs.org/parse5-parser-stream 466ms (cache miss)
412 silly packumentCache full:https://registry.npmjs.org/parse5-parser-stream set size:undefined disposed:false
413 silly fetch manifest etag@~1.8.1
414 silly packumentCache full:https://registry.npmjs.org/etag cache-miss
415 http fetch GET 200 https://registry.npmjs.org/encoding-sniffer 530ms (cache miss)
416 silly packumentCache full:https://registry.npmjs.org/encoding-sniffer set size:undefined disposed:false
417 silly fetch manifest send@~0.19.0
418 silly packumentCache full:https://registry.npmjs.org/send cache-miss
419 http fetch GET 200 https://registry.npmjs.org/parse5-htmlparser2-tree-adapter 509ms (cache miss)
420 silly packumentCache full:https://registry.npmjs.org/parse5-htmlparser2-tree-adapter set size:undefined disposed:false
421 silly fetch manifest vary@~1.1.2
422 silly packumentCache full:https://registry.npmjs.org/vary cache-miss
423 http fetch GET 200 https://registry.npmjs.org/etag 124ms (cache miss)
424 silly packumentCache full:https://registry.npmjs.org/etag set size:undefined disposed:false
425 silly fetch manifest debug@2.6.9
426 silly packumentCache full:https://registry.npmjs.org/debug cache-miss
427 http fetch GET 200 https://registry.npmjs.org/cookie-signature 633ms (cache miss)
428 silly packumentCache full:https://registry.npmjs.org/cookie-signature set size:undefined disposed:false
429 silly fetch manifest fresh@~0.5.2
430 silly packumentCache full:https://registry.npmjs.org/fresh cache-miss
431 http fetch GET 200 https://registry.npmjs.org/debug 386ms (cache revalidated)
432 silly packumentCache full:https://registry.npmjs.org/debug set size:195840 disposed:false
433 silly fetch manifest cookie@~0.7.1
434 silly packumentCache full:https://registry.npmjs.org/cookie cache-miss
435 http fetch GET 200 https://registry.npmjs.org/send 587ms (cache miss)
436 silly packumentCache full:https://registry.npmjs.org/send set size:undefined disposed:false
437 silly fetch manifest accepts@~1.3.8
438 silly packumentCache full:https://registry.npmjs.org/accepts cache-miss
439 http fetch GET 200 https://registry.npmjs.org/vary 596ms (cache miss)
440 silly packumentCache full:https://registry.npmjs.org/vary set size:undefined disposed:false
441 silly fetch manifest methods@~1.1.2
442 silly packumentCache full:https://registry.npmjs.org/methods cache-miss
443 http fetch GET 200 https://registry.npmjs.org/depd 760ms (cache miss)
444 silly packumentCache full:https://registry.npmjs.org/depd set size:undefined disposed:false
445 silly fetch manifest type-is@~1.6.18
446 silly packumentCache full:https://registry.npmjs.org/type-is cache-miss
447 http fetch GET 200 https://registry.npmjs.org/fresh 260ms (cache miss)
448 silly packumentCache full:https://registry.npmjs.org/fresh set size:undefined disposed:false
449 silly fetch manifest parseurl@~1.3.3
450 silly packumentCache full:https://registry.npmjs.org/parseurl cache-miss
451 http cache https://registry.npmjs.org/cookie 187ms (cache hit)
452 silly packumentCache full:https://registry.npmjs.org/cookie set size:72891 disposed:false
453 silly fetch manifest statuses@~2.0.1
454 silly packumentCache full:https://registry.npmjs.org/statuses cache-miss
455 http fetch GET 200 https://registry.npmjs.org/qs 912ms (cache miss)
456 silly packumentCache full:https://registry.npmjs.org/qs set size:undefined disposed:false
457 silly fetch manifest encodeurl@~2.0.0
458 silly packumentCache full:https://registry.npmjs.org/encodeurl cache-miss
459 silly fetch manifest proxy-addr@~2.0.7
460 silly packumentCache full:https://registry.npmjs.org/proxy-addr cache-miss
461 http fetch GET 200 https://registry.npmjs.org/methods 423ms (cache miss)
462 silly packumentCache full:https://registry.npmjs.org/methods set size:undefined disposed:false
463 silly fetch manifest body-parser@~1.20.5
464 silly packumentCache full:https://registry.npmjs.org/body-parser cache-miss
465 http fetch GET 200 https://registry.npmjs.org/type-is 419ms (cache miss)
466 silly packumentCache full:https://registry.npmjs.org/type-is set size:undefined disposed:false
467 silly fetch manifest escape-html@~1.0.3
468 silly packumentCache full:https://registry.npmjs.org/escape-html cache-miss
469 http fetch GET 200 https://registry.npmjs.org/parseurl 632ms (cache miss)
470 silly packumentCache full:https://registry.npmjs.org/parseurl set size:undefined disposed:false
471 silly fetch manifest http-errors@~2.0.0
472 silly packumentCache full:https://registry.npmjs.org/http-errors cache-miss
473 http fetch GET 200 https://registry.npmjs.org/proxy-addr 485ms (cache miss)
474 silly packumentCache full:https://registry.npmjs.org/proxy-addr set size:undefined disposed:false
475 silly fetch manifest on-finished@~2.4.1
476 silly packumentCache full:https://registry.npmjs.org/on-finished cache-miss
477 http fetch GET 200 https://registry.npmjs.org/statuses 674ms (cache miss)
478 silly packumentCache full:https://registry.npmjs.org/statuses set size:undefined disposed:false
479 silly fetch manifest safe-buffer@5.2.1
480 silly packumentCache full:https://registry.npmjs.org/safe-buffer cache-miss
481 http fetch GET 200 https://registry.npmjs.org/accepts 836ms (cache miss)
482 silly packumentCache full:https://registry.npmjs.org/accepts set size:undefined disposed:false
483 silly fetch manifest utils-merge@1.0.1
484 silly packumentCache full:https://registry.npmjs.org/utils-merge cache-miss
485 http fetch GET 200 https://registry.npmjs.org/encodeurl 677ms (cache miss)
486 silly packumentCache full:https://registry.npmjs.org/encodeurl set size:undefined disposed:false
487 silly fetch manifest content-type@~1.0.4
488 silly packumentCache full:https://registry.npmjs.org/content-type cache-miss
489 http fetch GET 200 https://registry.npmjs.org/safe-buffer 132ms (cache revalidated)
490 silly packumentCache full:https://registry.npmjs.org/safe-buffer set size:41183 disposed:false
491 silly fetch manifest finalhandler@~1.3.1
492 silly packumentCache full:https://registry.npmjs.org/finalhandler cache-miss
493 http fetch GET 200 https://registry.npmjs.org/escape-html 550ms (cache miss)
494 silly packumentCache full:https://registry.npmjs.org/escape-html set size:undefined disposed:false
495 silly fetch manifest range-parser@~1.2.1
496 silly packumentCache full:https://registry.npmjs.org/range-parser cache-miss
497 http fetch GET 200 https://registry.npmjs.org/body-parser 643ms (cache miss)
498 silly packumentCache full:https://registry.npmjs.org/body-parser set size:undefined disposed:false
499 silly fetch manifest serve-static@~1.16.2
500 silly packumentCache full:https://registry.npmjs.org/serve-static cache-miss
501 http fetch GET 200 https://registry.npmjs.org/http-errors 464ms (cache miss)
502 silly packumentCache full:https://registry.npmjs.org/http-errors set size:undefined disposed:false
503 silly fetch manifest array-flatten@1.1.1
504 silly packumentCache full:https://registry.npmjs.org/array-flatten cache-miss
505 http fetch GET 200 https://registry.npmjs.org/on-finished 537ms (cache miss)
506 silly packumentCache full:https://registry.npmjs.org/on-finished set size:undefined disposed:false
507 silly fetch manifest path-to-regexp@~0.1.12
508 silly packumentCache full:https://registry.npmjs.org/path-to-regexp cache-miss
509 http fetch GET 200 https://registry.npmjs.org/utils-merge 542ms (cache miss)
510 silly packumentCache full:https://registry.npmjs.org/utils-merge set size:undefined disposed:false
511 silly fetch manifest setprototypeof@1.2.0
512 silly packumentCache full:https://registry.npmjs.org/setprototypeof cache-miss
513 http fetch GET 200 https://registry.npmjs.org/content-type 519ms (cache miss)
514 silly packumentCache full:https://registry.npmjs.org/content-type set size:undefined disposed:false
515 silly fetch manifest cookie-signature@~1.0.6
516 silly packumentCache full:https://registry.npmjs.org/cookie-signature cache-miss
517 http fetch GET 200 https://registry.npmjs.org/finalhandler 476ms (cache miss)
518 silly packumentCache full:https://registry.npmjs.org/finalhandler set size:undefined disposed:false
519 silly fetch manifest merge-descriptors@1.0.3
520 silly packumentCache full:https://registry.npmjs.org/merge-descriptors cache-miss
521 http cache https://registry.npmjs.org/cookie-signature 62ms (cache hit)
522 silly packumentCache full:https://registry.npmjs.org/cookie-signature set size:21777 disposed:false
523 silly fetch manifest content-disposition@~0.5.4
524 silly packumentCache full:https://registry.npmjs.org/content-disposition cache-miss
525 http fetch GET 200 https://registry.npmjs.org/array-flatten 449ms (cache miss)
526 silly packumentCache full:https://registry.npmjs.org/array-flatten set size:undefined disposed:false
527 silly fetch manifest cookie@~0.7.2
528 silly packumentCache full:https://registry.npmjs.org/cookie cache-hit
529 silly fetch manifest cookie-signature@~1.0.7
530 silly packumentCache full:https://registry.npmjs.org/cookie-signature cache-hit
531 silly fetch manifest debug@~2.6.9
532 silly packumentCache full:https://registry.npmjs.org/debug cache-hit
533 silly fetch manifest depd@~2.0.0
534 silly packumentCache full:https://registry.npmjs.org/depd cache-miss
535 http fetch GET 200 https://registry.npmjs.org/range-parser 659ms (cache miss)
536 silly packumentCache full:https://registry.npmjs.org/range-parser set size:undefined disposed:false
537 silly fetch manifest on-headers@~1.1.0
538 silly packumentCache full:https://registry.npmjs.org/on-headers cache-miss
539 http fetch GET 200 https://registry.npmjs.org/merge-descriptors 293ms (cache miss)
540 silly packumentCache full:https://registry.npmjs.org/merge-descriptors set size:undefined disposed:false
541 silly fetch manifest safe-buffer@~5.2.1
542 silly packumentCache full:https://registry.npmjs.org/safe-buffer cache-hit
543 silly fetch manifest uid-safe@~2.1.5
544 silly packumentCache full:https://registry.npmjs.org/uid-safe cache-miss
545 http fetch GET 200 https://registry.npmjs.org/serve-static 657ms (cache miss)
546 silly packumentCache full:https://registry.npmjs.org/serve-static set size:undefined disposed:false
547 silly fetch manifest when@>= 0.0.1
548 silly packumentCache full:https://registry.npmjs.org/when cache-miss
549 http cache https://registry.npmjs.org/depd 123ms (cache hit)
550 silly packumentCache full:https://registry.npmjs.org/depd set size:40182 disposed:false
551 silly fetch manifest strtok3@^6.2.4
552 silly packumentCache full:https://registry.npmjs.org/strtok3 cache-miss
553 http fetch GET 200 https://registry.npmjs.org/content-disposition 495ms (cache miss)
554 silly packumentCache full:https://registry.npmjs.org/content-disposition set size:undefined disposed:false
555 silly fetch manifest token-types@^4.1.1
556 silly packumentCache full:https://registry.npmjs.org/token-types cache-miss
557 http fetch GET 200 https://registry.npmjs.org/path-to-regexp 702ms (cache miss)
558 silly packumentCache full:https://registry.npmjs.org/path-to-regexp set size:undefined disposed:false
559 silly fetch manifest readable-web-to-node-stream@^3.0.0
560 silly packumentCache full:https://registry.npmjs.org/readable-web-to-node-stream cache-miss
561 http fetch GET 200 https://registry.npmjs.org/setprototypeof 724ms (cache miss)
562 silly packumentCache full:https://registry.npmjs.org/setprototypeof set size:undefined disposed:false
563 silly fetch manifest async@^0.2.9
564 silly packumentCache full:https://registry.npmjs.org/async cache-miss
565 http fetch GET 200 https://registry.npmjs.org/on-headers 422ms (cache miss)
566 silly packumentCache full:https://registry.npmjs.org/on-headers set size:undefined disposed:false
567 silly fetch manifest which@^1.1.1
568 silly packumentCache full:https://registry.npmjs.org/which cache-miss
569 http fetch GET 200 https://registry.npmjs.org/uid-safe 436ms (cache miss)
570 silly packumentCache full:https://registry.npmjs.org/uid-safe set size:undefined disposed:false
571 silly fetch manifest asynckit@^0.4.0
572 silly packumentCache full:https://registry.npmjs.org/asynckit cache-miss
573 http fetch GET 200 https://registry.npmjs.org/when 462ms (cache miss)
574 silly packumentCache full:https://registry.npmjs.org/when set size:undefined disposed:false
575 silly fetch manifest combined-stream@^1.0.8
576 silly packumentCache full:https://registry.npmjs.org/combined-stream cache-miss
577 http fetch GET 200 https://registry.npmjs.org/strtok3 484ms (cache miss)
578 silly packumentCache full:https://registry.npmjs.org/strtok3 set size:undefined disposed:false
579 silly fetch manifest es-set-tostringtag@^2.1.0
580 silly packumentCache full:https://registry.npmjs.org/es-set-tostringtag cache-miss
581 http fetch GET 200 https://registry.npmjs.org/async 543ms (cache revalidated)
582 silly packumentCache full:https://registry.npmjs.org/async set size:230496 disposed:false
583 silly fetch manifest hasown@^2.0.2
584 silly packumentCache full:https://registry.npmjs.org/hasown cache-miss
585 http fetch GET 200 https://registry.npmjs.org/readable-web-to-node-stream 673ms (cache miss)
586 silly packumentCache full:https://registry.npmjs.org/readable-web-to-node-stream set size:undefined disposed:false
587 silly fetch manifest mime-types@^2.1.12
588 silly packumentCache full:https://registry.npmjs.org/mime-types cache-miss
589 http fetch GET 200 https://registry.npmjs.org/asynckit 574ms (cache miss)
590 silly packumentCache full:https://registry.npmjs.org/asynckit set size:undefined disposed:false
591 silly fetch manifest jsonfile@^6.0.1
592 silly packumentCache full:https://registry.npmjs.org/jsonfile cache-miss
593 http fetch GET 200 https://registry.npmjs.org/which 667ms (cache miss)
594 silly packumentCache full:https://registry.npmjs.org/which set size:undefined disposed:false
595 silly fetch manifest graceful-fs@^4.2.0
596 silly packumentCache full:https://registry.npmjs.org/graceful-fs cache-miss
597 http fetch GET 200 https://registry.npmjs.org/token-types 871ms (cache miss)
598 silly packumentCache full:https://registry.npmjs.org/token-types set size:undefined disposed:false
599 silly fetch manifest universalify@^2.0.0
600 silly packumentCache full:https://registry.npmjs.org/universalify cache-miss
601 http fetch GET 200 https://registry.npmjs.org/hasown 231ms (cache miss)
602 silly packumentCache full:https://registry.npmjs.org/hasown set size:undefined disposed:false
603 silly fetch manifest axios@^0.21.0
604 silly packumentCache full:https://registry.npmjs.org/axios cache-hit
605 silly fetch manifest @jimp/types@^0.16.13
606 silly packumentCache full:https://registry.npmjs.org/@jimp%2ftypes cache-miss
607 http fetch GET 200 https://registry.npmjs.org/es-set-tostringtag 609ms (cache miss)
608 silly packumentCache full:https://registry.npmjs.org/es-set-tostringtag set size:undefined disposed:false
609 silly fetch manifest @jimp/custom@^0.16.13
610 silly packumentCache full:https://registry.npmjs.org/@jimp%2fcustom cache-miss
611 http fetch GET 200 https://registry.npmjs.org/combined-stream 738ms (cache miss)
612 silly packumentCache full:https://registry.npmjs.org/combined-stream set size:undefined disposed:false
613 silly fetch manifest @jimp/plugins@^0.16.13
614 silly packumentCache full:https://registry.npmjs.org/@jimp%2fplugins cache-miss
615 http fetch GET 200 https://registry.npmjs.org/graceful-fs 224ms (cache miss)
616 silly packumentCache full:https://registry.npmjs.org/graceful-fs set size:undefined disposed:false
617 silly fetch manifest @babel/runtime@^7.7.2
618 silly packumentCache full:https://registry.npmjs.org/@babel%2fruntime cache-miss
619 http fetch GET 200 https://registry.npmjs.org/mime-types 418ms (cache miss)
620 silly packumentCache full:https://registry.npmjs.org/mime-types set size:undefined disposed:false
621 silly fetch manifest regenerator-runtime@^0.13.3
622 silly packumentCache full:https://registry.npmjs.org/regenerator-runtime cache-miss
623 http fetch GET 200 https://registry.npmjs.org/jsonfile 446ms (cache miss)
624 silly packumentCache full:https://registry.npmjs.org/jsonfile set size:undefined disposed:false
625 silly fetch manifest ws@^7.4.6
626 silly packumentCache full:https://registry.npmjs.org/ws cache-hit
627 silly fetch manifest abab@^2.0.5
628 silly packumentCache full:https://registry.npmjs.org/abab cache-miss
629 http fetch GET 200 https://registry.npmjs.org/universalify 630ms (cache miss)
630 silly packumentCache full:https://registry.npmjs.org/universalify set size:undefined disposed:false
631 silly fetch manifest acorn@^8.2.4
632 silly packumentCache full:https://registry.npmjs.org/acorn cache-miss
633 http fetch GET 200 https://registry.npmjs.org/regenerator-runtime 414ms (cache miss)
634 silly packumentCache full:https://registry.npmjs.org/regenerator-runtime set size:undefined disposed:false
635 silly fetch manifest cssom@^0.4.4
636 silly packumentCache full:https://registry.npmjs.org/cssom cache-miss
637 http fetch GET 200 https://registry.npmjs.org/acorn 154ms (cache miss)
638 silly packumentCache full:https://registry.npmjs.org/acorn set size:undefined disposed:false
639 silly fetch manifest saxes@^5.0.1
640 silly packumentCache full:https://registry.npmjs.org/saxes cache-miss
641 http fetch GET 200 https://registry.npmjs.org/abab 623ms (cache miss)
642 silly packumentCache full:https://registry.npmjs.org/abab set size:undefined disposed:false
643 silly fetch manifest nwsapi@^2.2.0
644 silly packumentCache full:https://registry.npmjs.org/nwsapi cache-miss
645 http fetch GET 200 https://registry.npmjs.org/nwsapi 655ms (cache miss)
646 silly packumentCache full:https://registry.npmjs.org/nwsapi set size:undefined disposed:false
647 silly fetch manifest parse5@6.0.1
648 silly packumentCache full:https://registry.npmjs.org/parse5 cache-miss
649 http fetch GET 200 https://registry.npmjs.org/cssom 1020ms (cache miss)
650 silly packumentCache full:https://registry.npmjs.org/cssom set size:undefined disposed:false
651 silly fetch manifest cssstyle@^2.3.0
652 silly packumentCache full:https://registry.npmjs.org/cssstyle cache-miss
653 http cache https://registry.npmjs.org/parse5 111ms (cache hit)
654 silly packumentCache full:https://registry.npmjs.org/parse5 set size:123116 disposed:false
655 silly fetch manifest data-urls@^2.0.0
656 silly packumentCache full:https://registry.npmjs.org/data-urls cache-miss
657 http fetch GET 200 https://registry.npmjs.org/saxes 1031ms (cache miss)
658 silly packumentCache full:https://registry.npmjs.org/saxes set size:undefined disposed:false
659 silly fetch manifest escodegen@^2.0.0
660 silly packumentCache full:https://registry.npmjs.org/escodegen cache-miss
661 http fetch GET 200 https://registry.npmjs.org/@babel%2fruntime 1791ms (cache miss)
662 silly packumentCache full:https://registry.npmjs.org/@babel%2fruntime set size:undefined disposed:false
663 silly fetch manifest form-data@^3.0.0
664 silly packumentCache full:https://registry.npmjs.org/form-data cache-hit
665 silly fetch manifest decimal.js@^10.2.1
666 silly packumentCache full:https://registry.npmjs.org/decimal.js cache-miss
667 http fetch GET 200 https://registry.npmjs.org/@jimp%2fcustom 2341ms (cache miss)
668 silly packumentCache full:https://registry.npmjs.org/@jimp%2fcustom set size:undefined disposed:false
669 silly fetch manifest whatwg-url@^8.5.0
670 silly packumentCache full:https://registry.npmjs.org/whatwg-url cache-miss
671 http fetch GET 200 https://registry.npmjs.org/data-urls 718ms (cache miss)
672 silly packumentCache full:https://registry.npmjs.org/data-urls set size:undefined disposed:false
673 silly fetch manifest symbol-tree@^3.2.4
674 silly packumentCache full:https://registry.npmjs.org/symbol-tree cache-miss
675 http fetch GET 200 https://registry.npmjs.org/@jimp%2ftypes 2502ms (cache miss)
676 silly packumentCache full:https://registry.npmjs.org/@jimp%2ftypes set size:undefined disposed:false
677 silly fetch manifest w3c-hr-time@^1.0.2
678 silly packumentCache full:https://registry.npmjs.org/w3c-hr-time cache-miss
679 http fetch GET 200 https://registry.npmjs.org/cssstyle 956ms (cache miss)
680 silly packumentCache full:https://registry.npmjs.org/cssstyle set size:undefined disposed:false
681 silly fetch manifest domexception@^2.0.1
682 silly packumentCache full:https://registry.npmjs.org/domexception cache-miss
683 http fetch GET 200 https://registry.npmjs.org/escodegen 890ms (cache revalidated)
684 silly packumentCache full:https://registry.npmjs.org/escodegen set size:119723 disposed:false
685 silly fetch manifest tough-cookie@^4.0.0
686 silly packumentCache full:https://registry.npmjs.org/tough-cookie cache-miss
687 http cache https://registry.npmjs.org/whatwg-url 347ms (cache hit)
688 silly packumentCache full:https://registry.npmjs.org/whatwg-url set size:170765 disposed:false
689 silly fetch manifest acorn-globals@^6.0.0
690 silly packumentCache full:https://registry.npmjs.org/acorn-globals cache-miss
691 http cache https://registry.npmjs.org/tough-cookie 105ms (cache hit)
692 silly packumentCache full:https://registry.npmjs.org/tough-cookie set size:149007 disposed:false
693 silly fetch manifest whatwg-encoding@^1.0.5
694 silly packumentCache full:https://registry.npmjs.org/whatwg-encoding cache-miss
695 http fetch GET 200 https://registry.npmjs.org/decimal.js 635ms (cache miss)
696 silly packumentCache full:https://registry.npmjs.org/decimal.js set size:undefined disposed:false
697 silly fetch manifest whatwg-mimetype@^2.3.0
698 silly packumentCache full:https://registry.npmjs.org/whatwg-mimetype cache-miss
699 http fetch GET 200 https://registry.npmjs.org/@jimp%2fplugins 2900ms (cache miss)
700 silly packumentCache full:https://registry.npmjs.org/@jimp%2fplugins set size:undefined disposed:false
701 silly fetch manifest http-proxy-agent@^4.0.1
702 silly packumentCache full:https://registry.npmjs.org/http-proxy-agent cache-miss
703 http cache https://registry.npmjs.org/whatwg-mimetype 145ms (cache hit)
704 silly packumentCache full:https://registry.npmjs.org/whatwg-mimetype set size:28179 disposed:false
705 silly fetch manifest https-proxy-agent@^5.0.0
706 silly packumentCache full:https://registry.npmjs.org/https-proxy-agent cache-hit
707 silly fetch manifest w3c-xmlserializer@^2.0.0
708 silly packumentCache full:https://registry.npmjs.org/w3c-xmlserializer cache-miss
709 http fetch GET 200 https://registry.npmjs.org/w3c-hr-time 526ms (cache miss)
710 silly packumentCache full:https://registry.npmjs.org/w3c-hr-time set size:undefined disposed:false
711 silly fetch manifest webidl-conversions@^6.1.0
712 silly packumentCache full:https://registry.npmjs.org/webidl-conversions cache-miss
713 http fetch GET 200 https://registry.npmjs.org/domexception 452ms (cache miss)
714 silly packumentCache full:https://registry.npmjs.org/domexception set size:undefined disposed:false
715 silly fetch manifest xml-name-validator@^3.0.0
716 silly packumentCache full:https://registry.npmjs.org/xml-name-validator cache-miss
717 http fetch GET 200 https://registry.npmjs.org/symbol-tree 696ms (cache miss)
718 silly packumentCache full:https://registry.npmjs.org/symbol-tree set size:undefined disposed:false
719 silly fetch manifest html-encoding-sniffer@^2.0.1
720 silly packumentCache full:https://registry.npmjs.org/html-encoding-sniffer cache-miss
721 http fetch GET 200 https://registry.npmjs.org/acorn-globals 597ms (cache miss)
722 silly packumentCache full:https://registry.npmjs.org/acorn-globals set size:undefined disposed:false
723 silly fetch manifest is-potential-custom-element-name@^1.0.1
724 silly packumentCache full:https://registry.npmjs.org/is-potential-custom-element-name cache-miss
725 http fetch GET 200 https://registry.npmjs.org/whatwg-encoding 550ms (cache miss)
726 silly packumentCache full:https://registry.npmjs.org/whatwg-encoding set size:undefined disposed:false
727 silly fetch manifest ms@2.1.3
728 silly packumentCache full:https://registry.npmjs.org/ms cache-miss
729 http fetch GET 200 https://registry.npmjs.org/w3c-xmlserializer 428ms (cache miss)
730 silly packumentCache full:https://registry.npmjs.org/w3c-xmlserializer set size:undefined disposed:false
731 silly fetch manifest bson@^4.7.2
732 silly packumentCache full:https://registry.npmjs.org/bson cache-miss
733 http fetch GET 200 https://registry.npmjs.org/http-proxy-agent 728ms (cache revalidated)
734 silly packumentCache full:https://registry.npmjs.org/http-proxy-agent set size:54849 disposed:false
735 silly fetch manifest sift@16.0.1
736 silly packumentCache full:https://registry.npmjs.org/sift cache-miss
737 http fetch GET 200 https://registry.npmjs.org/xml-name-validator 630ms (cache miss)
738 silly packumentCache full:https://registry.npmjs.org/xml-name-validator set size:undefined disposed:false
739 silly fetch manifest mpath@0.9.0
740 silly packumentCache full:https://registry.npmjs.org/mpath cache-miss
741 http fetch GET 200 https://registry.npmjs.org/html-encoding-sniffer 618ms (cache miss)
742 silly packumentCache full:https://registry.npmjs.org/html-encoding-sniffer set size:undefined disposed:false
743 silly fetch manifest kareem@2.5.1
744 silly packumentCache full:https://registry.npmjs.org/kareem cache-miss
745 http fetch GET 200 https://registry.npmjs.org/webidl-conversions 707ms (cache miss)
746 silly packumentCache full:https://registry.npmjs.org/webidl-conversions set size:undefined disposed:false
747 silly fetch manifest mquery@4.0.3
748 silly packumentCache full:https://registry.npmjs.org/mquery cache-miss
749 http fetch GET 200 https://registry.npmjs.org/ms 448ms (cache revalidated)
750 silly packumentCache full:https://registry.npmjs.org/ms set size:92208 disposed:false
751 silly fetch manifest mongodb@4.17.2
752 silly packumentCache full:https://registry.npmjs.org/mongodb cache-miss
753 http fetch GET 200 https://registry.npmjs.org/is-potential-custom-element-name 515ms (cache miss)
754 silly packumentCache full:https://registry.npmjs.org/is-potential-custom-element-name set size:undefined disposed:false
755 silly fetch manifest xtend@^4.0.0
756 silly packumentCache full:https://registry.npmjs.org/xtend cache-miss
757 http fetch GET 200 https://registry.npmjs.org/xtend 815ms (cache miss)
758 silly packumentCache full:https://registry.npmjs.org/xtend set size:undefined disposed:false
759 silly fetch manifest busboy@^1.0.0
760 silly packumentCache full:https://registry.npmjs.org/busboy cache-miss
761 http fetch GET 200 https://registry.npmjs.org/mpath 1061ms (cache miss)
762 silly packumentCache full:https://registry.npmjs.org/mpath set size:undefined disposed:false
763 silly fetch manifest mkdirp@^0.5.4
764 silly packumentCache full:https://registry.npmjs.org/mkdirp cache-miss
765 http fetch GET 200 https://registry.npmjs.org/bson 1464ms (cache miss)
766 silly packumentCache full:https://registry.npmjs.org/bson set size:undefined disposed:false
767 silly fetch manifest type-is@^1.6.4
768 silly packumentCache full:https://registry.npmjs.org/type-is cache-miss
769 http fetch GET 200 https://registry.npmjs.org/mquery 1260ms (cache miss)
770 silly packumentCache full:https://registry.npmjs.org/mquery set size:undefined disposed:false
771 silly fetch manifest append-field@^1.0.0
772 silly packumentCache full:https://registry.npmjs.org/append-field cache-miss
773 http cache https://registry.npmjs.org/type-is 70ms (cache hit)
774 silly packumentCache full:https://registry.npmjs.org/type-is set size:88614 disposed:false
775 silly fetch manifest concat-stream@^1.5.2
776 silly packumentCache full:https://registry.npmjs.org/concat-stream cache-miss
777 http fetch GET 200 https://registry.npmjs.org/busboy 572ms (cache miss)
778 silly packumentCache full:https://registry.npmjs.org/busboy set size:undefined disposed:false
779 silly fetch manifest object-assign@^4.1.1
780 silly packumentCache full:https://registry.npmjs.org/object-assign cache-miss
781 http fetch GET 200 https://registry.npmjs.org/mkdirp 513ms (cache miss)
782 silly packumentCache full:https://registry.npmjs.org/mkdirp set size:undefined disposed:false
783 silly fetch manifest uuid@8.3.2
784 silly packumentCache full:https://registry.npmjs.org/uuid cache-miss
785 http fetch GET 200 https://registry.npmjs.org/sift 1669ms (cache miss)
786 silly packumentCache full:https://registry.npmjs.org/sift set size:undefined disposed:false
787 silly fetch manifest process@^0.11.1
788 silly packumentCache full:https://registry.npmjs.org/process cache-miss
789 http fetch GET 200 https://registry.npmjs.org/mongodb 1607ms (cache miss)
790 silly packumentCache full:https://registry.npmjs.org/mongodb set size:undefined disposed:false
791 silly fetch manifest util@^0.10.3
792 silly packumentCache full:https://registry.npmjs.org/util cache-miss
793 http cache https://registry.npmjs.org/uuid 780ms (cache hit)
794 silly packumentCache full:https://registry.npmjs.org/uuid set size:234700 disposed:false
795 silly fetch manifest pg-connection-string@^2.13.0
796 silly packumentCache full:https://registry.npmjs.org/pg-connection-string cache-miss
797 http fetch GET 200 https://registry.npmjs.org/kareem 2481ms (cache miss)
798 silly packumentCache full:https://registry.npmjs.org/kareem set size:undefined disposed:false
799 silly fetch manifest pg-pool@^3.14.0
800 silly packumentCache full:https://registry.npmjs.org/pg-pool cache-miss
801 http cache https://registry.npmjs.org/util 345ms (cache hit)
802 silly packumentCache full:https://registry.npmjs.org/util set size:40411 disposed:false
803 silly fetch manifest pg-protocol@^1.14.0
804 silly packumentCache full:https://registry.npmjs.org/pg-protocol cache-miss
805 http fetch GET 200 https://registry.npmjs.org/append-field 1227ms (cache miss)
806 silly packumentCache full:https://registry.npmjs.org/append-field set size:undefined disposed:false
807 silly fetch manifest pg-types@2.2.0
808 silly packumentCache full:https://registry.npmjs.org/pg-types cache-miss
809 http fetch GET 200 https://registry.npmjs.org/concat-stream 1179ms (cache miss)
810 silly packumentCache full:https://registry.npmjs.org/concat-stream set size:undefined disposed:false
811 silly fetch manifest pgpass@1.0.5
812 silly packumentCache full:https://registry.npmjs.org/pgpass cache-miss
813 http fetch GET 200 https://registry.npmjs.org/process 941ms (cache miss)
814 silly packumentCache full:https://registry.npmjs.org/process set size:undefined disposed:false
815 silly fetch manifest pg-cloudflare@^1.4.0
816 silly packumentCache full:https://registry.npmjs.org/pg-cloudflare cache-miss
817 http fetch GET 200 https://registry.npmjs.org/object-assign 1083ms (cache miss)
818 silly packumentCache full:https://registry.npmjs.org/object-assign set size:undefined disposed:false
819 silly fetch manifest sonic-boom@^2.2.1
820 silly packumentCache full:https://registry.npmjs.org/sonic-boom cache-miss
821 http fetch GET 200 https://registry.npmjs.org/pg-connection-string 446ms (cache miss)
822 silly packumentCache full:https://registry.npmjs.org/pg-connection-string set size:undefined disposed:false
823 silly fetch manifest fast-redact@^3.0.0
824 silly packumentCache full:https://registry.npmjs.org/fast-redact cache-miss
825 http fetch GET 200 https://registry.npmjs.org/pg-pool 438ms (cache miss)
826 silly packumentCache full:https://registry.npmjs.org/pg-pool set size:undefined disposed:false
827 silly fetch manifest atomic-sleep@^1.0.0
828 silly packumentCache full:https://registry.npmjs.org/atomic-sleep cache-miss
829 http fetch GET 200 https://registry.npmjs.org/pg-protocol 441ms (cache miss)
830 silly packumentCache full:https://registry.npmjs.org/pg-protocol set size:undefined disposed:false
831 silly fetch manifest real-require@^0.1.0
832 silly packumentCache full:https://registry.npmjs.org/real-require cache-miss
833 http fetch GET 200 https://registry.npmjs.org/pg-cloudflare 444ms (cache miss)
834 silly packumentCache full:https://registry.npmjs.org/pg-cloudflare set size:undefined disposed:false
835 silly fetch manifest thread-stream@^0.15.1
836 silly packumentCache full:https://registry.npmjs.org/thread-stream cache-miss
837 http fetch GET 200 https://registry.npmjs.org/pg-types 539ms (cache miss)
838 silly packumentCache full:https://registry.npmjs.org/pg-types set size:undefined disposed:false
839 silly fetch manifest process-warning@^1.0.0
840 silly packumentCache full:https://registry.npmjs.org/process-warning cache-miss
841 http fetch GET 200 https://registry.npmjs.org/pgpass 839ms (cache miss)
842 silly packumentCache full:https://registry.npmjs.org/pgpass set size:undefined disposed:false
843 silly fetch manifest on-exit-leak-free@^0.2.0
844 silly packumentCache full:https://registry.npmjs.org/on-exit-leak-free cache-miss
845 http fetch GET 200 https://registry.npmjs.org/real-require 472ms (cache miss)
846 silly packumentCache full:https://registry.npmjs.org/real-require set size:undefined disposed:false
847 silly fetch manifest pino-std-serializers@^4.0.0
848 silly packumentCache full:https://registry.npmjs.org/pino-std-serializers cache-miss
849 http fetch GET 200 https://registry.npmjs.org/atomic-sleep 528ms (cache miss)
850 silly packumentCache full:https://registry.npmjs.org/atomic-sleep set size:undefined disposed:false
851 silly fetch manifest safe-stable-stringify@^2.1.0
852 silly packumentCache full:https://registry.npmjs.org/safe-stable-stringify cache-miss
853 http fetch GET 200 https://registry.npmjs.org/sonic-boom 848ms (cache miss)
854 silly packumentCache full:https://registry.npmjs.org/sonic-boom set size:undefined disposed:false
855 silly fetch manifest quick-format-unescaped@^4.0.3
856 silly packumentCache full:https://registry.npmjs.org/quick-format-unescaped cache-miss
857 http fetch GET 200 https://registry.npmjs.org/fast-redact 670ms (cache miss)
858 silly packumentCache full:https://registry.npmjs.org/fast-redact set size:undefined disposed:false
859 silly fetch manifest pino-abstract-transport@v0.5.0
860 silly packumentCache full:https://registry.npmjs.org/pino-abstract-transport cache-miss
861 http fetch GET 200 https://registry.npmjs.org/thread-stream 541ms (cache miss)
862 silly packumentCache full:https://registry.npmjs.org/thread-stream set size:undefined disposed:false
863 silly fetch manifest async@~3.2.0
864 silly packumentCache full:https://registry.npmjs.org/async cache-hit
865 silly fetch manifest chalk@3.0.0
866 silly packumentCache full:https://registry.npmjs.org/chalk cache-miss
867 http fetch GET 200 https://registry.npmjs.org/process-warning 661ms (cache miss)
868 silly packumentCache full:https://registry.npmjs.org/process-warning set size:undefined disposed:false
869 silly fetch manifest dayjs@~1.11.5
870 silly packumentCache full:https://registry.npmjs.org/dayjs cache-miss
871 http fetch GET 200 https://registry.npmjs.org/on-exit-leak-free 463ms (cache miss)
872 silly packumentCache full:https://registry.npmjs.org/on-exit-leak-free set size:undefined disposed:false
873 silly fetch manifest debug@^4.3.1
874 silly packumentCache full:https://registry.npmjs.org/debug cache-hit
875 silly fetch manifest croner@~4.1.92
876 silly packumentCache full:https://registry.npmjs.org/croner cache-miss
877 http fetch GET 200 https://registry.npmjs.org/pino-std-serializers 524ms (cache miss)
878 silly packumentCache full:https://registry.npmjs.org/pino-std-serializers set size:undefined disposed:false
879 silly fetch manifest fclone@1.0.11
880 silly packumentCache full:https://registry.npmjs.org/fclone cache-miss
881 http fetch GET 200 https://registry.npmjs.org/pino-abstract-transport 446ms (cache miss)
882 silly packumentCache full:https://registry.npmjs.org/pino-abstract-transport set size:undefined disposed:false
883 silly fetch manifest mkdirp@1.0.4
884 silly packumentCache full:https://registry.npmjs.org/mkdirp cache-miss
885 http fetch GET 200 https://registry.npmjs.org/safe-stable-stringify 561ms (cache miss)
886 silly packumentCache full:https://registry.npmjs.org/safe-stable-stringify set size:undefined disposed:false
887 silly fetch manifest needle@2.4.0
888 silly packumentCache full:https://registry.npmjs.org/needle cache-miss
889 http fetch GET 200 https://registry.npmjs.org/quick-format-unescaped 535ms (cache miss)
890 silly packumentCache full:https://registry.npmjs.org/quick-format-unescaped set size:undefined disposed:false
891 silly fetch manifest semver@^7.2
892 silly packumentCache full:https://registry.npmjs.org/semver cache-miss
893 http fetch GET 200 https://registry.npmjs.org/chalk 637ms (cache revalidated)
894 silly packumentCache full:https://registry.npmjs.org/chalk set size:117861 disposed:false
895 silly fetch manifest vizion@~2.2.1
896 silly packumentCache full:https://registry.npmjs.org/vizion cache-miss
897 http cache https://registry.npmjs.org/mkdirp 665ms (cache hit)
898 silly packumentCache full:https://registry.npmjs.org/mkdirp set size:116431 disposed:false
899 silly fetch manifest @pm2/io@~6.0.1
900 silly packumentCache full:https://registry.npmjs.org/@pm2%2fio cache-miss
901 http fetch GET 200 https://registry.npmjs.org/fclone 799ms (cache miss)
902 silly packumentCache full:https://registry.npmjs.org/fclone set size:undefined disposed:false
903 silly fetch manifest blessed@0.1.81
904 silly packumentCache full:https://registry.npmjs.org/blessed cache-miss
905 http fetch GET 200 https://registry.npmjs.org/needle 793ms (cache miss)
906 silly packumentCache full:https://registry.npmjs.org/needle set size:undefined disposed:false
907 silly fetch manifest js-yaml@~4.1.0
908 silly packumentCache full:https://registry.npmjs.org/js-yaml cache-miss
909 http fetch GET 200 https://registry.npmjs.org/vizion 1016ms (cache revalidated)
910 silly packumentCache full:https://registry.npmjs.org/vizion set size:64651 disposed:false
911 silly fetch manifest chokidar@^3.5.3
912 silly packumentCache full:https://registry.npmjs.org/chokidar cache-miss
913 http fetch GET 200 https://registry.npmjs.org/semver 1285ms (cache revalidated)
914 silly packumentCache full:https://registry.npmjs.org/semver set size:235672 disposed:false
915 silly fetch manifest enquirer@2.3.6
916 silly packumentCache full:https://registry.npmjs.org/enquirer cache-miss
917 http fetch GET 200 https://registry.npmjs.org/dayjs 1630ms (cache revalidated)
918 silly packumentCache full:https://registry.npmjs.org/dayjs set size:486327 disposed:false
919 silly fetch manifest pidusage@~3.0
920 silly packumentCache full:https://registry.npmjs.org/pidusage cache-miss
921 http fetch GET 200 https://registry.npmjs.org/croner 1576ms (cache revalidated)
922 silly packumentCache full:https://registry.npmjs.org/croner set size:726306 disposed:false
923 silly fetch manifest pm2-axon@~4.0.1
924 silly packumentCache full:https://registry.npmjs.org/pm2-axon cache-miss
925 http fetch GET 200 https://registry.npmjs.org/js-yaml 698ms (cache revalidated)
926 silly packumentCache full:https://registry.npmjs.org/js-yaml set size:152232 disposed:false
927 silly fetch manifest promptly@^2
928 silly packumentCache full:https://registry.npmjs.org/promptly cache-miss
929 http fetch GET 200 https://registry.npmjs.org/blessed 934ms (cache miss)
930 silly packumentCache full:https://registry.npmjs.org/blessed set size:undefined disposed:false
931 silly fetch manifest commander@2.15.1
932 silly packumentCache full:https://registry.npmjs.org/commander cache-miss
933 http fetch GET 200 https://registry.npmjs.org/@pm2%2fio 1097ms (cache miss)
934 silly packumentCache full:https://registry.npmjs.org/@pm2%2fio set size:undefined disposed:false
935 silly fetch manifest @pm2/agent@~2.0.0
936 silly packumentCache full:https://registry.npmjs.org/@pm2%2fagent cache-miss
937 http fetch GET 200 https://registry.npmjs.org/enquirer 585ms (cache miss)
938 silly packumentCache full:https://registry.npmjs.org/enquirer set size:undefined disposed:false
939 silly fetch manifest pm2-deploy@~1.0.2
940 silly packumentCache full:https://registry.npmjs.org/pm2-deploy cache-miss
941 http fetch GET 200 https://registry.npmjs.org/pidusage 809ms (cache revalidated)
942 silly packumentCache full:https://registry.npmjs.org/pidusage set size:111034 disposed:false
943 silly fetch manifest sprintf-js@1.1.2
944 silly packumentCache full:https://registry.npmjs.org/sprintf-js cache-miss
945 http fetch GET 200 https://registry.npmjs.org/chokidar 980ms (cache revalidated)
946 silly packumentCache full:https://registry.npmjs.org/chokidar set size:255902 disposed:false
947 silly fetch manifest @pm2/js-api@~0.8.0
948 silly packumentCache full:https://registry.npmjs.org/@pm2%2fjs-api cache-miss
949 http fetch GET 200 https://registry.npmjs.org/commander 611ms (cache revalidated)
950 silly packumentCache full:https://registry.npmjs.org/commander set size:306288 disposed:false
951 silly fetch manifest cli-tableau@^2.0.0
952 silly packumentCache full:https://registry.npmjs.org/cli-tableau cache-miss
953 http fetch GET 200 https://registry.npmjs.org/promptly 839ms (cache miss)
954 silly packumentCache full:https://registry.npmjs.org/promptly set size:undefined disposed:false
955 silly fetch manifest pm2-axon-rpc@~0.7.1
956 silly packumentCache full:https://registry.npmjs.org/pm2-axon-rpc cache-miss
957 http fetch GET 200 https://registry.npmjs.org/pm2-axon 913ms (cache miss)
958 silly packumentCache full:https://registry.npmjs.org/pm2-axon set size:undefined disposed:false
959 silly fetch manifest eventemitter2@5.0.1
960 silly packumentCache full:https://registry.npmjs.org/eventemitter2 cache-miss
961 http fetch GET 200 https://registry.npmjs.org/pm2-deploy 680ms (cache revalidated)
962 silly packumentCache full:https://registry.npmjs.org/pm2-deploy set size:43526 disposed:false
963 silly fetch manifest pm2-multimeter@^0.1.2
964 silly packumentCache full:https://registry.npmjs.org/pm2-multimeter cache-miss
965 http fetch GET 200 https://registry.npmjs.org/eventemitter2 465ms (cache revalidated)
966 silly packumentCache full:https://registry.npmjs.org/eventemitter2 set size:172525 disposed:false
967 silly fetch manifest source-map-support@0.5.21
968 silly packumentCache full:https://registry.npmjs.org/source-map-support cache-miss
969 http fetch GET 200 https://registry.npmjs.org/cli-tableau 561ms (cache revalidated)
970 silly packumentCache full:https://registry.npmjs.org/cli-tableau set size:9593 disposed:false
971 silly fetch manifest @pm2/pm2-version-check@latest
972 silly packumentCache full:https://registry.npmjs.org/@pm2%2fpm2-version-check cache-miss
973 http fetch GET 200 https://registry.npmjs.org/sprintf-js 853ms (cache miss)
974 silly packumentCache full:https://registry.npmjs.org/sprintf-js set size:undefined disposed:false
975 silly fetch manifest pm2-sysmonit@^1.2.8
976 silly packumentCache full:https://registry.npmjs.org/pm2-sysmonit cache-miss
977 http fetch GET 200 https://registry.npmjs.org/pm2-axon-rpc 693ms (cache miss)
978 silly packumentCache full:https://registry.npmjs.org/pm2-axon-rpc set size:undefined disposed:false
979 silly fetch manifest @puppeteer/browsers@3.0.3
980 silly packumentCache full:https://registry.npmjs.org/@puppeteer%2fbrowsers cache-miss
981 http fetch GET 200 https://registry.npmjs.org/@pm2%2fagent 1334ms (cache miss)
982 silly packumentCache full:https://registry.npmjs.org/@pm2%2fagent set size:undefined disposed:false
983 silly fetch manifest chromium-bidi@16.0.1
984 silly packumentCache full:https://registry.npmjs.org/chromium-bidi cache-miss
985 http fetch GET 200 https://registry.npmjs.org/pm2-multimeter 550ms (cache miss)
986 silly packumentCache full:https://registry.npmjs.org/pm2-multimeter set size:undefined disposed:false
987 silly fetch manifest cosmiconfig@^9.0.0
988 silly packumentCache full:https://registry.npmjs.org/cosmiconfig cache-miss
989 http fetch GET 200 https://registry.npmjs.org/@pm2%2fjs-api 1019ms (cache revalidated)
990 silly packumentCache full:https://registry.npmjs.org/@pm2%2fjs-api set size:219753 disposed:false
991 silly fetch manifest devtools-protocol@0.0.1608973
992 silly packumentCache full:https://registry.npmjs.org/devtools-protocol cache-miss
993 http fetch GET 200 https://registry.npmjs.org/source-map-support 487ms (cache miss)
994 silly packumentCache full:https://registry.npmjs.org/source-map-support set size:undefined disposed:false
995 silly fetch manifest puppeteer-core@25.0.4
996 silly packumentCache full:https://registry.npmjs.org/puppeteer-core cache-miss
997 http fetch GET 200 https://registry.npmjs.org/pm2-sysmonit 497ms (cache revalidated)
998 silly packumentCache full:https://registry.npmjs.org/pm2-sysmonit set size:42261 disposed:false
999 silly fetch manifest typed-query-selector@^2.12.2
1000 silly packumentCache full:https://registry.npmjs.org/typed-query-selector cache-miss
1001 http fetch GET 200 https://registry.npmjs.org/cosmiconfig 586ms (cache miss)
1002 silly packumentCache full:https://registry.npmjs.org/cosmiconfig set size:undefined disposed:false
1003 silly fetch manifest pngjs@^5.0.0
1004 silly packumentCache full:https://registry.npmjs.org/pngjs cache-miss
1005 http fetch GET 200 https://registry.npmjs.org/chromium-bidi 685ms (cache miss)
1006 silly packumentCache full:https://registry.npmjs.org/chromium-bidi set size:undefined disposed:false
1007 silly fetch manifest yargs@^15.3.1
1008 silly packumentCache full:https://registry.npmjs.org/yargs cache-miss
1009 http fetch GET 200 https://registry.npmjs.org/puppeteer-core 1040ms (cache miss)
1010 silly packumentCache full:https://registry.npmjs.org/puppeteer-core set size:undefined disposed:false
1011 silly fetch manifest dijkstrajs@^1.0.1
1012 silly packumentCache full:https://registry.npmjs.org/dijkstrajs cache-miss
1013 http fetch GET 200 https://registry.npmjs.org/typed-query-selector 1220ms (cache miss)
1014 silly packumentCache full:https://registry.npmjs.org/typed-query-selector set size:undefined disposed:false
1015 silly fetch manifest @kwsites/file-exists@^1.1.1
1016 silly packumentCache full:https://registry.npmjs.org/@kwsites%2ffile-exists cache-miss
1017 http fetch GET 200 https://registry.npmjs.org/pngjs 1028ms (cache miss)
1018 silly packumentCache full:https://registry.npmjs.org/pngjs set size:undefined disposed:false
1019 silly fetch manifest @kwsites/promise-deferred@^1.1.1
1020 silly packumentCache full:https://registry.npmjs.org/@kwsites%2fpromise-deferred cache-miss
1021 http fetch GET 200 https://registry.npmjs.org/@pm2%2fpm2-version-check 2054ms (cache revalidated)
1022 silly packumentCache full:https://registry.npmjs.org/@pm2%2fpm2-version-check set size:11335 disposed:false
1023 silly fetch manifest @simple-git/args-pathspec@^1.0.3
1024 silly packumentCache full:https://registry.npmjs.org/@simple-git%2fargs-pathspec cache-miss
1025 http fetch GET 200 https://registry.npmjs.org/yargs 1221ms (cache miss)
1026 silly packumentCache full:https://registry.npmjs.org/yargs set size:undefined disposed:false
1027 silly fetch manifest @simple-git/argv-parser@^1.1.0
1028 silly packumentCache full:https://registry.npmjs.org/@simple-git%2fargv-parser cache-miss
1029 http fetch GET 200 https://registry.npmjs.org/@puppeteer%2fbrowsers 2270ms (cache miss)
1030 silly packumentCache full:https://registry.npmjs.org/@puppeteer%2fbrowsers set size:undefined disposed:false
1031 silly fetch manifest debug@^4.4.0
1032 silly packumentCache full:https://registry.npmjs.org/debug cache-hit
1033 silly fetch manifest tunnel@0.0.6
1034 silly packumentCache full:https://registry.npmjs.org/tunnel cache-miss
1035 http fetch GET 200 https://registry.npmjs.org/devtools-protocol 2251ms (cache miss)
1036 silly packumentCache full:https://registry.npmjs.org/devtools-protocol set size:undefined disposed:false
1037 silly fetch manifest configstore@4.0.0
1038 silly packumentCache full:https://registry.npmjs.org/configstore cache-miss
1039 http fetch GET 200 https://registry.npmjs.org/@kwsites%2fpromise-deferred 1219ms (cache miss)
1040 silly packumentCache full:https://registry.npmjs.org/@kwsites%2fpromise-deferred set size:undefined disposed:false
1041 silly fetch manifest proxy-check@1.0.8
1042 silly packumentCache full:https://registry.npmjs.org/proxy-check cache-miss
1043 http fetch GET 200 https://registry.npmjs.org/@simple-git%2fargs-pathspec 1084ms (cache miss)
1044 silly packumentCache full:https://registry.npmjs.org/@simple-git%2fargs-pathspec set size:undefined disposed:false
1045 silly fetch manifest got@9.6.0
1046 silly packumentCache full:https://registry.npmjs.org/got cache-miss
1047 http fetch GET 200 https://registry.npmjs.org/@kwsites%2ffile-exists 1289ms (cache miss)
1048 silly packumentCache full:https://registry.npmjs.org/@kwsites%2ffile-exists set size:undefined disposed:false
1049 silly fetch manifest inherits@^2.0.3
1050 silly packumentCache full:https://registry.npmjs.org/inherits cache-miss
1051 http fetch GET 200 https://registry.npmjs.org/dijkstrajs 1461ms (cache miss)
1052 silly packumentCache full:https://registry.npmjs.org/dijkstrajs set size:undefined disposed:false
1053 silly fetch manifest is-arguments@^1.0.4
1054 silly packumentCache full:https://registry.npmjs.org/is-arguments cache-miss
1055 http fetch GET 200 https://registry.npmjs.org/tunnel 738ms (cache miss)
1056 silly packumentCache full:https://registry.npmjs.org/tunnel set size:undefined disposed:false
1057 silly fetch manifest is-generator-function@^1.0.7
1058 silly packumentCache full:https://registry.npmjs.org/is-generator-function cache-miss
1059 http fetch GET 200 https://registry.npmjs.org/@simple-git%2fargv-parser 907ms (cache miss)
1060 silly packumentCache full:https://registry.npmjs.org/@simple-git%2fargv-parser set size:undefined disposed:false
1061 silly fetch manifest is-typed-array@^1.1.3
1062 silly packumentCache full:https://registry.npmjs.org/is-typed-array cache-miss
1063 http fetch GET 200 https://registry.npmjs.org/configstore 488ms (cache miss)
1064 silly packumentCache full:https://registry.npmjs.org/configstore set size:undefined disposed:false
1065 silly fetch manifest which-typed-array@^1.1.2
1066 silly packumentCache full:https://registry.npmjs.org/which-typed-array cache-miss
1067 http fetch GET 200 https://registry.npmjs.org/inherits 405ms (cache miss)
1068 silly packumentCache full:https://registry.npmjs.org/inherits set size:undefined disposed:false
1069 silly fetch manifest axios@^0.21.1
1070 silly packumentCache full:https://registry.npmjs.org/axios cache-hit
1071 silly fetch manifest image-size@^1.0.0
1072 silly packumentCache full:https://registry.npmjs.org/image-size cache-miss
1073 http fetch GET 200 https://registry.npmjs.org/is-arguments 494ms (cache miss)
1074 silly packumentCache full:https://registry.npmjs.org/is-arguments set size:undefined disposed:false
1075 silly fetch manifest sharp@^0.30.0
1076 silly packumentCache full:https://registry.npmjs.org/sharp cache-miss
1077 http fetch GET 200 https://registry.npmjs.org/proxy-check 583ms (cache miss)
1078 silly packumentCache full:https://registry.npmjs.org/proxy-check set size:undefined disposed:false
1079 silly fetch manifest miniget@^4.2.2
1080 silly packumentCache full:https://registry.npmjs.org/miniget cache-miss
1081 http fetch GET 200 https://registry.npmjs.org/is-generator-function 514ms (cache miss)
1082 silly packumentCache full:https://registry.npmjs.org/is-generator-function set size:undefined disposed:false
1083 silly fetch manifest sax@^1.1.3
1084 silly packumentCache full:https://registry.npmjs.org/sax cache-miss
1085 http fetch GET 200 https://registry.npmjs.org/is-typed-array 495ms (cache miss)
1086 silly packumentCache full:https://registry.npmjs.org/is-typed-array set size:undefined disposed:false
1087 http cache https://registry.npmjs.org/miniget 83ms (cache hit)
1088 silly packumentCache full:https://registry.npmjs.org/miniget set size:76662 disposed:false
1089 http cache https://registry.npmjs.org/sax 79ms (cache hit)
1090 silly packumentCache full:https://registry.npmjs.org/sax set size:91199 disposed:false
1091 http cache https://registry.npmjs.org/sharp 151ms (cache hit)
1092 silly packumentCache full:https://registry.npmjs.org/sharp set size:1072564 disposed:false
1093 http fetch GET 200 https://registry.npmjs.org/which-typed-array 704ms (cache miss)
1094 silly packumentCache full:https://registry.npmjs.org/which-typed-array set size:undefined disposed:false
1095 http fetch GET 200 https://registry.npmjs.org/image-size 525ms (cache miss)
1096 silly packumentCache full:https://registry.npmjs.org/image-size set size:undefined disposed:false
1097 http fetch GET 200 https://registry.npmjs.org/got 1023ms (cache miss)
1098 silly packumentCache full:https://registry.npmjs.org/got set size:undefined disposed:false
1099 silly placeDep ROOT http-cookie-agent@7.0.4 OK for: @distube/ytdl-core@4.16.12 want: ^7.0.1
1100 silly placeDep ROOT tough-cookie@5.1.2 OK for: http-cookie-agent@7.0.4 want: ^4.0.0 || ^5.0.0 || ^6.0.0
1101 silly placeDep ROOT https-proxy-agent@7.0.6 OK for: @distube/ytdl-core@4.16.12 want: ^7.0.6
1102 silly placeDep ROOT m3u8stream@0.8.6 OK for: @distube/ytdl-core@4.16.12 want: ^0.8.6
1103 silly placeDep ROOT miniget@4.2.3 OK for: @distube/ytdl-core@4.16.12 want: ^4.2.3
1104 silly placeDep ROOT sax@1.6.0 OK for: @distube/ytdl-core@4.16.12 want: ^1.4.1
1105 silly placeDep ROOT undici@7.25.0 OK for: @distube/ytdl-core@4.16.12 want: ^7.8.0
1106 silly fetch manifest agent-base@^9.0.0
1107 silly packumentCache full:https://registry.npmjs.org/agent-base cache-miss
1108 silly fetch manifest tldts@^6.1.32
1109 silly packumentCache full:https://registry.npmjs.org/tldts cache-miss
1110 silly fetch manifest debug@4
1111 silly packumentCache full:https://registry.npmjs.org/debug cache-hit
1112 silly fetch manifest agent-base@^7.1.2
1113 silly packumentCache full:https://registry.npmjs.org/agent-base cache-miss
1114 silly fetch manifest sax@^1.2.4
1115 silly packumentCache full:https://registry.npmjs.org/sax cache-hit
1116 http fetch GET 200 https://registry.npmjs.org/agent-base 128ms (cache revalidated)
1117 silly packumentCache full:https://registry.npmjs.org/agent-base set size:72085 disposed:false
1118 http fetch GET 200 https://registry.npmjs.org/agent-base 476ms (cache revalidated)
1119 silly packumentCache full:https://registry.npmjs.org/agent-base set size:72085 disposed:false
1120 silly packumentCache full:https://registry.npmjs.org/agent-base dispose
1121 http fetch GET 200 https://registry.npmjs.org/tldts 1730ms (cache miss)
1122 silly packumentCache full:https://registry.npmjs.org/tldts set size:undefined disposed:false
1123 silly placeDep ROOT @hapi/hoek@9.3.0 OK for: @hapi/boom@9.1.4 want: 9.x.x
1124 silly fetch manifest bufferutil@^4.0.1
1125 silly packumentCache full:https://registry.npmjs.org/bufferutil cache-miss
1126 http fetch GET 200 https://registry.npmjs.org/bufferutil 597ms (cache revalidated)
1127 silly packumentCache full:https://registry.npmjs.org/bufferutil set size:52763 disposed:false
1128 silly fetch manifest utf-8-validate@>=5.0.2
1129 silly packumentCache full:https://registry.npmjs.org/utf-8-validate cache-miss
1130 http fetch GET 200 https://registry.npmjs.org/utf-8-validate 477ms (cache revalidated)
1131 silly packumentCache full:https://registry.npmjs.org/utf-8-validate set size:77148 disposed:false
1132 silly placeDep ROOT audio-decode@2.2.3 OK for: @whiskeysockets/baileys@6.6.0 want: ^2.1.3
1133 silly placeDep node_modules/@whiskeysockets/baileys axios@1.16.1 OK for: @whiskeysockets/baileys@6.6.0 want: ^1.3.3
1134 silly placeDep ROOT cache-manager@4.0.1 OK for: @whiskeysockets/baileys@6.6.0 want: 4.0.1
1135 silly placeDep ROOT futoin-hkdf@1.5.3 OK for: @whiskeysockets/baileys@6.6.0 want: ^1.5.1
1136 silly placeDep ROOT libphonenumber-js@1.13.2 OK for: @whiskeysockets/baileys@6.6.0 want: ^1.10.20
1137 silly placeDep ROOT libsignal@2.0.1 OK for: @whiskeysockets/baileys@6.6.0 want: github:adiwajshing/libsignal-node
1138 silly placeDep ROOT music-metadata@7.14.0 OK for: @whiskeysockets/baileys@6.6.0 want: ^7.12.3
1139 silly placeDep ROOT node-cache@5.1.2 OK for: @whiskeysockets/baileys@6.6.0 want: ^5.1.2
1140 silly placeDep ROOT protobufjs@7.6.0 OK for: @whiskeysockets/baileys@6.6.0 want: ^7.2.4
1141 silly placeDep ROOT uuid@9.0.1 OK for: @whiskeysockets/baileys@6.6.0 want: ^9.0.0
1142 silly placeDep ROOT ws@8.20.1 OK for: @whiskeysockets/baileys@6.6.0 want: ^8.13.0
1143 silly fetch manifest node-wav@^0.0.2
1144 silly packumentCache full:https://registry.npmjs.org/node-wav cache-miss
1145 silly fetch manifest audio-type@^2.2.1
1146 silly packumentCache full:https://registry.npmjs.org/audio-type cache-miss
1147 silly fetch manifest qoa-format@^1.0.1
1148 silly packumentCache full:https://registry.npmjs.org/qoa-format cache-miss
1149 silly fetch manifest audio-buffer@^5.0.0
1150 silly packumentCache full:https://registry.npmjs.org/audio-buffer cache-miss
1151 silly fetch manifest mpg123-decoder@^1.0.0
1152 silly packumentCache full:https://registry.npmjs.org/mpg123-decoder cache-miss
1153 silly fetch manifest ogg-opus-decoder@^1.6.12
1154 silly packumentCache full:https://registry.npmjs.org/ogg-opus-decoder cache-miss
1155 silly fetch manifest @wasm-audio-decoders/flac@^0.2.4
1156 silly packumentCache full:https://registry.npmjs.org/@wasm-audio-decoders%2fflac cache-miss
1157 http fetch GET 200 https://registry.npmjs.org/node-wav 461ms (cache miss)
1158 silly packumentCache full:https://registry.npmjs.org/node-wav set size:undefined disposed:false
1159 silly fetch manifest @wasm-audio-decoders/ogg-vorbis@^0.1.15
1160 silly packumentCache full:https://registry.npmjs.org/@wasm-audio-decoders%2fogg-vorbis cache-miss
1161 http fetch GET 200 https://registry.npmjs.org/qoa-format 478ms (cache miss)
1162 silly packumentCache full:https://registry.npmjs.org/qoa-format set size:undefined disposed:false
1163 silly fetch manifest follow-redirects@^1.16.0
1164 silly packumentCache full:https://registry.npmjs.org/follow-redirects cache-hit
1165 silly fetch manifest https-proxy-agent@^5.0.1
1166 silly packumentCache full:https://registry.npmjs.org/https-proxy-agent cache-hit
1167 silly fetch manifest proxy-from-env@^2.1.0
1168 silly packumentCache full:https://registry.npmjs.org/proxy-from-env cache-miss
1169 http fetch GET 200 https://registry.npmjs.org/audio-type 513ms (cache miss)
1170 silly packumentCache full:https://registry.npmjs.org/audio-type set size:undefined disposed:false
1171 silly fetch manifest async@3.2.3
1172 silly packumentCache full:https://registry.npmjs.org/async cache-hit
1173 silly fetch manifest lru-cache@^7.10.1
1174 silly packumentCache full:https://registry.npmjs.org/lru-cache cache-miss
1175 http fetch GET 200 https://registry.npmjs.org/mpg123-decoder 696ms (cache miss)
1176 silly packumentCache full:https://registry.npmjs.org/mpg123-decoder set size:undefined disposed:false
1177 silly fetch manifest lodash.clonedeep@^4.5.0
1178 silly packumentCache full:https://registry.npmjs.org/lodash.clonedeep cache-miss
1179 http fetch GET 200 https://registry.npmjs.org/ogg-opus-decoder 756ms (cache miss)
1180 silly packumentCache full:https://registry.npmjs.org/ogg-opus-decoder set size:undefined disposed:false
1181 silly fetch manifest curve25519-js@^0.0.4
1182 silly packumentCache full:https://registry.npmjs.org/curve25519-js cache-miss
1183 http fetch GET 200 https://registry.npmjs.org/audio-buffer 812ms (cache miss)
1184 silly packumentCache full:https://registry.npmjs.org/audio-buffer set size:undefined disposed:false
1185 silly fetch manifest protobufjs@6.8.8
1186 silly packumentCache full:https://registry.npmjs.org/protobufjs cache-miss
1187 http cache https://registry.npmjs.org/protobufjs 25ms (cache hit)
1188 silly packumentCache full:https://registry.npmjs.org/protobufjs set size:694349 disposed:false
1189 silly fetch manifest debug@^4.3.4
1190 silly packumentCache full:https://registry.npmjs.org/debug cache-hit
1191 silly fetch manifest strtok3@^6.3.0
1192 silly packumentCache full:https://registry.npmjs.org/strtok3 cache-miss
1193 http cache https://registry.npmjs.org/strtok3 37ms (cache hit)
1194 silly packumentCache full:https://registry.npmjs.org/strtok3 set size:412240 disposed:false
1195 silly fetch manifest media-typer@^1.1.0
1196 silly packumentCache full:https://registry.npmjs.org/media-typer cache-miss
1197 http fetch GET 200 https://registry.npmjs.org/proxy-from-env 649ms (cache revalidated)
1198 silly packumentCache full:https://registry.npmjs.org/proxy-from-env set size:21422 disposed:false
1199 silly fetch manifest token-types@^4.2.1
1200 silly packumentCache full:https://registry.npmjs.org/token-types cache-miss
1201 http fetch GET 200 https://registry.npmjs.org/lru-cache 640ms (cache revalidated)
1202 silly packumentCache full:https://registry.npmjs.org/lru-cache set size:451987 disposed:false
1203 silly fetch manifest content-type@^1.0.5
1204 silly packumentCache full:https://registry.npmjs.org/content-type cache-miss
1205 http fetch GET 200 https://registry.npmjs.org/@wasm-audio-decoders%2fflac 1276ms (cache miss)
1206 silly packumentCache full:https://registry.npmjs.org/@wasm-audio-decoders%2fflac set size:undefined disposed:false
1207 silly fetch manifest @tokenizer/token@^0.3.0
1208 silly packumentCache full:https://registry.npmjs.org/@tokenizer%2ftoken cache-miss
1209 http fetch GET 200 https://registry.npmjs.org/lodash.clonedeep 599ms (cache miss)
1210 silly packumentCache full:https://registry.npmjs.org/lodash.clonedeep set size:undefined disposed:false
1211 silly fetch manifest clone@2.x
1212 silly packumentCache full:https://registry.npmjs.org/clone cache-miss
1213 http fetch GET 200 https://registry.npmjs.org/curve25519-js 569ms (cache miss)
1214 silly packumentCache full:https://registry.npmjs.org/curve25519-js set size:undefined disposed:false
1215 silly fetch manifest long@^5.3.2
1216 silly packumentCache full:https://registry.npmjs.org/long cache-miss
1217 http cache https://registry.npmjs.org/token-types 213ms (cache hit)
1218 silly packumentCache full:https://registry.npmjs.org/token-types set size:155133 disposed:false
1219 silly fetch manifest @types/node@>=13.7.0
1220 silly packumentCache full:https://registry.npmjs.org/@types%2fnode cache-miss
1221 http cache https://registry.npmjs.org/content-type 161ms (cache hit)
1222 silly packumentCache full:https://registry.npmjs.org/content-type set size:18994 disposed:false
1223 silly fetch manifest @protobufjs/path@^1.1.2
1224 silly packumentCache full:https://registry.npmjs.org/@protobufjs%2fpath cache-miss
1225 http fetch GET 200 https://registry.npmjs.org/media-typer 389ms (cache miss)
1226 silly packumentCache full:https://registry.npmjs.org/media-typer set size:undefined disposed:false
1227 silly fetch manifest @protobufjs/pool@^1.1.0
1228 silly packumentCache full:https://registry.npmjs.org/@protobufjs%2fpool cache-miss
1229 http fetch GET 200 https://registry.npmjs.org/@wasm-audio-decoders%2fogg-vorbis 1194ms (cache miss)
1230 silly packumentCache full:https://registry.npmjs.org/@wasm-audio-decoders%2fogg-vorbis set size:undefined disposed:false
1231 silly fetch manifest @protobufjs/utf8@^1.1.1
1232 silly packumentCache full:https://registry.npmjs.org/@protobufjs%2futf8 cache-miss
1233 http fetch GET 200 https://registry.npmjs.org/clone 400ms (cache miss)
1234 silly packumentCache full:https://registry.npmjs.org/clone set size:undefined disposed:false
1235 silly fetch manifest @protobufjs/fetch@^1.1.1
1236 silly packumentCache full:https://registry.npmjs.org/@protobufjs%2ffetch cache-miss
1237 http fetch GET 200 https://registry.npmjs.org/long 495ms (cache miss)
1238 silly packumentCache full:https://registry.npmjs.org/long set size:undefined disposed:false
1239 silly fetch manifest @protobufjs/float@^1.0.2
1240 silly packumentCache full:https://registry.npmjs.org/@protobufjs%2ffloat cache-miss
1241 http fetch GET 200 https://registry.npmjs.org/@tokenizer%2ftoken 931ms (cache miss)
1242 silly packumentCache full:https://registry.npmjs.org/@tokenizer%2ftoken set size:undefined disposed:false
1243 silly fetch manifest @protobufjs/base64@^1.1.2
1244 silly packumentCache full:https://registry.npmjs.org/@protobufjs%2fbase64 cache-miss
1245 http fetch GET 200 https://registry.npmjs.org/@protobufjs%2fpath 1151ms (cache miss)
1246 silly packumentCache full:https://registry.npmjs.org/@protobufjs%2fpath set size:undefined disposed:false
1247 silly fetch manifest @protobufjs/codegen@^2.0.5
1248 silly packumentCache full:https://registry.npmjs.org/@protobufjs%2fcodegen cache-miss
1249 http fetch GET 200 https://registry.npmjs.org/@protobufjs%2fpool 1131ms (cache miss)
1250 silly packumentCache full:https://registry.npmjs.org/@protobufjs%2fpool set size:undefined disposed:false
1251 silly fetch manifest @protobufjs/inquire@^1.1.2
1252 silly packumentCache full:https://registry.npmjs.org/@protobufjs%2finquire cache-miss
1253 http fetch GET 200 https://registry.npmjs.org/@protobufjs%2futf8 999ms (cache miss)
1254 silly packumentCache full:https://registry.npmjs.org/@protobufjs%2futf8 set size:undefined disposed:false
1255 silly fetch manifest @protobufjs/aspromise@^1.1.2
1256 silly packumentCache full:https://registry.npmjs.org/@protobufjs%2faspromise cache-miss
1257 http fetch GET 200 https://registry.npmjs.org/@protobufjs%2ffetch 938ms (cache miss)
1258 silly packumentCache full:https://registry.npmjs.org/@protobufjs%2ffetch set size:undefined disposed:false
1259 silly fetch manifest @protobufjs/eventemitter@^1.1.0
1260 silly packumentCache full:https://registry.npmjs.org/@protobufjs%2feventemitter cache-miss
1261 http fetch GET 200 https://registry.npmjs.org/@protobufjs%2ffloat 918ms (cache miss)
1262 silly packumentCache full:https://registry.npmjs.org/@protobufjs%2ffloat set size:undefined disposed:false
1263 http fetch GET 200 https://registry.npmjs.org/@protobufjs%2fbase64 1064ms (cache miss)
1264 silly packumentCache full:https://registry.npmjs.org/@protobufjs%2fbase64 set size:undefined disposed:false
1265 http fetch GET 200 https://registry.npmjs.org/@protobufjs%2feventemitter 914ms (cache miss)
1266 silly packumentCache full:https://registry.npmjs.org/@protobufjs%2feventemitter set size:undefined disposed:false
1267 http fetch GET 200 https://registry.npmjs.org/@protobufjs%2finquire 1012ms (cache miss)
1268 silly packumentCache full:https://registry.npmjs.org/@protobufjs%2finquire set size:undefined disposed:false
1269 http fetch GET 200 https://registry.npmjs.org/@protobufjs%2fcodegen 1061ms (cache miss)
1270 silly packumentCache full:https://registry.npmjs.org/@protobufjs%2fcodegen set size:undefined disposed:false
1271 http fetch GET 200 https://registry.npmjs.org/@protobufjs%2faspromise 984ms (cache miss)
1272 silly packumentCache full:https://registry.npmjs.org/@protobufjs%2faspromise set size:undefined disposed:false
1273 http fetch GET 200 https://registry.npmjs.org/@types%2fnode 2519ms (cache miss)
1274 silly packumentCache full:https://registry.npmjs.org/@types%2fnode set size:undefined disposed:false
1275 silly placeDep node_modules/acrcloud form-data@2.5.5 OK for: acrcloud@1.4.0 want: ^2.5.1
1276 silly fetch manifest mime-types@^2.1.35
1277 silly packumentCache full:https://registry.npmjs.org/mime-types cache-miss
1278 silly fetch manifest safe-buffer@^5.2.1
1279 silly packumentCache full:https://registry.npmjs.org/safe-buffer cache-hit
1280 http cache https://registry.npmjs.org/mime-types 47ms (cache hit)
1281 silly packumentCache full:https://registry.npmjs.org/mime-types set size:139110 disposed:false
1282 silly placeDep ROOT @wasm-audio-decoders/flac@0.2.10 OK for: audio-decode@2.2.3 want: ^0.2.4
1283 silly placeDep ROOT @wasm-audio-decoders/ogg-vorbis@0.1.20 OK for: audio-decode@2.2.3 want: ^0.1.15
1284 silly placeDep ROOT audio-buffer@5.0.0 OK for: audio-decode@2.2.3 want: ^5.0.0
1285 silly placeDep ROOT audio-type@2.4.1 OK for: audio-decode@2.2.3 want: ^2.2.1
1286 silly placeDep ROOT mpg123-decoder@1.0.3 OK for: audio-decode@2.2.3 want: ^1.0.0
1287 silly placeDep ROOT node-wav@0.0.2 OK for: audio-decode@2.2.3 want: ^0.0.2
1288 silly placeDep ROOT ogg-opus-decoder@1.7.3 OK for: audio-decode@2.2.3 want: ^1.6.12
1289 silly placeDep ROOT qoa-format@1.0.1 OK for: audio-decode@2.2.3 want: ^1.0.1
1290 silly fetch manifest @wasm-audio-decoders/common@9.0.7
1291 silly packumentCache full:https://registry.npmjs.org/@wasm-audio-decoders%2fcommon cache-miss
1292 silly fetch manifest codec-parser@2.5.0
1293 silly packumentCache full:https://registry.npmjs.org/codec-parser cache-miss
1294 silly fetch manifest @wasm-audio-decoders/common@9.0.7
1295 silly packumentCache full:https://registry.npmjs.org/@wasm-audio-decoders%2fcommon cache-miss
1296 silly fetch manifest codec-parser@2.5.0
1297 silly packumentCache full:https://registry.npmjs.org/codec-parser cache-miss
1298 silly fetch manifest @wasm-audio-decoders/common@9.0.7
1299 silly packumentCache full:https://registry.npmjs.org/@wasm-audio-decoders%2fcommon cache-miss
1300 silly fetch manifest @wasm-audio-decoders/common@9.0.7
1301 silly packumentCache full:https://registry.npmjs.org/@wasm-audio-decoders%2fcommon cache-miss
1302 silly fetch manifest @wasm-audio-decoders/opus-ml@0.0.2
1303 silly packumentCache full:https://registry.npmjs.org/@wasm-audio-decoders%2fopus-ml cache-miss
1304 http fetch GET 200 https://registry.npmjs.org/codec-parser 623ms (cache miss)
1305 silly packumentCache full:https://registry.npmjs.org/codec-parser set size:undefined disposed:false
1306 silly fetch manifest opus-decoder@0.7.11
1307 silly packumentCache full:https://registry.npmjs.org/opus-decoder cache-miss
1308 http fetch GET 200 https://registry.npmjs.org/codec-parser 668ms (cache miss)
1309 silly packumentCache full:https://registry.npmjs.org/codec-parser set size:undefined disposed:false
1310 silly fetch manifest @thi.ng/bitstream@^2.2.12
1311 silly packumentCache full:https://registry.npmjs.org/@thi.ng%2fbitstream cache-miss
1312 http fetch GET 200 https://registry.npmjs.org/@wasm-audio-decoders%2fopus-ml 1206ms (cache miss)
1313 silly packumentCache full:https://registry.npmjs.org/@wasm-audio-decoders%2fopus-ml set size:undefined disposed:false
1314 http fetch GET 200 https://registry.npmjs.org/opus-decoder 586ms (cache miss)
1315 silly packumentCache full:https://registry.npmjs.org/opus-decoder set size:undefined disposed:false
1316 http fetch GET 200 https://registry.npmjs.org/@wasm-audio-decoders%2fcommon 1551ms (cache miss)
1317 silly packumentCache full:https://registry.npmjs.org/@wasm-audio-decoders%2fcommon set size:undefined disposed:false
1318 http fetch GET 200 https://registry.npmjs.org/@wasm-audio-decoders%2fcommon 1602ms (cache miss)
1319 silly packumentCache full:https://registry.npmjs.org/@wasm-audio-decoders%2fcommon set size:undefined disposed:false
1320 http fetch GET 200 https://registry.npmjs.org/@wasm-audio-decoders%2fcommon 1605ms (cache miss)
1321 silly packumentCache full:https://registry.npmjs.org/@wasm-audio-decoders%2fcommon set size:undefined disposed:false
1322 http fetch GET 200 https://registry.npmjs.org/@wasm-audio-decoders%2fcommon 1641ms (cache miss)
1323 silly packumentCache full:https://registry.npmjs.org/@wasm-audio-decoders%2fcommon set size:undefined disposed:false
1324 http fetch GET 200 https://registry.npmjs.org/@thi.ng%2fbitstream 1040ms (cache miss)
1325 silly packumentCache full:https://registry.npmjs.org/@thi.ng%2fbitstream set size:undefined disposed:false
1326 silly placeDep ROOT @wasm-audio-decoders/common@9.0.7 OK for: @wasm-audio-decoders/flac@0.2.10 want: 9.0.7
1327 silly placeDep ROOT codec-parser@2.5.0 OK for: @wasm-audio-decoders/flac@0.2.10 want: 2.5.0
1328 silly fetch manifest @eshaz/web-worker@1.2.2
1329 silly packumentCache full:https://registry.npmjs.org/@eshaz%2fweb-worker cache-miss
1330 silly fetch manifest simple-yenc@^1.0.4
1331 silly packumentCache full:https://registry.npmjs.org/simple-yenc cache-miss
1332 http fetch GET 200 https://registry.npmjs.org/simple-yenc 416ms (cache miss)
1333 silly packumentCache full:https://registry.npmjs.org/simple-yenc set size:undefined disposed:false
1334 http fetch GET 200 https://registry.npmjs.org/@eshaz%2fweb-worker 922ms (cache miss)
1335 silly packumentCache full:https://registry.npmjs.org/@eshaz%2fweb-worker set size:undefined disposed:false
1336 silly placeDep ROOT @eshaz/web-worker@1.2.2 OK for: @wasm-audio-decoders/common@9.0.7 want: 1.2.2
1337 silly placeDep ROOT simple-yenc@1.0.4 OK for: @wasm-audio-decoders/common@9.0.7 want: ^1.0.4
1338 silly placeDep ROOT follow-redirects@1.16.0 OK for: axios@0.24.0 want: ^1.14.4
1339 silly placeDep ROOT async@3.2.3 OK for: cache-manager@4.0.1 want: 3.2.3
1340 silly placeDep ROOT lodash.clonedeep@4.5.0 OK for: cache-manager@4.0.1 want: ^4.5.0
1341 silly placeDep ROOT lru-cache@7.18.3 OK for: cache-manager@4.0.1 want: ^7.10.1
1342 silly placeDep ROOT @mapbox/node-pre-gyp@1.0.11 OK for: canvas@2.11.2 want: ^1.0.0
1343 silly placeDep ROOT nan@2.27.0 OK for: canvas@2.11.2 want: ^2.17.0
1344 silly placeDep ROOT simple-get@3.1.1 OK for: canvas@2.11.2 want: ^3.0.3
1345 silly fetch manifest tar@^6.1.11
1346 silly packumentCache full:https://registry.npmjs.org/tar cache-miss
1347 silly fetch manifest nopt@^5.0.0
1348 silly packumentCache full:https://registry.npmjs.org/nopt cache-miss
1349 silly fetch manifest npmlog@^5.0.1
1350 silly packumentCache full:https://registry.npmjs.org/npmlog cache-miss
1351 silly fetch manifest rimraf@^3.0.2
1352 silly packumentCache full:https://registry.npmjs.org/rimraf cache-miss
1353 silly fetch manifest semver@^7.3.5
1354 silly packumentCache full:https://registry.npmjs.org/semver cache-hit
1355 silly fetch manifest make-dir@^3.1.0
1356 silly packumentCache full:https://registry.npmjs.org/make-dir cache-miss
1357 silly fetch manifest detect-libc@^2.0.0
1358 silly packumentCache full:https://registry.npmjs.org/detect-libc cache-miss
1359 silly fetch manifest decompress-response@^4.2.0
1360 silly packumentCache full:https://registry.npmjs.org/decompress-response cache-miss
1361 http fetch GET 200 https://registry.npmjs.org/detect-libc 576ms (cache miss)
1362 silly packumentCache full:https://registry.npmjs.org/detect-libc set size:undefined disposed:false
1363 silly fetch manifest once@^1.3.1
1364 silly packumentCache full:https://registry.npmjs.org/once cache-miss
1365 http fetch GET 200 https://registry.npmjs.org/decompress-response 583ms (cache miss)
1366 silly packumentCache full:https://registry.npmjs.org/decompress-response set size:undefined disposed:false
1367 silly fetch manifest simple-concat@^1.0.0
1368 silly packumentCache full:https://registry.npmjs.org/simple-concat cache-miss
1369 http fetch GET 200 https://registry.npmjs.org/make-dir 660ms (cache miss)
1370 silly packumentCache full:https://registry.npmjs.org/make-dir set size:undefined disposed:false
1371 http fetch GET 200 https://registry.npmjs.org/npmlog 704ms (cache miss)
1372 silly packumentCache full:https://registry.npmjs.org/npmlog set size:undefined disposed:false
1373 http fetch GET 200 https://registry.npmjs.org/nopt 746ms (cache miss)
1374 silly packumentCache full:https://registry.npmjs.org/nopt set size:undefined disposed:false
1375 http fetch GET 200 https://registry.npmjs.org/rimraf 778ms (cache miss)
1376 silly packumentCache full:https://registry.npmjs.org/rimraf set size:undefined disposed:false
1377 http fetch GET 200 https://registry.npmjs.org/tar 862ms (cache miss)
1378 silly packumentCache full:https://registry.npmjs.org/tar set size:undefined disposed:false
1379 http fetch GET 200 https://registry.npmjs.org/once 544ms (cache miss)
1380 silly packumentCache full:https://registry.npmjs.org/once set size:undefined disposed:false
1381 http fetch GET 200 https://registry.npmjs.org/simple-concat 534ms (cache miss)
1382 silly packumentCache full:https://registry.npmjs.org/simple-concat set size:undefined disposed:false
1383 silly placeDep ROOT detect-libc@2.1.2 OK for: @mapbox/node-pre-gyp@1.0.11 want: ^2.0.0
1384 silly placeDep node_modules/@mapbox/node-pre-gyp https-proxy-agent@5.0.1 OK for: @mapbox/node-pre-gyp@1.0.11 want: ^5.0.0
1385 silly placeDep ROOT make-dir@3.1.0 OK for: @mapbox/node-pre-gyp@1.0.11 want: ^3.1.0
1386 silly placeDep ROOT nopt@5.0.0 OK for: @mapbox/node-pre-gyp@1.0.11 want: ^5.0.0
1387 silly placeDep ROOT npmlog@5.0.1 OK for: @mapbox/node-pre-gyp@1.0.11 want: ^5.0.1
1388 silly placeDep ROOT rimraf@3.0.2 OK for: @mapbox/node-pre-gyp@1.0.11 want: ^3.0.2
1389 silly placeDep ROOT semver@7.8.1 OK for: @mapbox/node-pre-gyp@1.0.11 want: ^7.3.5
1390 silly placeDep ROOT tar@6.2.1 OK for: @mapbox/node-pre-gyp@1.0.11 want: ^6.1.11
1391 silly fetch manifest agent-base@6
1392 silly packumentCache full:https://registry.npmjs.org/agent-base cache-hit
1393 silly fetch manifest semver@^6.0.0
1394 silly packumentCache full:https://registry.npmjs.org/semver cache-hit
1395 silly fetch manifest abbrev@1
1396 silly packumentCache full:https://registry.npmjs.org/abbrev cache-miss
1397 silly fetch manifest gauge@^3.0.0
1398 silly packumentCache full:https://registry.npmjs.org/gauge cache-miss
1399 silly fetch manifest set-blocking@^2.0.0
1400 silly packumentCache full:https://registry.npmjs.org/set-blocking cache-miss
1401 silly fetch manifest are-we-there-yet@^2.0.0
1402 silly packumentCache full:https://registry.npmjs.org/are-we-there-yet cache-miss
1403 silly fetch manifest console-control-strings@^1.1.0
1404 silly packumentCache full:https://registry.npmjs.org/console-control-strings cache-miss
1405 silly fetch manifest glob@^7.1.3
1406 silly packumentCache full:https://registry.npmjs.org/glob cache-miss
1407 silly fetch manifest chownr@^2.0.0
1408 silly packumentCache full:https://registry.npmjs.org/chownr cache-miss
1409 http fetch GET 200 https://registry.npmjs.org/console-control-strings 477ms (cache miss)
1410 silly packumentCache full:https://registry.npmjs.org/console-control-strings set size:undefined disposed:false
1411 silly fetch manifest mkdirp@^1.0.3
1412 silly packumentCache full:https://registry.npmjs.org/mkdirp cache-hit
1413 silly fetch manifest yallist@^4.0.0
1414 silly packumentCache full:https://registry.npmjs.org/yallist cache-miss
1415 http fetch GET 200 https://registry.npmjs.org/abbrev 528ms (cache miss)
1416 silly packumentCache full:https://registry.npmjs.org/abbrev set size:undefined disposed:false
1417 silly fetch manifest minipass@^5.0.0
1418 silly packumentCache full:https://registry.npmjs.org/minipass cache-miss
1419 http fetch GET 200 https://registry.npmjs.org/set-blocking 541ms (cache miss)
1420 silly packumentCache full:https://registry.npmjs.org/set-blocking set size:undefined disposed:false
1421 silly fetch manifest minizlib@^2.1.1
1422 silly packumentCache full:https://registry.npmjs.org/minizlib cache-miss
1423 http fetch GET 200 https://registry.npmjs.org/chownr 578ms (cache miss)
1424 silly packumentCache full:https://registry.npmjs.org/chownr set size:undefined disposed:false
1425 silly fetch manifest fs-minipass@^2.0.0
1426 silly packumentCache full:https://registry.npmjs.org/fs-minipass cache-miss
1427 http fetch GET 200 https://registry.npmjs.org/gauge 652ms (cache miss)
1428 silly packumentCache full:https://registry.npmjs.org/gauge set size:undefined disposed:false
1429 http fetch GET 200 https://registry.npmjs.org/are-we-there-yet 676ms (cache miss)
1430 silly packumentCache full:https://registry.npmjs.org/are-we-there-yet set size:undefined disposed:false
1431 http fetch GET 200 https://registry.npmjs.org/glob 677ms (cache miss)
1432 silly packumentCache full:https://registry.npmjs.org/glob set size:undefined disposed:false
1433 http fetch GET 200 https://registry.npmjs.org/yallist 335ms (cache miss)
1434 silly packumentCache full:https://registry.npmjs.org/yallist set size:undefined disposed:false
1435 http fetch GET 200 https://registry.npmjs.org/fs-minipass 554ms (cache miss)
1436 silly packumentCache full:https://registry.npmjs.org/fs-minipass set size:undefined disposed:false
1437 http fetch GET 200 https://registry.npmjs.org/minizlib 661ms (cache miss)
1438 silly packumentCache full:https://registry.npmjs.org/minizlib set size:undefined disposed:false
1439 http fetch GET 200 https://registry.npmjs.org/minipass 1219ms (cache miss)
1440 silly packumentCache full:https://registry.npmjs.org/minipass set size:undefined disposed:false
1441 silly placeDep ROOT cheerio-select@2.1.0 OK for: cheerio@1.2.0 want: ^2.1.0
1442 silly placeDep ROOT dom-serializer@2.0.0 OK for: cheerio@1.2.0 want: ^2.0.0
1443 silly placeDep ROOT domhandler@5.0.3 OK for: cheerio@1.2.0 want: ^5.0.3
1444 silly placeDep ROOT domutils@3.2.2 OK for: cheerio@1.2.0 want: ^3.2.2
1445 silly placeDep ROOT encoding-sniffer@0.2.1 OK for: cheerio@1.2.0 want: ^0.2.1
1446 silly placeDep ROOT htmlparser2@10.1.0 OK for: cheerio@1.2.0 want: ^10.1.0
1447 silly placeDep ROOT parse5@7.3.0 OK for: cheerio@1.2.0 want: ^7.3.0
1448 silly placeDep ROOT parse5-htmlparser2-tree-adapter@7.1.0 OK for: cheerio@1.2.0 want: ^7.1.0
1449 silly placeDep ROOT parse5-parser-stream@7.1.2 OK for: cheerio@1.2.0 want: ^7.1.2
1450 silly placeDep ROOT whatwg-mimetype@4.0.0 OK for: cheerio@1.2.0 want: ^4.0.0
1451 silly fetch manifest boolbase@^1.0.0
1452 silly packumentCache full:https://registry.npmjs.org/boolbase cache-miss
1453 silly fetch manifest css-what@^6.1.0
1454 silly packumentCache full:https://registry.npmjs.org/css-what cache-miss
1455 silly fetch manifest domutils@^3.0.1
1456 silly packumentCache full:https://registry.npmjs.org/domutils cache-miss
1457 silly fetch manifest css-select@^5.1.0
1458 silly packumentCache full:https://registry.npmjs.org/css-select cache-miss
1459 silly fetch manifest domelementtype@^2.3.0
1460 silly packumentCache full:https://registry.npmjs.org/domelementtype cache-miss
1461 silly fetch manifest entities@^4.2.0
1462 silly packumentCache full:https://registry.npmjs.org/entities cache-miss
1463 silly fetch manifest domhandler@^5.0.2
1464 silly packumentCache full:https://registry.npmjs.org/domhandler cache-miss
1465 http cache https://registry.npmjs.org/domutils 90ms (cache hit)
1466 silly packumentCache full:https://registry.npmjs.org/domutils set size:110068 disposed:false
1467 silly fetch manifest domelementtype@^2.3.0
1468 silly packumentCache full:https://registry.npmjs.org/domelementtype cache-miss
1469 http cache https://registry.npmjs.org/domhandler 99ms (cache hit)
1470 silly packumentCache full:https://registry.npmjs.org/domhandler set size:78187 disposed:false
1471 silly fetch manifest domelementtype@^2.3.0
1472 silly packumentCache full:https://registry.npmjs.org/domelementtype cache-miss
1473 http fetch GET 200 https://registry.npmjs.org/domelementtype 179ms (cache miss)
1474 silly packumentCache full:https://registry.npmjs.org/domelementtype set size:undefined disposed:false
1475 silly fetch manifest iconv-lite@^0.6.3
1476 silly packumentCache full:https://registry.npmjs.org/iconv-lite cache-miss
1477 http fetch GET 200 https://registry.npmjs.org/boolbase 414ms (cache miss)
1478 silly packumentCache full:https://registry.npmjs.org/boolbase set size:undefined disposed:false
1479 silly fetch manifest whatwg-encoding@^3.1.1
1480 silly packumentCache full:https://registry.npmjs.org/whatwg-encoding cache-miss
1481 http cache https://registry.npmjs.org/whatwg-encoding 42ms (cache hit)
1482 silly packumentCache full:https://registry.npmjs.org/whatwg-encoding set size:25704 disposed:false
1483 silly fetch manifest entities@^7.0.1
1484 silly packumentCache full:https://registry.npmjs.org/entities cache-miss
1485 http fetch GET 200 https://registry.npmjs.org/entities 504ms (cache miss)
1486 silly packumentCache full:https://registry.npmjs.org/entities set size:undefined disposed:false
1487 silly fetch manifest entities@^6.0.0
1488 silly packumentCache full:https://registry.npmjs.org/entities cache-miss
1489 http fetch GET 200 https://registry.npmjs.org/css-what 560ms (cache miss)
1490 silly packumentCache full:https://registry.npmjs.org/css-what set size:undefined disposed:false
1491 http cache https://registry.npmjs.org/entities 41ms (cache hit)
1492 silly packumentCache full:https://registry.npmjs.org/entities set size:101550 disposed:false
1493 http fetch GET 200 https://registry.npmjs.org/domelementtype 686ms (cache miss)
1494 silly packumentCache full:https://registry.npmjs.org/domelementtype set size:undefined disposed:false
1495 http fetch GET 200 https://registry.npmjs.org/domelementtype 670ms (cache miss)
1496 silly packumentCache full:https://registry.npmjs.org/domelementtype set size:undefined disposed:false
1497 http fetch GET 200 https://registry.npmjs.org/css-select 821ms (cache miss)
1498 silly packumentCache full:https://registry.npmjs.org/css-select set size:undefined disposed:false
1499 http fetch GET 200 https://registry.npmjs.org/iconv-lite 658ms (cache miss)
1500 silly packumentCache full:https://registry.npmjs.org/iconv-lite set size:undefined disposed:false
1501 http fetch GET 200 https://registry.npmjs.org/entities 434ms (cache miss)
1502 silly packumentCache full:https://registry.npmjs.org/entities set size:undefined disposed:false
1503 silly packumentCache full:https://registry.npmjs.org/entities dispose
1504 silly placeDep ROOT boolbase@1.0.0 OK for: cheerio-select@2.1.0 want: ^1.0.0
1505 silly placeDep ROOT css-select@5.2.2 OK for: cheerio-select@2.1.0 want: ^5.1.0
1506 silly placeDep ROOT css-what@6.2.2 OK for: cheerio-select@2.1.0 want: ^6.1.0
1507 silly placeDep ROOT domelementtype@2.3.0 OK for: cheerio-select@2.1.0 want: ^2.3.0
1508 silly fetch manifest nth-check@^2.0.1
1509 silly packumentCache full:https://registry.npmjs.org/nth-check cache-miss
1510 http fetch GET 200 https://registry.npmjs.org/nth-check 398ms (cache miss)
1511 silly packumentCache full:https://registry.npmjs.org/nth-check set size:undefined disposed:false
1512 silly placeDep ROOT cookie@0.7.2 OK for: cookie-parser@1.4.7 want: 0.7.2
1513 silly placeDep ROOT cookie-signature@1.0.6 OK for: cookie-parser@1.4.7 want: 1.0.6
1514 silly placeDep ROOT nth-check@2.1.1 OK for: css-select@5.2.2 want: ^2.0.1
1515 silly placeDep ROOT entities@4.5.0 OK for: dom-serializer@2.0.0 want: ^4.2.0
1516 silly placeDep ROOT iconv-lite@0.6.3 OK for: encoding-sniffer@0.2.1 want: ^0.6.3
1517 silly placeDep ROOT whatwg-encoding@3.1.1 OK for: encoding-sniffer@0.2.1 want: ^3.1.1
1518 silly fetch manifest safer-buffer@>= 2.1.2 < 3.0.0
1519 silly packumentCache full:https://registry.npmjs.org/safer-buffer cache-miss
1520 http fetch GET 200 https://registry.npmjs.org/safer-buffer 552ms (cache miss)
1521 silly packumentCache full:https://registry.npmjs.org/safer-buffer set size:undefined disposed:false
1522 silly placeDep ROOT accepts@1.3.8 OK for: express@4.22.2 want: ~1.3.8
1523 silly placeDep ROOT array-flatten@1.1.1 OK for: express@4.22.2 want: 1.1.1
1524 silly placeDep ROOT body-parser@1.20.5 OK for: express@4.22.2 want: ~1.20.5
1525 silly placeDep ROOT content-disposition@0.5.4 OK for: express@4.22.2 want: ~0.5.4
1526 silly placeDep ROOT content-type@1.0.5 OK for: express@4.22.2 want: ~1.0.4
1527 silly placeDep ROOT debug@2.6.9 OK for: express@4.22.2 want: 2.6.9
1528 silly placeDep ROOT depd@2.0.0 OK for: express@4.22.2 want: 2.0.0
1529 silly placeDep ROOT encodeurl@2.0.0 OK for: express@4.22.2 want: ~2.0.0
1530 silly placeDep ROOT escape-html@1.0.3 OK for: express@4.22.2 want: ~1.0.3
1531 silly placeDep ROOT etag@1.8.1 OK for: express@4.22.2 want: ~1.8.1
1532 silly placeDep ROOT finalhandler@1.3.2 OK for: express@4.22.2 want: ~1.3.1
1533 silly placeDep ROOT fresh@0.5.2 OK for: express@4.22.2 want: ~0.5.2
1534 silly placeDep ROOT http-errors@2.0.1 OK for: express@4.22.2 want: ~2.0.0
1535 silly placeDep ROOT merge-descriptors@1.0.3 OK for: express@4.22.2 want: 1.0.3
1536 silly placeDep ROOT methods@1.1.2 OK for: express@4.22.2 want: ~1.1.2
1537 silly placeDep ROOT on-finished@2.4.1 OK for: express@4.22.2 want: ~2.4.1
1538 silly placeDep ROOT parseurl@1.3.3 OK for: express@4.22.2 want: ~1.3.3
1539 silly placeDep ROOT path-to-regexp@0.1.13 OK for: express@4.22.2 want: ~0.1.12
1540 silly placeDep ROOT proxy-addr@2.0.7 OK for: express@4.22.2 want: ~2.0.7
1541 silly placeDep ROOT qs@6.15.2 OK for: express@4.22.2 want: ~6.15.1
1542 silly placeDep ROOT range-parser@1.2.1 OK for: express@4.22.2 want: ~1.2.1
1543 silly placeDep ROOT safe-buffer@5.2.1 OK for: express@4.22.2 want: 5.2.1
1544 silly placeDep ROOT send@0.19.2 OK for: express@4.22.2 want: ~0.19.0
1545 silly placeDep ROOT serve-static@1.16.3 OK for: express@4.22.2 want: ~1.16.2
1546 silly placeDep ROOT setprototypeof@1.2.0 OK for: express@4.22.2 want: 1.2.0
1547 silly placeDep ROOT statuses@2.0.2 OK for: express@4.22.2 want: ~2.0.1
1548 silly placeDep ROOT type-is@1.6.18 OK for: express@4.22.2 want: ~1.6.18
1549 silly placeDep ROOT utils-merge@1.0.1 OK for: express@4.22.2 want: 1.0.1
1550 silly placeDep ROOT vary@1.1.2 OK for: express@4.22.2 want: ~1.1.2
1551 silly fetch manifest mime-types@~2.1.34
1552 silly packumentCache full:https://registry.npmjs.org/mime-types cache-hit
1553 silly fetch manifest negotiator@0.6.3
1554 silly packumentCache full:https://registry.npmjs.org/negotiator cache-miss
1555 silly fetch manifest bytes@~3.1.2
1556 silly packumentCache full:https://registry.npmjs.org/bytes cache-miss
1557 silly fetch manifest content-type@~1.0.5
1558 silly packumentCache full:https://registry.npmjs.org/content-type cache-hit
1559 silly fetch manifest destroy@~1.2.0
1560 silly packumentCache full:https://registry.npmjs.org/destroy cache-miss
1561 silly fetch manifest http-errors@~2.0.1
1562 silly packumentCache full:https://registry.npmjs.org/http-errors cache-miss
1563 silly fetch manifest iconv-lite@~0.4.24
1564 silly packumentCache full:https://registry.npmjs.org/iconv-lite cache-miss
1565 silly fetch manifest raw-body@~2.5.3
1566 silly packumentCache full:https://registry.npmjs.org/raw-body cache-miss
1567 silly fetch manifest unpipe@~1.0.0
1568 silly packumentCache full:https://registry.npmjs.org/unpipe cache-miss
1569 http cache https://registry.npmjs.org/http-errors 83ms (cache hit)
1570 silly packumentCache full:https://registry.npmjs.org/http-errors set size:71987 disposed:false
1571 silly fetch manifest ms@2.0.0
1572 silly packumentCache full:https://registry.npmjs.org/ms cache-hit
1573 silly fetch manifest unpipe@~1.0.0
1574 silly packumentCache full:https://registry.npmjs.org/unpipe cache-miss
1575 http cache https://registry.npmjs.org/iconv-lite 110ms (cache hit)
1576 silly packumentCache full:https://registry.npmjs.org/iconv-lite set size:120557 disposed:false
1577 silly fetch manifest statuses@~2.0.2
1578 silly packumentCache full:https://registry.npmjs.org/statuses cache-miss
1579 http cache https://registry.npmjs.org/statuses 48ms (cache hit)
1580 silly packumentCache full:https://registry.npmjs.org/statuses set size:37117 disposed:false
1581 silly fetch manifest inherits@~2.0.4
1582 silly packumentCache full:https://registry.npmjs.org/inherits cache-miss
1583 http cache https://registry.npmjs.org/inherits 15ms (cache hit)
1584 silly packumentCache full:https://registry.npmjs.org/inherits set size:12925 disposed:false
1585 silly fetch manifest setprototypeof@~1.2.0
1586 silly packumentCache full:https://registry.npmjs.org/setprototypeof cache-miss
1587 http cache https://registry.npmjs.org/setprototypeof 28ms (cache hit)
1588 silly packumentCache full:https://registry.npmjs.org/setprototypeof set size:14532 disposed:false
1589 silly fetch manifest toidentifier@~1.0.1
1590 silly packumentCache full:https://registry.npmjs.org/toidentifier cache-miss
1591 http fetch GET 200 https://registry.npmjs.org/unpipe 516ms (cache miss)
1592 silly packumentCache full:https://registry.npmjs.org/unpipe set size:undefined disposed:false
1593 silly fetch manifest ee-first@1.1.1
1594 silly packumentCache full:https://registry.npmjs.org/ee-first cache-miss
1595 http fetch GET 200 https://registry.npmjs.org/destroy 574ms (cache miss)
1596 silly packumentCache full:https://registry.npmjs.org/destroy set size:undefined disposed:false
1597 silly fetch manifest forwarded@0.2.0
1598 silly packumentCache full:https://registry.npmjs.org/forwarded cache-miss
1599 http fetch GET 200 https://registry.npmjs.org/negotiator 612ms (cache miss)
1600 silly packumentCache full:https://registry.npmjs.org/negotiator set size:undefined disposed:false
1601 silly fetch manifest ipaddr.js@1.9.1
1602 silly packumentCache full:https://registry.npmjs.org/ipaddr.js cache-miss
1603 http fetch GET 200 https://registry.npmjs.org/unpipe 497ms (cache miss)
1604 silly packumentCache full:https://registry.npmjs.org/unpipe set size:undefined disposed:false
1605 silly fetch manifest side-channel@^1.1.0
1606 silly packumentCache full:https://registry.npmjs.org/side-channel cache-miss
1607 http fetch GET 200 https://registry.npmjs.org/bytes 675ms (cache miss)
1608 silly packumentCache full:https://registry.npmjs.org/bytes set size:undefined disposed:false
1609 silly fetch manifest mime@1.6.0
1610 silly packumentCache full:https://registry.npmjs.org/mime cache-miss
1611 http fetch GET 200 https://registry.npmjs.org/raw-body 677ms (cache miss)
1612 silly packumentCache full:https://registry.npmjs.org/raw-body set size:undefined disposed:false
1613 silly fetch manifest destroy@1.2.0
1614 silly packumentCache full:https://registry.npmjs.org/destroy cache-miss
1615 http fetch GET 200 https://registry.npmjs.org/toidentifier 452ms (cache miss)
1616 silly packumentCache full:https://registry.npmjs.org/toidentifier set size:undefined disposed:false
1617 silly fetch manifest mime-types@~2.1.24
1618 silly packumentCache full:https://registry.npmjs.org/mime-types cache-hit
1619 silly fetch manifest media-typer@0.3.0
1620 silly packumentCache full:https://registry.npmjs.org/media-typer cache-miss
1621 http cache https://registry.npmjs.org/media-typer 20ms (cache hit)
1622 silly packumentCache full:https://registry.npmjs.org/media-typer set size:20873 disposed:false
1623 http cache https://registry.npmjs.org/destroy 53ms (cache hit)
1624 silly packumentCache full:https://registry.npmjs.org/destroy set size:15738 disposed:false
1625 http fetch GET 200 https://registry.npmjs.org/ee-first 589ms (cache miss)
1626 silly packumentCache full:https://registry.npmjs.org/ee-first set size:undefined disposed:false
1627 http fetch GET 200 https://registry.npmjs.org/forwarded 573ms (cache miss)
1628 silly packumentCache full:https://registry.npmjs.org/forwarded set size:undefined disposed:false
1629 http fetch GET 200 https://registry.npmjs.org/side-channel 544ms (cache miss)
1630 silly packumentCache full:https://registry.npmjs.org/side-channel set size:undefined disposed:false
1631 http fetch GET 200 https://registry.npmjs.org/ipaddr.js 569ms (cache miss)
1632 silly packumentCache full:https://registry.npmjs.org/ipaddr.js set size:undefined disposed:false
1633 http fetch GET 200 https://registry.npmjs.org/mime 528ms (cache miss)
1634 silly packumentCache full:https://registry.npmjs.org/mime set size:undefined disposed:false
1635 silly placeDep ROOT mime-types@2.1.35 OK for: accepts@1.3.8 want: ~2.1.34
1636 silly placeDep ROOT negotiator@0.6.3 OK for: accepts@1.3.8 want: 0.6.3
1637 silly fetch manifest mime-db@1.52.0
1638 silly packumentCache full:https://registry.npmjs.org/mime-db cache-miss
1639 http fetch GET 200 https://registry.npmjs.org/mime-db 510ms (cache miss)
1640 silly packumentCache full:https://registry.npmjs.org/mime-db set size:undefined disposed:false
1641 silly placeDep ROOT bytes@3.1.2 OK for: body-parser@1.20.5 want: ~3.1.2
1642 silly placeDep ROOT destroy@1.2.0 OK for: body-parser@1.20.5 want: ~1.2.0
1643 silly placeDep node_modules/body-parser iconv-lite@0.4.24 OK for: body-parser@1.20.5 want: ~0.4.24
1644 silly placeDep ROOT raw-body@2.5.3 OK for: body-parser@1.20.5 want: ~2.5.3
1645 silly placeDep ROOT unpipe@1.0.0 OK for: body-parser@1.20.5 want: ~1.0.0
1646 silly fetch manifest safer-buffer@>= 2.1.2 < 3
1647 silly packumentCache full:https://registry.npmjs.org/safer-buffer cache-miss
1648 http cache https://registry.npmjs.org/safer-buffer 23ms (cache hit)
1649 silly packumentCache full:https://registry.npmjs.org/safer-buffer set size:18521 disposed:false
1650 silly placeDep ROOT ms@2.0.0 OK for: debug@2.6.9 want: 2.0.0
1651 silly placeDep node_modules/express-session cookie-signature@1.0.7 OK for: express-session@1.19.0 want: ~1.0.7
1652 silly placeDep ROOT on-headers@1.1.0 OK for: express-session@1.19.0 want: ~1.1.0
1653 silly placeDep ROOT uid-safe@2.1.5 OK for: express-session@1.19.0 want: ~2.1.5
1654 silly fetch manifest random-bytes@~1.0.0
1655 silly packumentCache full:https://registry.npmjs.org/random-bytes cache-miss
1656 http fetch GET 200 https://registry.npmjs.org/random-bytes 404ms (cache miss)
1657 silly packumentCache full:https://registry.npmjs.org/random-bytes set size:undefined disposed:false
1658 silly placeDep ROOT when@3.7.8 OK for: ffmpeg@0.0.4 want: >= 0.0.1
1659 silly placeDep ROOT readable-web-to-node-stream@3.0.4 OK for: file-type@16.5.4 want: ^3.0.0
1660 silly placeDep ROOT strtok3@6.3.0 OK for: file-type@16.5.4 want: ^6.2.4
1661 silly placeDep ROOT token-types@4.2.1 OK for: file-type@16.5.4 want: ^4.1.1
1662 silly fetch manifest readable-stream@^4.7.0
1663 silly packumentCache full:https://registry.npmjs.org/readable-stream cache-miss
1664 silly fetch manifest peek-readable@^4.1.0
1665 silly packumentCache full:https://registry.npmjs.org/peek-readable cache-miss
1666 silly fetch manifest ieee754@^1.2.1
1667 silly packumentCache full:https://registry.npmjs.org/ieee754 cache-miss
1668 http fetch GET 200 https://registry.npmjs.org/ieee754 545ms (cache miss)
1669 silly packumentCache full:https://registry.npmjs.org/ieee754 set size:undefined disposed:false
1670 http fetch GET 200 https://registry.npmjs.org/peek-readable 574ms (cache miss)
1671 silly packumentCache full:https://registry.npmjs.org/peek-readable set size:undefined disposed:false
1672 http fetch GET 200 https://registry.npmjs.org/readable-stream 615ms (cache miss)
1673 silly packumentCache full:https://registry.npmjs.org/readable-stream set size:undefined disposed:false
1674 silly placeDep node_modules/fluent-ffmpeg async@0.2.10 OK for: fluent-ffmpeg@2.1.3 want: ^0.2.9
1675 silly placeDep ROOT which@1.3.1 OK for: fluent-ffmpeg@2.1.3 want: ^1.1.1
1676 silly fetch manifest isexe@^2.0.0
1677 silly packumentCache full:https://registry.npmjs.org/isexe cache-miss
1678 http fetch GET 200 https://registry.npmjs.org/isexe 89ms (cache miss)
1679 silly packumentCache full:https://registry.npmjs.org/isexe set size:undefined disposed:false
1680 silly placeDep ROOT asynckit@0.4.0 OK for: form-data@4.0.5 want: ^0.4.0
1681 silly placeDep ROOT combined-stream@1.0.8 OK for: form-data@4.0.5 want: ^1.0.8
1682 silly placeDep ROOT es-set-tostringtag@2.1.0 OK for: form-data@4.0.5 want: ^2.1.0
1683 silly placeDep ROOT hasown@2.0.3 OK for: form-data@4.0.5 want: ^2.0.2
1684 silly fetch manifest delayed-stream@~1.0.0
1685 silly packumentCache full:https://registry.npmjs.org/delayed-stream cache-miss
1686 silly fetch manifest es-errors@^1.3.0
1687 silly packumentCache full:https://registry.npmjs.org/es-errors cache-miss
1688 silly fetch manifest get-intrinsic@^1.2.6
1689 silly packumentCache full:https://registry.npmjs.org/get-intrinsic cache-miss
1690 silly fetch manifest has-tostringtag@^1.0.2
1691 silly packumentCache full:https://registry.npmjs.org/has-tostringtag cache-miss
1692 silly fetch manifest function-bind@^1.1.2
1693 silly packumentCache full:https://registry.npmjs.org/function-bind cache-miss
1694 http fetch GET 200 https://registry.npmjs.org/function-bind 144ms (cache miss)
1695 silly packumentCache full:https://registry.npmjs.org/function-bind set size:undefined disposed:false
1696 http fetch GET 200 https://registry.npmjs.org/get-intrinsic 170ms (cache miss)
1697 silly packumentCache full:https://registry.npmjs.org/get-intrinsic set size:undefined disposed:false
1698 http fetch GET 200 https://registry.npmjs.org/delayed-stream 640ms (cache miss)
1699 silly packumentCache full:https://registry.npmjs.org/delayed-stream set size:undefined disposed:false
1700 http fetch GET 200 https://registry.npmjs.org/es-errors 646ms (cache miss)
1701 silly packumentCache full:https://registry.npmjs.org/es-errors set size:undefined disposed:false
1702 http fetch GET 200 https://registry.npmjs.org/has-tostringtag 648ms (cache miss)
1703 silly packumentCache full:https://registry.npmjs.org/has-tostringtag set size:undefined disposed:false
1704 silly placeDep ROOT delayed-stream@1.0.0 OK for: combined-stream@1.0.8 want: ~1.0.0
1705 silly placeDep ROOT es-errors@1.3.0 OK for: es-set-tostringtag@2.1.0 want: ^1.3.0
1706 silly placeDep ROOT get-intrinsic@1.3.0 OK for: es-set-tostringtag@2.1.0 want: ^1.2.6
1707 silly placeDep ROOT has-tostringtag@1.0.2 OK for: es-set-tostringtag@2.1.0 want: ^1.0.2
1708 silly fetch manifest gopd@^1.2.0
1709 silly packumentCache full:https://registry.npmjs.org/gopd cache-miss
1710 silly fetch manifest get-proto@^1.0.1
1711 silly packumentCache full:https://registry.npmjs.org/get-proto cache-miss
1712 silly fetch manifest has-symbols@^1.1.0
1713 silly packumentCache full:https://registry.npmjs.org/has-symbols cache-miss
1714 silly fetch manifest es-object-atoms@^1.1.1
1715 silly packumentCache full:https://registry.npmjs.org/es-object-atoms cache-miss
1716 silly fetch manifest math-intrinsics@^1.1.0
1717 silly packumentCache full:https://registry.npmjs.org/math-intrinsics cache-miss
1718 silly fetch manifest es-define-property@^1.0.1
1719 silly packumentCache full:https://registry.npmjs.org/es-define-property cache-miss
1720 silly fetch manifest call-bind-apply-helpers@^1.0.2
1721 silly packumentCache full:https://registry.npmjs.org/call-bind-apply-helpers cache-miss
1722 http fetch GET 200 https://registry.npmjs.org/gopd 500ms (cache miss)
1723 silly packumentCache full:https://registry.npmjs.org/gopd set size:undefined disposed:false
1724 silly fetch manifest has-symbols@^1.0.3
1725 silly packumentCache full:https://registry.npmjs.org/has-symbols cache-miss
1726 http fetch GET 200 https://registry.npmjs.org/get-proto 524ms (cache miss)
1727 silly packumentCache full:https://registry.npmjs.org/get-proto set size:undefined disposed:false
1728 http fetch GET 200 https://registry.npmjs.org/es-object-atoms 541ms (cache miss)
1729 silly packumentCache full:https://registry.npmjs.org/es-object-atoms set size:undefined disposed:false
1730 http fetch GET 200 https://registry.npmjs.org/call-bind-apply-helpers 536ms (cache miss)
1731 silly packumentCache full:https://registry.npmjs.org/call-bind-apply-helpers set size:undefined disposed:false
1732 http fetch GET 200 https://registry.npmjs.org/has-symbols 567ms (cache miss)
1733 silly packumentCache full:https://registry.npmjs.org/has-symbols set size:undefined disposed:false
1734 http fetch GET 200 https://registry.npmjs.org/math-intrinsics 570ms (cache miss)
1735 silly packumentCache full:https://registry.npmjs.org/math-intrinsics set size:undefined disposed:false
1736 http fetch GET 200 https://registry.npmjs.org/es-define-property 588ms (cache miss)
1737 silly packumentCache full:https://registry.npmjs.org/es-define-property set size:undefined disposed:false
1738 http fetch GET 200 https://registry.npmjs.org/has-symbols 111ms (cache miss)
1739 silly packumentCache full:https://registry.npmjs.org/has-symbols set size:undefined disposed:false
1740 silly placeDep ROOT graceful-fs@4.2.11 OK for: fs-extra@10.1.0 want: ^4.2.0
1741 silly placeDep ROOT jsonfile@6.2.1 OK for: fs-extra@10.1.0 want: ^6.0.1
1742 silly placeDep ROOT universalify@2.0.1 OK for: fs-extra@10.1.0 want: ^2.0.0
1743 silly placeDep ROOT call-bind-apply-helpers@1.0.2 OK for: get-intrinsic@1.3.0 want: ^1.0.2
1744 silly placeDep ROOT es-define-property@1.0.1 OK for: get-intrinsic@1.3.0 want: ^1.0.1
1745 silly placeDep ROOT es-object-atoms@1.1.1 OK for: get-intrinsic@1.3.0 want: ^1.1.1
1746 silly placeDep ROOT function-bind@1.1.2 OK for: get-intrinsic@1.3.0 want: ^1.1.2
1747 silly placeDep ROOT get-proto@1.0.1 OK for: get-intrinsic@1.3.0 want: ^1.0.1
1748 silly placeDep ROOT gopd@1.2.0 OK for: get-intrinsic@1.3.0 want: ^1.2.0
1749 silly placeDep ROOT has-symbols@1.1.0 OK for: get-intrinsic@1.3.0 want: ^1.1.0
1750 silly placeDep ROOT math-intrinsics@1.1.0 OK for: get-intrinsic@1.3.0 want: ^1.1.0
1751 silly fetch manifest dunder-proto@^1.0.1
1752 silly packumentCache full:https://registry.npmjs.org/dunder-proto cache-miss
1753 http fetch GET 200 https://registry.npmjs.org/dunder-proto 381ms (cache miss)
1754 silly packumentCache full:https://registry.npmjs.org/dunder-proto set size:undefined disposed:false
1755 silly placeDep ROOT dunder-proto@1.0.1 OK for: get-proto@1.0.1 want: ^1.0.1
1756 silly placeDep node_modules/google-tts-api axios@0.21.4 OK for: google-tts-api@2.0.2 want: ^0.21.0
1757 silly placeDep node_modules/htmlparser2 entities@7.0.1 OK for: htmlparser2@10.1.0 want: ^7.0.1
1758 silly placeDep ROOT agent-base@9.0.0 OK for: http-cookie-agent@7.0.4 want: ^9.0.0
1759 silly placeDep ROOT inherits@2.0.4 OK for: http-errors@2.0.1 want: ~2.0.4
1760 silly placeDep ROOT toidentifier@1.0.1 OK for: http-errors@2.0.1 want: ~1.0.1
1761 silly placeDep node_modules/https-proxy-agent agent-base@7.1.4 OK for: https-proxy-agent@7.0.6 want: ^7.1.2
1762 silly placeDep node_modules/https-proxy-agent debug@4.4.3 OK for: https-proxy-agent@7.0.6 want: 4
1763 silly fetch manifest ms@^2.1.3
1764 silly packumentCache full:https://registry.npmjs.org/ms cache-hit
1765 silly placeDep ROOT safer-buffer@2.1.2 OK for: iconv-lite@0.6.3 want: >= 2.1.2 < 3.0.0
1766 silly placeDep ROOT @babel/runtime@7.29.2 OK for: jimp@0.16.13 want: ^7.7.2
1767 silly placeDep ROOT @jimp/custom@0.16.13 OK for: jimp@0.16.13 want: ^0.16.13
1768 silly placeDep ROOT @jimp/plugins@0.16.13 OK for: jimp@0.16.13 want: ^0.16.13
1769 silly placeDep ROOT @jimp/types@0.16.13 OK for: jimp@0.16.13 want: ^0.16.13
1770 silly placeDep ROOT regenerator-runtime@0.13.11 OK for: jimp@0.16.13 want: ^0.13.3
1771 silly fetch manifest @jimp/core@^0.16.13
1772 silly packumentCache full:https://registry.npmjs.org/@jimp%2fcore cache-miss
1773 silly fetch manifest @jimp/plugin-blit@^0.16.13
1774 silly packumentCache full:https://registry.npmjs.org/@jimp%2fplugin-blit cache-miss
1775 silly fetch manifest @jimp/plugin-blur@^0.16.13
1776 silly packumentCache full:https://registry.npmjs.org/@jimp%2fplugin-blur cache-miss
1777 silly fetch manifest @jimp/plugin-circle@^0.16.13
1778 silly packumentCache full:https://registry.npmjs.org/@jimp%2fplugin-circle cache-miss
1779 silly fetch manifest @jimp/plugin-color@^0.16.13
1780 silly packumentCache full:https://registry.npmjs.org/@jimp%2fplugin-color cache-miss
1781 silly fetch manifest @jimp/plugin-contain@^0.16.13
1782 silly packumentCache full:https://registry.npmjs.org/@jimp%2fplugin-contain cache-miss
1783 silly fetch manifest @jimp/plugin-cover@^0.16.13
1784 silly packumentCache full:https://registry.npmjs.org/@jimp%2fplugin-cover cache-miss
1785 http fetch GET 200 https://registry.npmjs.org/@jimp%2fplugin-circle 2001ms (cache miss)
1786 silly packumentCache full:https://registry.npmjs.org/@jimp%2fplugin-circle set size:undefined disposed:false
1787 silly fetch manifest @jimp/plugin-crop@^0.16.13
1788 silly packumentCache full:https://registry.npmjs.org/@jimp%2fplugin-crop cache-miss
1789 http fetch GET 200 https://registry.npmjs.org/@jimp%2fplugin-blit 2314ms (cache miss)
1790 silly packumentCache full:https://registry.npmjs.org/@jimp%2fplugin-blit set size:undefined disposed:false
1791 silly fetch manifest @jimp/plugin-displace@^0.16.13
1792 silly packumentCache full:https://registry.npmjs.org/@jimp%2fplugin-displace cache-miss
1793 http fetch GET 200 https://registry.npmjs.org/@jimp%2fplugin-blur 2443ms (cache miss)
1794 silly packumentCache full:https://registry.npmjs.org/@jimp%2fplugin-blur set size:undefined disposed:false
1795 silly fetch manifest @jimp/plugin-dither@^0.16.13
1796 silly packumentCache full:https://registry.npmjs.org/@jimp%2fplugin-dither cache-miss
1797 http fetch GET 200 https://registry.npmjs.org/@jimp%2fcore 2592ms (cache miss)
1798 silly packumentCache full:https://registry.npmjs.org/@jimp%2fcore set size:undefined disposed:false
1799 silly fetch manifest @jimp/plugin-fisheye@^0.16.13
1800 silly packumentCache full:https://registry.npmjs.org/@jimp%2fplugin-fisheye cache-miss
1801 http fetch GET 200 https://registry.npmjs.org/@jimp%2fplugin-cover 2687ms (cache miss)
1802 silly packumentCache full:https://registry.npmjs.org/@jimp%2fplugin-cover set size:undefined disposed:false
1803 silly fetch manifest @jimp/plugin-flip@^0.16.13
1804 silly packumentCache full:https://registry.npmjs.org/@jimp%2fplugin-flip cache-miss
1805 http fetch GET 200 https://registry.npmjs.org/@jimp%2fplugin-color 2816ms (cache miss)
1806 silly packumentCache full:https://registry.npmjs.org/@jimp%2fplugin-color set size:undefined disposed:false
1807 silly fetch manifest @jimp/plugin-gaussian@^0.16.13
1808 silly packumentCache full:https://registry.npmjs.org/@jimp%2fplugin-gaussian cache-miss
1809 http fetch GET 200 https://registry.npmjs.org/@jimp%2fplugin-displace 1889ms (cache miss)
1810 silly packumentCache full:https://registry.npmjs.org/@jimp%2fplugin-displace set size:undefined disposed:false
1811 silly fetch manifest @jimp/plugin-invert@^0.16.13
1812 silly packumentCache full:https://registry.npmjs.org/@jimp%2fplugin-invert cache-miss
1813 http fetch GET 200 https://registry.npmjs.org/@jimp%2fplugin-dither 1964ms (cache miss)
1814 silly packumentCache full:https://registry.npmjs.org/@jimp%2fplugin-dither set size:undefined disposed:false
1815 silly fetch manifest @jimp/plugin-mask@^0.16.13
1816 silly packumentCache full:https://registry.npmjs.org/@jimp%2fplugin-mask cache-miss
1817 http fetch GET 200 https://registry.npmjs.org/@jimp%2fplugin-flip 1912ms (cache miss)
1818 silly packumentCache full:https://registry.npmjs.org/@jimp%2fplugin-flip set size:undefined disposed:false
1819 silly fetch manifest @jimp/plugin-normalize@^0.16.13
1820 silly packumentCache full:https://registry.npmjs.org/@jimp%2fplugin-normalize cache-miss
1821 http fetch GET 200 https://registry.npmjs.org/@jimp%2fplugin-gaussian 1913ms (cache miss)
1822 silly packumentCache full:https://registry.npmjs.org/@jimp%2fplugin-gaussian set size:undefined disposed:false
1823 silly fetch manifest @jimp/plugin-print@^0.16.13
1824 silly packumentCache full:https://registry.npmjs.org/@jimp%2fplugin-print cache-miss
1825 http fetch GET 200 https://registry.npmjs.org/@jimp%2fplugin-fisheye 2240ms (cache miss)
1826 silly packumentCache full:https://registry.npmjs.org/@jimp%2fplugin-fisheye set size:undefined disposed:false
1827 silly fetch manifest @jimp/plugin-resize@^0.16.13
1828 silly packumentCache full:https://registry.npmjs.org/@jimp%2fplugin-resize cache-miss
1829 http fetch GET 200 https://registry.npmjs.org/@jimp%2fplugin-crop 3064ms (cache miss)
1830 silly packumentCache full:https://registry.npmjs.org/@jimp%2fplugin-crop set size:undefined disposed:false
1831 silly fetch manifest @jimp/plugin-rotate@^0.16.13
1832 silly packumentCache full:https://registry.npmjs.org/@jimp%2fplugin-rotate cache-miss
1833 http fetch GET 200 https://registry.npmjs.org/@jimp%2fplugin-invert 1353ms (cache miss)
1834 silly packumentCache full:https://registry.npmjs.org/@jimp%2fplugin-invert set size:undefined disposed:false
1835 silly fetch manifest @jimp/plugin-scale@^0.16.13
1836 silly packumentCache full:https://registry.npmjs.org/@jimp%2fplugin-scale cache-miss
1837 http fetch GET 200 https://registry.npmjs.org/@jimp%2fplugin-normalize 2366ms (cache miss)
1838 silly packumentCache full:https://registry.npmjs.org/@jimp%2fplugin-normalize set size:undefined disposed:false
1839 silly fetch manifest @jimp/plugin-shadow@^0.16.13
1840 silly packumentCache full:https://registry.npmjs.org/@jimp%2fplugin-shadow cache-miss
1841 http fetch GET 200 https://registry.npmjs.org/@jimp%2fplugin-mask 2609ms (cache miss)
1842 silly packumentCache full:https://registry.npmjs.org/@jimp%2fplugin-mask set size:undefined disposed:false
1843 silly fetch manifest @jimp/plugin-threshold@^0.16.13
1844 silly packumentCache full:https://registry.npmjs.org/@jimp%2fplugin-threshold cache-miss
1845 http fetch GET 200 https://registry.npmjs.org/@jimp%2fplugin-print 2439ms (cache miss)
1846 silly packumentCache full:https://registry.npmjs.org/@jimp%2fplugin-print set size:undefined disposed:false
1847 silly fetch manifest timm@^1.6.1
1848 silly packumentCache full:https://registry.npmjs.org/timm cache-miss
1849 http fetch GET 200 https://registry.npmjs.org/@jimp%2fplugin-resize 2457ms (cache miss)
1850 silly packumentCache full:https://registry.npmjs.org/@jimp%2fplugin-resize set size:undefined disposed:false
1851 silly fetch manifest timm@^1.6.1
1852 silly packumentCache full:https://registry.npmjs.org/timm cache-miss
1853 http fetch GET 200 https://registry.npmjs.org/@jimp%2fplugin-rotate 2308ms (cache miss)
1854 silly packumentCache full:https://registry.npmjs.org/@jimp%2fplugin-rotate set size:undefined disposed:false
1855 silly fetch manifest @jimp/bmp@^0.16.13
1856 silly packumentCache full:https://registry.npmjs.org/@jimp%2fbmp cache-miss
1857 http fetch GET 200 https://registry.npmjs.org/@jimp%2fplugin-scale 1883ms (cache miss)
1858 silly packumentCache full:https://registry.npmjs.org/@jimp%2fplugin-scale set size:undefined disposed:false
1859 silly fetch manifest @jimp/gif@^0.16.13
1860 silly packumentCache full:https://registry.npmjs.org/@jimp%2fgif cache-miss
1861 http fetch GET 200 https://registry.npmjs.org/timm 634ms (cache miss)
1862 silly packumentCache full:https://registry.npmjs.org/timm set size:undefined disposed:false
1863 silly fetch manifest @jimp/png@^0.16.13
1864 silly packumentCache full:https://registry.npmjs.org/@jimp%2fpng cache-miss
1865 http fetch GET 200 https://registry.npmjs.org/timm 567ms (cache miss)
1866 silly packumentCache full:https://registry.npmjs.org/timm set size:undefined disposed:false
1867 silly fetch manifest @jimp/jpeg@^0.16.13
1868 silly packumentCache full:https://registry.npmjs.org/@jimp%2fjpeg cache-miss
1869 http fetch GET 200 https://registry.npmjs.org/@jimp%2fplugin-shadow 1112ms (cache miss)
1870 silly packumentCache full:https://registry.npmjs.org/@jimp%2fplugin-shadow set size:undefined disposed:false
1871 silly fetch manifest @jimp/tiff@^0.16.13
1872 silly packumentCache full:https://registry.npmjs.org/@jimp%2ftiff cache-miss
1873 http fetch GET 200 https://registry.npmjs.org/@jimp%2fplugin-threshold 1394ms (cache miss)
1874 silly packumentCache full:https://registry.npmjs.org/@jimp%2fplugin-threshold set size:undefined disposed:false
1875 http fetch GET 200 https://registry.npmjs.org/@jimp%2fbmp 1846ms (cache miss)
1876 silly packumentCache full:https://registry.npmjs.org/@jimp%2fbmp set size:undefined disposed:false
1877 http fetch GET 200 https://registry.npmjs.org/@jimp%2ftiff 1270ms (cache miss)
1878 silly packumentCache full:https://registry.npmjs.org/@jimp%2ftiff set size:undefined disposed:false
1879 http fetch GET 200 https://registry.npmjs.org/@jimp%2fgif 2227ms (cache miss)
1880 silly packumentCache full:https://registry.npmjs.org/@jimp%2fgif set size:undefined disposed:false
1881 http fetch GET 200 https://registry.npmjs.org/@jimp%2fplugin-contain 9992ms (cache miss)
1882 silly packumentCache full:https://registry.npmjs.org/@jimp%2fplugin-contain set size:undefined disposed:false
1883 http fetch GET 200 https://registry.npmjs.org/@jimp%2fjpeg 2068ms (cache miss)
1884 silly packumentCache full:https://registry.npmjs.org/@jimp%2fjpeg set size:undefined disposed:false
1885 http fetch GET 200 https://registry.npmjs.org/@jimp%2fpng 2592ms (cache miss)
1886 silly packumentCache full:https://registry.npmjs.org/@jimp%2fpng set size:undefined disposed:false
1887 silly placeDep ROOT @jimp/core@0.16.13 OK for: @jimp/custom@0.16.13 want: ^0.16.13
1888 silly fetch manifest phin@^2.9.1
1889 silly packumentCache full:https://registry.npmjs.org/phin cache-miss
1890 silly fetch manifest buffer@^5.2.0
1891 silly packumentCache full:https://registry.npmjs.org/buffer cache-miss
1892 silly fetch manifest mkdirp@^0.5.1
1893 silly packumentCache full:https://registry.npmjs.org/mkdirp cache-hit
1894 silly fetch manifest any-base@^1.1.0
1895 silly packumentCache full:https://registry.npmjs.org/any-base cache-miss
1896 silly fetch manifest pixelmatch@^4.0.2
1897 silly packumentCache full:https://registry.npmjs.org/pixelmatch cache-miss
1898 silly fetch manifest tinycolor2@^1.4.1
1899 silly packumentCache full:https://registry.npmjs.org/tinycolor2 cache-miss
1900 silly fetch manifest @jimp/utils@^0.16.13
1901 silly packumentCache full:https://registry.npmjs.org/@jimp%2futils cache-miss
1902 silly fetch manifest exif-parser@^0.1.12
1903 silly packumentCache full:https://registry.npmjs.org/exif-parser cache-miss
1904 http fetch GET 200 https://registry.npmjs.org/any-base 506ms (cache miss)
1905 silly packumentCache full:https://registry.npmjs.org/any-base set size:undefined disposed:false
1906 silly fetch manifest load-bmfont@^1.3.1
1907 silly packumentCache full:https://registry.npmjs.org/load-bmfont cache-miss
1908 http fetch GET 200 https://registry.npmjs.org/phin 547ms (cache miss)
1909 silly packumentCache full:https://registry.npmjs.org/phin set size:undefined disposed:false
1910 http fetch GET 200 https://registry.npmjs.org/tinycolor2 561ms (cache miss)
1911 silly packumentCache full:https://registry.npmjs.org/tinycolor2 set size:undefined disposed:false
1912 http fetch GET 200 https://registry.npmjs.org/buffer 602ms (cache miss)
1913 silly packumentCache full:https://registry.npmjs.org/buffer set size:undefined disposed:false
1914 http fetch GET 200 https://registry.npmjs.org/pixelmatch 686ms (cache miss)
1915 silly packumentCache full:https://registry.npmjs.org/pixelmatch set size:undefined disposed:false
1916 http fetch GET 200 https://registry.npmjs.org/load-bmfont 561ms (cache miss)
1917 silly packumentCache full:https://registry.npmjs.org/load-bmfont set size:undefined disposed:false
1918 http fetch GET 200 https://registry.npmjs.org/exif-parser 1113ms (cache miss)
1919 silly packumentCache full:https://registry.npmjs.org/exif-parser set size:undefined disposed:false
1920 http fetch GET 200 https://registry.npmjs.org/@jimp%2futils 1667ms (cache miss)
1921 silly packumentCache full:https://registry.npmjs.org/@jimp%2futils set size:undefined disposed:false
1922 silly placeDep ROOT @jimp/utils@0.16.13 OK for: @jimp/core@0.16.13 want: ^0.16.13
1923 silly placeDep ROOT any-base@1.1.0 OK for: @jimp/core@0.16.13 want: ^1.1.0
1924 silly placeDep ROOT buffer@5.7.1 OK for: @jimp/core@0.16.13 want: ^5.2.0
1925 silly placeDep ROOT exif-parser@0.1.12 OK for: @jimp/core@0.16.13 want: ^0.1.12
1926 silly placeDep ROOT load-bmfont@1.4.2 OK for: @jimp/core@0.16.13 want: ^1.3.1
1927 silly placeDep ROOT mkdirp@0.5.6 OK for: @jimp/core@0.16.13 want: ^0.5.1
1928 silly placeDep ROOT phin@2.9.3 OK for: @jimp/core@0.16.13 want: ^2.9.1
1929 silly placeDep ROOT pixelmatch@4.0.2 OK for: @jimp/core@0.16.13 want: ^4.0.2
1930 silly placeDep ROOT tinycolor2@1.6.0 OK for: @jimp/core@0.16.13 want: ^1.4.1
1931 silly fetch manifest base64-js@^1.3.1
1932 silly packumentCache full:https://registry.npmjs.org/base64-js cache-miss
1933 silly fetch manifest ieee754@^1.1.13
1934 silly packumentCache full:https://registry.npmjs.org/ieee754 cache-miss
1935 silly fetch manifest buffer-equal@0.0.1
1936 silly packumentCache full:https://registry.npmjs.org/buffer-equal cache-miss
1937 silly fetch manifest mime@^1.3.4
1938 silly packumentCache full:https://registry.npmjs.org/mime cache-miss
1939 silly fetch manifest parse-bmfont-ascii@^1.0.3
1940 silly packumentCache full:https://registry.npmjs.org/parse-bmfont-ascii cache-miss
1941 silly fetch manifest parse-bmfont-binary@^1.0.5
1942 silly packumentCache full:https://registry.npmjs.org/parse-bmfont-binary cache-miss
1943 silly fetch manifest parse-bmfont-xml@^1.1.4
1944 silly packumentCache full:https://registry.npmjs.org/parse-bmfont-xml cache-miss
1945 http cache https://registry.npmjs.org/ieee754 123ms (cache hit)
1946 silly packumentCache full:https://registry.npmjs.org/ieee754 set size:34910 disposed:false
1947 silly fetch manifest phin@^3.7.1
1948 silly packumentCache full:https://registry.npmjs.org/phin cache-miss
1949 http cache https://registry.npmjs.org/mime 133ms (cache hit)
1950 silly packumentCache full:https://registry.npmjs.org/mime set size:119236 disposed:false
1951 silly fetch manifest xhr@^2.0.1
1952 silly packumentCache full:https://registry.npmjs.org/xhr cache-miss
1953 http cache https://registry.npmjs.org/phin 65ms (cache hit)
1954 silly packumentCache full:https://registry.npmjs.org/phin set size:123951 disposed:false
1955 silly fetch manifest minimist@^1.2.6
1956 silly packumentCache full:https://registry.npmjs.org/minimist cache-miss
1957 http fetch GET 200 https://registry.npmjs.org/buffer-equal 517ms (cache miss)
1958 silly packumentCache full:https://registry.npmjs.org/buffer-equal set size:undefined disposed:false
1959 silly fetch manifest pngjs@^3.0.0
1960 silly packumentCache full:https://registry.npmjs.org/pngjs cache-miss
1961 http fetch GET 200 https://registry.npmjs.org/parse-bmfont-ascii 524ms (cache miss)
1962 silly packumentCache full:https://registry.npmjs.org/parse-bmfont-ascii set size:undefined disposed:false
1963 http fetch GET 200 https://registry.npmjs.org/parse-bmfont-binary 528ms (cache miss)
1964 silly packumentCache full:https://registry.npmjs.org/parse-bmfont-binary set size:undefined disposed:false
1965 http fetch GET 200 https://registry.npmjs.org/parse-bmfont-xml 534ms (cache miss)
1966 silly packumentCache full:https://registry.npmjs.org/parse-bmfont-xml set size:undefined disposed:false
1967 http fetch GET 200 https://registry.npmjs.org/base64-js 570ms (cache miss)
1968 silly packumentCache full:https://registry.npmjs.org/base64-js set size:undefined disposed:false
1969 http cache https://registry.npmjs.org/pngjs 72ms (cache hit)
1970 silly packumentCache full:https://registry.npmjs.org/pngjs set size:70154 disposed:false
1971 http fetch GET 200 https://registry.npmjs.org/xhr 476ms (cache miss)
1972 silly packumentCache full:https://registry.npmjs.org/xhr set size:undefined disposed:false
1973 http fetch GET 200 https://registry.npmjs.org/minimist 460ms (cache miss)
1974 silly packumentCache full:https://registry.npmjs.org/minimist set size:undefined disposed:false
1975 silly fetch manifest @jimp/custom@>=0.3.5
1976 silly packumentCache full:https://registry.npmjs.org/@jimp%2fcustom cache-miss
1977 http cache https://registry.npmjs.org/@jimp%2fcustom 30ms (cache hit)
1978 silly packumentCache full:https://registry.npmjs.org/@jimp%2fcustom set size:1162364 disposed:false
1979 silly placeDep ROOT @jimp/plugin-blit@0.16.13 OK for: @jimp/plugins@0.16.13 want: ^0.16.13
1980 silly placeDep ROOT @jimp/plugin-blur@0.16.13 OK for: @jimp/plugins@0.16.13 want: ^0.16.13
1981 silly placeDep ROOT @jimp/plugin-circle@0.16.13 OK for: @jimp/plugins@0.16.13 want: ^0.16.13
1982 silly placeDep ROOT @jimp/plugin-color@0.16.13 OK for: @jimp/plugins@0.16.13 want: ^0.16.13
1983 silly placeDep ROOT @jimp/plugin-contain@0.16.13 OK for: @jimp/plugins@0.16.13 want: ^0.16.13
1984 silly placeDep ROOT @jimp/plugin-scale@0.16.13 OK for: @jimp/plugin-contain@0.16.13 want: >=0.3.5
1985 silly placeDep ROOT @jimp/plugin-resize@0.16.13 OK for: @jimp/plugin-scale@0.16.13 want: >=0.3.5
1986 silly placeDep ROOT @jimp/plugin-cover@0.16.13 OK for: @jimp/plugins@0.16.13 want: ^0.16.13
1987 silly placeDep ROOT @jimp/plugin-crop@0.16.13 OK for: @jimp/plugin-cover@0.16.13 want: >=0.3.5
1988 silly placeDep ROOT @jimp/plugin-displace@0.16.13 OK for: @jimp/plugins@0.16.13 want: ^0.16.13
1989 silly placeDep ROOT @jimp/plugin-dither@0.16.13 OK for: @jimp/plugins@0.16.13 want: ^0.16.13
1990 silly placeDep ROOT @jimp/plugin-fisheye@0.16.13 OK for: @jimp/plugins@0.16.13 want: ^0.16.13
1991 silly placeDep ROOT @jimp/plugin-flip@0.16.13 OK for: @jimp/plugins@0.16.13 want: ^0.16.13
1992 silly placeDep ROOT @jimp/plugin-rotate@0.16.13 OK for: @jimp/plugin-flip@0.16.13 want: >=0.3.5
1993 silly placeDep ROOT @jimp/plugin-gaussian@0.16.13 OK for: @jimp/plugins@0.16.13 want: ^0.16.13
1994 silly placeDep ROOT @jimp/plugin-invert@0.16.13 OK for: @jimp/plugins@0.16.13 want: ^0.16.13
1995 silly placeDep ROOT @jimp/plugin-mask@0.16.13 OK for: @jimp/plugins@0.16.13 want: ^0.16.13
1996 silly placeDep ROOT @jimp/plugin-normalize@0.16.13 OK for: @jimp/plugins@0.16.13 want: ^0.16.13
1997 silly placeDep ROOT @jimp/plugin-print@0.16.13 OK for: @jimp/plugins@0.16.13 want: ^0.16.13
1998 silly placeDep ROOT @jimp/plugin-shadow@0.16.13 OK for: @jimp/plugins@0.16.13 want: ^0.16.13
1999 silly placeDep ROOT @jimp/plugin-threshold@0.16.13 OK for: @jimp/plugins@0.16.13 want: ^0.16.13
2000 silly placeDep ROOT timm@1.7.1 OK for: @jimp/plugins@0.16.13 want: ^1.6.1
2001 silly placeDep ROOT @jimp/bmp@0.16.13 OK for: @jimp/types@0.16.13 want: ^0.16.13
2002 silly placeDep ROOT @jimp/gif@0.16.13 OK for: @jimp/types@0.16.13 want: ^0.16.13
2003 silly placeDep ROOT @jimp/jpeg@0.16.13 OK for: @jimp/types@0.16.13 want: ^0.16.13
2004 silly placeDep ROOT @jimp/png@0.16.13 OK for: @jimp/types@0.16.13 want: ^0.16.13
2005 silly placeDep ROOT @jimp/tiff@0.16.13 OK for: @jimp/types@0.16.13 want: ^0.16.13
2006 silly fetch manifest bmp-js@^0.1.0
2007 silly packumentCache full:https://registry.npmjs.org/bmp-js cache-miss
2008 silly fetch manifest gifwrap@^0.9.2
2009 silly packumentCache full:https://registry.npmjs.org/gifwrap cache-miss
2010 silly fetch manifest omggif@^1.0.9
2011 silly packumentCache full:https://registry.npmjs.org/omggif cache-miss
2012 silly fetch manifest jpeg-js@^0.4.2
2013 silly packumentCache full:https://registry.npmjs.org/jpeg-js cache-miss
2014 silly fetch manifest pngjs@^3.3.3
2015 silly packumentCache full:https://registry.npmjs.org/pngjs cache-hit
2016 silly fetch manifest utif@^2.0.1
2017 silly packumentCache full:https://registry.npmjs.org/utif cache-miss
2018 http fetch GET 200 https://registry.npmjs.org/bmp-js 419ms (cache miss)
2019 silly packumentCache full:https://registry.npmjs.org/bmp-js set size:undefined disposed:false
2020 http fetch GET 200 https://registry.npmjs.org/omggif 446ms (cache miss)
2021 silly packumentCache full:https://registry.npmjs.org/omggif set size:undefined disposed:false
2022 http fetch GET 200 https://registry.npmjs.org/jpeg-js 465ms (cache miss)
2023 silly packumentCache full:https://registry.npmjs.org/jpeg-js set size:undefined disposed:false
2024 http fetch GET 200 https://registry.npmjs.org/gifwrap 488ms (cache miss)
2025 silly packumentCache full:https://registry.npmjs.org/gifwrap set size:undefined disposed:false
2026 http fetch GET 200 https://registry.npmjs.org/utif 512ms (cache miss)
2027 silly packumentCache full:https://registry.npmjs.org/utif set size:undefined disposed:false
2028 silly placeDep ROOT bmp-js@0.1.0 OK for: @jimp/bmp@0.16.13 want: ^0.1.0
2029 silly placeDep ROOT gifwrap@0.9.4 OK for: @jimp/gif@0.16.13 want: ^0.9.2
2030 silly placeDep ROOT omggif@1.0.10 OK for: @jimp/gif@0.16.13 want: ^1.0.9
2031 silly fetch manifest image-q@^4.0.0
2032 silly packumentCache full:https://registry.npmjs.org/image-q cache-miss
2033 silly fetch manifest omggif@^1.0.10
2034 silly packumentCache full:https://registry.npmjs.org/omggif cache-miss
2035 http cache https://registry.npmjs.org/omggif 43ms (cache hit)
2036 silly packumentCache full:https://registry.npmjs.org/omggif set size:9453 disposed:false
2037 http fetch GET 200 https://registry.npmjs.org/image-q 469ms (cache miss)
2038 silly packumentCache full:https://registry.npmjs.org/image-q set size:undefined disposed:false
2039 silly placeDep ROOT jpeg-js@0.4.4 OK for: @jimp/jpeg@0.16.13 want: ^0.4.2
2040 silly placeDep ROOT pngjs@3.4.0 OK for: @jimp/png@0.16.13 want: ^3.3.3
2041 silly placeDep ROOT utif@2.0.1 OK for: @jimp/tiff@0.16.13 want: ^2.0.1
2042 silly fetch manifest pako@^1.0.5
2043 silly packumentCache full:https://registry.npmjs.org/pako cache-miss
2044 http fetch GET 200 https://registry.npmjs.org/pako 402ms (cache revalidated)
2045 silly packumentCache full:https://registry.npmjs.org/pako set size:74234 disposed:false
2046 silly placeDep ROOT base64-js@1.5.1 OK for: buffer@5.7.1 want: ^1.3.1
2047 silly placeDep ROOT ieee754@1.2.1 OK for: buffer@5.7.1 want: ^1.1.13
2048 silly placeDep ROOT image-q@4.0.0 OK for: gifwrap@0.9.4 want: ^4.0.0
2049 silly fetch manifest @types/node@16.9.1
2050 silly packumentCache full:https://registry.npmjs.org/@types%2fnode cache-miss
2051 http cache https://registry.npmjs.org/@types%2fnode 114ms (cache hit)
2052 silly packumentCache full:https://registry.npmjs.org/@types%2fnode set size:11015753 disposed:false
2053 silly placeDep ROOT @types/node@16.9.1 OK for: image-q@4.0.0 want: 16.9.1
2054 silly fetch manifest utf-8-validate@^5.0.2
2055 silly packumentCache full:https://registry.npmjs.org/utf-8-validate cache-hit
2056 silly placeDep ROOT abab@2.0.6 OK for: jsdom@16.7.0 want: ^2.0.5
2057 silly placeDep ROOT acorn@8.16.0 OK for: jsdom@16.7.0 want: ^8.2.4
2058 silly placeDep ROOT acorn-globals@6.0.0 OK for: jsdom@16.7.0 want: ^6.0.0
2059 silly placeDep ROOT cssom@0.4.4 OK for: jsdom@16.7.0 want: ^0.4.4
2060 silly placeDep ROOT cssstyle@2.3.0 OK for: jsdom@16.7.0 want: ^2.3.0
2061 silly placeDep ROOT data-urls@2.0.0 OK for: jsdom@16.7.0 want: ^2.0.0
2062 silly placeDep ROOT decimal.js@10.6.0 OK for: jsdom@16.7.0 want: ^10.2.1
2063 silly placeDep ROOT domexception@2.0.1 OK for: jsdom@16.7.0 want: ^2.0.1
2064 silly placeDep ROOT escodegen@2.1.0 OK for: jsdom@16.7.0 want: ^2.0.0
2065 silly placeDep node_modules/jsdom form-data@3.0.4 OK for: jsdom@16.7.0 want: ^3.0.0
2066 silly placeDep ROOT html-encoding-sniffer@2.0.1 OK for: jsdom@16.7.0 want: ^2.0.1
2067 silly placeDep ROOT http-proxy-agent@4.0.1 OK for: jsdom@16.7.0 want: ^4.0.1
2068 silly placeDep node_modules/jsdom https-proxy-agent@5.0.1 OK for: jsdom@16.7.0 want: ^5.0.0
2069 silly placeDep ROOT is-potential-custom-element-name@1.0.1 OK for: jsdom@16.7.0 want: ^1.0.1
2070 silly placeDep ROOT nwsapi@2.2.23 OK for: jsdom@16.7.0 want: ^2.2.0
2071 silly placeDep node_modules/jsdom parse5@6.0.1 OK for: jsdom@16.7.0 want: 6.0.1
2072 silly placeDep ROOT saxes@5.0.1 OK for: jsdom@16.7.0 want: ^5.0.1
2073 silly placeDep ROOT symbol-tree@3.2.4 OK for: jsdom@16.7.0 want: ^3.2.4
2074 silly placeDep node_modules/jsdom tough-cookie@4.1.4 OK for: jsdom@16.7.0 want: ^4.0.0
2075 silly placeDep ROOT w3c-hr-time@1.0.2 OK for: jsdom@16.7.0 want: ^1.0.2
2076 silly placeDep ROOT w3c-xmlserializer@2.0.0 OK for: jsdom@16.7.0 want: ^2.0.0
2077 silly placeDep ROOT webidl-conversions@6.1.0 OK for: jsdom@16.7.0 want: ^6.1.0
2078 silly placeDep node_modules/jsdom whatwg-encoding@1.0.5 OK for: jsdom@16.7.0 want: ^1.0.5
2079 silly placeDep node_modules/jsdom whatwg-mimetype@2.3.0 OK for: jsdom@16.7.0 want: ^2.3.0
2080 silly placeDep ROOT whatwg-url@8.7.0 OK for: jsdom@16.7.0 want: ^8.5.0
2081 silly placeDep node_modules/jsdom ws@7.5.10 OK for: jsdom@16.7.0 want: ^7.4.6
2082 silly placeDep ROOT xml-name-validator@3.0.0 OK for: jsdom@16.7.0 want: ^3.0.0
2083 silly fetch manifest acorn@^7.1.1
2084 silly packumentCache full:https://registry.npmjs.org/acorn cache-miss
2085 silly fetch manifest acorn-walk@^7.1.1
2086 silly packumentCache full:https://registry.npmjs.org/acorn-walk cache-miss
2087 silly fetch manifest cssom@~0.3.6
2088 silly packumentCache full:https://registry.npmjs.org/cssom cache-miss
2089 silly fetch manifest whatwg-url@^8.0.0
2090 silly packumentCache full:https://registry.npmjs.org/whatwg-url cache-hit
2091 silly fetch manifest webidl-conversions@^5.0.0
2092 silly packumentCache full:https://registry.npmjs.org/webidl-conversions cache-miss
2093 silly fetch manifest estraverse@^5.2.0
2094 silly packumentCache full:https://registry.npmjs.org/estraverse cache-miss
2095 silly fetch manifest esutils@^2.0.2
2096 silly packumentCache full:https://registry.npmjs.org/esutils cache-miss
2097 silly fetch manifest esprima@^4.0.1
2098 silly packumentCache full:https://registry.npmjs.org/esprima cache-miss
2099 http cache https://registry.npmjs.org/cssom 117ms (cache hit)
2100 silly packumentCache full:https://registry.npmjs.org/cssom set size:42138 disposed:false
2101 silly fetch manifest source-map@~0.6.1
2102 silly packumentCache full:https://registry.npmjs.org/source-map cache-miss
2103 http cache https://registry.npmjs.org/webidl-conversions 130ms (cache hit)
2104 silly packumentCache full:https://registry.npmjs.org/webidl-conversions set size:46073 disposed:false
2105 silly fetch manifest @tootallnate/once@1
2106 silly packumentCache full:https://registry.npmjs.org/@tootallnate%2fonce cache-miss
2107 http cache https://registry.npmjs.org/acorn 172ms (cache hit)
2108 silly packumentCache full:https://registry.npmjs.org/acorn set size:379626 disposed:false
2109 silly fetch manifest xmlchars@^2.2.0
2110 silly packumentCache full:https://registry.npmjs.org/xmlchars cache-miss
2111 http fetch GET 200 https://registry.npmjs.org/acorn-walk 302ms (cache miss)
2112 silly packumentCache full:https://registry.npmjs.org/acorn-walk set size:undefined disposed:false
2113 silly fetch manifest psl@^1.1.33
2114 silly packumentCache full:https://registry.npmjs.org/psl cache-miss
2115 http fetch GET 200 https://registry.npmjs.org/estraverse 448ms (cache revalidated)
2116 silly packumentCache full:https://registry.npmjs.org/estraverse set size:62412 disposed:false
2117 silly fetch manifest punycode@^2.1.1
2118 silly packumentCache full:https://registry.npmjs.org/punycode cache-miss
2119 http fetch GET 200 https://registry.npmjs.org/esprima 465ms (cache revalidated)
2120 silly packumentCache full:https://registry.npmjs.org/esprima set size:118410 disposed:false
2121 silly fetch manifest url-parse@^1.5.3
2122 silly packumentCache full:https://registry.npmjs.org/url-parse cache-miss
2123 http fetch GET 200 https://registry.npmjs.org/source-map 672ms (cache revalidated)
2124 silly packumentCache full:https://registry.npmjs.org/source-map set size:226212 disposed:false
2125 silly fetch manifest universalify@^0.2.0
2126 silly packumentCache full:https://registry.npmjs.org/universalify cache-miss
2127 http fetch GET 200 https://registry.npmjs.org/psl 583ms (cache miss)
2128 silly packumentCache full:https://registry.npmjs.org/psl set size:undefined disposed:false
2129 silly fetch manifest browser-process-hrtime@^1.0.0
2130 silly packumentCache full:https://registry.npmjs.org/browser-process-hrtime cache-miss
2131 http fetch GET 200 https://registry.npmjs.org/xmlchars 727ms (cache miss)
2132 silly packumentCache full:https://registry.npmjs.org/xmlchars set size:undefined disposed:false
2133 silly fetch manifest iconv-lite@0.4.24
2134 silly packumentCache full:https://registry.npmjs.org/iconv-lite cache-hit
2135 silly fetch manifest tr46@^2.1.0
2136 silly packumentCache full:https://registry.npmjs.org/tr46 cache-miss
2137 http cache https://registry.npmjs.org/universalify 142ms (cache hit)
2138 silly packumentCache full:https://registry.npmjs.org/universalify set size:19431 disposed:false
2139 silly fetch manifest lodash@^4.7.0
2140 silly packumentCache full:https://registry.npmjs.org/lodash cache-miss
2141 http fetch GET 200 https://registry.npmjs.org/punycode 535ms (cache miss)
2142 silly packumentCache full:https://registry.npmjs.org/punycode set size:undefined disposed:false
2143 http fetch GET 200 https://registry.npmjs.org/url-parse 530ms (cache miss)
2144 silly packumentCache full:https://registry.npmjs.org/url-parse set size:undefined disposed:false
2145 http fetch GET 200 https://registry.npmjs.org/esutils 1417ms (cache revalidated)
2146 silly packumentCache full:https://registry.npmjs.org/esutils set size:29522 disposed:false
2147 http fetch GET 200 https://registry.npmjs.org/lodash 456ms (cache revalidated)
2148 silly packumentCache full:https://registry.npmjs.org/lodash set size:247652 disposed:false
2149 http fetch GET 200 https://registry.npmjs.org/browser-process-hrtime 592ms (cache miss)
2150 silly packumentCache full:https://registry.npmjs.org/browser-process-hrtime set size:undefined disposed:false
2151 http fetch GET 200 https://registry.npmjs.org/@tootallnate%2fonce 1375ms (cache miss)
2152 silly packumentCache full:https://registry.npmjs.org/@tootallnate%2fonce set size:undefined disposed:false
2153 http fetch GET 200 https://registry.npmjs.org/tr46 561ms (cache miss)
2154 silly packumentCache full:https://registry.npmjs.org/tr46 set size:undefined disposed:false
2155 silly placeDep node_modules/acorn-globals acorn@7.4.1 OK for: acorn-globals@6.0.0 want: ^7.1.1
2156 silly placeDep ROOT acorn-walk@7.2.0 OK for: acorn-globals@6.0.0 want: ^7.1.1
2157 silly placeDep node_modules/cssstyle cssom@0.3.8 OK for: cssstyle@2.3.0 want: ~0.3.6
2158 silly placeDep node_modules/data-urls whatwg-mimetype@2.3.0 OK for: data-urls@2.0.0 want: ^2.3.0
2159 silly placeDep node_modules/domexception webidl-conversions@5.0.0 OK for: domexception@2.0.1 want: ^5.0.0
2160 silly placeDep ROOT esprima@4.0.1 OK for: escodegen@2.1.0 want: ^4.0.1
2161 silly placeDep ROOT estraverse@5.3.0 OK for: escodegen@2.1.0 want: ^5.2.0
2162 silly placeDep ROOT esutils@2.0.3 OK for: escodegen@2.1.0 want: ^2.0.2
2163 silly placeDep ROOT source-map@0.6.1 OK for: escodegen@2.1.0 want: ~0.6.1
2164 silly placeDep node_modules/html-encoding-sniffer whatwg-encoding@1.0.5 OK for: html-encoding-sniffer@2.0.1 want: ^1.0.5
2165 silly placeDep ROOT @tootallnate/once@1.1.2 OK for: http-proxy-agent@4.0.1 want: 1
2166 silly placeDep node_modules/http-proxy-agent agent-base@6.0.2 OK for: http-proxy-agent@4.0.1 want: 6
2167 silly placeDep node_modules/http-proxy-agent debug@4.4.3 OK for: http-proxy-agent@4.0.1 want: 4
2168 silly placeDep ROOT curve25519-js@0.0.4 OK for: libsignal@2.0.1 want: ^0.0.4
2169 silly placeDep node_modules/libsignal protobufjs@6.8.8 OK for: libsignal@2.0.1 want: 6.8.8
2170 silly fetch manifest long@^4.0.0
2171 silly packumentCache full:https://registry.npmjs.org/long cache-miss
2172 silly fetch manifest @types/long@^4.0.0
2173 silly packumentCache full:https://registry.npmjs.org/@types%2flong cache-miss
2174 silly fetch manifest @types/node@^10.1.0
2175 silly packumentCache full:https://registry.npmjs.org/@types%2fnode cache-miss
2176 silly fetch manifest @protobufjs/utf8@^1.1.0
2177 silly packumentCache full:https://registry.npmjs.org/@protobufjs%2futf8 cache-miss
2178 silly fetch manifest @protobufjs/fetch@^1.1.0
2179 silly packumentCache full:https://registry.npmjs.org/@protobufjs%2ffetch cache-miss
2180 silly fetch manifest @protobufjs/codegen@^2.0.4
2181 silly packumentCache full:https://registry.npmjs.org/@protobufjs%2fcodegen cache-miss
2182 silly fetch manifest @protobufjs/inquire@^1.1.0
2183 silly packumentCache full:https://registry.npmjs.org/@protobufjs%2finquire cache-miss
2184 http cache https://registry.npmjs.org/@protobufjs%2ffetch 72ms (cache hit)
2185 silly packumentCache full:https://registry.npmjs.org/@protobufjs%2ffetch set size:12023 disposed:false
2186 http cache https://registry.npmjs.org/@protobufjs%2fcodegen 72ms (cache hit)
2187 silly packumentCache full:https://registry.npmjs.org/@protobufjs%2fcodegen set size:23820 disposed:false
2188 http cache https://registry.npmjs.org/long 112ms (cache hit)
2189 silly packumentCache full:https://registry.npmjs.org/long set size:80704 disposed:false
2190 http cache https://registry.npmjs.org/@protobufjs%2finquire 99ms (cache hit)
2191 silly packumentCache full:https://registry.npmjs.org/@protobufjs%2finquire set size:10538 disposed:false
2192 http cache https://registry.npmjs.org/@types%2fnode 206ms (cache hit)
2193 silly packumentCache full:https://registry.npmjs.org/@types%2fnode set size:11015753 disposed:false
2194 http cache https://registry.npmjs.org/@protobufjs%2futf8 1414ms (cache hit)
2195 silly packumentCache full:https://registry.npmjs.org/@protobufjs%2futf8 set size:15634 disposed:false
2196 http fetch GET 200 https://registry.npmjs.org/@types%2flong 1478ms (cache miss)
2197 silly packumentCache full:https://registry.npmjs.org/@types%2flong set size:undefined disposed:false
2198 silly placeDep ROOT buffer-equal@0.0.1 OK for: load-bmfont@1.4.2 want: 0.0.1
2199 silly placeDep ROOT mime@1.6.0 OK for: load-bmfont@1.4.2 want: ^1.3.4
2200 silly placeDep ROOT parse-bmfont-ascii@1.0.6 OK for: load-bmfont@1.4.2 want: ^1.0.3
2201 silly placeDep ROOT parse-bmfont-binary@1.0.6 OK for: load-bmfont@1.4.2 want: ^1.0.5
2202 silly placeDep ROOT parse-bmfont-xml@1.1.6 OK for: load-bmfont@1.4.2 want: ^1.1.4
2203 silly placeDep node_modules/load-bmfont phin@3.7.1 OK for: load-bmfont@1.4.2 want: ^3.7.1
2204 silly placeDep ROOT xhr@2.6.0 OK for: load-bmfont@1.4.2 want: ^2.0.1
2205 silly placeDep ROOT xtend@4.0.2 OK for: load-bmfont@1.4.2 want: ^4.0.0
2206 silly fetch manifest xml-parse-from-string@^1.0.0
2207 silly packumentCache full:https://registry.npmjs.org/xml-parse-from-string cache-miss
2208 silly fetch manifest xml2js@^0.5.0
2209 silly packumentCache full:https://registry.npmjs.org/xml2js cache-miss
2210 silly fetch manifest centra@^2.7.0
2211 silly packumentCache full:https://registry.npmjs.org/centra cache-miss
2212 silly fetch manifest global@~4.4.0
2213 silly packumentCache full:https://registry.npmjs.org/global cache-miss
2214 silly fetch manifest is-function@^1.0.1
2215 silly packumentCache full:https://registry.npmjs.org/is-function cache-miss
2216 silly fetch manifest parse-headers@^2.0.0
2217 silly packumentCache full:https://registry.npmjs.org/parse-headers cache-miss
2218 http fetch GET 200 https://registry.npmjs.org/xml-parse-from-string 406ms (cache miss)
2219 silly packumentCache full:https://registry.npmjs.org/xml-parse-from-string set size:undefined disposed:false
2220 http fetch GET 200 https://registry.npmjs.org/is-function 473ms (cache miss)
2221 silly packumentCache full:https://registry.npmjs.org/is-function set size:undefined disposed:false
2222 http fetch GET 200 https://registry.npmjs.org/parse-headers 478ms (cache miss)
2223 silly packumentCache full:https://registry.npmjs.org/parse-headers set size:undefined disposed:false
2224 http fetch GET 200 https://registry.npmjs.org/global 497ms (cache miss)
2225 silly packumentCache full:https://registry.npmjs.org/global set size:undefined disposed:false
2226 http fetch GET 200 https://registry.npmjs.org/xml2js 531ms (cache miss)
2227 silly packumentCache full:https://registry.npmjs.org/xml2js set size:undefined disposed:false
2228 http fetch GET 200 https://registry.npmjs.org/centra 593ms (cache miss)
2229 silly packumentCache full:https://registry.npmjs.org/centra set size:undefined disposed:false
2230 silly placeDep node_modules/make-dir semver@6.3.1 OK for: make-dir@3.1.0 want: ^6.0.0
2231 silly placeDep ROOT mime-db@1.52.0 OK for: mime-types@2.1.35 want: 1.52.0
2232 silly placeDep ROOT minimist@1.2.8 OK for: mkdirp@0.5.6 want: ^1.2.6
2233 silly placeDep ROOT bson@4.7.2 OK for: mongoose@6.13.9 want: ^4.7.2
2234 silly placeDep ROOT kareem@2.5.1 OK for: mongoose@6.13.9 want: 2.5.1
2235 silly placeDep ROOT mongodb@4.17.2 OK for: mongoose@6.13.9 want: 4.17.2
2236 silly placeDep ROOT mpath@0.9.0 OK for: mongoose@6.13.9 want: 0.9.0
2237 silly placeDep ROOT mquery@4.0.3 OK for: mongoose@6.13.9 want: 4.0.3
2238 silly placeDep node_modules/mongoose ms@2.1.3 OK for: mongoose@6.13.9 want: 2.1.3
2239 silly placeDep ROOT sift@16.0.1 OK for: mongoose@6.13.9 want: 16.0.1
2240 silly fetch manifest socks@^2.7.1
2241 silly packumentCache full:https://registry.npmjs.org/socks cache-miss
2242 silly fetch manifest mongodb-connection-string-url@^2.6.0
2243 silly packumentCache full:https://registry.npmjs.org/mongodb-connection-string-url cache-miss
2244 silly fetch manifest @mongodb-js/saslprep@^1.1.0
2245 silly packumentCache full:https://registry.npmjs.org/@mongodb-js%2fsaslprep cache-miss
2246 silly fetch manifest @aws-sdk/credential-providers@^3.186.0
2247 silly packumentCache full:https://registry.npmjs.org/@aws-sdk%2fcredential-providers cache-miss
2248 silly fetch manifest debug@4.x
2249 silly packumentCache full:https://registry.npmjs.org/debug cache-hit
2250 http fetch GET 200 https://registry.npmjs.org/mongodb-connection-string-url 431ms (cache miss)
2251 silly packumentCache full:https://registry.npmjs.org/mongodb-connection-string-url set size:undefined disposed:false
2252 http fetch GET 200 https://registry.npmjs.org/socks 458ms (cache revalidated)
2253 silly packumentCache full:https://registry.npmjs.org/socks set size:173143 disposed:false
2254 http fetch GET 200 https://registry.npmjs.org/@mongodb-js%2fsaslprep 1054ms (cache miss)
2255 silly packumentCache full:https://registry.npmjs.org/@mongodb-js%2fsaslprep set size:undefined disposed:false
2256 http fetch GET 200 https://registry.npmjs.org/@aws-sdk%2fcredential-providers 1523ms (cache miss)
2257 silly packumentCache full:https://registry.npmjs.org/@aws-sdk%2fcredential-providers set size:undefined disposed:false
2258 silly placeDep ROOT @aws-sdk/credential-providers@3.1052.0 OK for: mongodb@4.17.2 want: ^3.186.0
2259 silly placeDep ROOT @mongodb-js/saslprep@1.4.11 OK for: mongodb@4.17.2 want: ^1.1.0
2260 silly placeDep ROOT mongodb-connection-string-url@2.6.0 OK for: mongodb@4.17.2 want: ^2.6.0
2261 silly placeDep ROOT socks@2.8.9 OK for: mongodb@4.17.2 want: ^2.7.1
2262 silly fetch manifest @aws-sdk/client-cognito-identity@3.1052.0
2263 silly packumentCache full:https://registry.npmjs.org/@aws-sdk%2fclient-cognito-identity cache-miss
2264 silly fetch manifest @aws-sdk/core@^3.974.13
2265 silly packumentCache full:https://registry.npmjs.org/@aws-sdk%2fcore cache-miss
2266 silly fetch manifest @aws-sdk/credential-provider-cognito-identity@^3.972.36
2267 silly packumentCache full:https://registry.npmjs.org/@aws-sdk%2fcredential-provider-cognito-identity cache-miss
2268 silly fetch manifest @aws-sdk/credential-provider-env@^3.972.39
2269 silly packumentCache full:https://registry.npmjs.org/@aws-sdk%2fcredential-provider-env cache-miss
2270 silly fetch manifest @aws-sdk/credential-provider-http@^3.972.41
2271 silly packumentCache full:https://registry.npmjs.org/@aws-sdk%2fcredential-provider-http cache-miss
2272 silly fetch manifest @aws-sdk/credential-provider-ini@^3.972.43
2273 silly packumentCache full:https://registry.npmjs.org/@aws-sdk%2fcredential-provider-ini cache-miss
2274 silly fetch manifest @aws-sdk/credential-provider-login@^3.972.43
2275 silly packumentCache full:https://registry.npmjs.org/@aws-sdk%2fcredential-provider-login cache-miss
2276 http fetch GET 200 https://registry.npmjs.org/@aws-sdk%2fcredential-provider-env 1908ms (cache miss)
2277 silly packumentCache full:https://registry.npmjs.org/@aws-sdk%2fcredential-provider-env set size:undefined disposed:false
2278 silly fetch manifest @aws-sdk/credential-provider-node@^3.972.44
2279 silly packumentCache full:https://registry.npmjs.org/@aws-sdk%2fcredential-provider-node cache-miss
2280 http fetch GET 200 https://registry.npmjs.org/@aws-sdk%2fcredential-provider-http 2184ms (cache miss)
2281 silly packumentCache full:https://registry.npmjs.org/@aws-sdk%2fcredential-provider-http set size:undefined disposed:false
2282 silly fetch manifest @aws-sdk/credential-provider-process@^3.972.39
2283 silly packumentCache full:https://registry.npmjs.org/@aws-sdk%2fcredential-provider-process cache-miss
2284 http fetch GET 200 https://registry.npmjs.org/@aws-sdk%2fcredential-provider-login 2287ms (cache miss)
2285 silly packumentCache full:https://registry.npmjs.org/@aws-sdk%2fcredential-provider-login set size:undefined disposed:false
2286 silly fetch manifest @aws-sdk/credential-provider-sso@^3.972.43
2287 silly packumentCache full:https://registry.npmjs.org/@aws-sdk%2fcredential-provider-sso cache-miss
2288 http fetch GET 200 https://registry.npmjs.org/@aws-sdk%2fcredential-provider-ini 2360ms (cache miss)
2289 silly packumentCache full:https://registry.npmjs.org/@aws-sdk%2fcredential-provider-ini set size:undefined disposed:false
2290 silly fetch manifest @aws-sdk/credential-provider-web-identity@^3.972.43
2291 silly packumentCache full:https://registry.npmjs.org/@aws-sdk%2fcredential-provider-web-identity cache-miss
2292 http fetch GET 200 https://registry.npmjs.org/@aws-sdk%2fcore 2820ms (cache miss)
2293 silly packumentCache full:https://registry.npmjs.org/@aws-sdk%2fcore set size:undefined disposed:false
2294 silly fetch manifest @aws-sdk/nested-clients@^3.997.11
2295 silly packumentCache full:https://registry.npmjs.org/@aws-sdk%2fnested-clients cache-miss
2296 http fetch GET 200 https://registry.npmjs.org/@aws-sdk%2fclient-cognito-identity 2989ms (cache miss)
2297 silly packumentCache full:https://registry.npmjs.org/@aws-sdk%2fclient-cognito-identity set size:undefined disposed:false
2298 silly fetch manifest @aws-sdk/types@^3.973.9
2299 silly packumentCache full:https://registry.npmjs.org/@aws-sdk%2ftypes cache-miss
2300 http fetch GET 200 https://registry.npmjs.org/@aws-sdk%2fcredential-provider-cognito-identity 3406ms (cache miss)
2301 silly packumentCache full:https://registry.npmjs.org/@aws-sdk%2fcredential-provider-cognito-identity set size:undefined disposed:false
2302 silly fetch manifest @smithy/core@^3.24.3
2303 silly packumentCache full:https://registry.npmjs.org/@smithy%2fcore cache-miss
2304 http fetch GET 200 https://registry.npmjs.org/@aws-sdk%2fcredential-provider-process 1892ms (cache miss)
2305 silly packumentCache full:https://registry.npmjs.org/@aws-sdk%2fcredential-provider-process set size:undefined disposed:false
2306 silly fetch manifest @smithy/credential-provider-imds@^4.3.2
2307 silly packumentCache full:https://registry.npmjs.org/@smithy%2fcredential-provider-imds cache-miss
2308 http fetch GET 200 https://registry.npmjs.org/@aws-sdk%2fcredential-provider-web-identity 1744ms (cache miss)
2309 silly packumentCache full:https://registry.npmjs.org/@aws-sdk%2fcredential-provider-web-identity set size:undefined disposed:false
2310 silly fetch manifest @smithy/types@^4.14.2
2311 silly packumentCache full:https://registry.npmjs.org/@smithy%2ftypes cache-miss
2312 http fetch GET 200 https://registry.npmjs.org/@aws-sdk%2fcredential-provider-sso 2102ms (cache miss)
2313 silly packumentCache full:https://registry.npmjs.org/@aws-sdk%2fcredential-provider-sso set size:undefined disposed:false
2314 silly fetch manifest tslib@^2.6.2
2315 silly packumentCache full:https://registry.npmjs.org/tslib cache-miss
2316 http fetch GET 200 https://registry.npmjs.org/@aws-sdk%2ftypes 1390ms (cache miss)
2317 silly packumentCache full:https://registry.npmjs.org/@aws-sdk%2ftypes set size:undefined disposed:false
2318 silly fetch manifest sparse-bitfield@^3.0.3
2319 silly packumentCache full:https://registry.npmjs.org/sparse-bitfield cache-miss
2320 http fetch GET 200 https://registry.npmjs.org/@smithy%2fcore 1149ms (cache miss)
2321 silly packumentCache full:https://registry.npmjs.org/@smithy%2fcore set size:undefined disposed:false
2322 silly fetch manifest whatwg-url@^11.0.0
2323 silly packumentCache full:https://registry.npmjs.org/whatwg-url cache-hit
2324 silly fetch manifest @types/whatwg-url@^8.2.1
2325 silly packumentCache full:https://registry.npmjs.org/@types%2fwhatwg-url cache-miss
2326 http fetch GET 200 https://registry.npmjs.org/tslib 443ms (cache revalidated)
2327 silly packumentCache full:https://registry.npmjs.org/tslib set size:108760 disposed:false
2328 silly fetch manifest ip-address@^10.1.1
2329 silly packumentCache full:https://registry.npmjs.org/ip-address cache-miss
2330 http fetch GET 200 https://registry.npmjs.org/sparse-bitfield 399ms (cache miss)
2331 silly packumentCache full:https://registry.npmjs.org/sparse-bitfield set size:undefined disposed:false
2332 silly fetch manifest smart-buffer@^4.2.0
2333 silly packumentCache full:https://registry.npmjs.org/smart-buffer cache-miss
2334 http fetch GET 200 https://registry.npmjs.org/@aws-sdk%2fnested-clients 2204ms (cache miss)
2335 silly packumentCache full:https://registry.npmjs.org/@aws-sdk%2fnested-clients set size:undefined disposed:false
2336 http fetch GET 200 https://registry.npmjs.org/@aws-sdk%2fcredential-provider-node 3226ms (cache miss)
2337 silly packumentCache full:https://registry.npmjs.org/@aws-sdk%2fcredential-provider-node set size:undefined disposed:false
2338 http fetch GET 200 https://registry.npmjs.org/@smithy%2ftypes 997ms (cache miss)
2339 silly packumentCache full:https://registry.npmjs.org/@smithy%2ftypes set size:undefined disposed:false
2340 http fetch GET 200 https://registry.npmjs.org/ip-address 395ms (cache revalidated)
2341 silly packumentCache full:https://registry.npmjs.org/ip-address set size:171530 disposed:false
2342 http fetch GET 200 https://registry.npmjs.org/@types%2fwhatwg-url 849ms (cache miss)
2343 silly packumentCache full:https://registry.npmjs.org/@types%2fwhatwg-url set size:undefined disposed:false
2344 http fetch GET 200 https://registry.npmjs.org/smart-buffer 935ms (cache revalidated)
2345 silly packumentCache full:https://registry.npmjs.org/smart-buffer set size:87065 disposed:false
2346 http fetch GET 200 https://registry.npmjs.org/@smithy%2fcredential-provider-imds 1833ms (cache miss)
2347 silly packumentCache full:https://registry.npmjs.org/@smithy%2fcredential-provider-imds set size:undefined disposed:false
2348 silly placeDep ROOT @aws-sdk/client-cognito-identity@3.1052.0 OK for: @aws-sdk/credential-providers@3.1052.0 want: 3.1052.0
2349 silly placeDep ROOT @aws-sdk/core@3.974.13 OK for: @aws-sdk/credential-providers@3.1052.0 want: ^3.974.13
2350 silly placeDep ROOT @aws-sdk/credential-provider-cognito-identity@3.972.36 OK for: @aws-sdk/credential-providers@3.1052.0 want: ^3.972.36
2351 silly placeDep ROOT @aws-sdk/credential-provider-env@3.972.39 OK for: @aws-sdk/credential-providers@3.1052.0 want: ^3.972.39
2352 silly placeDep ROOT @aws-sdk/credential-provider-http@3.972.41 OK for: @aws-sdk/credential-providers@3.1052.0 want: ^3.972.41
2353 silly placeDep ROOT @aws-sdk/credential-provider-ini@3.972.43 OK for: @aws-sdk/credential-providers@3.1052.0 want: ^3.972.43
2354 silly placeDep ROOT @aws-sdk/credential-provider-login@3.972.43 OK for: @aws-sdk/credential-providers@3.1052.0 want: ^3.972.43
2355 silly placeDep ROOT @aws-sdk/credential-provider-node@3.972.44 OK for: @aws-sdk/credential-providers@3.1052.0 want: ^3.972.44
2356 silly placeDep ROOT @aws-sdk/credential-provider-process@3.972.39 OK for: @aws-sdk/credential-providers@3.1052.0 want: ^3.972.39
2357 silly placeDep ROOT @aws-sdk/credential-provider-sso@3.972.43 OK for: @aws-sdk/credential-providers@3.1052.0 want: ^3.972.43
2358 silly placeDep ROOT @aws-sdk/credential-provider-web-identity@3.972.43 OK for: @aws-sdk/credential-providers@3.1052.0 want: ^3.972.43
2359 silly placeDep ROOT @aws-sdk/nested-clients@3.997.11 OK for: @aws-sdk/credential-providers@3.1052.0 want: ^3.997.11
2360 silly placeDep ROOT @aws-sdk/types@3.973.9 OK for: @aws-sdk/credential-providers@3.1052.0 want: ^3.973.9
2361 silly placeDep ROOT @smithy/core@3.24.4 OK for: @aws-sdk/credential-providers@3.1052.0 want: ^3.24.3
2362 silly placeDep ROOT @smithy/credential-provider-imds@4.3.4 OK for: @aws-sdk/credential-providers@3.1052.0 want: ^4.3.2
2363 silly placeDep ROOT @smithy/types@4.14.2 OK for: @aws-sdk/credential-providers@3.1052.0 want: ^4.14.2
2364 silly placeDep ROOT tslib@2.8.1 OK for: @aws-sdk/credential-providers@3.1052.0 want: ^2.6.2
2365 silly fetch manifest @aws-crypto/sha256-browser@5.2.0
2366 silly packumentCache full:https://registry.npmjs.org/@aws-crypto%2fsha256-browser cache-miss
2367 silly fetch manifest @aws-crypto/sha256-js@5.2.0
2368 silly packumentCache full:https://registry.npmjs.org/@aws-crypto%2fsha256-js cache-miss
2369 silly fetch manifest @smithy/fetch-http-handler@^5.4.3
2370 silly packumentCache full:https://registry.npmjs.org/@smithy%2ffetch-http-handler cache-miss
2371 silly fetch manifest @smithy/node-http-handler@^4.7.3
2372 silly packumentCache full:https://registry.npmjs.org/@smithy%2fnode-http-handler cache-miss
2373 silly fetch manifest @aws-sdk/xml-builder@^3.972.25
2374 silly packumentCache full:https://registry.npmjs.org/@aws-sdk%2fxml-builder cache-miss
2375 silly fetch manifest @aws/lambda-invoke-store@^0.2.2
2376 silly packumentCache full:https://registry.npmjs.org/@aws%2flambda-invoke-store cache-miss
2377 silly fetch manifest @smithy/signature-v4@^5.4.2
2378 silly packumentCache full:https://registry.npmjs.org/@smithy%2fsignature-v4 cache-miss
2379 http fetch GET 200 https://registry.npmjs.org/@aws%2flambda-invoke-store 1137ms (cache miss)
2380 silly packumentCache full:https://registry.npmjs.org/@aws%2flambda-invoke-store set size:undefined disposed:false
2381 silly fetch manifest bowser@^2.11.0
2382 silly packumentCache full:https://registry.npmjs.org/bowser cache-miss
2383 http fetch GET 200 https://registry.npmjs.org/@aws-crypto%2fsha256-js 1223ms (cache miss)
2384 silly packumentCache full:https://registry.npmjs.org/@aws-crypto%2fsha256-js set size:undefined disposed:false
2385 silly fetch manifest @smithy/fetch-http-handler@^5.4.3
2386 silly packumentCache full:https://registry.npmjs.org/@smithy%2ffetch-http-handler cache-miss
2387 http fetch GET 200 https://registry.npmjs.org/@smithy%2fsignature-v4 1313ms (cache miss)
2388 silly packumentCache full:https://registry.npmjs.org/@smithy%2fsignature-v4 set size:undefined disposed:false
2389 silly fetch manifest @smithy/node-http-handler@^4.7.3
2390 silly packumentCache full:https://registry.npmjs.org/@smithy%2fnode-http-handler cache-miss
2391 http fetch GET 200 https://registry.npmjs.org/@smithy%2ffetch-http-handler 1439ms (cache miss)
2392 silly packumentCache full:https://registry.npmjs.org/@smithy%2ffetch-http-handler set size:undefined disposed:false
2393 silly fetch manifest @aws-sdk/token-providers@3.1052.0
2394 silly packumentCache full:https://registry.npmjs.org/@aws-sdk%2ftoken-providers cache-miss
2395 http fetch GET 200 https://registry.npmjs.org/@smithy%2fnode-http-handler 1539ms (cache miss)
2396 silly packumentCache full:https://registry.npmjs.org/@smithy%2fnode-http-handler set size:undefined disposed:false
2397 silly fetch manifest @aws-crypto/sha256-browser@5.2.0
2398 silly packumentCache full:https://registry.npmjs.org/@aws-crypto%2fsha256-browser cache-miss
2399 http fetch GET 200 https://registry.npmjs.org/@aws-sdk%2fxml-builder 1686ms (cache miss)
2400 silly packumentCache full:https://registry.npmjs.org/@aws-sdk%2fxml-builder set size:undefined disposed:false
2401 silly fetch manifest @aws-sdk/signature-v4-multi-region@^3.996.28
2402 silly packumentCache full:https://registry.npmjs.org/@aws-sdk%2fsignature-v4-multi-region cache-miss
2403 http fetch GET 200 https://registry.npmjs.org/@aws-crypto%2fsha256-browser 1812ms (cache miss)
2404 silly packumentCache full:https://registry.npmjs.org/@aws-crypto%2fsha256-browser set size:undefined disposed:false
2405 silly fetch manifest @aws-crypto/crc32@5.2.0
2406 silly packumentCache full:https://registry.npmjs.org/@aws-crypto%2fcrc32 cache-miss
2407 http cache https://registry.npmjs.org/@smithy%2fnode-http-handler 455ms (cache hit)
2408 silly packumentCache full:https://registry.npmjs.org/@smithy%2fnode-http-handler set size:273599 disposed:false
2409 http fetch GET 200 https://registry.npmjs.org/@smithy%2ffetch-http-handler 673ms (cache miss)
2410 silly packumentCache full:https://registry.npmjs.org/@smithy%2ffetch-http-handler set size:undefined disposed:false
2411 http fetch GET 200 https://registry.npmjs.org/@aws-crypto%2fsha256-browser 473ms (cache miss)
2412 silly packumentCache full:https://registry.npmjs.org/@aws-crypto%2fsha256-browser set size:undefined disposed:false
2413 http fetch GET 200 https://registry.npmjs.org/bowser 910ms (cache miss)
2414 silly packumentCache full:https://registry.npmjs.org/bowser set size:undefined disposed:false
2415 http fetch GET 200 https://registry.npmjs.org/@aws-crypto%2fcrc32 1246ms (cache miss)
2416 silly packumentCache full:https://registry.npmjs.org/@aws-crypto%2fcrc32 set size:undefined disposed:false
2417 http fetch GET 200 https://registry.npmjs.org/@aws-sdk%2ftoken-providers 1624ms (cache miss)
2418 silly packumentCache full:https://registry.npmjs.org/@aws-sdk%2ftoken-providers set size:undefined disposed:false
2419 http fetch GET 200 https://registry.npmjs.org/@aws-sdk%2fsignature-v4-multi-region 1723ms (cache miss)
2420 silly packumentCache full:https://registry.npmjs.org/@aws-sdk%2fsignature-v4-multi-region set size:undefined disposed:false
2421 silly placeDep ROOT @aws-crypto/sha256-browser@5.2.0 OK for: @aws-sdk/client-cognito-identity@3.1052.0 want: 5.2.0
2422 silly placeDep ROOT @aws-crypto/sha256-js@5.2.0 OK for: @aws-sdk/client-cognito-identity@3.1052.0 want: 5.2.0
2423 silly placeDep ROOT @smithy/fetch-http-handler@5.4.4 OK for: @aws-sdk/client-cognito-identity@3.1052.0 want: ^5.4.3
2424 silly placeDep ROOT @smithy/node-http-handler@4.7.4 OK for: @aws-sdk/client-cognito-identity@3.1052.0 want: ^4.7.3
2425 silly fetch manifest @aws-crypto/util@^5.2.0
2426 silly packumentCache full:https://registry.npmjs.org/@aws-crypto%2futil cache-miss
2427 silly fetch manifest @smithy/util-utf8@^2.0.0
2428 silly packumentCache full:https://registry.npmjs.org/@smithy%2futil-utf8 cache-miss
2429 silly fetch manifest @aws-crypto/sha256-js@^5.2.0
2430 silly packumentCache full:https://registry.npmjs.org/@aws-crypto%2fsha256-js cache-miss
2431 silly fetch manifest @aws-sdk/util-locate-window@^3.0.0
2432 silly packumentCache full:https://registry.npmjs.org/@aws-sdk%2futil-locate-window cache-miss
2433 silly fetch manifest @aws-crypto/supports-web-crypto@^5.2.0
2434 silly packumentCache full:https://registry.npmjs.org/@aws-crypto%2fsupports-web-crypto cache-miss
2435 silly fetch manifest @aws-crypto/util@^5.2.0
2436 silly packumentCache full:https://registry.npmjs.org/@aws-crypto%2futil cache-miss
2437 http cache https://registry.npmjs.org/@aws-crypto%2fsha256-js 76ms (cache hit)
2438 silly packumentCache full:https://registry.npmjs.org/@aws-crypto%2fsha256-js set size:54628 disposed:false
2439 http fetch GET 200 https://registry.npmjs.org/@smithy%2futil-utf8 1262ms (cache miss)
2440 silly packumentCache full:https://registry.npmjs.org/@smithy%2futil-utf8 set size:undefined disposed:false
2441 http fetch GET 200 https://registry.npmjs.org/@aws-crypto%2futil 1357ms (cache miss)
2442 silly packumentCache full:https://registry.npmjs.org/@aws-crypto%2futil set size:undefined disposed:false
2443 http fetch GET 200 https://registry.npmjs.org/@aws-crypto%2fsupports-web-crypto 1350ms (cache miss)
2444 silly packumentCache full:https://registry.npmjs.org/@aws-crypto%2fsupports-web-crypto set size:undefined disposed:false
2445 http fetch GET 200 https://registry.npmjs.org/@aws-crypto%2futil 1362ms (cache miss)
2446 silly packumentCache full:https://registry.npmjs.org/@aws-crypto%2futil set size:undefined disposed:false
2447 http fetch GET 200 https://registry.npmjs.org/@aws-sdk%2futil-locate-window 2190ms (cache miss)
2448 silly packumentCache full:https://registry.npmjs.org/@aws-sdk%2futil-locate-window set size:undefined disposed:false
2449 silly placeDep ROOT @aws-crypto/supports-web-crypto@5.2.0 OK for: @aws-crypto/sha256-browser@5.2.0 want: ^5.2.0
2450 silly placeDep ROOT @aws-crypto/util@5.2.0 OK for: @aws-crypto/sha256-browser@5.2.0 want: ^5.2.0
2451 silly placeDep ROOT @aws-sdk/util-locate-window@3.965.5 OK for: @aws-crypto/sha256-browser@5.2.0 want: ^3.0.0
2452 silly placeDep ROOT @smithy/util-utf8@2.3.0 OK for: @aws-crypto/sha256-browser@5.2.0 want: ^2.0.0
2453 silly fetch manifest @smithy/util-buffer-from@^2.2.0
2454 silly packumentCache full:https://registry.npmjs.org/@smithy%2futil-buffer-from cache-miss
2455 http fetch GET 200 https://registry.npmjs.org/@smithy%2futil-buffer-from 936ms (cache miss)
2456 silly packumentCache full:https://registry.npmjs.org/@smithy%2futil-buffer-from set size:undefined disposed:false
2457 silly placeDep ROOT @aws-sdk/xml-builder@3.972.25 OK for: @aws-sdk/core@3.974.13 want: ^3.972.25
2458 silly placeDep ROOT @aws/lambda-invoke-store@0.2.4 OK for: @aws-sdk/core@3.974.13 want: ^0.2.2
2459 silly placeDep ROOT @smithy/signature-v4@5.4.4 OK for: @aws-sdk/core@3.974.13 want: ^5.4.2
2460 silly placeDep ROOT bowser@2.14.1 OK for: @aws-sdk/core@3.974.13 want: ^2.11.0
2461 silly fetch manifest @nodable/entities@2.1.0
2462 silly packumentCache full:https://registry.npmjs.org/@nodable%2fentities cache-miss
2463 silly fetch manifest fast-xml-parser@5.7.3
2464 silly packumentCache full:https://registry.npmjs.org/fast-xml-parser cache-miss
2465 http fetch GET 200 https://registry.npmjs.org/fast-xml-parser 795ms (cache miss)
2466 silly packumentCache full:https://registry.npmjs.org/fast-xml-parser set size:undefined disposed:false
2467 http fetch GET 200 https://registry.npmjs.org/@nodable%2fentities 906ms (cache miss)
2468 silly packumentCache full:https://registry.npmjs.org/@nodable%2fentities set size:undefined disposed:false
2469 silly placeDep ROOT @aws-sdk/token-providers@3.1052.0 OK for: @aws-sdk/credential-provider-sso@3.972.43 want: 3.1052.0
2470 silly placeDep ROOT @aws-sdk/signature-v4-multi-region@3.996.28 OK for: @aws-sdk/nested-clients@3.997.11 want: ^3.996.28
2471 silly placeDep ROOT @nodable/entities@2.1.0 OK for: @aws-sdk/xml-builder@3.972.25 want: 2.1.0
2472 silly placeDep ROOT fast-xml-parser@5.7.3 OK for: @aws-sdk/xml-builder@3.972.25 want: 5.7.3
2473 silly fetch manifest strnum@^2.2.3
2474 silly packumentCache full:https://registry.npmjs.org/strnum cache-miss
2475 silly fetch manifest fast-xml-builder@^1.1.7
2476 silly packumentCache full:https://registry.npmjs.org/fast-xml-builder cache-miss
2477 silly fetch manifest path-expression-matcher@^1.5.0
2478 silly packumentCache full:https://registry.npmjs.org/path-expression-matcher cache-miss
2479 http fetch GET 200 https://registry.npmjs.org/strnum 439ms (cache miss)
2480 silly packumentCache full:https://registry.npmjs.org/strnum set size:undefined disposed:false
2481 http fetch GET 200 https://registry.npmjs.org/fast-xml-builder 448ms (cache miss)
2482 silly packumentCache full:https://registry.npmjs.org/fast-xml-builder set size:undefined disposed:false
2483 http fetch GET 200 https://registry.npmjs.org/path-expression-matcher 458ms (cache miss)
2484 silly packumentCache full:https://registry.npmjs.org/path-expression-matcher set size:undefined disposed:false
2485 silly placeDep ROOT sparse-bitfield@3.0.3 OK for: @mongodb-js/saslprep@1.4.11 want: ^3.0.3
2486 silly fetch manifest memory-pager@^1.0.2
2487 silly packumentCache full:https://registry.npmjs.org/memory-pager cache-miss
2488 http fetch GET 200 https://registry.npmjs.org/memory-pager 544ms (cache miss)
2489 silly packumentCache full:https://registry.npmjs.org/memory-pager set size:undefined disposed:false
2490 silly placeDep ROOT @aws-crypto/crc32@5.2.0 OK for: @smithy/core@3.24.4 want: 5.2.0
2491 silly placeDep ROOT @smithy/util-buffer-from@2.2.0 OK for: @smithy/util-utf8@2.3.0 want: ^2.2.0
2492 silly fetch manifest @smithy/is-array-buffer@^2.2.0
2493 silly packumentCache full:https://registry.npmjs.org/@smithy%2fis-array-buffer cache-miss
2494 http fetch GET 200 https://registry.npmjs.org/@smithy%2fis-array-buffer 908ms (cache miss)
2495 silly packumentCache full:https://registry.npmjs.org/@smithy%2fis-array-buffer set size:undefined disposed:false
2496 silly placeDep ROOT @smithy/is-array-buffer@2.2.0 OK for: @smithy/util-buffer-from@2.2.0 want: ^2.2.0
2497 silly placeDep ROOT fast-xml-builder@1.2.0 OK for: fast-xml-parser@5.7.3 want: ^1.1.7
2498 silly placeDep ROOT path-expression-matcher@1.5.0 OK for: fast-xml-parser@5.7.3 want: ^1.5.0
2499 silly placeDep ROOT strnum@2.3.0 OK for: fast-xml-parser@5.7.3 want: ^2.2.3
2500 silly fetch manifest xml-naming@^0.1.0
2501 silly packumentCache full:https://registry.npmjs.org/xml-naming cache-miss
2502 http fetch GET 200 https://registry.npmjs.org/xml-naming 442ms (cache miss)
2503 silly packumentCache full:https://registry.npmjs.org/xml-naming set size:undefined disposed:false
2504 silly placeDep ROOT xml-naming@0.1.0 OK for: fast-xml-builder@1.2.0 want: ^0.1.0
2505 silly placeDep ROOT @types/whatwg-url@8.2.2 OK for: mongodb-connection-string-url@2.6.0 want: ^8.2.1
2506 silly placeDep node_modules/mongodb-connection-string-url whatwg-url@11.0.0 OK for: mongodb-connection-string-url@2.6.0 want: ^11.0.0
2507 silly fetch manifest @types/webidl-conversions@*
2508 silly packumentCache full:https://registry.npmjs.org/@types%2fwebidl-conversions cache-miss
2509 silly fetch manifest tr46@^3.0.0
2510 silly packumentCache full:https://registry.npmjs.org/tr46 cache-miss
2511 silly fetch manifest webidl-conversions@^7.0.0
2512 silly packumentCache full:https://registry.npmjs.org/webidl-conversions cache-hit
2513 http cache https://registry.npmjs.org/tr46 32ms (cache hit)
2514 silly packumentCache full:https://registry.npmjs.org/tr46 set size:47377 disposed:false
2515 http fetch GET 200 https://registry.npmjs.org/@types%2fwebidl-conversions 898ms (cache miss)
2516 silly packumentCache full:https://registry.npmjs.org/@types%2fwebidl-conversions set size:undefined disposed:false
2517 silly placeDep ROOT @types/webidl-conversions@7.0.3 OK for: @types/whatwg-url@8.2.2 want: *
2518 silly placeDep node_modules/mquery debug@4.4.3 OK for: mquery@4.0.3 want: 4.x
2519 silly placeDep ROOT append-field@1.0.0 OK for: multer@1.4.5-lts.2 want: ^1.0.0
2520 silly placeDep ROOT busboy@1.6.0 OK for: multer@1.4.5-lts.2 want: ^1.0.0
2521 silly placeDep ROOT concat-stream@1.6.2 OK for: multer@1.4.5-lts.2 want: ^1.5.2
2522 silly placeDep ROOT object-assign@4.1.1 OK for: multer@1.4.5-lts.2 want: ^4.1.1
2523 silly fetch manifest streamsearch@^1.1.0
2524 silly packumentCache full:https://registry.npmjs.org/streamsearch cache-miss
2525 silly fetch manifest buffer-from@^1.0.0
2526 silly packumentCache full:https://registry.npmjs.org/buffer-from cache-miss
2527 silly fetch manifest readable-stream@^2.2.2
2528 silly packumentCache full:https://registry.npmjs.org/readable-stream cache-miss
2529 silly fetch manifest typedarray@^0.0.6
2530 silly packumentCache full:https://registry.npmjs.org/typedarray cache-miss
2531 http cache https://registry.npmjs.org/readable-stream 67ms (cache hit)
2532 silly packumentCache full:https://registry.npmjs.org/readable-stream set size:261096 disposed:false
2533 http fetch GET 200 https://registry.npmjs.org/typedarray 428ms (cache miss)
2534 silly packumentCache full:https://registry.npmjs.org/typedarray set size:undefined disposed:false
2535 http fetch GET 200 https://registry.npmjs.org/streamsearch 460ms (cache miss)
2536 silly packumentCache full:https://registry.npmjs.org/streamsearch set size:undefined disposed:false
2537 http fetch GET 200 https://registry.npmjs.org/buffer-from 940ms (cache miss)
2538 silly packumentCache full:https://registry.npmjs.org/buffer-from set size:undefined disposed:false
2539 silly placeDep ROOT streamsearch@1.1.0 OK for: busboy@1.6.0 want: ^1.1.0
2540 silly placeDep ROOT buffer-from@1.1.2 OK for: concat-stream@1.6.2 want: ^1.0.0
2541 silly placeDep ROOT readable-stream@2.3.8 OK for: concat-stream@1.6.2 want: ^2.2.2
2542 silly placeDep ROOT typedarray@0.0.6 OK for: concat-stream@1.6.2 want: ^0.0.6
2543 silly fetch manifest isarray@~1.0.0
2544 silly packumentCache full:https://registry.npmjs.org/isarray cache-miss
2545 silly fetch manifest safe-buffer@~5.1.1
2546 silly packumentCache full:https://registry.npmjs.org/safe-buffer cache-hit
2547 silly fetch manifest core-util-is@~1.0.0
2548 silly packumentCache full:https://registry.npmjs.org/core-util-is cache-miss
2549 silly fetch manifest string_decoder@~1.1.1
2550 silly packumentCache full:https://registry.npmjs.org/string_decoder cache-miss
2551 silly fetch manifest util-deprecate@~1.0.1
2552 silly packumentCache full:https://registry.npmjs.org/util-deprecate cache-miss
2553 silly fetch manifest process-nextick-args@~2.0.0
2554 silly packumentCache full:https://registry.npmjs.org/process-nextick-args cache-miss
2555 http fetch GET 200 https://registry.npmjs.org/process-nextick-args 158ms (cache miss)
2556 silly packumentCache full:https://registry.npmjs.org/process-nextick-args set size:undefined disposed:false
2557 http fetch GET 200 https://registry.npmjs.org/util-deprecate 172ms (cache miss)
2558 silly packumentCache full:https://registry.npmjs.org/util-deprecate set size:undefined disposed:false
2559 http fetch GET 200 https://registry.npmjs.org/core-util-is 465ms (cache miss)
2560 silly packumentCache full:https://registry.npmjs.org/core-util-is set size:undefined disposed:false
2561 http fetch GET 200 https://registry.npmjs.org/isarray 496ms (cache miss)
2562 silly packumentCache full:https://registry.npmjs.org/isarray set size:undefined disposed:false
2563 http fetch GET 200 https://registry.npmjs.org/string_decoder 697ms (cache miss)
2564 silly packumentCache full:https://registry.npmjs.org/string_decoder set size:undefined disposed:false
2565 silly placeDep ROOT @tokenizer/token@0.3.0 OK for: music-metadata@7.14.0 want: ^0.3.0
2566 silly placeDep node_modules/music-metadata debug@4.4.3 OK for: music-metadata@7.14.0 want: ^4.3.4
2567 silly placeDep ROOT media-typer@1.1.0 OK for: music-metadata@7.14.0 want: ^1.1.0
2568 silly placeDep ROOT clone@2.1.2 OK for: node-cache@5.1.2 want: 2.x
2569 silly placeDep node_modules/node-cron uuid@8.3.2 OK for: node-cron@3.0.3 want: 8.3.2
2570 silly placeDep node_modules/node-fetch whatwg-url@5.0.0 OK for: node-fetch@2.7.0 want: ^5.0.0
2571 silly fetch manifest tr46@~0.0.3
2572 silly packumentCache full:https://registry.npmjs.org/tr46 cache-hit
2573 silly fetch manifest webidl-conversions@^3.0.0
2574 silly packumentCache full:https://registry.npmjs.org/webidl-conversions cache-hit
2575 silly placeDep ROOT abbrev@1.1.1 OK for: nopt@5.0.0 want: 1
2576 silly placeDep ROOT are-we-there-yet@2.0.0 OK for: npmlog@5.0.1 want: ^2.0.0
2577 silly placeDep ROOT console-control-strings@1.1.0 OK for: npmlog@5.0.1 want: ^1.1.0
2578 silly placeDep ROOT gauge@3.0.2 OK for: npmlog@5.0.1 want: ^3.0.0
2579 silly placeDep ROOT set-blocking@2.0.0 OK for: npmlog@5.0.1 want: ^2.0.0
2580 silly fetch manifest delegates@^1.0.0
2581 silly packumentCache full:https://registry.npmjs.org/delegates cache-miss
2582 silly fetch manifest readable-stream@^3.6.0
2583 silly packumentCache full:https://registry.npmjs.org/readable-stream cache-hit
2584 silly fetch manifest aproba@^1.0.3 || ^2.0.0
2585 silly packumentCache full:https://registry.npmjs.org/aproba cache-miss
2586 silly fetch manifest strip-ansi@^6.0.1
2587 silly packumentCache full:https://registry.npmjs.org/strip-ansi cache-miss
2588 silly fetch manifest wide-align@^1.1.2
2589 silly packumentCache full:https://registry.npmjs.org/wide-align cache-miss
2590 silly fetch manifest has-unicode@^2.0.1
2591 silly packumentCache full:https://registry.npmjs.org/has-unicode cache-miss
2592 silly fetch manifest signal-exit@^3.0.0
2593 silly packumentCache full:https://registry.npmjs.org/signal-exit cache-miss
2594 silly fetch manifest string-width@^4.2.3
2595 silly packumentCache full:https://registry.npmjs.org/string-width cache-miss
2596 http fetch GET 200 https://registry.npmjs.org/delegates 430ms (cache miss)
2597 silly packumentCache full:https://registry.npmjs.org/delegates set size:undefined disposed:false
2598 silly fetch manifest color-support@^1.1.2
2599 silly packumentCache full:https://registry.npmjs.org/color-support cache-miss
2600 http fetch GET 200 https://registry.npmjs.org/aproba 767ms (cache miss)
2601 silly packumentCache full:https://registry.npmjs.org/aproba set size:undefined disposed:false
2602 http fetch GET 200 https://registry.npmjs.org/has-unicode 761ms (cache miss)
2603 silly packumentCache full:https://registry.npmjs.org/has-unicode set size:undefined disposed:false
2604 http fetch GET 200 https://registry.npmjs.org/wide-align 776ms (cache miss)
2605 silly packumentCache full:https://registry.npmjs.org/wide-align set size:undefined disposed:false
2606 http fetch GET 200 https://registry.npmjs.org/strip-ansi 792ms (cache miss)
2607 silly packumentCache full:https://registry.npmjs.org/strip-ansi set size:undefined disposed:false
2608 http fetch GET 200 https://registry.npmjs.org/signal-exit 795ms (cache miss)
2609 silly packumentCache full:https://registry.npmjs.org/signal-exit set size:undefined disposed:false
2610 http fetch GET 200 https://registry.npmjs.org/string-width 791ms (cache miss)
2611 silly packumentCache full:https://registry.npmjs.org/string-width set size:undefined disposed:false
2612 http fetch GET 200 https://registry.npmjs.org/color-support 593ms (cache miss)
2613 silly packumentCache full:https://registry.npmjs.org/color-support set size:undefined disposed:false
2614 silly placeDep ROOT delegates@1.0.0 OK for: are-we-there-yet@2.0.0 want: ^1.0.0
2615 silly placeDep node_modules/are-we-there-yet readable-stream@3.6.2 OK for: are-we-there-yet@2.0.0 want: ^3.6.0
2616 silly fetch manifest string_decoder@^1.1.1
2617 silly packumentCache full:https://registry.npmjs.org/string_decoder cache-miss
2618 silly fetch manifest util-deprecate@^1.0.1
2619 silly packumentCache full:https://registry.npmjs.org/util-deprecate cache-miss
2620 http cache https://registry.npmjs.org/string_decoder 25ms (cache hit)
2621 silly packumentCache full:https://registry.npmjs.org/string_decoder set size:28441 disposed:false
2622 http cache https://registry.npmjs.org/util-deprecate 31ms (cache hit)
2623 silly packumentCache full:https://registry.npmjs.org/util-deprecate set size:6674 disposed:false
2624 silly placeDep ROOT aproba@2.1.0 OK for: gauge@3.0.2 want: ^1.0.3 || ^2.0.0
2625 silly placeDep ROOT color-support@1.1.3 OK for: gauge@3.0.2 want: ^1.1.2
2626 silly placeDep ROOT has-unicode@2.0.1 OK for: gauge@3.0.2 want: ^2.0.1
2627 silly placeDep ROOT signal-exit@3.0.7 OK for: gauge@3.0.2 want: ^3.0.0
2628 silly placeDep ROOT string-width@4.2.3 OK for: gauge@3.0.2 want: ^4.2.3
2629 silly placeDep ROOT strip-ansi@6.0.1 OK for: gauge@3.0.2 want: ^6.0.1
2630 silly placeDep ROOT wide-align@1.1.5 OK for: gauge@3.0.2 want: ^1.1.2
2631 silly fetch manifest emoji-regex@^8.0.0
2632 silly packumentCache full:https://registry.npmjs.org/emoji-regex cache-miss
2633 silly fetch manifest is-fullwidth-code-point@^3.0.0
2634 silly packumentCache full:https://registry.npmjs.org/is-fullwidth-code-point cache-miss
2635 silly fetch manifest ansi-regex@^5.0.1
2636 silly packumentCache full:https://registry.npmjs.org/ansi-regex cache-miss
2637 http fetch GET 200 https://registry.npmjs.org/is-fullwidth-code-point 103ms (cache miss)
2638 silly packumentCache full:https://registry.npmjs.org/is-fullwidth-code-point set size:undefined disposed:false
2639 http fetch GET 200 https://registry.npmjs.org/emoji-regex 429ms (cache miss)
2640 silly packumentCache full:https://registry.npmjs.org/emoji-regex set size:undefined disposed:false
2641 http fetch GET 200 https://registry.npmjs.org/ansi-regex 447ms (cache miss)
2642 silly packumentCache full:https://registry.npmjs.org/ansi-regex set size:undefined disposed:false
2643 silly placeDep ROOT @wasm-audio-decoders/opus-ml@0.0.2 OK for: ogg-opus-decoder@1.7.3 want: 0.0.2
2644 silly placeDep ROOT opus-decoder@0.7.11 OK for: ogg-opus-decoder@1.7.3 want: 0.7.11
2645 silly placeDep ROOT ee-first@1.1.1 OK for: on-finished@2.4.1 want: 1.1.1
2646 silly placeDep ROOT xml-parse-from-string@1.0.1 OK for: parse-bmfont-xml@1.1.6 want: ^1.0.0
2647 silly placeDep ROOT xml2js@0.5.0 OK for: parse-bmfont-xml@1.1.6 want: ^0.5.0
2648 silly fetch manifest xmlbuilder@~11.0.0
2649 silly packumentCache full:https://registry.npmjs.org/xmlbuilder cache-miss
2650 http fetch GET 200 https://registry.npmjs.org/xmlbuilder 444ms (cache miss)
2651 silly packumentCache full:https://registry.npmjs.org/xmlbuilder set size:undefined disposed:false
2652 silly placeDep node_modules/parse5 entities@6.0.1 OK for: parse5@7.3.0 want: ^6.0.0
2653 silly placeDep ROOT process@0.11.10 OK for: path@0.12.7 want: ^0.11.1
2654 silly placeDep node_modules/path util@0.10.4 OK for: path@0.12.7 want: ^0.10.3
2655 silly fetch manifest inherits@2.0.3
2656 silly packumentCache full:https://registry.npmjs.org/inherits cache-hit
2657 silly fetch manifest pg@>=8.0
2658 silly packumentCache full:https://registry.npmjs.org/pg cache-hit
2659 silly placeDep ROOT pg-cloudflare@1.4.0 OK for: pg@8.21.0 want: ^1.4.0
2660 silly placeDep ROOT pg-connection-string@2.13.0 OK for: pg@8.21.0 want: ^2.13.0
2661 silly placeDep ROOT pg-pool@3.14.0 OK for: pg@8.21.0 want: ^3.14.0
2662 silly placeDep ROOT pg-protocol@1.14.0 OK for: pg@8.21.0 want: ^1.14.0
2663 silly placeDep ROOT pg-types@2.2.0 OK for: pg@8.21.0 want: 2.2.0
2664 silly placeDep ROOT pgpass@1.0.5 OK for: pg@8.21.0 want: 1.0.5
2665 silly fetch manifest pg-int8@1.0.1
2666 silly packumentCache full:https://registry.npmjs.org/pg-int8 cache-miss
2667 silly fetch manifest postgres-date@~1.0.4
2668 silly packumentCache full:https://registry.npmjs.org/postgres-date cache-miss
2669 silly fetch manifest postgres-array@~2.0.0
2670 silly packumentCache full:https://registry.npmjs.org/postgres-array cache-miss
2671 silly fetch manifest postgres-bytea@~1.0.0
2672 silly packumentCache full:https://registry.npmjs.org/postgres-bytea cache-miss
2673 silly fetch manifest postgres-interval@^1.1.0
2674 silly packumentCache full:https://registry.npmjs.org/postgres-interval cache-miss
2675 silly fetch manifest split2@^4.1.0
2676 silly packumentCache full:https://registry.npmjs.org/split2 cache-miss
2677 http fetch GET 200 https://registry.npmjs.org/postgres-bytea 542ms (cache miss)
2678 silly packumentCache full:https://registry.npmjs.org/postgres-bytea set size:undefined disposed:false
2679 http fetch GET 200 https://registry.npmjs.org/pg-int8 569ms (cache miss)
2680 silly packumentCache full:https://registry.npmjs.org/pg-int8 set size:undefined disposed:false
2681 http fetch GET 200 https://registry.npmjs.org/postgres-date 574ms (cache miss)
2682 silly packumentCache full:https://registry.npmjs.org/postgres-date set size:undefined disposed:false
2683 http fetch GET 200 https://registry.npmjs.org/split2 574ms (cache miss)
2684 silly packumentCache full:https://registry.npmjs.org/split2 set size:undefined disposed:false
2685 http fetch GET 200 https://registry.npmjs.org/postgres-interval 596ms (cache miss)
2686 silly packumentCache full:https://registry.npmjs.org/postgres-interval set size:undefined disposed:false
2687 http fetch GET 200 https://registry.npmjs.org/postgres-array 811ms (cache miss)
2688 silly packumentCache full:https://registry.npmjs.org/postgres-array set size:undefined disposed:false
2689 silly placeDep ROOT pg-int8@1.0.1 OK for: pg-types@2.2.0 want: 1.0.1
2690 silly placeDep ROOT postgres-array@2.0.0 OK for: pg-types@2.2.0 want: ~2.0.0
2691 silly placeDep ROOT postgres-bytea@1.0.1 OK for: pg-types@2.2.0 want: ~1.0.0
2692 silly placeDep ROOT postgres-date@1.0.7 OK for: pg-types@2.2.0 want: ~1.0.4
2693 silly placeDep ROOT postgres-interval@1.2.0 OK for: pg-types@2.2.0 want: ^1.1.0
2694 silly placeDep ROOT split2@4.2.0 OK for: pgpass@1.0.5 want: ^4.1.0
2695 silly placeDep ROOT atomic-sleep@1.0.0 OK for: pino@7.11.0 want: ^1.0.0
2696 silly placeDep ROOT fast-redact@3.5.0 OK for: pino@7.11.0 want: ^3.0.0
2697 silly placeDep ROOT on-exit-leak-free@0.2.0 OK for: pino@7.11.0 want: ^0.2.0
2698 silly placeDep ROOT pino-abstract-transport@0.5.0 OK for: pino@7.11.0 want: v0.5.0
2699 silly placeDep ROOT pino-std-serializers@4.0.0 OK for: pino@7.11.0 want: ^4.0.0
2700 silly placeDep ROOT process-warning@1.0.0 OK for: pino@7.11.0 want: ^1.0.0
2701 silly placeDep ROOT quick-format-unescaped@4.0.4 OK for: pino@7.11.0 want: ^4.0.3
2702 silly placeDep ROOT real-require@0.1.0 OK for: pino@7.11.0 want: ^0.1.0
2703 silly placeDep ROOT safe-stable-stringify@2.5.0 OK for: pino@7.11.0 want: ^2.1.0
2704 silly placeDep ROOT sonic-boom@2.8.0 OK for: pino@7.11.0 want: ^2.2.1
2705 silly placeDep ROOT thread-stream@0.15.2 OK for: pino@7.11.0 want: ^0.15.1
2706 silly fetch manifest duplexify@^4.1.2
2707 silly packumentCache full:https://registry.npmjs.org/duplexify cache-miss
2708 http fetch GET 200 https://registry.npmjs.org/duplexify 472ms (cache miss)
2709 silly packumentCache full:https://registry.npmjs.org/duplexify set size:undefined disposed:false
2710 silly placeDep ROOT duplexify@4.1.3 OK for: pino-abstract-transport@0.5.0 want: ^4.1.2
2711 silly fetch manifest end-of-stream@^1.4.1
2712 silly packumentCache full:https://registry.npmjs.org/end-of-stream cache-miss
2713 silly fetch manifest readable-stream@^3.1.1
2714 silly packumentCache full:https://registry.npmjs.org/readable-stream cache-hit
2715 silly fetch manifest stream-shift@^1.0.2
2716 silly packumentCache full:https://registry.npmjs.org/stream-shift cache-miss
2717 http fetch GET 200 https://registry.npmjs.org/stream-shift 453ms (cache miss)
2718 silly packumentCache full:https://registry.npmjs.org/stream-shift set size:undefined disposed:false
2719 http fetch GET 200 https://registry.npmjs.org/end-of-stream 469ms (cache miss)
2720 silly packumentCache full:https://registry.npmjs.org/end-of-stream set size:undefined disposed:false
2721 silly placeDep ROOT end-of-stream@1.4.5 OK for: duplexify@4.1.3 want: ^1.4.1
2722 silly placeDep node_modules/duplexify readable-stream@3.6.2 OK for: duplexify@4.1.3 want: ^3.1.1
2723 silly placeDep ROOT stream-shift@1.0.3 OK for: duplexify@4.1.3 want: ^1.0.2
2724 silly fetch manifest once@^1.4.0
2725 silly packumentCache full:https://registry.npmjs.org/once cache-miss
2726 http cache https://registry.npmjs.org/once 24ms (cache hit)
2727 silly packumentCache full:https://registry.npmjs.org/once set size:11752 disposed:false
2728 silly placeDep ROOT once@1.4.0 OK for: end-of-stream@1.4.5 want: ^1.4.0
2729 silly fetch manifest wrappy@1
2730 silly packumentCache full:https://registry.npmjs.org/wrappy cache-miss
2731 http fetch GET 200 https://registry.npmjs.org/wrappy 371ms (cache miss)
2732 silly packumentCache full:https://registry.npmjs.org/wrappy set size:undefined disposed:false
2733 silly placeDep ROOT wrappy@1.0.2 OK for: once@1.4.0 want: 1
2734 silly placeDep ROOT @pm2/agent@2.0.4 OK for: pm2@5.4.3 want: ~2.0.0
2735 silly placeDep ROOT @pm2/io@6.0.1 OK for: pm2@5.4.3 want: ~6.0.1
2736 silly placeDep ROOT @pm2/js-api@0.8.0 OK for: pm2@5.4.3 want: ~0.8.0
2737 silly placeDep ROOT @pm2/pm2-version-check@1.0.4 OK for: pm2@5.4.3 want: latest
2738 silly placeDep ROOT blessed@0.1.81 OK for: pm2@5.4.3 want: 0.1.81
2739 silly placeDep ROOT chalk@3.0.0 OK for: pm2@5.4.3 want: 3.0.0
2740 silly placeDep ROOT chokidar@3.6.0 OK for: pm2@5.4.3 want: ^3.5.3
2741 silly placeDep ROOT cli-tableau@2.0.1 OK for: pm2@5.4.3 want: ^2.0.0
2742 silly placeDep ROOT commander@2.15.1 OK for: pm2@5.4.3 want: 2.15.1
2743 silly placeDep ROOT croner@4.1.97 OK for: pm2@5.4.3 want: ~4.1.92
2744 silly placeDep ROOT dayjs@1.11.20 OK for: pm2@5.4.3 want: ~1.11.5
2745 silly placeDep node_modules/pm2 debug@4.4.3 OK for: pm2@5.4.3 want: ^4.3.1
2746 silly placeDep ROOT enquirer@2.3.6 OK for: pm2@5.4.3 want: 2.3.6
2747 silly placeDep ROOT eventemitter2@5.0.1 OK for: pm2@5.4.3 want: 5.0.1
2748 silly placeDep ROOT fclone@1.0.11 OK for: pm2@5.4.3 want: 1.0.11
2749 silly placeDep ROOT js-yaml@4.1.1 OK for: pm2@5.4.3 want: ~4.1.0
2750 silly placeDep node_modules/pm2 mkdirp@1.0.4 OK for: pm2@5.4.3 want: 1.0.4
2751 silly placeDep ROOT needle@2.4.0 OK for: pm2@5.4.3 want: 2.4.0
2752 silly placeDep ROOT pidusage@3.0.2 OK for: pm2@5.4.3 want: ~3.0
2753 silly placeDep ROOT pm2-axon@4.0.1 OK for: pm2@5.4.3 want: ~4.0.1
2754 silly placeDep ROOT pm2-axon-rpc@0.7.1 OK for: pm2@5.4.3 want: ~0.7.1
2755 silly placeDep ROOT pm2-deploy@1.0.2 OK for: pm2@5.4.3 want: ~1.0.2
2756 silly placeDep ROOT pm2-multimeter@0.1.2 OK for: pm2@5.4.3 want: ^0.1.2
2757 silly placeDep ROOT pm2-sysmonit@1.2.8 OK for: pm2@5.4.3 want: ^1.2.8
2758 silly placeDep ROOT promptly@2.2.0 OK for: pm2@5.4.3 want: ^2
2759 silly placeDep ROOT source-map-support@0.5.21 OK for: pm2@5.4.3 want: 0.5.21
2760 silly placeDep ROOT sprintf-js@1.1.2 OK for: pm2@5.4.3 want: 1.1.2
2761 silly placeDep ROOT vizion@2.2.1 OK for: pm2@5.4.3 want: ~2.2.1
2762 silly fetch manifest ws@~7.5.10
2763 silly packumentCache full:https://registry.npmjs.org/ws cache-hit
2764 silly fetch manifest chalk@~3.0.0
2765 silly packumentCache full:https://registry.npmjs.org/chalk cache-hit
2766 silly fetch manifest dayjs@~1.8.24
2767 silly packumentCache full:https://registry.npmjs.org/dayjs cache-hit
2768 silly fetch manifest debug@~4.3.1
2769 silly packumentCache full:https://registry.npmjs.org/debug cache-hit
2770 silly fetch manifest fclone@~1.0.11
2771 silly packumentCache full:https://registry.npmjs.org/fclone cache-miss
2772 silly fetch manifest semver@~7.5.0
2773 silly packumentCache full:https://registry.npmjs.org/semver cache-hit
2774 silly fetch manifest nssocket@0.6.0
2775 silly packumentCache full:https://registry.npmjs.org/nssocket cache-miss
2776 silly fetch manifest proxy-agent@~6.3.0
2777 silly packumentCache full:https://registry.npmjs.org/proxy-agent cache-miss
2778 silly fetch manifest pm2-axon-rpc@~0.7.0
2779 silly packumentCache full:https://registry.npmjs.org/pm2-axon-rpc cache-miss
2780 silly fetch manifest eventemitter2@~5.0.1
2781 silly packumentCache full:https://registry.npmjs.org/eventemitter2 cache-hit
2782 silly fetch manifest fast-json-patch@^3.0.0-1
2783 silly packumentCache full:https://registry.npmjs.org/fast-json-patch cache-miss
2784 silly fetch manifest async@~2.6.1
2785 silly packumentCache full:https://registry.npmjs.org/async cache-hit
2786 silly fetch manifest tslib@1.9.3
2787 silly packumentCache full:https://registry.npmjs.org/tslib cache-hit
2788 silly fetch manifest semver@~7.5.4
2789 silly packumentCache full:https://registry.npmjs.org/semver cache-hit
2790 silly fetch manifest shimmer@^1.2.0
2791 silly packumentCache full:https://registry.npmjs.org/shimmer cache-miss
2792 silly fetch manifest eventemitter2@^6.3.1
2793 silly packumentCache full:https://registry.npmjs.org/eventemitter2 cache-hit
2794 silly fetch manifest require-in-the-middle@^5.0.0
2795 silly packumentCache full:https://registry.npmjs.org/require-in-the-middle cache-miss
2796 http cache https://registry.npmjs.org/fclone 178ms (cache hit)
2797 silly packumentCache full:https://registry.npmjs.org/fclone set size:19653 disposed:false
2798 silly fetch manifest async@^2.6.3
2799 silly packumentCache full:https://registry.npmjs.org/async cache-hit
2800 silly fetch manifest extrareqp2@^1.0.0
2801 silly packumentCache full:https://registry.npmjs.org/extrareqp2 cache-miss
2802 http cache https://registry.npmjs.org/pm2-axon-rpc 146ms (cache hit)
2803 silly packumentCache full:https://registry.npmjs.org/pm2-axon-rpc set size:41743 disposed:false
2804 silly fetch manifest ws@^7.0.0
2805 silly packumentCache full:https://registry.npmjs.org/ws cache-hit
2806 silly fetch manifest ansi-styles@^4.1.0
2807 silly packumentCache full:https://registry.npmjs.org/ansi-styles cache-miss
2808 http fetch GET 200 https://registry.npmjs.org/ansi-styles 94ms (cache revalidated)
2809 silly packumentCache full:https://registry.npmjs.org/ansi-styles set size:63233 disposed:false
2810 silly fetch manifest supports-color@^7.1.0
2811 silly packumentCache full:https://registry.npmjs.org/supports-color cache-miss
2812 http fetch GET 200 https://registry.npmjs.org/shimmer 451ms (cache miss)
2813 silly packumentCache full:https://registry.npmjs.org/shimmer set size:undefined disposed:false
2814 silly fetch manifest braces@~3.0.2
2815 silly packumentCache full:https://registry.npmjs.org/braces cache-miss
2816 http fetch GET 200 https://registry.npmjs.org/nssocket 561ms (cache miss)
2817 silly packumentCache full:https://registry.npmjs.org/nssocket set size:undefined disposed:false
2818 silly fetch manifest is-glob@~4.0.1
2819 silly packumentCache full:https://registry.npmjs.org/is-glob cache-miss
2820 http fetch GET 200 https://registry.npmjs.org/proxy-agent 537ms (cache revalidated)
2821 silly packumentCache full:https://registry.npmjs.org/proxy-agent set size:78600 disposed:false
2822 silly fetch manifest anymatch@~3.1.2
2823 silly packumentCache full:https://registry.npmjs.org/anymatch cache-miss
2824 http fetch GET 200 https://registry.npmjs.org/fast-json-patch 551ms (cache revalidated)
2825 silly packumentCache full:https://registry.npmjs.org/fast-json-patch set size:129532 disposed:false
2826 silly fetch manifest readdirp@~3.6.0
2827 silly packumentCache full:https://registry.npmjs.org/readdirp cache-miss
2828 http fetch GET 200 https://registry.npmjs.org/extrareqp2 471ms (cache revalidated)
2829 silly packumentCache full:https://registry.npmjs.org/extrareqp2 set size:33058 disposed:false
2830 silly fetch manifest glob-parent@~5.1.2
2831 silly packumentCache full:https://registry.npmjs.org/glob-parent cache-miss
2832 http fetch GET 200 https://registry.npmjs.org/require-in-the-middle 590ms (cache miss)
2833 silly packumentCache full:https://registry.npmjs.org/require-in-the-middle set size:undefined disposed:false
2834 silly fetch manifest is-binary-path@~2.1.0
2835 silly packumentCache full:https://registry.npmjs.org/is-binary-path cache-miss
2836 http fetch GET 200 https://registry.npmjs.org/supports-color 543ms (cache revalidated)
2837 silly packumentCache full:https://registry.npmjs.org/supports-color set size:118680 disposed:false
2838 silly fetch manifest normalize-path@~3.0.0
2839 silly packumentCache full:https://registry.npmjs.org/normalize-path cache-miss
2840 http fetch GET 200 https://registry.npmjs.org/normalize-path 97ms (cache revalidated)
2841 silly packumentCache full:https://registry.npmjs.org/normalize-path set size:28713 disposed:false
2842 silly fetch manifest fsevents@~2.3.2
2843 silly packumentCache full:https://registry.npmjs.org/fsevents cache-miss
2844 http fetch GET 200 https://registry.npmjs.org/glob-parent 589ms (cache revalidated)
2845 silly packumentCache full:https://registry.npmjs.org/glob-parent set size:42445 disposed:false
2846 silly fetch manifest ansi-colors@^4.1.1
2847 silly packumentCache full:https://registry.npmjs.org/ansi-colors cache-miss
2848 http fetch GET 200 https://registry.npmjs.org/is-binary-path 570ms (cache revalidated)
2849 silly packumentCache full:https://registry.npmjs.org/is-binary-path set size:13475 disposed:false
2850 silly fetch manifest argparse@^2.0.1
2851 silly packumentCache full:https://registry.npmjs.org/argparse cache-miss
2852 http fetch GET 200 https://registry.npmjs.org/braces 745ms (cache revalidated)
2853 silly packumentCache full:https://registry.npmjs.org/braces set size:114529 disposed:false
2854 silly fetch manifest debug@^3.2.6
2855 silly packumentCache full:https://registry.npmjs.org/debug cache-hit
2856 silly fetch manifest iconv-lite@^0.4.4
2857 silly packumentCache full:https://registry.npmjs.org/iconv-lite cache-hit
2858 silly fetch manifest amp@~0.3.1
2859 silly packumentCache full:https://registry.npmjs.org/amp cache-miss
2860 http fetch GET 200 https://registry.npmjs.org/readdirp 725ms (cache revalidated)
2861 silly packumentCache full:https://registry.npmjs.org/readdirp set size:107589 disposed:false
2862 silly fetch manifest amp-message@~0.1.1
2863 silly packumentCache full:https://registry.npmjs.org/amp-message cache-miss
2864 http fetch GET 200 https://registry.npmjs.org/is-glob 845ms (cache revalidated)
2865 silly packumentCache full:https://registry.npmjs.org/is-glob set size:40530 disposed:false
2866 silly fetch manifest escape-string-regexp@^4.0.0
2867 silly packumentCache full:https://registry.npmjs.org/escape-string-regexp cache-miss
2868 http fetch GET 200 https://registry.npmjs.org/anymatch 859ms (cache revalidated)
2869 silly packumentCache full:https://registry.npmjs.org/anymatch set size:42974 disposed:false
2870 silly fetch manifest run-series@^1.1.8
2871 silly packumentCache full:https://registry.npmjs.org/run-series cache-miss
2872 http fetch GET 200 https://registry.npmjs.org/fsevents 454ms (cache revalidated)
2873 silly packumentCache full:https://registry.npmjs.org/fsevents set size:182472 disposed:false
2874 silly fetch manifest tv4@^1.3.0
2875 silly packumentCache full:https://registry.npmjs.org/tv4 cache-miss
2876 http fetch GET 200 https://registry.npmjs.org/escape-string-regexp 452ms (cache miss)
2877 silly packumentCache full:https://registry.npmjs.org/escape-string-regexp set size:undefined disposed:false
2878 silly fetch manifest charm@~0.1.1
2879 silly packumentCache full:https://registry.npmjs.org/charm cache-miss
2880 http fetch GET 200 https://registry.npmjs.org/ansi-colors 645ms (cache miss)
2881 silly packumentCache full:https://registry.npmjs.org/ansi-colors set size:undefined disposed:false
2882 silly fetch manifest pidusage@^2.0.21
2883 silly packumentCache full:https://registry.npmjs.org/pidusage cache-hit
2884 silly fetch manifest systeminformation@^5.7
2885 silly packumentCache full:https://registry.npmjs.org/systeminformation cache-miss
2886 http fetch GET 200 https://registry.npmjs.org/argparse 683ms (cache revalidated)
2887 silly packumentCache full:https://registry.npmjs.org/argparse set size:49266 disposed:false
2888 silly fetch manifest tx2@~1.0.4
2889 silly packumentCache full:https://registry.npmjs.org/tx2 cache-miss
2890 http fetch GET 200 https://registry.npmjs.org/amp 659ms (cache revalidated)
2891 silly packumentCache full:https://registry.npmjs.org/amp set size:6794 disposed:false
2892 silly fetch manifest read@^1.0.4
2893 silly packumentCache full:https://registry.npmjs.org/read cache-miss
2894 http fetch GET 200 https://registry.npmjs.org/amp-message 624ms (cache revalidated)
2895 silly packumentCache full:https://registry.npmjs.org/amp-message set size:6704 disposed:false
2896 silly fetch manifest git-node-fs@^1.0.0
2897 silly packumentCache full:https://registry.npmjs.org/git-node-fs cache-miss
2898 http fetch GET 200 https://registry.npmjs.org/run-series 563ms (cache revalidated)
2899 silly packumentCache full:https://registry.npmjs.org/run-series set size:35375 disposed:false
2900 silly fetch manifest ini@^1.3.5
2901 silly packumentCache full:https://registry.npmjs.org/ini cache-miss
2902 http fetch GET 200 https://registry.npmjs.org/ini 111ms (cache revalidated)
2903 silly packumentCache full:https://registry.npmjs.org/ini set size:59180 disposed:false
2904 silly fetch manifest js-git@^0.7.8
2905 silly packumentCache full:https://registry.npmjs.org/js-git cache-miss
2906 http fetch GET 200 https://registry.npmjs.org/tv4 682ms (cache revalidated)
2907 silly packumentCache full:https://registry.npmjs.org/tv4 set size:84466 disposed:false
2908 http fetch GET 200 https://registry.npmjs.org/charm 404ms (cache miss)
2909 silly packumentCache full:https://registry.npmjs.org/charm set size:undefined disposed:false
2910 http fetch GET 200 https://registry.npmjs.org/systeminformation 514ms (cache revalidated)
2911 silly packumentCache full:https://registry.npmjs.org/systeminformation set size:2314807 disposed:false
2912 http fetch GET 200 https://registry.npmjs.org/tx2 695ms (cache revalidated)
2913 silly packumentCache full:https://registry.npmjs.org/tx2 set size:7551 disposed:false
2914 http fetch GET 200 https://registry.npmjs.org/read 690ms (cache miss)
2915 silly packumentCache full:https://registry.npmjs.org/read set size:undefined disposed:false
2916 http fetch GET 200 https://registry.npmjs.org/git-node-fs 697ms (cache revalidated)
2917 silly packumentCache full:https://registry.npmjs.org/git-node-fs set size:5780 disposed:false
2918 http fetch GET 200 https://registry.npmjs.org/js-git 1178ms (cache revalidated)
2919 silly packumentCache full:https://registry.npmjs.org/js-git set size:47312 disposed:false
2920 silly placeDep node_modules/@pm2/agent dayjs@1.8.36 OK for: @pm2/agent@2.0.4 want: ~1.8.24
2921 silly placeDep node_modules/@pm2/agent debug@4.3.7 OK for: @pm2/agent@2.0.4 want: ~4.3.1
2922 silly placeDep ROOT fast-json-patch@3.1.1 OK for: @pm2/agent@2.0.4 want: ^3.0.0-1
2923 silly placeDep ROOT nssocket@0.6.0 OK for: @pm2/agent@2.0.4 want: 0.6.0
2924 silly placeDep ROOT proxy-agent@6.3.1 OK for: @pm2/agent@2.0.4 want: ~6.3.0
2925 silly placeDep node_modules/@pm2/agent semver@7.5.4 OK for: @pm2/agent@2.0.4 want: ~7.5.0
2926 silly placeDep node_modules/@pm2/agent ws@7.5.10 OK for: @pm2/agent@2.0.4 want: ~7.5.10
2927 silly fetch manifest eventemitter2@~0.4.14
2928 silly packumentCache full:https://registry.npmjs.org/eventemitter2 cache-hit
2929 silly fetch manifest lazy@~1.0.11
2930 silly packumentCache full:https://registry.npmjs.org/lazy cache-miss
2931 silly fetch manifest agent-base@^7.0.2
2932 silly packumentCache full:https://registry.npmjs.org/agent-base cache-hit
2933 silly fetch manifest proxy-from-env@^1.1.0
2934 silly packumentCache full:https://registry.npmjs.org/proxy-from-env cache-hit
2935 silly fetch manifest pac-proxy-agent@^7.0.1
2936 silly packumentCache full:https://registry.npmjs.org/pac-proxy-agent cache-miss
2937 silly fetch manifest http-proxy-agent@^7.0.0
2938 silly packumentCache full:https://registry.npmjs.org/http-proxy-agent cache-hit
2939 silly fetch manifest socks-proxy-agent@^8.0.2
2940 silly packumentCache full:https://registry.npmjs.org/socks-proxy-agent cache-miss
2941 silly fetch manifest lru-cache@^6.0.0
2942 silly packumentCache full:https://registry.npmjs.org/lru-cache cache-hit
2943 http fetch GET 200 https://registry.npmjs.org/socks-proxy-agent 558ms (cache revalidated)
2944 silly packumentCache full:https://registry.npmjs.org/socks-proxy-agent set size:104740 disposed:false
2945 http fetch GET 200 https://registry.npmjs.org/pac-proxy-agent 603ms (cache revalidated)
2946 silly packumentCache full:https://registry.npmjs.org/pac-proxy-agent set size:67079 disposed:false
2947 http fetch GET 200 https://registry.npmjs.org/lazy 647ms (cache miss)
2948 silly packumentCache full:https://registry.npmjs.org/lazy set size:undefined disposed:false
2949 silly placeDep node_modules/@pm2/io async@2.6.4 OK for: @pm2/io@6.0.1 want: ~2.6.1
2950 silly placeDep node_modules/@pm2/io debug@4.3.7 OK for: @pm2/io@6.0.1 want: ~4.3.1
2951 silly placeDep node_modules/@pm2/io eventemitter2@6.4.9 OK for: @pm2/io@6.0.1 want: ^6.3.1
2952 silly placeDep ROOT require-in-the-middle@5.2.0 OK for: @pm2/io@6.0.1 want: ^5.0.0
2953 silly placeDep node_modules/@pm2/io semver@7.5.4 OK for: @pm2/io@6.0.1 want: ~7.5.4
2954 silly placeDep ROOT shimmer@1.2.1 OK for: @pm2/io@6.0.1 want: ^1.2.0
2955 silly placeDep node_modules/@pm2/io tslib@1.9.3 OK for: @pm2/io@6.0.1 want: 1.9.3
2956 silly fetch manifest lodash@^4.17.14
2957 silly packumentCache full:https://registry.npmjs.org/lodash cache-hit
2958 silly fetch manifest debug@^4.1.1
2959 silly packumentCache full:https://registry.npmjs.org/debug cache-hit
2960 silly fetch manifest resolve@^1.22.1
2961 silly packumentCache full:https://registry.npmjs.org/resolve cache-miss
2962 silly fetch manifest module-details-from-path@^1.0.3
2963 silly packumentCache full:https://registry.npmjs.org/module-details-from-path cache-miss
2964 http fetch GET 200 https://registry.npmjs.org/module-details-from-path 427ms (cache miss)
2965 silly packumentCache full:https://registry.npmjs.org/module-details-from-path set size:undefined disposed:false
2966 http fetch GET 200 https://registry.npmjs.org/resolve 439ms (cache miss)
2967 silly packumentCache full:https://registry.npmjs.org/resolve set size:undefined disposed:false
2968 silly placeDep node_modules/@pm2/js-api async@2.6.4 OK for: @pm2/js-api@0.8.0 want: ^2.6.3
2969 silly placeDep node_modules/@pm2/js-api debug@4.3.7 OK for: @pm2/js-api@0.8.0 want: ~4.3.1
2970 silly placeDep node_modules/@pm2/js-api eventemitter2@6.4.9 OK for: @pm2/js-api@0.8.0 want: ^6.3.1
2971 silly placeDep ROOT extrareqp2@1.0.0 OK for: @pm2/js-api@0.8.0 want: ^1.0.0
2972 silly placeDep node_modules/@pm2/js-api ws@7.5.10 OK for: @pm2/js-api@0.8.0 want: ^7.0.0
2973 silly placeDep node_modules/@pm2/pm2-version-check debug@4.4.3 OK for: @pm2/pm2-version-check@1.0.4 want: ^4.3.1
2974 silly placeDep ROOT ansi-styles@4.3.0 OK for: chalk@3.0.0 want: ^4.1.0
2975 silly placeDep ROOT supports-color@7.2.0 OK for: chalk@3.0.0 want: ^7.1.0
2976 silly fetch manifest color-convert@^2.0.1
2977 silly packumentCache full:https://registry.npmjs.org/color-convert cache-miss
2978 silly fetch manifest has-flag@^4.0.0
2979 silly packumentCache full:https://registry.npmjs.org/has-flag cache-miss
2980 http fetch GET 200 https://registry.npmjs.org/color-convert 434ms (cache revalidated)
2981 silly packumentCache full:https://registry.npmjs.org/color-convert set size:72663 disposed:false
2982 http fetch GET 200 https://registry.npmjs.org/has-flag 453ms (cache revalidated)
2983 silly packumentCache full:https://registry.npmjs.org/has-flag set size:15180 disposed:false
2984 silly placeDep ROOT color-convert@2.0.1 OK for: ansi-styles@4.3.0 want: ^2.0.1
2985 silly fetch manifest color-name@~1.1.4
2986 silly packumentCache full:https://registry.npmjs.org/color-name cache-miss
2987 http fetch GET 200 https://registry.npmjs.org/color-name 595ms (cache revalidated)
2988 silly packumentCache full:https://registry.npmjs.org/color-name set size:19467 disposed:false
2989 silly placeDep ROOT anymatch@3.1.3 OK for: chokidar@3.6.0 want: ~3.1.2
2990 silly placeDep ROOT braces@3.0.3 OK for: chokidar@3.6.0 want: ~3.0.2
2991 silly placeDep ROOT fsevents@2.3.3 OK for: chokidar@3.6.0 want: ~2.3.2
2992 silly placeDep ROOT glob-parent@5.1.2 OK for: chokidar@3.6.0 want: ~5.1.2
2993 silly placeDep ROOT is-binary-path@2.1.0 OK for: chokidar@3.6.0 want: ~2.1.0
2994 silly placeDep ROOT is-glob@4.0.3 OK for: chokidar@3.6.0 want: ~4.0.1
2995 silly placeDep ROOT normalize-path@3.0.0 OK for: chokidar@3.6.0 want: ~3.0.0
2996 silly placeDep ROOT readdirp@3.6.0 OK for: chokidar@3.6.0 want: ~3.6.0
2997 silly fetch manifest picomatch@^2.0.4
2998 silly packumentCache full:https://registry.npmjs.org/picomatch cache-miss
2999 silly fetch manifest normalize-path@^3.0.0
3000 silly packumentCache full:https://registry.npmjs.org/normalize-path cache-hit
3001 silly fetch manifest fill-range@^7.1.1
3002 silly packumentCache full:https://registry.npmjs.org/fill-range cache-miss
3003 silly fetch manifest is-glob@^4.0.1
3004 silly packumentCache full:https://registry.npmjs.org/is-glob cache-hit
3005 silly fetch manifest binary-extensions@^2.0.0
3006 silly packumentCache full:https://registry.npmjs.org/binary-extensions cache-miss
3007 silly fetch manifest is-extglob@^2.1.1
3008 silly packumentCache full:https://registry.npmjs.org/is-extglob cache-miss
3009 silly fetch manifest picomatch@^2.2.1
3010 silly packumentCache full:https://registry.npmjs.org/picomatch cache-miss
3011 http fetch GET 200 https://registry.npmjs.org/fill-range 501ms (cache revalidated)
3012 silly packumentCache full:https://registry.npmjs.org/fill-range set size:90212 disposed:false
3013 http fetch GET 200 https://registry.npmjs.org/picomatch 511ms (cache revalidated)
3014 silly packumentCache full:https://registry.npmjs.org/picomatch set size:126376 disposed:false
3015 http fetch GET 200 https://registry.npmjs.org/binary-extensions 544ms (cache revalidated)
3016 silly packumentCache full:https://registry.npmjs.org/binary-extensions set size:51551 disposed:false
3017 http fetch GET 200 https://registry.npmjs.org/is-extglob 556ms (cache revalidated)
3018 silly packumentCache full:https://registry.npmjs.org/is-extglob set size:11766 disposed:false
3019 http fetch GET 200 https://registry.npmjs.org/picomatch 583ms (cache revalidated)
3020 silly packumentCache full:https://registry.npmjs.org/picomatch set size:126376 disposed:false
3021 silly packumentCache full:https://registry.npmjs.org/picomatch dispose
3022 silly placeDep ROOT picomatch@2.3.2 OK for: anymatch@3.1.3 want: ^2.0.4
3023 silly placeDep ROOT fill-range@7.1.1 OK for: braces@3.0.3 want: ^7.1.1
3024 silly fetch manifest to-regex-range@^5.0.1
3025 silly packumentCache full:https://registry.npmjs.org/to-regex-range cache-miss
3026 http fetch GET 200 https://registry.npmjs.org/to-regex-range 385ms (cache revalidated)
3027 silly packumentCache full:https://registry.npmjs.org/to-regex-range set size:61569 disposed:false
3028 silly placeDep ROOT color-name@1.1.4 OK for: color-convert@2.0.1 want: ~1.1.4
3029 silly placeDep ROOT ansi-colors@4.1.3 OK for: enquirer@2.3.6 want: ^4.1.1
3030 silly placeDep ROOT to-regex-range@5.0.1 OK for: fill-range@7.1.1 want: ^5.0.1
3031 silly fetch manifest is-number@^7.0.0
3032 silly packumentCache full:https://registry.npmjs.org/is-number cache-miss
3033 http fetch GET 200 https://registry.npmjs.org/is-number 417ms (cache revalidated)
3034 silly packumentCache full:https://registry.npmjs.org/is-number set size:36183 disposed:false
3035 silly placeDep ROOT binary-extensions@2.3.0 OK for: is-binary-path@2.1.0 want: ^2.0.0
3036 silly placeDep ROOT is-extglob@2.1.1 OK for: is-glob@4.0.3 want: ^2.1.1
3037 silly placeDep ROOT argparse@2.0.1 OK for: js-yaml@4.1.1 want: ^2.0.1
3038 silly placeDep node_modules/needle debug@3.2.7 OK for: needle@2.4.0 want: ^3.2.6
3039 silly placeDep node_modules/needle iconv-lite@0.4.24 OK for: needle@2.4.0 want: ^0.4.4
3040 silly fetch manifest ms@^2.1.1
3041 silly packumentCache full:https://registry.npmjs.org/ms cache-hit
3042 silly placeDep node_modules/nssocket eventemitter2@0.4.14 OK for: nssocket@0.6.0 want: ~0.4.14
3043 silly placeDep ROOT lazy@1.0.11 OK for: nssocket@0.6.0 want: ~1.0.11
3044 silly placeDep ROOT amp@0.3.1 OK for: pm2-axon@4.0.1 want: ~0.3.1
3045 silly placeDep ROOT amp-message@0.1.2 OK for: pm2-axon@4.0.1 want: ~0.1.1
3046 silly placeDep node_modules/pm2-axon debug@4.4.3 OK for: pm2-axon@4.0.1 want: ^4.3.1
3047 silly placeDep ROOT escape-string-regexp@4.0.0 OK for: pm2-axon@4.0.1 want: ^4.0.0
3048 silly placeDep node_modules/pm2-axon-rpc debug@4.4.3 OK for: pm2-axon-rpc@0.7.1 want: ^4.3.1
3049 silly placeDep ROOT run-series@1.1.9 OK for: pm2-deploy@1.0.2 want: ^1.1.8
3050 silly placeDep ROOT tv4@1.3.0 OK for: pm2-deploy@1.0.2 want: ^1.3.0
3051 silly placeDep ROOT charm@0.1.2 OK for: pm2-multimeter@0.1.2 want: ~0.1.1
3052 silly placeDep node_modules/pm2-sysmonit debug@4.4.3 OK for: pm2-sysmonit@1.2.8 want: ^4.3.1
3053 silly placeDep node_modules/pm2-sysmonit pidusage@2.0.21 OK for: pm2-sysmonit@1.2.8 want: ^2.0.21
3054 silly placeDep ROOT systeminformation@5.31.6 OK for: pm2-sysmonit@1.2.8 want: ^5.7
3055 silly placeDep ROOT tx2@1.0.5 OK for: pm2-sysmonit@1.2.8 want: ~1.0.4
3056 silly fetch manifest json-stringify-safe@^5.0.1
3057 silly packumentCache full:https://registry.npmjs.org/json-stringify-safe cache-miss
3058 http fetch GET 200 https://registry.npmjs.org/json-stringify-safe 529ms (cache revalidated)
3059 silly packumentCache full:https://registry.npmjs.org/json-stringify-safe set size:8806 disposed:false
3060 silly placeDep ROOT read@1.0.7 OK for: promptly@2.2.0 want: ^1.0.4
3061 silly fetch manifest mute-stream@~0.0.4
3062 silly packumentCache full:https://registry.npmjs.org/mute-stream cache-miss
3063 http fetch GET 200 https://registry.npmjs.org/mute-stream 424ms (cache miss)
3064 silly packumentCache full:https://registry.npmjs.org/mute-stream set size:undefined disposed:false
3065 silly placeDep ROOT @protobufjs/aspromise@1.1.2 OK for: protobufjs@7.6.0 want: ^1.1.2
3066 silly placeDep ROOT @protobufjs/base64@1.1.2 OK for: protobufjs@7.6.0 want: ^1.1.2
3067 silly placeDep ROOT @protobufjs/codegen@2.0.5 OK for: protobufjs@7.6.0 want: ^2.0.5
3068 silly placeDep ROOT @protobufjs/eventemitter@1.1.0 OK for: protobufjs@7.6.0 want: ^1.1.0
3069 silly placeDep ROOT @protobufjs/fetch@1.1.1 OK for: protobufjs@7.6.0 want: ^1.1.1
3070 silly placeDep ROOT @protobufjs/float@1.0.2 OK for: protobufjs@7.6.0 want: ^1.0.2
3071 silly placeDep ROOT @protobufjs/inquire@1.1.2 OK for: protobufjs@7.6.0 want: ^1.1.2
3072 silly placeDep ROOT @protobufjs/path@1.1.2 OK for: protobufjs@7.6.0 want: ^1.1.2
3073 silly placeDep ROOT @protobufjs/pool@1.1.0 OK for: protobufjs@7.6.0 want: ^1.1.0
3074 silly placeDep ROOT @protobufjs/utf8@1.1.1 OK for: protobufjs@7.6.0 want: ^1.1.1
3075 silly placeDep ROOT long@5.3.2 OK for: protobufjs@7.6.0 want: ^5.3.2
3076 silly placeDep ROOT forwarded@0.2.0 OK for: proxy-addr@2.0.7 want: 0.2.0
3077 silly placeDep ROOT ipaddr.js@1.9.1 OK for: proxy-addr@2.0.7 want: 1.9.1
3078 silly placeDep node_modules/proxy-agent agent-base@7.1.4 OK for: proxy-agent@6.3.1 want: ^7.0.2
3079 silly placeDep node_modules/proxy-agent debug@4.4.3 OK for: proxy-agent@6.3.1 want: ^4.3.4
3080 silly placeDep node_modules/proxy-agent http-proxy-agent@7.0.2 OK for: proxy-agent@6.3.1 want: ^7.0.0
3081 silly placeDep ROOT pac-proxy-agent@7.2.0 OK for: proxy-agent@6.3.1 want: ^7.0.1
3082 silly placeDep ROOT proxy-from-env@1.1.0 OK for: proxy-agent@6.3.1 want: ^1.1.0
3083 silly placeDep ROOT socks-proxy-agent@8.0.5 OK for: proxy-agent@6.3.1 want: ^8.0.2
3084 silly fetch manifest get-uri@^6.0.1
3085 silly packumentCache full:https://registry.npmjs.org/get-uri cache-miss
3086 silly fetch manifest pac-resolver@^7.0.1
3087 silly packumentCache full:https://registry.npmjs.org/pac-resolver cache-miss
3088 silly fetch manifest socks-proxy-agent@^8.0.5
3089 silly packumentCache full:https://registry.npmjs.org/socks-proxy-agent cache-hit
3090 silly fetch manifest @tootallnate/quickjs-emscripten@^0.23.0
3091 silly packumentCache full:https://registry.npmjs.org/@tootallnate%2fquickjs-emscripten cache-miss
3092 http fetch GET 200 https://registry.npmjs.org/pac-resolver 407ms (cache revalidated)
3093 silly packumentCache full:https://registry.npmjs.org/pac-resolver set size:61269 disposed:false
3094 http fetch GET 200 https://registry.npmjs.org/get-uri 446ms (cache revalidated)
3095 silly packumentCache full:https://registry.npmjs.org/get-uri set size:62423 disposed:false
3096 http fetch GET 200 https://registry.npmjs.org/@tootallnate%2fquickjs-emscripten 955ms (cache revalidated)
3097 silly packumentCache full:https://registry.npmjs.org/@tootallnate%2fquickjs-emscripten set size:27622 disposed:false
3098 silly placeDep ROOT @tootallnate/quickjs-emscripten@0.23.0 OK for: pac-proxy-agent@7.2.0 want: ^0.23.0
3099 silly placeDep node_modules/pac-proxy-agent agent-base@7.1.4 OK for: pac-proxy-agent@7.2.0 want: ^7.1.2
3100 silly placeDep node_modules/pac-proxy-agent debug@4.4.3 OK for: pac-proxy-agent@7.2.0 want: ^4.3.4
3101 silly placeDep ROOT get-uri@6.0.5 OK for: pac-proxy-agent@7.2.0 want: ^6.0.1
3102 silly placeDep node_modules/pac-proxy-agent http-proxy-agent@7.0.2 OK for: pac-proxy-agent@7.2.0 want: ^7.0.0
3103 silly placeDep ROOT pac-resolver@7.0.1 OK for: pac-proxy-agent@7.2.0 want: ^7.0.1
3104 silly fetch manifest basic-ftp@^5.0.2
3105 silly packumentCache full:https://registry.npmjs.org/basic-ftp cache-miss
3106 silly fetch manifest data-uri-to-buffer@^6.0.2
3107 silly packumentCache full:https://registry.npmjs.org/data-uri-to-buffer cache-miss
3108 silly fetch manifest netmask@^2.0.2
3109 silly packumentCache full:https://registry.npmjs.org/netmask cache-miss
3110 silly fetch manifest degenerator@^5.0.0
3111 silly packumentCache full:https://registry.npmjs.org/degenerator cache-miss
3112 http fetch GET 200 https://registry.npmjs.org/netmask 464ms (cache revalidated)
3113 silly packumentCache full:https://registry.npmjs.org/netmask set size:25703 disposed:false
3114 http fetch GET 200 https://registry.npmjs.org/basic-ftp 550ms (cache revalidated)
3115 silly packumentCache full:https://registry.npmjs.org/basic-ftp set size:297552 disposed:false
3116 http fetch GET 200 https://registry.npmjs.org/data-uri-to-buffer 680ms (cache revalidated)
3117 silly packumentCache full:https://registry.npmjs.org/data-uri-to-buffer set size:48018 disposed:false
3118 http fetch GET 200 https://registry.npmjs.org/degenerator 735ms (cache revalidated)
3119 silly packumentCache full:https://registry.npmjs.org/degenerator set size:77133 disposed:false
3120 silly placeDep ROOT basic-ftp@5.3.1 OK for: get-uri@6.0.5 want: ^5.0.2
3121 silly placeDep ROOT data-uri-to-buffer@6.0.2 OK for: get-uri@6.0.5 want: ^6.0.2
3122 silly placeDep node_modules/get-uri debug@4.4.3 OK for: get-uri@6.0.5 want: ^4.3.4
3123 silly placeDep ROOT degenerator@5.0.1 OK for: pac-resolver@7.0.1 want: ^5.0.0
3124 silly placeDep ROOT netmask@2.1.1 OK for: pac-resolver@7.0.1 want: ^2.0.2
3125 silly fetch manifest ast-types@^0.13.4
3126 silly packumentCache full:https://registry.npmjs.org/ast-types cache-miss
3127 http fetch GET 200 https://registry.npmjs.org/ast-types 429ms (cache revalidated)
3128 silly packumentCache full:https://registry.npmjs.org/ast-types set size:443020 disposed:false
3129 silly placeDep ROOT ast-types@0.13.4 OK for: degenerator@5.0.1 want: ^0.13.4
3130 silly fetch manifest proxy-agent@>=8.0.1
3131 silly packumentCache full:https://registry.npmjs.org/proxy-agent cache-hit
3132 silly fetch manifest typescript@>=4.9.5
3133 silly packumentCache full:https://registry.npmjs.org/typescript cache-miss
3134 http fetch GET 200 https://registry.npmjs.org/typescript 4436ms (cache miss)
3135 silly packumentCache full:https://registry.npmjs.org/typescript set size:undefined disposed:false
3136 silly placeDep node_modules/puppeteer @puppeteer/browsers@3.0.3 OK for: puppeteer@25.0.4 want: 3.0.3
3137 silly placeDep node_modules/puppeteer proxy-agent@8.0.1 OK for: @puppeteer/browsers@3.0.3 want: >=8.0.1
3138 silly placeDep ROOT chromium-bidi@16.0.1 OK for: puppeteer@25.0.4 want: 16.0.1
3139 silly placeDep ROOT devtools-protocol@0.0.1608973 OK for: chromium-bidi@16.0.1 want: *
3140 silly placeDep ROOT cosmiconfig@9.0.1 OK for: puppeteer@25.0.4 want: ^9.0.0
3141 silly placeDep ROOT puppeteer-core@25.0.4 OK for: puppeteer@25.0.4 want: 25.0.4
3142 silly placeDep ROOT typed-query-selector@2.12.2 OK for: puppeteer@25.0.4 want: ^2.12.2
3143 silly fetch manifest debug@^4.4.3
3144 silly packumentCache full:https://registry.npmjs.org/debug cache-hit
3145 silly fetch manifest progress@^2.0.3
3146 silly packumentCache full:https://registry.npmjs.org/progress cache-miss
3147 silly fetch manifest tar-fs@^3.1.1
3148 silly packumentCache full:https://registry.npmjs.org/tar-fs cache-miss
3149 silly fetch manifest yargs@^17.7.2
3150 silly packumentCache full:https://registry.npmjs.org/yargs cache-miss
3151 silly fetch manifest proxy-from-env@^2.0.0
3152 silly packumentCache full:https://registry.npmjs.org/proxy-from-env cache-hit
3153 silly fetch manifest http-proxy-agent@9.0.0
3154 silly packumentCache full:https://registry.npmjs.org/http-proxy-agent cache-hit
3155 silly fetch manifest https-proxy-agent@9.0.0
3156 silly packumentCache full:https://registry.npmjs.org/https-proxy-agent cache-hit
3157 silly fetch manifest pac-proxy-agent@9.0.1
3158 silly packumentCache full:https://registry.npmjs.org/pac-proxy-agent cache-hit
3159 silly fetch manifest socks-proxy-agent@10.0.0
3160 silly packumentCache full:https://registry.npmjs.org/socks-proxy-agent cache-hit
3161 silly fetch manifest mitt@^3.0.1
3162 silly packumentCache full:https://registry.npmjs.org/mitt cache-miss
3163 silly fetch manifest zod@^3.24.1
3164 silly packumentCache full:https://registry.npmjs.org/zod cache-miss
3165 silly fetch manifest env-paths@^2.2.1
3166 silly packumentCache full:https://registry.npmjs.org/env-paths cache-miss
3167 silly fetch manifest import-fresh@^3.3.0
3168 silly packumentCache full:https://registry.npmjs.org/import-fresh cache-miss
3169 http cache https://registry.npmjs.org/yargs 206ms (cache hit)
3170 silly packumentCache full:https://registry.npmjs.org/yargs set size:743056 disposed:false
3171 silly fetch manifest parse-json@^5.2.0
3172 silly packumentCache full:https://registry.npmjs.org/parse-json cache-miss
3173 http fetch GET 200 https://registry.npmjs.org/mitt 364ms (cache miss)
3174 silly packumentCache full:https://registry.npmjs.org/mitt set size:undefined disposed:false
3175 silly fetch manifest webdriver-bidi-protocol@0.4.1
3176 silly packumentCache full:https://registry.npmjs.org/webdriver-bidi-protocol cache-miss
3177 http fetch GET 200 https://registry.npmjs.org/progress 554ms (cache miss)
3178 silly packumentCache full:https://registry.npmjs.org/progress set size:undefined disposed:false
3179 http fetch GET 200 https://registry.npmjs.org/env-paths 518ms (cache miss)
3180 silly packumentCache full:https://registry.npmjs.org/env-paths set size:undefined disposed:false
3181 http fetch GET 200 https://registry.npmjs.org/import-fresh 524ms (cache miss)
3182 silly packumentCache full:https://registry.npmjs.org/import-fresh set size:undefined disposed:false
3183 http fetch GET 200 https://registry.npmjs.org/tar-fs 640ms (cache miss)
3184 silly packumentCache full:https://registry.npmjs.org/tar-fs set size:undefined disposed:false
3185 http fetch GET 200 https://registry.npmjs.org/parse-json 633ms (cache miss)
3186 silly packumentCache full:https://registry.npmjs.org/parse-json set size:undefined disposed:false
3187 http fetch GET 200 https://registry.npmjs.org/zod 1257ms (cache miss)
3188 silly packumentCache full:https://registry.npmjs.org/zod set size:undefined disposed:false
3189 http fetch GET 200 https://registry.npmjs.org/webdriver-bidi-protocol 1636ms (cache miss)
3190 silly packumentCache full:https://registry.npmjs.org/webdriver-bidi-protocol set size:undefined disposed:false
3191 silly placeDep ROOT mitt@3.0.1 OK for: chromium-bidi@16.0.1 want: ^3.0.1
3192 silly placeDep ROOT zod@3.25.76 OK for: chromium-bidi@16.0.1 want: ^3.24.1
3193 silly placeDep ROOT env-paths@2.2.1 OK for: cosmiconfig@9.0.1 want: ^2.2.1
3194 silly placeDep ROOT import-fresh@3.3.1 OK for: cosmiconfig@9.0.1 want: ^3.3.0
3195 silly placeDep ROOT parse-json@5.2.0 OK for: cosmiconfig@9.0.1 want: ^5.2.0
3196 silly fetch manifest resolve-from@^4.0.0
3197 silly packumentCache full:https://registry.npmjs.org/resolve-from cache-miss
3198 silly fetch manifest parent-module@^1.0.0
3199 silly packumentCache full:https://registry.npmjs.org/parent-module cache-miss
3200 silly fetch manifest error-ex@^1.3.1
3201 silly packumentCache full:https://registry.npmjs.org/error-ex cache-miss
3202 silly fetch manifest @babel/code-frame@^7.0.0
3203 silly packumentCache full:https://registry.npmjs.org/@babel%2fcode-frame cache-miss
3204 silly fetch manifest lines-and-columns@^1.1.6
3205 silly packumentCache full:https://registry.npmjs.org/lines-and-columns cache-miss
3206 silly fetch manifest json-parse-even-better-errors@^2.3.0
3207 silly packumentCache full:https://registry.npmjs.org/json-parse-even-better-errors cache-miss
3208 http fetch GET 200 https://registry.npmjs.org/json-parse-even-better-errors 143ms (cache miss)
3209 silly packumentCache full:https://registry.npmjs.org/json-parse-even-better-errors set size:undefined disposed:false
3210 http fetch GET 200 https://registry.npmjs.org/parent-module 449ms (cache miss)
3211 silly packumentCache full:https://registry.npmjs.org/parent-module set size:undefined disposed:false
3212 http fetch GET 200 https://registry.npmjs.org/error-ex 461ms (cache miss)
3213 silly packumentCache full:https://registry.npmjs.org/error-ex set size:undefined disposed:false
3214 http fetch GET 200 https://registry.npmjs.org/resolve-from 725ms (cache miss)
3215 silly packumentCache full:https://registry.npmjs.org/resolve-from set size:undefined disposed:false
3216 http fetch GET 200 https://registry.npmjs.org/lines-and-columns 758ms (cache miss)
3217 silly packumentCache full:https://registry.npmjs.org/lines-and-columns set size:undefined disposed:false
3218 http fetch GET 200 https://registry.npmjs.org/@babel%2fcode-frame 823ms (cache miss)
3219 silly packumentCache full:https://registry.npmjs.org/@babel%2fcode-frame set size:undefined disposed:false
3220 silly placeDep ROOT parent-module@1.0.1 OK for: import-fresh@3.3.1 want: ^1.0.0
3221 silly placeDep ROOT resolve-from@4.0.0 OK for: import-fresh@3.3.1 want: ^4.0.0
3222 silly fetch manifest callsites@^3.0.0
3223 silly packumentCache full:https://registry.npmjs.org/callsites cache-miss
3224 http fetch GET 200 https://registry.npmjs.org/callsites 391ms (cache miss)
3225 silly packumentCache full:https://registry.npmjs.org/callsites set size:undefined disposed:false
3226 silly placeDep ROOT callsites@3.1.0 OK for: parent-module@1.0.1 want: ^3.0.0
3227 silly placeDep ROOT @babel/code-frame@7.29.0 OK for: parse-json@5.2.0 want: ^7.0.0
3228 silly placeDep ROOT error-ex@1.3.4 OK for: parse-json@5.2.0 want: ^1.3.1
3229 silly placeDep ROOT json-parse-even-better-errors@2.3.1 OK for: parse-json@5.2.0 want: ^2.3.0
3230 silly placeDep ROOT lines-and-columns@1.2.4 OK for: parse-json@5.2.0 want: ^1.1.6
3231 silly fetch manifest js-tokens@^4.0.0
3232 silly packumentCache full:https://registry.npmjs.org/js-tokens cache-miss
3233 silly fetch manifest picocolors@^1.1.1
3234 silly packumentCache full:https://registry.npmjs.org/picocolors cache-miss
3235 silly fetch manifest @babel/helper-validator-identifier@^7.28.5
3236 silly packumentCache full:https://registry.npmjs.org/@babel%2fhelper-validator-identifier cache-miss
3237 silly fetch manifest is-arrayish@^0.2.1
3238 silly packumentCache full:https://registry.npmjs.org/is-arrayish cache-miss
3239 http fetch GET 200 https://registry.npmjs.org/picocolors 527ms (cache miss)
3240 silly packumentCache full:https://registry.npmjs.org/picocolors set size:undefined disposed:false
3241 http fetch GET 200 https://registry.npmjs.org/@babel%2fhelper-validator-identifier 560ms (cache miss)
3242 silly packumentCache full:https://registry.npmjs.org/@babel%2fhelper-validator-identifier set size:undefined disposed:false
3243 http fetch GET 200 https://registry.npmjs.org/is-arrayish 631ms (cache miss)
3244 silly packumentCache full:https://registry.npmjs.org/is-arrayish set size:undefined disposed:false
3245 http fetch GET 200 https://registry.npmjs.org/js-tokens 662ms (cache miss)
3246 silly packumentCache full:https://registry.npmjs.org/js-tokens set size:undefined disposed:false
3247 silly placeDep ROOT @babel/helper-validator-identifier@7.28.5 OK for: @babel/code-frame@7.29.0 want: ^7.28.5
3248 silly placeDep ROOT js-tokens@4.0.0 OK for: @babel/code-frame@7.29.0 want: ^4.0.0
3249 silly placeDep ROOT picocolors@1.1.1 OK for: @babel/code-frame@7.29.0 want: ^1.1.1
3250 silly placeDep ROOT is-arrayish@0.2.1 OK for: error-ex@1.3.4 want: ^0.2.1
3251 silly placeDep node_modules/puppeteer-core @puppeteer/browsers@3.0.3 OK for: puppeteer-core@25.0.4 want: 3.0.3
3252 silly placeDep node_modules/puppeteer-core proxy-agent@8.0.1 OK for: @puppeteer/browsers@3.0.3 want: >=8.0.1
3253 silly placeDep node_modules/puppeteer-core debug@4.4.3 OK for: puppeteer-core@25.0.4 want: ^4.4.3
3254 silly placeDep ROOT webdriver-bidi-protocol@0.4.1 OK for: puppeteer-core@25.0.4 want: 0.4.1
3255 silly placeDep ROOT @thi.ng/bitstream@2.4.51 OK for: qoa-format@1.0.1 want: ^2.2.12
3256 silly fetch manifest @thi.ng/errors@^2.6.13
3257 silly packumentCache full:https://registry.npmjs.org/@thi.ng%2ferrors cache-miss
3258 http fetch GET 200 https://registry.npmjs.org/@thi.ng%2ferrors 1326ms (cache miss)
3259 silly packumentCache full:https://registry.npmjs.org/@thi.ng%2ferrors set size:undefined disposed:false
3260 silly placeDep ROOT @thi.ng/errors@2.6.13 OK for: @thi.ng/bitstream@2.4.51 want: ^2.6.13
3261 silly placeDep ROOT dijkstrajs@1.0.3 OK for: qrcode@1.5.4 want: ^1.0.1
3262 silly placeDep node_modules/qrcode pngjs@5.0.0 OK for: qrcode@1.5.4 want: ^5.0.0
3263 silly placeDep ROOT yargs@15.4.1 OK for: qrcode@1.5.4 want: ^15.3.1
3264 silly fetch manifest y18n@^4.0.0
3265 silly packumentCache full:https://registry.npmjs.org/y18n cache-miss
3266 silly fetch manifest cliui@^6.0.0
3267 silly packumentCache full:https://registry.npmjs.org/cliui cache-miss
3268 silly fetch manifest find-up@^4.1.0
3269 silly packumentCache full:https://registry.npmjs.org/find-up cache-miss
3270 silly fetch manifest decamelize@^1.2.0
3271 silly packumentCache full:https://registry.npmjs.org/decamelize cache-miss
3272 silly fetch manifest which-module@^2.0.0
3273 silly packumentCache full:https://registry.npmjs.org/which-module cache-miss
3274 silly fetch manifest yargs-parser@^18.1.2
3275 silly packumentCache full:https://registry.npmjs.org/yargs-parser cache-miss
3276 silly fetch manifest get-caller-file@^2.0.1
3277 silly packumentCache full:https://registry.npmjs.org/get-caller-file cache-miss
3278 http fetch GET 200 https://registry.npmjs.org/find-up 174ms (cache miss)
3279 silly packumentCache full:https://registry.npmjs.org/find-up set size:undefined disposed:false
3280 silly fetch manifest require-directory@^2.1.1
3281 silly packumentCache full:https://registry.npmjs.org/require-directory cache-miss
3282 http fetch GET 200 https://registry.npmjs.org/decamelize 207ms (cache miss)
3283 silly packumentCache full:https://registry.npmjs.org/decamelize set size:undefined disposed:false
3284 silly fetch manifest require-main-filename@^2.0.0
3285 silly packumentCache full:https://registry.npmjs.org/require-main-filename cache-miss
3286 http fetch GET 200 https://registry.npmjs.org/require-main-filename 573ms (cache miss)
3287 silly packumentCache full:https://registry.npmjs.org/require-main-filename set size:undefined disposed:false
3288 http fetch GET 200 https://registry.npmjs.org/get-caller-file 791ms (cache miss)
3289 silly packumentCache full:https://registry.npmjs.org/get-caller-file set size:undefined disposed:false
3290 http fetch GET 200 https://registry.npmjs.org/require-directory 642ms (cache miss)
3291 silly packumentCache full:https://registry.npmjs.org/require-directory set size:undefined disposed:false
3292 http fetch GET 200 https://registry.npmjs.org/which-module 836ms (cache miss)
3293 silly packumentCache full:https://registry.npmjs.org/which-module set size:undefined disposed:false
3294 http fetch GET 200 https://registry.npmjs.org/y18n 883ms (cache miss)
3295 silly packumentCache full:https://registry.npmjs.org/y18n set size:undefined disposed:false
3296 http fetch GET 200 https://registry.npmjs.org/cliui 900ms (cache miss)
3297 silly packumentCache full:https://registry.npmjs.org/cliui set size:undefined disposed:false
3298 http fetch GET 200 https://registry.npmjs.org/yargs-parser 912ms (cache miss)
3299 silly packumentCache full:https://registry.npmjs.org/yargs-parser set size:undefined disposed:false
3300 silly placeDep ROOT side-channel@1.1.0 OK for: qs@6.15.2 want: ^1.1.0
3301 silly fetch manifest object-inspect@^1.13.3
3302 silly packumentCache full:https://registry.npmjs.org/object-inspect cache-miss
3303 silly fetch manifest side-channel-list@^1.0.0
3304 silly packumentCache full:https://registry.npmjs.org/side-channel-list cache-miss
3305 silly fetch manifest side-channel-map@^1.0.1
3306 silly packumentCache full:https://registry.npmjs.org/side-channel-map cache-miss
3307 silly fetch manifest side-channel-weakmap@^1.0.2
3308 silly packumentCache full:https://registry.npmjs.org/side-channel-weakmap cache-miss
3309 http fetch GET 200 https://registry.npmjs.org/side-channel-map 93ms (cache miss)
3310 silly packumentCache full:https://registry.npmjs.org/side-channel-map set size:undefined disposed:false
3311 http fetch GET 200 https://registry.npmjs.org/side-channel-weakmap 142ms (cache miss)
3312 silly packumentCache full:https://registry.npmjs.org/side-channel-weakmap set size:undefined disposed:false
3313 http fetch GET 200 https://registry.npmjs.org/side-channel-list 163ms (cache miss)
3314 silly packumentCache full:https://registry.npmjs.org/side-channel-list set size:undefined disposed:false
3315 http fetch GET 200 https://registry.npmjs.org/object-inspect 633ms (cache miss)
3316 silly packumentCache full:https://registry.npmjs.org/object-inspect set size:undefined disposed:false
3317 silly placeDep node_modules/raw-body iconv-lite@0.4.24 OK for: raw-body@2.5.3 want: ~0.4.24
3318 silly placeDep ROOT mute-stream@0.0.8 OK for: read@1.0.7 want: ~0.0.4
3319 silly placeDep ROOT core-util-is@1.0.3 OK for: readable-stream@2.3.8 want: ~1.0.0
3320 silly placeDep ROOT isarray@1.0.0 OK for: readable-stream@2.3.8 want: ~1.0.0
3321 silly placeDep ROOT process-nextick-args@2.0.1 OK for: readable-stream@2.3.8 want: ~2.0.0
3322 silly placeDep node_modules/readable-stream safe-buffer@5.1.2 OK for: readable-stream@2.3.8 want: ~5.1.1
3323 silly placeDep ROOT string_decoder@1.1.1 OK for: readable-stream@2.3.8 want: ~1.1.1
3324 silly placeDep ROOT util-deprecate@1.0.2 OK for: readable-stream@2.3.8 want: ~1.0.1
3325 silly fetch manifest safe-buffer@~5.1.0
3326 silly packumentCache full:https://registry.npmjs.org/safe-buffer cache-hit
3327 silly placeDep node_modules/readable-web-to-node-stream readable-stream@4.7.0 OK for: readable-web-to-node-stream@3.0.4 want: ^4.7.0
3328 silly fetch manifest abort-controller@^3.0.0
3329 silly packumentCache full:https://registry.npmjs.org/abort-controller cache-miss
3330 silly fetch manifest buffer@^6.0.3
3331 silly packumentCache full:https://registry.npmjs.org/buffer cache-miss
3332 silly fetch manifest events@^3.3.0
3333 silly packumentCache full:https://registry.npmjs.org/events cache-miss
3334 silly fetch manifest string_decoder@^1.3.0
3335 silly packumentCache full:https://registry.npmjs.org/string_decoder cache-hit
3336 http cache https://registry.npmjs.org/buffer 64ms (cache hit)
3337 silly packumentCache full:https://registry.npmjs.org/buffer set size:280480 disposed:false
3338 http fetch GET 200 https://registry.npmjs.org/events 420ms (cache miss)
3339 silly packumentCache full:https://registry.npmjs.org/events set size:undefined disposed:false
3340 http fetch GET 200 https://registry.npmjs.org/abort-controller 453ms (cache miss)
3341 silly packumentCache full:https://registry.npmjs.org/abort-controller set size:undefined disposed:false
3342 silly placeDep node_modules/require-in-the-middle debug@4.4.3 OK for: require-in-the-middle@5.2.0 want: ^4.1.1
3343 silly placeDep ROOT module-details-from-path@1.0.4 OK for: require-in-the-middle@5.2.0 want: ^1.0.3
3344 silly placeDep ROOT resolve@1.22.12 OK for: require-in-the-middle@5.2.0 want: ^1.22.1
3345 silly fetch manifest path-parse@^1.0.7
3346 silly packumentCache full:https://registry.npmjs.org/path-parse cache-miss
3347 silly fetch manifest is-core-module@^2.16.1
3348 silly packumentCache full:https://registry.npmjs.org/is-core-module cache-miss
3349 silly fetch manifest supports-preserve-symlinks-flag@^1.0.0
3350 silly packumentCache full:https://registry.npmjs.org/supports-preserve-symlinks-flag cache-miss
3351 http fetch GET 200 https://registry.npmjs.org/is-core-module 222ms (cache miss)
3352 silly packumentCache full:https://registry.npmjs.org/is-core-module set size:undefined disposed:false
3353 http fetch GET 200 https://registry.npmjs.org/supports-preserve-symlinks-flag 505ms (cache miss)
3354 silly packumentCache full:https://registry.npmjs.org/supports-preserve-symlinks-flag set size:undefined disposed:false
3355 http fetch GET 200 https://registry.npmjs.org/path-parse 520ms (cache miss)
3356 silly packumentCache full:https://registry.npmjs.org/path-parse set size:undefined disposed:false
3357 silly placeDep ROOT is-core-module@2.16.2 OK for: resolve@1.22.12 want: ^2.16.1
3358 silly placeDep ROOT path-parse@1.0.7 OK for: resolve@1.22.12 want: ^1.0.7
3359 silly placeDep ROOT supports-preserve-symlinks-flag@1.0.0 OK for: resolve@1.22.12 want: ^1.0.0
3360 silly placeDep ROOT glob@7.2.3 OK for: rimraf@3.0.2 want: ^7.1.3
3361 silly fetch manifest inflight@^1.0.4
3362 silly packumentCache full:https://registry.npmjs.org/inflight cache-miss
3363 silly fetch manifest minimatch@^3.1.1
3364 silly packumentCache full:https://registry.npmjs.org/minimatch cache-miss
3365 silly fetch manifest fs.realpath@^1.0.0
3366 silly packumentCache full:https://registry.npmjs.org/fs.realpath cache-miss
3367 silly fetch manifest path-is-absolute@^1.0.0
3368 silly packumentCache full:https://registry.npmjs.org/path-is-absolute cache-miss
3369 http fetch GET 200 https://registry.npmjs.org/fs.realpath 87ms (cache miss)
3370 silly packumentCache full:https://registry.npmjs.org/fs.realpath set size:undefined disposed:false
3371 http fetch GET 200 https://registry.npmjs.org/inflight 546ms (cache miss)
3372 silly packumentCache full:https://registry.npmjs.org/inflight set size:undefined disposed:false
3373 http fetch GET 200 https://registry.npmjs.org/path-is-absolute 544ms (cache miss)
3374 silly packumentCache full:https://registry.npmjs.org/path-is-absolute set size:undefined disposed:false
3375 http fetch GET 200 https://registry.npmjs.org/minimatch 593ms (cache miss)
3376 silly packumentCache full:https://registry.npmjs.org/minimatch set size:undefined disposed:false
3377 silly placeDep ROOT fs.realpath@1.0.0 OK for: glob@7.2.3 want: ^1.0.0
3378 silly placeDep ROOT inflight@1.0.6 OK for: glob@7.2.3 want: ^1.0.4
3379 silly placeDep ROOT minimatch@3.1.5 OK for: glob@7.2.3 want: ^3.1.1
3380 silly placeDep ROOT path-is-absolute@1.0.1 OK for: glob@7.2.3 want: ^1.0.0
3381 silly fetch manifest brace-expansion@^1.1.7
3382 silly packumentCache full:https://registry.npmjs.org/brace-expansion cache-miss
3383 http fetch GET 200 https://registry.npmjs.org/brace-expansion 448ms (cache miss)
3384 silly packumentCache full:https://registry.npmjs.org/brace-expansion set size:undefined disposed:false
3385 silly placeDep ROOT brace-expansion@1.1.14 OK for: minimatch@3.1.5 want: ^1.1.7
3386 silly fetch manifest concat-map@0.0.1
3387 silly packumentCache full:https://registry.npmjs.org/concat-map cache-miss
3388 silly fetch manifest balanced-match@^1.0.0
3389 silly packumentCache full:https://registry.npmjs.org/balanced-match cache-miss
3390 http fetch GET 200 https://registry.npmjs.org/balanced-match 291ms (cache miss)
3391 silly packumentCache full:https://registry.npmjs.org/balanced-match set size:undefined disposed:false
3392 http fetch GET 200 https://registry.npmjs.org/concat-map 652ms (cache miss)
3393 silly packumentCache full:https://registry.npmjs.org/concat-map set size:undefined disposed:false
3394 silly placeDep ROOT balanced-match@1.0.2 OK for: brace-expansion@1.1.14 want: ^1.0.0
3395 silly placeDep ROOT concat-map@0.0.1 OK for: brace-expansion@1.1.14 want: 0.0.1
3396 silly placeDep ROOT xmlchars@2.2.0 OK for: saxes@5.0.1 want: ^2.2.0
3397 silly placeDep node_modules/send ms@2.1.3 OK for: send@0.19.2 want: 2.1.3
3398 silly placeDep ROOT object-inspect@1.13.4 OK for: side-channel@1.1.0 want: ^1.13.3
3399 silly placeDep ROOT side-channel-list@1.0.1 OK for: side-channel@1.1.0 want: ^1.0.0
3400 silly placeDep ROOT side-channel-map@1.0.1 OK for: side-channel@1.1.0 want: ^1.0.1
3401 silly placeDep ROOT side-channel-weakmap@1.0.2 OK for: side-channel@1.1.0 want: ^1.0.2
3402 silly fetch manifest call-bound@^1.0.2
3403 silly packumentCache full:https://registry.npmjs.org/call-bound cache-miss
3404 silly fetch manifest call-bound@^1.0.2
3405 silly packumentCache full:https://registry.npmjs.org/call-bound cache-miss
3406 http fetch GET 200 https://registry.npmjs.org/call-bound 390ms (cache miss)
3407 silly packumentCache full:https://registry.npmjs.org/call-bound set size:undefined disposed:false
3408 http fetch GET 200 https://registry.npmjs.org/call-bound 435ms (cache miss)
3409 silly packumentCache full:https://registry.npmjs.org/call-bound set size:undefined disposed:false
3410 silly placeDep ROOT call-bound@1.0.4 OK for: side-channel-map@1.0.1 want: ^1.0.2
3411 silly placeDep ROOT decompress-response@4.2.1 OK for: simple-get@3.1.1 want: ^4.2.0
3412 silly placeDep ROOT simple-concat@1.0.1 OK for: simple-get@3.1.1 want: ^1.0.0
3413 silly fetch manifest mimic-response@^2.0.0
3414 silly packumentCache full:https://registry.npmjs.org/mimic-response cache-miss
3415 http fetch GET 200 https://registry.npmjs.org/mimic-response 535ms (cache miss)
3416 silly packumentCache full:https://registry.npmjs.org/mimic-response set size:undefined disposed:false
3417 silly placeDep ROOT mimic-response@2.1.0 OK for: decompress-response@4.2.1 want: ^2.0.0
3418 silly placeDep ROOT @kwsites/file-exists@1.1.1 OK for: simple-git@3.36.0 want: ^1.1.1
3419 silly placeDep ROOT @kwsites/promise-deferred@1.1.1 OK for: simple-git@3.36.0 want: ^1.1.1
3420 silly placeDep ROOT @simple-git/args-pathspec@1.0.3 OK for: simple-git@3.36.0 want: ^1.0.3
3421 silly placeDep ROOT @simple-git/argv-parser@1.1.1 OK for: simple-git@3.36.0 want: ^1.1.0
3422 silly placeDep node_modules/simple-git debug@4.4.3 OK for: simple-git@3.36.0 want: ^4.4.0
3423 silly placeDep node_modules/@kwsites/file-exists debug@4.4.3 OK for: @kwsites/file-exists@1.1.1 want: ^4.1.1
3424 silly placeDep ROOT ip-address@10.2.0 OK for: socks@2.8.9 want: ^10.1.1
3425 silly placeDep ROOT smart-buffer@4.2.0 OK for: socks@2.8.9 want: ^4.2.0
3426 silly placeDep node_modules/socks-proxy-agent agent-base@7.1.4 OK for: socks-proxy-agent@8.0.5 want: ^7.1.2
3427 silly placeDep node_modules/socks-proxy-agent debug@4.4.3 OK for: socks-proxy-agent@8.0.5 want: ^4.3.4
3428 silly placeDep ROOT memory-pager@1.5.0 OK for: sparse-bitfield@3.0.3 want: ^1.0.2
3429 silly placeDep node_modules/string_decoder safe-buffer@5.1.2 OK for: string_decoder@1.1.1 want: ~5.1.0
3430 silly placeDep ROOT emoji-regex@8.0.0 OK for: string-width@4.2.3 want: ^8.0.0
3431 silly placeDep ROOT is-fullwidth-code-point@3.0.0 OK for: string-width@4.2.3 want: ^3.0.0
3432 silly placeDep ROOT ansi-regex@5.0.1 OK for: strip-ansi@6.0.1 want: ^5.0.1
3433 silly placeDep ROOT peek-readable@4.1.0 OK for: strtok3@6.3.0 want: ^4.1.0
3434 silly placeDep ROOT has-flag@4.0.0 OK for: supports-color@7.2.0 want: ^4.0.0
3435 silly placeDep ROOT chownr@2.0.0 OK for: tar@6.2.1 want: ^2.0.0
3436 silly placeDep ROOT fs-minipass@2.1.0 OK for: tar@6.2.1 want: ^2.0.0
3437 silly placeDep ROOT minipass@5.0.0 OK for: tar@6.2.1 want: ^5.0.0
3438 silly placeDep ROOT minizlib@2.1.2 OK for: tar@6.2.1 want: ^2.1.1
3439 silly placeDep node_modules/tar mkdirp@1.0.4 OK for: tar@6.2.1 want: ^1.0.3
3440 silly placeDep ROOT yallist@4.0.0 OK for: tar@6.2.1 want: ^4.0.0
3441 silly fetch manifest minipass@^3.0.0
3442 silly packumentCache full:https://registry.npmjs.org/minipass cache-miss
3443 silly fetch manifest minipass@^3.0.0
3444 silly packumentCache full:https://registry.npmjs.org/minipass cache-miss
3445 http cache https://registry.npmjs.org/minipass 37ms (cache hit)
3446 silly packumentCache full:https://registry.npmjs.org/minipass set size:276925 disposed:false
3447 http cache https://registry.npmjs.org/minipass 82ms (cache hit)
3448 silly packumentCache full:https://registry.npmjs.org/minipass set size:276925 disposed:false
3449 silly packumentCache full:https://registry.npmjs.org/minipass dispose
3450 silly placeDep node_modules/fs-minipass minipass@3.3.6 OK for: fs-minipass@2.1.0 want: ^3.0.0
3451 silly placeDep node_modules/minizlib minipass@3.3.6 OK for: minizlib@2.1.2 want: ^3.0.0
3452 silly placeDep ROOT is-number@7.0.0 OK for: to-regex-range@5.0.1 want: ^7.0.0
3453 silly placeDep ROOT tldts@6.1.86 OK for: tough-cookie@5.1.2 want: ^6.1.32
3454 silly fetch manifest tldts-core@^6.1.86
3455 silly packumentCache full:https://registry.npmjs.org/tldts-core cache-miss
3456 http fetch GET 200 https://registry.npmjs.org/tldts-core 1663ms (cache miss)
3457 silly packumentCache full:https://registry.npmjs.org/tldts-core set size:undefined disposed:false
3458 silly placeDep ROOT tldts-core@6.1.86 OK for: tldts@6.1.86 want: ^6.1.86
3459 silly placeDep ROOT configstore@4.0.0 OK for: translatte@3.0.1 want: 4.0.0
3460 silly placeDep ROOT got@9.6.0 OK for: translatte@3.0.1 want: 9.6.0
3461 silly placeDep ROOT proxy-check@1.0.8 OK for: translatte@3.0.1 want: 1.0.8
3462 silly placeDep ROOT tunnel@0.0.6 OK for: translatte@3.0.1 want: 0.0.6
3463 silly fetch manifest dot-prop@^4.1.0
3464 silly packumentCache full:https://registry.npmjs.org/dot-prop cache-miss
3465 silly fetch manifest make-dir@^1.0.0
3466 silly packumentCache full:https://registry.npmjs.org/make-dir cache-miss
3467 silly fetch manifest xdg-basedir@^3.0.0
3468 silly packumentCache full:https://registry.npmjs.org/xdg-basedir cache-miss
3469 silly fetch manifest unique-string@^1.0.0
3470 silly packumentCache full:https://registry.npmjs.org/unique-string cache-miss
3471 silly fetch manifest write-file-atomic@^2.0.0
3472 silly packumentCache full:https://registry.npmjs.org/write-file-atomic cache-miss
3473 silly fetch manifest duplexer3@^0.1.4
3474 silly packumentCache full:https://registry.npmjs.org/duplexer3 cache-miss
3475 silly fetch manifest get-stream@^4.1.0
3476 silly packumentCache full:https://registry.npmjs.org/get-stream cache-miss
3477 http cache https://registry.npmjs.org/make-dir 101ms (cache hit)
3478 silly packumentCache full:https://registry.npmjs.org/make-dir set size:34889 disposed:false
3479 silly fetch manifest p-cancelable@^1.0.0
3480 silly packumentCache full:https://registry.npmjs.org/p-cancelable cache-miss
3481 http fetch GET 200 https://registry.npmjs.org/xdg-basedir 505ms (cache miss)
3482 silly packumentCache full:https://registry.npmjs.org/xdg-basedir set size:undefined disposed:false
3483 silly fetch manifest url-parse-lax@^3.0.0
3484 silly packumentCache full:https://registry.npmjs.org/url-parse-lax cache-miss
3485 http fetch GET 200 https://registry.npmjs.org/get-stream 516ms (cache miss)
3486 silly packumentCache full:https://registry.npmjs.org/get-stream set size:undefined disposed:false
3487 silly fetch manifest lowercase-keys@^1.0.1
3488 silly packumentCache full:https://registry.npmjs.org/lowercase-keys cache-miss
3489 http fetch GET 200 https://registry.npmjs.org/unique-string 552ms (cache miss)
3490 silly packumentCache full:https://registry.npmjs.org/unique-string set size:undefined disposed:false
3491 silly fetch manifest mimic-response@^1.0.1
3492 silly packumentCache full:https://registry.npmjs.org/mimic-response cache-miss
3493 http fetch GET 200 https://registry.npmjs.org/write-file-atomic 568ms (cache miss)
3494 silly packumentCache full:https://registry.npmjs.org/write-file-atomic set size:undefined disposed:false
3495 silly fetch manifest @sindresorhus/is@^0.14.0
3496 silly packumentCache full:https://registry.npmjs.org/@sindresorhus%2fis cache-miss
3497 http fetch GET 200 https://registry.npmjs.org/dot-prop 611ms (cache miss)
3498 silly packumentCache full:https://registry.npmjs.org/dot-prop set size:undefined disposed:false
3499 silly fetch manifest cacheable-request@^6.0.0
3500 silly packumentCache full:https://registry.npmjs.org/cacheable-request cache-miss
3501 http fetch GET 200 https://registry.npmjs.org/duplexer3 637ms (cache miss)
3502 silly packumentCache full:https://registry.npmjs.org/duplexer3 set size:undefined disposed:false
3503 silly fetch manifest to-readable-stream@^1.0.0
3504 silly packumentCache full:https://registry.npmjs.org/to-readable-stream cache-miss
3505 http cache https://registry.npmjs.org/mimic-response 114ms (cache hit)
3506 silly packumentCache full:https://registry.npmjs.org/mimic-response set size:20174 disposed:false
3507 silly fetch manifest decompress-response@^3.3.0
3508 silly packumentCache full:https://registry.npmjs.org/decompress-response cache-miss
3509 http cache https://registry.npmjs.org/decompress-response 20ms (cache hit)
3510 silly packumentCache full:https://registry.npmjs.org/decompress-response set size:36213 disposed:false
3511 silly fetch manifest @szmarczak/http-timer@^1.1.2
3512 silly packumentCache full:https://registry.npmjs.org/@szmarczak%2fhttp-timer cache-miss
3513 http fetch GET 200 https://registry.npmjs.org/url-parse-lax 379ms (cache miss)
3514 silly packumentCache full:https://registry.npmjs.org/url-parse-lax set size:undefined disposed:false
3515 http fetch GET 200 https://registry.npmjs.org/lowercase-keys 400ms (cache miss)
3516 silly packumentCache full:https://registry.npmjs.org/lowercase-keys set size:undefined disposed:false
3517 http fetch GET 200 https://registry.npmjs.org/p-cancelable 920ms (cache miss)
3518 silly packumentCache full:https://registry.npmjs.org/p-cancelable set size:undefined disposed:false
3519 http fetch GET 200 https://registry.npmjs.org/cacheable-request 436ms (cache miss)
3520 silly packumentCache full:https://registry.npmjs.org/cacheable-request set size:undefined disposed:false
3521 http fetch GET 200 https://registry.npmjs.org/to-readable-stream 651ms (cache miss)
3522 silly packumentCache full:https://registry.npmjs.org/to-readable-stream set size:undefined disposed:false
3523 http fetch GET 200 https://registry.npmjs.org/@szmarczak%2fhttp-timer 1116ms (cache miss)
3524 silly packumentCache full:https://registry.npmjs.org/@szmarczak%2fhttp-timer set size:undefined disposed:false
3525 http fetch GET 200 https://registry.npmjs.org/@sindresorhus%2fis 1701ms (cache miss)
3526 silly packumentCache full:https://registry.npmjs.org/@sindresorhus%2fis set size:undefined disposed:false
3527 silly placeDep ROOT dot-prop@4.2.1 OK for: configstore@4.0.0 want: ^4.1.0
3528 silly placeDep node_modules/configstore make-dir@1.3.0 OK for: configstore@4.0.0 want: ^1.0.0
3529 silly placeDep ROOT unique-string@1.0.0 OK for: configstore@4.0.0 want: ^1.0.0
3530 silly placeDep ROOT write-file-atomic@2.4.3 OK for: configstore@4.0.0 want: ^2.0.0
3531 silly placeDep ROOT xdg-basedir@3.0.0 OK for: configstore@4.0.0 want: ^3.0.0
3532 silly fetch manifest is-obj@^1.0.0
3533 silly packumentCache full:https://registry.npmjs.org/is-obj cache-miss
3534 silly fetch manifest pify@^3.0.0
3535 silly packumentCache full:https://registry.npmjs.org/pify cache-miss
3536 silly fetch manifest crypto-random-string@^1.0.0
3537 silly packumentCache full:https://registry.npmjs.org/crypto-random-string cache-miss
3538 silly fetch manifest imurmurhash@^0.1.4
3539 silly packumentCache full:https://registry.npmjs.org/imurmurhash cache-miss
3540 http fetch GET 200 https://registry.npmjs.org/imurmurhash 111ms (cache miss)
3541 silly packumentCache full:https://registry.npmjs.org/imurmurhash set size:undefined disposed:false
3542 http fetch GET 200 https://registry.npmjs.org/crypto-random-string 454ms (cache miss)
3543 silly packumentCache full:https://registry.npmjs.org/crypto-random-string set size:undefined disposed:false
3544 http fetch GET 200 https://registry.npmjs.org/pify 468ms (cache miss)
3545 silly packumentCache full:https://registry.npmjs.org/pify set size:undefined disposed:false
3546 http fetch GET 200 https://registry.npmjs.org/is-obj 486ms (cache miss)
3547 silly packumentCache full:https://registry.npmjs.org/is-obj set size:undefined disposed:false
3548 silly placeDep ROOT is-obj@1.0.1 OK for: dot-prop@4.2.1 want: ^1.0.0
3549 silly placeDep ROOT @sindresorhus/is@0.14.0 OK for: got@9.6.0 want: ^0.14.0
3550 silly placeDep ROOT @szmarczak/http-timer@1.1.2 OK for: got@9.6.0 want: ^1.1.2
3551 silly placeDep ROOT cacheable-request@6.1.0 OK for: got@9.6.0 want: ^6.0.0
3552 silly placeDep node_modules/got decompress-response@3.3.0 OK for: got@9.6.0 want: ^3.3.0
3553 silly placeDep ROOT duplexer3@0.1.5 OK for: got@9.6.0 want: ^0.1.4
3554 silly placeDep ROOT get-stream@4.1.0 OK for: got@9.6.0 want: ^4.1.0
3555 silly placeDep ROOT lowercase-keys@1.0.1 OK for: got@9.6.0 want: ^1.0.1
3556 silly placeDep node_modules/got mimic-response@1.0.1 OK for: got@9.6.0 want: ^1.0.1
3557 silly placeDep ROOT p-cancelable@1.1.0 OK for: got@9.6.0 want: ^1.0.0
3558 silly placeDep ROOT to-readable-stream@1.0.0 OK for: got@9.6.0 want: ^1.0.0
3559 silly placeDep ROOT url-parse-lax@3.0.0 OK for: got@9.6.0 want: ^3.0.0
3560 silly fetch manifest defer-to-connect@^1.0.1
3561 silly packumentCache full:https://registry.npmjs.org/defer-to-connect cache-miss
3562 silly fetch manifest keyv@^3.0.0
3563 silly packumentCache full:https://registry.npmjs.org/keyv cache-miss
3564 silly fetch manifest get-stream@^5.1.0
3565 silly packumentCache full:https://registry.npmjs.org/get-stream cache-miss
3566 silly fetch manifest responselike@^1.0.2
3567 silly packumentCache full:https://registry.npmjs.org/responselike cache-miss
3568 silly fetch manifest normalize-url@^4.1.0
3569 silly packumentCache full:https://registry.npmjs.org/normalize-url cache-miss
3570 silly fetch manifest clone-response@^1.0.2
3571 silly packumentCache full:https://registry.npmjs.org/clone-response cache-miss
3572 silly fetch manifest lowercase-keys@^2.0.0
3573 silly packumentCache full:https://registry.npmjs.org/lowercase-keys cache-miss
3574 http cache https://registry.npmjs.org/get-stream 81ms (cache hit)
3575 silly packumentCache full:https://registry.npmjs.org/get-stream set size:57536 disposed:false
3576 silly fetch manifest http-cache-semantics@^4.0.0
3577 silly packumentCache full:https://registry.npmjs.org/http-cache-semantics cache-miss
3578 http cache https://registry.npmjs.org/lowercase-keys 83ms (cache hit)
3579 silly packumentCache full:https://registry.npmjs.org/lowercase-keys set size:13863 disposed:false
3580 silly fetch manifest mimic-response@^1.0.0
3581 silly packumentCache full:https://registry.npmjs.org/mimic-response cache-hit
3582 silly fetch manifest pump@^3.0.0
3583 silly packumentCache full:https://registry.npmjs.org/pump cache-miss
3584 http fetch GET 200 https://registry.npmjs.org/responselike 456ms (cache miss)
3585 silly packumentCache full:https://registry.npmjs.org/responselike set size:undefined disposed:false
3586 silly fetch manifest prepend-http@^2.0.0
3587 silly packumentCache full:https://registry.npmjs.org/prepend-http cache-miss
3588 http fetch GET 200 https://registry.npmjs.org/clone-response 532ms (cache miss)
3589 silly packumentCache full:https://registry.npmjs.org/clone-response set size:undefined disposed:false
3590 http fetch GET 200 https://registry.npmjs.org/defer-to-connect 582ms (cache miss)
3591 silly packumentCache full:https://registry.npmjs.org/defer-to-connect set size:undefined disposed:false
3592 http fetch GET 200 https://registry.npmjs.org/pump 475ms (cache miss)
3593 silly packumentCache full:https://registry.npmjs.org/pump set size:undefined disposed:false
3594 http fetch GET 200 https://registry.npmjs.org/normalize-url 601ms (cache miss)
3595 silly packumentCache full:https://registry.npmjs.org/normalize-url set size:undefined disposed:false
3596 http fetch GET 200 https://registry.npmjs.org/http-cache-semantics 545ms (cache miss)
3597 silly packumentCache full:https://registry.npmjs.org/http-cache-semantics set size:undefined disposed:false
3598 http fetch GET 200 https://registry.npmjs.org/keyv 725ms (cache miss)
3599 silly packumentCache full:https://registry.npmjs.org/keyv set size:undefined disposed:false
3600 http fetch GET 200 https://registry.npmjs.org/prepend-http 577ms (cache miss)
3601 silly packumentCache full:https://registry.npmjs.org/prepend-http set size:undefined disposed:false
3602 silly placeDep ROOT defer-to-connect@1.1.3 OK for: @szmarczak/http-timer@1.1.2 want: ^1.0.1
3603 silly placeDep ROOT clone-response@1.0.3 OK for: cacheable-request@6.1.0 want: ^1.0.2
3604 silly placeDep node_modules/cacheable-request get-stream@5.2.0 OK for: cacheable-request@6.1.0 want: ^5.1.0
3605 silly placeDep ROOT http-cache-semantics@4.2.0 OK for: cacheable-request@6.1.0 want: ^4.0.0
3606 silly placeDep ROOT keyv@3.1.0 OK for: cacheable-request@6.1.0 want: ^3.0.0
3607 silly placeDep node_modules/cacheable-request lowercase-keys@2.0.0 OK for: cacheable-request@6.1.0 want: ^2.0.0
3608 silly placeDep ROOT normalize-url@4.5.1 OK for: cacheable-request@6.1.0 want: ^4.1.0
3609 silly placeDep ROOT responselike@1.0.2 OK for: cacheable-request@6.1.0 want: ^1.0.2
3610 silly fetch manifest json-buffer@3.0.0
3611 silly packumentCache full:https://registry.npmjs.org/json-buffer cache-miss
3612 http fetch GET 200 https://registry.npmjs.org/json-buffer 423ms (cache miss)
3613 silly packumentCache full:https://registry.npmjs.org/json-buffer set size:undefined disposed:false
3614 silly placeDep node_modules/clone-response mimic-response@1.0.1 OK for: clone-response@1.0.3 want: ^1.0.0
3615 silly placeDep ROOT pump@3.0.4 OK for: get-stream@4.1.0 want: ^3.0.0
3616 silly placeDep ROOT json-buffer@3.0.0 OK for: keyv@3.1.0 want: 3.0.0
3617 silly placeDep ROOT json-stringify-safe@5.0.1 OK for: tx2@1.0.5 want: ^5.0.1
3618 silly placeDep node_modules/type-is media-typer@0.3.0 OK for: type-is@1.6.18 want: 0.3.0
3619 silly placeDep ROOT random-bytes@1.0.0 OK for: uid-safe@2.1.5 want: ~1.0.0
3620 silly placeDep ROOT crypto-random-string@1.0.0 OK for: unique-string@1.0.0 want: ^1.0.0
3621 silly placeDep ROOT prepend-http@2.0.0 OK for: url-parse-lax@3.0.0 want: ^2.0.0
3622 silly placeDep ROOT pako@1.0.11 OK for: utif@2.0.1 want: ^1.0.5
3623 silly placeDep ROOT is-arguments@1.2.0 OK for: util@0.12.5 want: ^1.0.4
3624 silly placeDep ROOT is-generator-function@1.1.2 OK for: util@0.12.5 want: ^1.0.7
3625 silly placeDep ROOT is-typed-array@1.1.15 OK for: util@0.12.5 want: ^1.1.3
3626 silly placeDep ROOT which-typed-array@1.1.20 OK for: util@0.12.5 want: ^1.1.2
3627 silly fetch manifest generator-function@^2.0.0
3628 silly packumentCache full:https://registry.npmjs.org/generator-function cache-miss
3629 silly fetch manifest safe-regex-test@^1.1.0
3630 silly packumentCache full:https://registry.npmjs.org/safe-regex-test cache-miss
3631 silly fetch manifest which-typed-array@^1.1.16
3632 silly packumentCache full:https://registry.npmjs.org/which-typed-array cache-miss
3633 silly fetch manifest available-typed-arrays@^1.0.7
3634 silly packumentCache full:https://registry.npmjs.org/available-typed-arrays cache-miss
3635 silly fetch manifest call-bind@^1.0.8
3636 silly packumentCache full:https://registry.npmjs.org/call-bind cache-miss
3637 silly fetch manifest for-each@^0.3.5
3638 silly packumentCache full:https://registry.npmjs.org/for-each cache-miss
3639 http cache https://registry.npmjs.org/which-typed-array 80ms (cache hit)
3640 silly packumentCache full:https://registry.npmjs.org/which-typed-array set size:93605 disposed:false
3641 http fetch GET 200 https://registry.npmjs.org/generator-function 498ms (cache miss)
3642 silly packumentCache full:https://registry.npmjs.org/generator-function set size:undefined disposed:false
3643 http fetch GET 200 https://registry.npmjs.org/available-typed-arrays 528ms (cache miss)
3644 silly packumentCache full:https://registry.npmjs.org/available-typed-arrays set size:undefined disposed:false
3645 http fetch GET 200 https://registry.npmjs.org/call-bind 541ms (cache miss)
3646 silly packumentCache full:https://registry.npmjs.org/call-bind set size:undefined disposed:false
3647 http fetch GET 200 https://registry.npmjs.org/safe-regex-test 571ms (cache miss)
3648 silly packumentCache full:https://registry.npmjs.org/safe-regex-test set size:undefined disposed:false
3649 http fetch GET 200 https://registry.npmjs.org/for-each 567ms (cache miss)
3650 silly packumentCache full:https://registry.npmjs.org/for-each set size:undefined disposed:false
3651 silly placeDep ROOT generator-function@2.0.1 OK for: is-generator-function@1.1.2 want: ^2.0.0
3652 silly placeDep ROOT safe-regex-test@1.1.0 OK for: is-generator-function@1.1.2 want: ^1.1.0
3653 silly fetch manifest is-regex@^1.2.1
3654 silly packumentCache full:https://registry.npmjs.org/is-regex cache-miss
3655 http fetch GET 200 https://registry.npmjs.org/is-regex 455ms (cache miss)
3656 silly packumentCache full:https://registry.npmjs.org/is-regex set size:undefined disposed:false
3657 silly placeDep ROOT is-regex@1.2.1 OK for: safe-regex-test@1.1.0 want: ^1.2.1
3658 silly placeDep node_modules/vizion async@2.6.4 OK for: vizion@2.2.1 want: ^2.6.3
3659 silly placeDep ROOT git-node-fs@1.0.0 OK for: vizion@2.2.1 want: ^1.0.0
3660 silly placeDep ROOT ini@1.3.8 OK for: vizion@2.2.1 want: ^1.3.5
3661 silly placeDep ROOT js-git@0.7.8 OK for: vizion@2.2.1 want: ^0.7.8
3662 silly fetch manifest bodec@^0.1.0
3663 silly packumentCache full:https://registry.npmjs.org/bodec cache-miss
3664 silly fetch manifest culvert@^0.1.2
3665 silly packumentCache full:https://registry.npmjs.org/culvert cache-miss
3666 silly fetch manifest git-sha1@^0.1.2
3667 silly packumentCache full:https://registry.npmjs.org/git-sha1 cache-miss
3668 silly fetch manifest pako@^0.2.5
3669 silly packumentCache full:https://registry.npmjs.org/pako cache-hit
3670 http fetch GET 200 https://registry.npmjs.org/git-sha1 420ms (cache revalidated)
3671 silly packumentCache full:https://registry.npmjs.org/git-sha1 set size:4199 disposed:false
3672 http fetch GET 200 https://registry.npmjs.org/culvert 432ms (cache revalidated)
3673 silly packumentCache full:https://registry.npmjs.org/culvert set size:6953 disposed:false
3674 http fetch GET 200 https://registry.npmjs.org/bodec 442ms (cache revalidated)
3675 silly packumentCache full:https://registry.npmjs.org/bodec set size:5489 disposed:false
3676 silly placeDep ROOT bodec@0.1.0 OK for: js-git@0.7.8 want: ^0.1.0
3677 silly placeDep ROOT culvert@0.1.2 OK for: js-git@0.7.8 want: ^0.1.2
3678 silly placeDep ROOT git-sha1@0.1.2 OK for: js-git@0.7.8 want: ^0.1.2
3679 silly placeDep node_modules/js-git pako@0.2.9 OK for: js-git@0.7.8 want: ^0.2.5
3680 silly placeDep ROOT browser-process-hrtime@1.0.0 OK for: w3c-hr-time@1.0.2 want: ^1.0.0
3681 silly placeDep node_modules/wa-sticker-formatter axios@0.21.4 OK for: wa-sticker-formatter@4.4.4 want: ^0.21.1
3682 silly placeDep ROOT image-size@1.2.1 OK for: wa-sticker-formatter@4.4.4 want: ^1.0.0
3683 silly placeDep ROOT sharp@0.30.7 OK for: wa-sticker-formatter@4.4.4 want: ^0.30.0
3684 silly fetch manifest queue@6.0.2
3685 silly packumentCache full:https://registry.npmjs.org/queue cache-miss
3686 silly fetch manifest color@^4.2.3
3687 silly packumentCache full:https://registry.npmjs.org/color cache-miss
3688 silly fetch manifest tar-fs@^2.1.1
3689 silly packumentCache full:https://registry.npmjs.org/tar-fs cache-miss
3690 silly fetch manifest simple-get@^4.0.1
3691 silly packumentCache full:https://registry.npmjs.org/simple-get cache-miss
3692 silly fetch manifest tunnel-agent@^0.6.0
3693 silly packumentCache full:https://registry.npmjs.org/tunnel-agent cache-miss
3694 silly fetch manifest node-addon-api@^5.0.0
3695 silly packumentCache full:https://registry.npmjs.org/node-addon-api cache-miss
3696 silly fetch manifest prebuild-install@^7.1.1
3697 silly packumentCache full:https://registry.npmjs.org/prebuild-install cache-miss
3698 http cache https://registry.npmjs.org/tar-fs 84ms (cache hit)
3699 silly packumentCache full:https://registry.npmjs.org/tar-fs set size:122750 disposed:false
3700 http cache https://registry.npmjs.org/simple-get 112ms (cache hit)
3701 silly packumentCache full:https://registry.npmjs.org/simple-get set size:90014 disposed:false
3702 http fetch GET 200 https://registry.npmjs.org/node-addon-api 349ms (cache miss)
3703 silly packumentCache full:https://registry.npmjs.org/node-addon-api set size:undefined disposed:false
3704 http fetch GET 200 https://registry.npmjs.org/color 622ms (cache miss)
3705 silly packumentCache full:https://registry.npmjs.org/color set size:undefined disposed:false
3706 http fetch GET 200 https://registry.npmjs.org/prebuild-install 663ms (cache miss)
3707 silly packumentCache full:https://registry.npmjs.org/prebuild-install set size:undefined disposed:false
3708 http fetch GET 200 https://registry.npmjs.org/tunnel-agent 713ms (cache miss)
3709 silly packumentCache full:https://registry.npmjs.org/tunnel-agent set size:undefined disposed:false
3710 http fetch GET 200 https://registry.npmjs.org/queue 741ms (cache miss)
3711 silly packumentCache full:https://registry.npmjs.org/queue set size:undefined disposed:false
3712 silly placeDep ROOT sharp@0.32.6 REPLACE for: @whiskeysockets/baileys@6.6.0 want: ^0.32.2
3713 silly fetch manifest tar-fs@^3.0.4
3714 silly packumentCache full:https://registry.npmjs.org/tar-fs cache-hit
3715 silly fetch manifest node-addon-api@^6.1.0
3716 silly packumentCache full:https://registry.npmjs.org/node-addon-api cache-miss
3717 http cache https://registry.npmjs.org/node-addon-api 26ms (cache hit)
3718 silly packumentCache full:https://registry.npmjs.org/node-addon-api set size:347062 disposed:false
3719 silly placeDep ROOT queue@6.0.2 OK for: image-size@1.2.1 want: 6.0.2
3720 silly placeDep ROOT color@4.2.3 OK for: sharp@0.32.6 want: ^4.2.3
3721 silly placeDep ROOT node-addon-api@6.1.0 OK for: sharp@0.32.6 want: ^6.1.0
3722 silly placeDep ROOT prebuild-install@7.1.3 OK for: sharp@0.32.6 want: ^7.1.1
3723 silly placeDep node_modules/sharp simple-get@4.0.1 OK for: sharp@0.32.6 want: ^4.0.1
3724 silly placeDep ROOT tar-fs@3.1.2 OK for: sharp@0.32.6 want: ^3.0.4
3725 silly placeDep ROOT tunnel-agent@0.6.0 OK for: sharp@0.32.6 want: ^0.6.0
3726 silly fetch manifest color-string@^1.9.0
3727 silly packumentCache full:https://registry.npmjs.org/color-string cache-miss
3728 silly fetch manifest rc@^1.2.7
3729 silly packumentCache full:https://registry.npmjs.org/rc cache-miss
3730 silly fetch manifest tar-fs@^2.0.0
3731 silly packumentCache full:https://registry.npmjs.org/tar-fs cache-hit
3732 silly fetch manifest node-abi@^3.3.0
3733 silly packumentCache full:https://registry.npmjs.org/node-abi cache-miss
3734 silly fetch manifest simple-get@^4.0.0
3735 silly packumentCache full:https://registry.npmjs.org/simple-get cache-hit
3736 silly fetch manifest mkdirp-classic@^0.5.3
3737 silly packumentCache full:https://registry.npmjs.org/mkdirp-classic cache-miss
3738 silly fetch manifest expand-template@^2.0.3
3739 silly packumentCache full:https://registry.npmjs.org/expand-template cache-miss
3740 silly fetch manifest napi-build-utils@^2.0.0
3741 silly packumentCache full:https://registry.npmjs.org/napi-build-utils cache-miss
3742 silly fetch manifest github-from-package@0.0.0
3743 silly packumentCache full:https://registry.npmjs.org/github-from-package cache-miss
3744 http fetch GET 200 https://registry.npmjs.org/napi-build-utils 588ms (cache miss)
3745 silly packumentCache full:https://registry.npmjs.org/napi-build-utils set size:undefined disposed:false
3746 silly fetch manifest decompress-response@^6.0.0
3747 silly packumentCache full:https://registry.npmjs.org/decompress-response cache-hit
3748 silly fetch manifest tar-stream@^3.1.5
3749 silly packumentCache full:https://registry.npmjs.org/tar-stream cache-miss
3750 http fetch GET 200 https://registry.npmjs.org/github-from-package 607ms (cache miss)
3751 silly packumentCache full:https://registry.npmjs.org/github-from-package set size:undefined disposed:false
3752 silly fetch manifest bare-fs@^4.0.1
3753 silly packumentCache full:https://registry.npmjs.org/bare-fs cache-miss
3754 http fetch GET 200 https://registry.npmjs.org/mkdirp-classic 642ms (cache miss)
3755 silly packumentCache full:https://registry.npmjs.org/mkdirp-classic set size:undefined disposed:false
3756 silly fetch manifest bare-path@^3.0.0
3757 silly packumentCache full:https://registry.npmjs.org/bare-path cache-miss
3758 http fetch GET 200 https://registry.npmjs.org/expand-template 639ms (cache miss)
3759 silly packumentCache full:https://registry.npmjs.org/expand-template set size:undefined disposed:false
3760 http fetch GET 200 https://registry.npmjs.org/rc 711ms (cache miss)
3761 silly packumentCache full:https://registry.npmjs.org/rc set size:undefined disposed:false
3762 http fetch GET 200 https://registry.npmjs.org/color-string 740ms (cache miss)
3763 silly packumentCache full:https://registry.npmjs.org/color-string set size:undefined disposed:false
3764 http fetch GET 200 https://registry.npmjs.org/node-abi 766ms (cache miss)
3765 silly packumentCache full:https://registry.npmjs.org/node-abi set size:undefined disposed:false
3766 http fetch GET 200 https://registry.npmjs.org/bare-path 766ms (cache miss)
3767 silly packumentCache full:https://registry.npmjs.org/bare-path set size:undefined disposed:false
3768 http fetch GET 200 https://registry.npmjs.org/tar-stream 808ms (cache miss)
3769 silly packumentCache full:https://registry.npmjs.org/tar-stream set size:undefined disposed:false
3770 http fetch GET 200 https://registry.npmjs.org/bare-fs 824ms (cache miss)
3771 silly packumentCache full:https://registry.npmjs.org/bare-fs set size:undefined disposed:false
3772 silly placeDep ROOT color-string@1.9.1 OK for: color@4.2.3 want: ^1.9.0
3773 silly fetch manifest simple-swizzle@^0.2.2
3774 silly packumentCache full:https://registry.npmjs.org/simple-swizzle cache-miss
3775 http fetch GET 200 https://registry.npmjs.org/simple-swizzle 544ms (cache miss)
3776 silly packumentCache full:https://registry.npmjs.org/simple-swizzle set size:undefined disposed:false
3777 silly placeDep ROOT simple-swizzle@0.2.4 OK for: color-string@1.9.1 want: ^0.2.2
3778 silly fetch manifest is-arrayish@^0.3.1
3779 silly packumentCache full:https://registry.npmjs.org/is-arrayish cache-miss
3780 http cache https://registry.npmjs.org/is-arrayish 23ms (cache hit)
3781 silly packumentCache full:https://registry.npmjs.org/is-arrayish set size:15371 disposed:false
3782 silly placeDep ROOT expand-template@2.0.3 OK for: prebuild-install@7.1.3 want: ^2.0.3
3783 silly placeDep ROOT github-from-package@0.0.0 OK for: prebuild-install@7.1.3 want: 0.0.0
3784 silly placeDep ROOT mkdirp-classic@0.5.3 OK for: prebuild-install@7.1.3 want: ^0.5.3
3785 silly placeDep ROOT napi-build-utils@2.0.0 OK for: prebuild-install@7.1.3 want: ^2.0.0
3786 silly placeDep ROOT node-abi@3.92.0 OK for: prebuild-install@7.1.3 want: ^3.3.0
3787 silly placeDep ROOT rc@1.2.8 OK for: prebuild-install@7.1.3 want: ^1.2.7
3788 silly placeDep node_modules/prebuild-install simple-get@4.0.1 OK for: prebuild-install@7.1.3 want: ^4.0.0
3789 silly placeDep node_modules/prebuild-install tar-fs@2.1.4 OK for: prebuild-install@7.1.3 want: ^2.0.0
3790 silly fetch manifest deep-extend@^0.6.0
3791 silly packumentCache full:https://registry.npmjs.org/deep-extend cache-miss
3792 silly fetch manifest strip-json-comments@~2.0.1
3793 silly packumentCache full:https://registry.npmjs.org/strip-json-comments cache-miss
3794 silly fetch manifest chownr@^1.1.1
3795 silly packumentCache full:https://registry.npmjs.org/chownr cache-miss
3796 silly fetch manifest tar-stream@^2.1.4
3797 silly packumentCache full:https://registry.npmjs.org/tar-stream cache-miss
3798 http cache https://registry.npmjs.org/tar-stream 27ms (cache hit)
3799 silly packumentCache full:https://registry.npmjs.org/tar-stream set size:137875 disposed:false
3800 http cache https://registry.npmjs.org/chownr 622ms (cache hit)
3801 silly packumentCache full:https://registry.npmjs.org/chownr set size:22157 disposed:false
3802 http fetch GET 200 https://registry.npmjs.org/strip-json-comments 640ms (cache miss)
3803 silly packumentCache full:https://registry.npmjs.org/strip-json-comments set size:undefined disposed:false
3804 http fetch GET 200 https://registry.npmjs.org/deep-extend 659ms (cache miss)
3805 silly packumentCache full:https://registry.npmjs.org/deep-extend set size:undefined disposed:false
3806 silly placeDep ROOT deep-extend@0.6.0 OK for: rc@1.2.8 want: ^0.6.0
3807 silly placeDep ROOT strip-json-comments@2.0.1 OK for: rc@1.2.8 want: ~2.0.1
3808 silly placeDep node_modules/simple-swizzle is-arrayish@0.3.4 OK for: simple-swizzle@0.2.4 want: ^0.3.1
3809 silly fetch manifest bare-buffer@*
3810 silly packumentCache full:https://registry.npmjs.org/bare-buffer cache-miss
3811 http fetch GET 200 https://registry.npmjs.org/bare-buffer 401ms (cache miss)
3812 silly packumentCache full:https://registry.npmjs.org/bare-buffer set size:undefined disposed:false
3813 silly placeDep ROOT bare-fs@4.7.1 OK for: tar-fs@3.1.2 want: ^4.0.1
3814 silly placeDep ROOT bare-path@3.0.0 OK for: tar-fs@3.1.2 want: ^3.0.0
3815 silly placeDep ROOT tar-stream@3.2.0 OK for: tar-fs@3.1.2 want: ^3.1.5
3816 silly fetch manifest bare-events@^2.5.4
3817 silly packumentCache full:https://registry.npmjs.org/bare-events cache-miss
3818 silly fetch manifest bare-stream@^2.6.4
3819 silly packumentCache full:https://registry.npmjs.org/bare-stream cache-miss
3820 silly fetch manifest bare-url@^2.2.2
3821 silly packumentCache full:https://registry.npmjs.org/bare-url cache-miss
3822 silly fetch manifest fast-fifo@^1.3.2
3823 silly packumentCache full:https://registry.npmjs.org/fast-fifo cache-miss
3824 silly fetch manifest bare-os@^3.0.1
3825 silly packumentCache full:https://registry.npmjs.org/bare-os cache-miss
3826 silly fetch manifest b4a@^1.6.4
3827 silly packumentCache full:https://registry.npmjs.org/b4a cache-miss
3828 silly fetch manifest fast-fifo@^1.2.0
3829 silly packumentCache full:https://registry.npmjs.org/fast-fifo cache-miss
3830 http fetch GET 200 https://registry.npmjs.org/fast-fifo 583ms (cache miss)
3831 silly packumentCache full:https://registry.npmjs.org/fast-fifo set size:undefined disposed:false
3832 silly fetch manifest streamx@^2.15.0
3833 silly packumentCache full:https://registry.npmjs.org/streamx cache-miss
3834 http fetch GET 200 https://registry.npmjs.org/bare-stream 622ms (cache miss)
3835 silly packumentCache full:https://registry.npmjs.org/bare-stream set size:undefined disposed:false
3836 http fetch GET 200 https://registry.npmjs.org/bare-events 647ms (cache miss)
3837 silly packumentCache full:https://registry.npmjs.org/bare-events set size:undefined disposed:false
3838 http fetch GET 200 https://registry.npmjs.org/b4a 649ms (cache miss)
3839 silly packumentCache full:https://registry.npmjs.org/b4a set size:undefined disposed:false
3840 http fetch GET 200 https://registry.npmjs.org/bare-os 669ms (cache miss)
3841 silly packumentCache full:https://registry.npmjs.org/bare-os set size:undefined disposed:false
3842 http fetch GET 200 https://registry.npmjs.org/fast-fifo 691ms (cache miss)
3843 silly packumentCache full:https://registry.npmjs.org/fast-fifo set size:undefined disposed:false
3844 http fetch GET 200 https://registry.npmjs.org/bare-url 701ms (cache miss)
3845 silly packumentCache full:https://registry.npmjs.org/bare-url set size:undefined disposed:false
3846 http fetch GET 200 https://registry.npmjs.org/streamx 485ms (cache miss)
3847 silly packumentCache full:https://registry.npmjs.org/streamx set size:undefined disposed:false
3848 silly fetch manifest bare-abort-controller@*
3849 silly packumentCache full:https://registry.npmjs.org/bare-abort-controller cache-miss
3850 http fetch GET 200 https://registry.npmjs.org/bare-abort-controller 391ms (cache miss)
3851 silly packumentCache full:https://registry.npmjs.org/bare-abort-controller set size:undefined disposed:false
3852 silly placeDep ROOT bare-events@2.8.3 OK for: bare-fs@4.7.1 want: ^2.5.4
3853 silly placeDep ROOT bare-stream@2.13.1 OK for: bare-fs@4.7.1 want: ^2.6.4
3854 silly placeDep ROOT bare-url@2.4.3 OK for: bare-fs@4.7.1 want: ^2.2.2
3855 silly placeDep ROOT fast-fifo@1.3.2 OK for: bare-fs@4.7.1 want: ^1.3.2
3856 silly fetch manifest streamx@^2.25.0
3857 silly packumentCache full:https://registry.npmjs.org/streamx cache-miss
3858 silly fetch manifest teex@^1.0.1
3859 silly packumentCache full:https://registry.npmjs.org/teex cache-miss
3860 http cache https://registry.npmjs.org/streamx 35ms (cache hit)
3861 silly packumentCache full:https://registry.npmjs.org/streamx set size:160396 disposed:false
3862 http fetch GET 200 https://registry.npmjs.org/teex 370ms (cache miss)
3863 silly packumentCache full:https://registry.npmjs.org/teex set size:undefined disposed:false
3864 silly placeDep ROOT bare-os@3.9.1 OK for: bare-path@3.0.0 want: ^3.0.1
3865 silly placeDep ROOT streamx@2.25.0 OK for: bare-stream@2.13.1 want: ^2.25.0
3866 silly placeDep ROOT teex@1.0.1 OK for: bare-stream@2.13.1 want: ^1.0.1
3867 silly fetch manifest events-universal@^1.0.0
3868 silly packumentCache full:https://registry.npmjs.org/events-universal cache-miss
3869 silly fetch manifest text-decoder@^1.1.0
3870 silly packumentCache full:https://registry.npmjs.org/text-decoder cache-miss
3871 http fetch GET 200 https://registry.npmjs.org/events-universal 388ms (cache miss)
3872 silly packumentCache full:https://registry.npmjs.org/events-universal set size:undefined disposed:false
3873 http fetch GET 200 https://registry.npmjs.org/text-decoder 392ms (cache miss)
3874 silly packumentCache full:https://registry.npmjs.org/text-decoder set size:undefined disposed:false
3875 silly placeDep ROOT events-universal@1.0.1 OK for: streamx@2.25.0 want: ^1.0.0
3876 silly placeDep ROOT text-decoder@1.2.7 OK for: streamx@2.25.0 want: ^1.1.0
3877 silly fetch manifest react-native-b4a@*
3878 silly packumentCache full:https://registry.npmjs.org/react-native-b4a cache-miss
3879 http fetch GET 200 https://registry.npmjs.org/react-native-b4a 393ms (cache miss)
3880 silly packumentCache full:https://registry.npmjs.org/react-native-b4a set size:undefined disposed:false
3881 silly fetch manifest react@*
3882 silly packumentCache full:https://registry.npmjs.org/react cache-miss
3883 http fetch GET 200 https://registry.npmjs.org/react 2912ms (cache miss)
3884 silly packumentCache full:https://registry.npmjs.org/react set size:undefined disposed:false
3885 silly fetch manifest react-native@*
3886 silly packumentCache full:https://registry.npmjs.org/react-native cache-miss
3887 http fetch GET 200 https://registry.npmjs.org/react-native 2788ms (cache miss)
3888 silly packumentCache full:https://registry.npmjs.org/react-native set size:undefined disposed:false
3889 silly fetch manifest @react-native/jest-preset@0.85.3
3890 silly packumentCache full:https://registry.npmjs.org/@react-native%2fjest-preset cache-miss
3891 http fetch GET 200 https://registry.npmjs.org/@react-native%2fjest-preset 979ms (cache miss)
3892 silly packumentCache full:https://registry.npmjs.org/@react-native%2fjest-preset set size:undefined disposed:false
3893 silly fetch manifest @types/react@^19.1.1
3894 silly packumentCache full:https://registry.npmjs.org/@types%2freact cache-miss
3895 http fetch GET 200 https://registry.npmjs.org/@types%2freact 2321ms (cache miss)
3896 silly packumentCache full:https://registry.npmjs.org/@types%2freact set size:undefined disposed:false
3897 silly placeDep ROOT b4a@1.8.1 OK for: tar-stream@3.2.0 want: ^1.6.4
3898 silly placeDep node_modules/wa-sticker-formatter sharp@0.30.7 OK for: wa-sticker-formatter@4.4.4 want: ^0.30.0
3899 silly placeDep ROOT lodash@4.18.1 OK for: whatwg-url@8.7.0 want: ^4.7.0
3900 silly placeDep ROOT tr46@2.1.0 OK for: whatwg-url@8.7.0 want: ^2.1.0
3901 silly placeDep ROOT punycode@2.3.1 OK for: tr46@2.1.0 want: ^2.1.1
3902 silly placeDep ROOT isexe@2.0.0 OK for: which@1.3.1 want: ^2.0.0
3903 silly placeDep ROOT available-typed-arrays@1.0.7 OK for: which-typed-array@1.1.20 want: ^1.0.7
3904 silly placeDep ROOT call-bind@1.0.9 OK for: which-typed-array@1.1.20 want: ^1.0.8
3905 silly placeDep ROOT for-each@0.3.5 OK for: which-typed-array@1.1.20 want: ^0.3.5
3906 silly fetch manifest possible-typed-array-names@^1.0.0
3907 silly packumentCache full:https://registry.npmjs.org/possible-typed-array-names cache-miss
3908 silly fetch manifest set-function-length@^1.2.2
3909 silly packumentCache full:https://registry.npmjs.org/set-function-length cache-miss
3910 silly fetch manifest is-callable@^1.2.7
3911 silly packumentCache full:https://registry.npmjs.org/is-callable cache-miss
3912 http fetch GET 200 https://registry.npmjs.org/set-function-length 434ms (cache miss)
3913 silly packumentCache full:https://registry.npmjs.org/set-function-length set size:undefined disposed:false
3914 http fetch GET 200 https://registry.npmjs.org/possible-typed-array-names 454ms (cache miss)
3915 silly packumentCache full:https://registry.npmjs.org/possible-typed-array-names set size:undefined disposed:false
3916 http fetch GET 200 https://registry.npmjs.org/is-callable 462ms (cache miss)
3917 silly packumentCache full:https://registry.npmjs.org/is-callable set size:undefined disposed:false
3918 silly placeDep ROOT possible-typed-array-names@1.1.0 OK for: available-typed-arrays@1.0.7 want: ^1.0.0
3919 silly placeDep ROOT set-function-length@1.2.2 OK for: call-bind@1.0.9 want: ^1.2.2
3920 silly fetch manifest define-data-property@^1.1.4
3921 silly packumentCache full:https://registry.npmjs.org/define-data-property cache-miss
3922 silly fetch manifest has-property-descriptors@^1.0.2
3923 silly packumentCache full:https://registry.npmjs.org/has-property-descriptors cache-miss
3924 http fetch GET 200 https://registry.npmjs.org/define-data-property 400ms (cache miss)
3925 silly packumentCache full:https://registry.npmjs.org/define-data-property set size:undefined disposed:false
3926 http fetch GET 200 https://registry.npmjs.org/has-property-descriptors 412ms (cache miss)
3927 silly packumentCache full:https://registry.npmjs.org/has-property-descriptors set size:undefined disposed:false
3928 silly placeDep ROOT is-callable@1.2.7 OK for: for-each@0.3.5 want: ^1.2.7
3929 silly placeDep ROOT define-data-property@1.1.4 OK for: set-function-length@1.2.2 want: ^1.1.4
3930 silly placeDep ROOT has-property-descriptors@1.0.2 OK for: set-function-length@1.2.2 want: ^1.0.2
3931 silly placeDep ROOT imurmurhash@0.1.4 OK for: write-file-atomic@2.4.3 want: ^0.1.4
3932 silly placeDep ROOT global@4.4.0 OK for: xhr@2.6.0 want: ~4.4.0
3933 silly placeDep ROOT is-function@1.0.2 OK for: xhr@2.6.0 want: ^1.0.1
3934 silly placeDep ROOT parse-headers@2.0.6 OK for: xhr@2.6.0 want: ^2.0.0
3935 silly fetch manifest min-document@^2.19.0
3936 silly packumentCache full:https://registry.npmjs.org/min-document cache-miss
3937 http fetch GET 200 https://registry.npmjs.org/min-document 539ms (cache miss)
3938 silly packumentCache full:https://registry.npmjs.org/min-document set size:undefined disposed:false
3939 silly placeDep ROOT min-document@2.19.2 OK for: global@4.4.0 want: ^2.19.0
3940 silly fetch manifest dom-walk@^0.1.0
3941 silly packumentCache full:https://registry.npmjs.org/dom-walk cache-miss
3942 http fetch GET 200 https://registry.npmjs.org/dom-walk 573ms (cache miss)
3943 silly packumentCache full:https://registry.npmjs.org/dom-walk set size:undefined disposed:false
3944 silly placeDep ROOT dom-walk@0.1.2 OK for: min-document@2.19.2 want: ^0.1.0
3945 silly placeDep ROOT xmlbuilder@11.0.1 OK for: xml2js@0.5.0 want: ~11.0.0
3946 silly placeDep ROOT cliui@6.0.0 OK for: yargs@15.4.1 want: ^6.0.0
3947 silly placeDep ROOT decamelize@1.2.0 OK for: yargs@15.4.1 want: ^1.2.0
3948 silly placeDep ROOT find-up@4.1.0 OK for: yargs@15.4.1 want: ^4.1.0
3949 silly placeDep ROOT get-caller-file@2.0.5 OK for: yargs@15.4.1 want: ^2.0.1
3950 silly placeDep ROOT require-directory@2.1.1 OK for: yargs@15.4.1 want: ^2.1.1
3951 silly placeDep ROOT require-main-filename@2.0.0 OK for: yargs@15.4.1 want: ^2.0.0
3952 silly placeDep ROOT which-module@2.0.1 OK for: yargs@15.4.1 want: ^2.0.0
3953 silly placeDep ROOT y18n@4.0.3 OK for: yargs@15.4.1 want: ^4.0.0
3954 silly placeDep ROOT yargs-parser@18.1.3 OK for: yargs@15.4.1 want: ^18.1.2
3955 silly fetch manifest wrap-ansi@^6.2.0
3956 silly packumentCache full:https://registry.npmjs.org/wrap-ansi cache-miss
3957 silly fetch manifest locate-path@^5.0.0
3958 silly packumentCache full:https://registry.npmjs.org/locate-path cache-miss
3959 silly fetch manifest path-exists@^4.0.0
3960 silly packumentCache full:https://registry.npmjs.org/path-exists cache-miss
3961 silly fetch manifest camelcase@^5.0.0
3962 silly packumentCache full:https://registry.npmjs.org/camelcase cache-miss
3963 http fetch GET 200 https://registry.npmjs.org/camelcase 128ms (cache miss)
3964 silly packumentCache full:https://registry.npmjs.org/camelcase set size:undefined disposed:false
3965 http fetch GET 200 https://registry.npmjs.org/path-exists 419ms (cache miss)
3966 silly packumentCache full:https://registry.npmjs.org/path-exists set size:undefined disposed:false
3967 http fetch GET 200 https://registry.npmjs.org/locate-path 431ms (cache miss)
3968 silly packumentCache full:https://registry.npmjs.org/locate-path set size:undefined disposed:false
3969 http fetch GET 200 https://registry.npmjs.org/wrap-ansi 447ms (cache miss)
3970 silly packumentCache full:https://registry.npmjs.org/wrap-ansi set size:undefined disposed:false
3971 silly placeDep ROOT wrap-ansi@6.2.0 OK for: cliui@6.0.0 want: ^6.2.0
3972 silly placeDep ROOT locate-path@5.0.0 OK for: find-up@4.1.0 want: ^5.0.0
3973 silly placeDep ROOT path-exists@4.0.0 OK for: find-up@4.1.0 want: ^4.0.0
3974 silly fetch manifest p-locate@^4.1.0
3975 silly packumentCache full:https://registry.npmjs.org/p-locate cache-miss
3976 http fetch GET 200 https://registry.npmjs.org/p-locate 555ms (cache miss)
3977 silly packumentCache full:https://registry.npmjs.org/p-locate set size:undefined disposed:false
3978 silly placeDep ROOT p-locate@4.1.0 OK for: locate-path@5.0.0 want: ^4.1.0
3979 silly fetch manifest p-limit@^2.2.0
3980 silly packumentCache full:https://registry.npmjs.org/p-limit cache-miss
3981 http fetch GET 200 https://registry.npmjs.org/p-limit 582ms (cache miss)
3982 silly packumentCache full:https://registry.npmjs.org/p-limit set size:undefined disposed:false
3983 silly placeDep ROOT p-limit@2.3.0 OK for: p-locate@4.1.0 want: ^2.2.0
3984 silly fetch manifest p-try@^2.0.0
3985 silly packumentCache full:https://registry.npmjs.org/p-try cache-miss
3986 http fetch GET 200 https://registry.npmjs.org/p-try 373ms (cache miss)
3987 silly packumentCache full:https://registry.npmjs.org/p-try set size:undefined disposed:false
3988 silly placeDep ROOT p-try@2.2.0 OK for: p-limit@2.3.0 want: ^2.0.0
3989 silly placeDep ROOT camelcase@5.3.1 OK for: yargs-parser@18.1.3 want: ^5.0.0
3990 silly placeDep node_modules/@kwsites/file-exists ms@2.1.3 OK for: debug@4.4.3 want: ^2.1.3
3991 silly placeDep node_modules/@mapbox/node-pre-gyp agent-base@6.0.2 OK for: https-proxy-agent@5.0.1 want: 6
3992 silly placeDep node_modules/@mapbox/node-pre-gyp debug@4.4.3 OK for: https-proxy-agent@5.0.1 want: 4
3993 silly placeDep node_modules/@mapbox/node-pre-gyp ms@2.1.3 OK for: debug@4.4.3 want: ^2.1.3
3994 silly placeDep node_modules/@pm2/agent ms@2.1.3 OK for: debug@4.3.7 want: ^2.1.3
3995 silly placeDep node_modules/@pm2/agent lru-cache@6.0.0 OK for: semver@7.5.4 want: ^6.0.0
3996 silly placeDep node_modules/@pm2/io ms@2.1.3 OK for: debug@4.3.7 want: ^2.1.3
3997 silly placeDep node_modules/@pm2/io lru-cache@6.0.0 OK for: semver@7.5.4 want: ^6.0.0
3998 silly placeDep node_modules/@pm2/js-api ms@2.1.3 OK for: debug@4.3.7 want: ^2.1.3
3999 silly placeDep node_modules/@pm2/pm2-version-check ms@2.1.3 OK for: debug@4.4.3 want: ^2.1.3
4000 silly placeDep node_modules/@whiskeysockets/baileys https-proxy-agent@5.0.1 OK for: axios@1.16.1 want: ^5.0.1
4001 silly placeDep node_modules/@whiskeysockets/baileys proxy-from-env@2.1.0 OK for: axios@1.16.1 want: ^2.1.0
4002 silly placeDep node_modules/@whiskeysockets/baileys agent-base@6.0.2 OK for: https-proxy-agent@5.0.1 want: 6
4003 silly placeDep node_modules/@whiskeysockets/baileys debug@4.4.3 OK for: https-proxy-agent@5.0.1 want: 4
4004 silly placeDep node_modules/@whiskeysockets/baileys ms@2.1.3 OK for: debug@4.4.3 want: ^2.1.3
4005 silly placeDep ROOT pify@3.0.0 OK for: make-dir@1.3.0 want: ^3.0.0
4006 silly placeDep node_modules/get-uri ms@2.1.3 OK for: debug@4.4.3 want: ^2.1.3
4007 silly placeDep node_modules/html-encoding-sniffer iconv-lite@0.4.24 OK for: whatwg-encoding@1.0.5 want: 0.4.24
4008 silly placeDep node_modules/http-proxy-agent ms@2.1.3 OK for: debug@4.4.3 want: ^2.1.3
4009 silly placeDep node_modules/https-proxy-agent ms@2.1.3 OK for: debug@4.4.3 want: ^2.1.3
4010 silly placeDep node_modules/jsdom agent-base@6.0.2 OK for: https-proxy-agent@5.0.1 want: 6
4011 silly placeDep node_modules/jsdom debug@4.4.3 OK for: https-proxy-agent@5.0.1 want: 4
4012 silly placeDep node_modules/jsdom ms@2.1.3 OK for: debug@4.4.3 want: ^2.1.3
4013 silly placeDep ROOT psl@1.15.0 OK for: tough-cookie@4.1.4 want: ^1.1.33
4014 silly placeDep node_modules/jsdom universalify@0.2.0 OK for: tough-cookie@4.1.4 want: ^0.2.0
4015 silly placeDep ROOT url-parse@1.5.10 OK for: tough-cookie@4.1.4 want: ^1.5.3
4016 silly fetch manifest querystringify@^2.1.1
4017 silly packumentCache full:https://registry.npmjs.org/querystringify cache-miss
4018 silly fetch manifest requires-port@^1.0.0
4019 silly packumentCache full:https://registry.npmjs.org/requires-port cache-miss
4020 http fetch GET 200 https://registry.npmjs.org/requires-port 404ms (cache miss)
4021 silly packumentCache full:https://registry.npmjs.org/requires-port set size:undefined disposed:false
4022 http fetch GET 200 https://registry.npmjs.org/querystringify 418ms (cache miss)
4023 silly packumentCache full:https://registry.npmjs.org/querystringify set size:undefined disposed:false
4024 silly placeDep ROOT querystringify@2.2.0 OK for: url-parse@1.5.10 want: ^2.1.1
4025 silly placeDep ROOT requires-port@1.0.0 OK for: url-parse@1.5.10 want: ^1.0.0
4026 silly placeDep node_modules/jsdom iconv-lite@0.4.24 OK for: whatwg-encoding@1.0.5 want: 0.4.24
4027 silly placeDep ROOT @types/long@4.0.2 OK for: protobufjs@6.8.8 want: ^4.0.0
4028 silly placeDep node_modules/libsignal @types/node@10.17.60 OK for: protobufjs@6.8.8 want: ^10.1.0
4029 silly placeDep node_modules/libsignal long@4.0.0 OK for: protobufjs@6.8.8 want: ^4.0.0
4030 silly placeDep ROOT centra@2.7.0 OK for: phin@3.7.1 want: ^2.7.0
4031 silly placeDep node_modules/mongodb-connection-string-url tr46@3.0.0 OK for: whatwg-url@11.0.0 want: ^3.0.0
4032 silly placeDep node_modules/mongodb-connection-string-url webidl-conversions@7.0.0 OK for: whatwg-url@11.0.0 want: ^7.0.0
4033 silly placeDep node_modules/mquery ms@2.1.3 OK for: debug@4.4.3 want: ^2.1.3
4034 silly placeDep node_modules/music-metadata ms@2.1.3 OK for: debug@4.4.3 want: ^2.1.3
4035 silly placeDep node_modules/needle ms@2.1.3 OK for: debug@3.2.7 want: ^2.1.1
4036 silly placeDep node_modules/node-fetch tr46@0.0.3 OK for: whatwg-url@5.0.0 want: ~0.0.3
4037 silly placeDep node_modules/node-fetch webidl-conversions@3.0.1 OK for: whatwg-url@5.0.0 want: ^3.0.0
4038 silly placeDep node_modules/pac-proxy-agent ms@2.1.3 OK for: debug@4.4.3 want: ^2.1.3
4039 silly placeDep node_modules/path inherits@2.0.3 OK for: util@0.10.4 want: 2.0.3
4040 silly placeDep node_modules/pm2-axon-rpc ms@2.1.3 OK for: debug@4.4.3 want: ^2.1.3
4041 silly placeDep node_modules/pm2-axon ms@2.1.3 OK for: debug@4.4.3 want: ^2.1.3
4042 silly placeDep node_modules/pm2-sysmonit ms@2.1.3 OK for: debug@4.4.3 want: ^2.1.3
4043 silly placeDep node_modules/pm2 ms@2.1.3 OK for: debug@4.4.3 want: ^2.1.3
4044 silly placeDep node_modules/prebuild-install decompress-response@6.0.0 OK for: simple-get@4.0.1 want: ^6.0.0
4045 silly fetch manifest mimic-response@^3.1.0
4046 silly packumentCache full:https://registry.npmjs.org/mimic-response cache-hit
4047 silly placeDep node_modules/prebuild-install mimic-response@3.1.0 OK for: decompress-response@6.0.0 want: ^3.1.0
4048 silly placeDep node_modules/prebuild-install chownr@1.1.4 OK for: tar-fs@2.1.4 want: ^1.1.1
4049 silly placeDep node_modules/prebuild-install tar-stream@2.2.0 OK for: tar-fs@2.1.4 want: ^2.1.4
4050 silly fetch manifest bl@^4.0.3
4051 silly packumentCache full:https://registry.npmjs.org/bl cache-miss
4052 silly fetch manifest fs-constants@^1.0.0
4053 silly packumentCache full:https://registry.npmjs.org/fs-constants cache-miss
4054 http fetch GET 200 https://registry.npmjs.org/bl 408ms (cache miss)
4055 silly packumentCache full:https://registry.npmjs.org/bl set size:undefined disposed:false
4056 http fetch GET 200 https://registry.npmjs.org/fs-constants 1217ms (cache miss)
4057 silly packumentCache full:https://registry.npmjs.org/fs-constants set size:undefined disposed:false
4058 silly placeDep ROOT bl@4.1.0 OK for: tar-stream@2.2.0 want: ^4.0.3
4059 silly placeDep ROOT fs-constants@1.0.0 OK for: tar-stream@2.2.0 want: ^1.0.0
4060 silly placeDep node_modules/prebuild-install readable-stream@3.6.2 OK for: tar-stream@2.2.0 want: ^3.1.1
4061 silly fetch manifest readable-stream@^3.4.0
4062 silly packumentCache full:https://registry.npmjs.org/readable-stream cache-hit
4063 silly placeDep node_modules/bl readable-stream@3.6.2 OK for: bl@4.1.0 want: ^3.4.0
4064 silly placeDep node_modules/proxy-agent ms@2.1.3 OK for: debug@4.4.3 want: ^2.1.3
4065 silly placeDep ROOT progress@2.0.3 OK for: @puppeteer/browsers@3.0.3 want: ^2.0.3
4066 silly placeDep node_modules/puppeteer-core yargs@17.7.2 OK for: @puppeteer/browsers@3.0.3 want: ^17.7.2
4067 silly fetch manifest y18n@^5.0.5
4068 silly packumentCache full:https://registry.npmjs.org/y18n cache-miss
4069 silly fetch manifest cliui@^8.0.1
4070 silly packumentCache full:https://registry.npmjs.org/cliui cache-miss
4071 silly fetch manifest escalade@^3.1.1
4072 silly packumentCache full:https://registry.npmjs.org/escalade cache-miss
4073 silly fetch manifest yargs-parser@^21.1.1
4074 silly packumentCache full:https://registry.npmjs.org/yargs-parser cache-miss
4075 http cache https://registry.npmjs.org/y18n 63ms (cache hit)
4076 silly packumentCache full:https://registry.npmjs.org/y18n set size:76155 disposed:false
4077 http cache https://registry.npmjs.org/cliui 77ms (cache hit)
4078 silly packumentCache full:https://registry.npmjs.org/cliui set size:69089 disposed:false
4079 http cache https://registry.npmjs.org/yargs-parser 94ms (cache hit)
4080 silly packumentCache full:https://registry.npmjs.org/yargs-parser set size:238630 disposed:false
4081 http fetch GET 200 https://registry.npmjs.org/escalade 512ms (cache miss)
4082 silly packumentCache full:https://registry.npmjs.org/escalade set size:undefined disposed:false
4083 silly placeDep node_modules/puppeteer-core ms@2.1.3 OK for: debug@4.4.3 want: ^2.1.3
4084 silly placeDep node_modules/puppeteer-core http-proxy-agent@9.0.0 OK for: proxy-agent@8.0.1 want: 9.0.0
4085 silly placeDep node_modules/puppeteer-core https-proxy-agent@9.0.0 OK for: proxy-agent@8.0.1 want: 9.0.0
4086 silly placeDep node_modules/puppeteer-core pac-proxy-agent@9.0.1 OK for: proxy-agent@8.0.1 want: 9.0.1
4087 silly placeDep node_modules/puppeteer-core proxy-from-env@2.1.0 OK for: proxy-agent@8.0.1 want: ^2.0.0
4088 silly placeDep node_modules/puppeteer-core socks-proxy-agent@10.0.0 OK for: proxy-agent@8.0.1 want: 10.0.0
4089 silly fetch manifest quickjs-wasi@^2.2.0
4090 silly packumentCache full:https://registry.npmjs.org/quickjs-wasi cache-miss
4091 silly fetch manifest get-uri@8.0.0
4092 silly packumentCache full:https://registry.npmjs.org/get-uri cache-hit
4093 silly fetch manifest pac-resolver@9.0.1
4094 silly packumentCache full:https://registry.npmjs.org/pac-resolver cache-hit
4095 http fetch GET 200 https://registry.npmjs.org/quickjs-wasi 430ms (cache miss)
4096 silly packumentCache full:https://registry.npmjs.org/quickjs-wasi set size:undefined disposed:false
4097 silly placeDep node_modules/puppeteer-core get-uri@8.0.0 OK for: pac-proxy-agent@9.0.1 want: 8.0.0
4098 silly placeDep node_modules/puppeteer-core pac-resolver@9.0.1 OK for: pac-proxy-agent@9.0.1 want: 9.0.1
4099 silly placeDep ROOT quickjs-wasi@2.2.0 OK for: pac-resolver@9.0.1 want: ^2.2.0
4100 silly fetch manifest data-uri-to-buffer@8.0.0
4101 silly packumentCache full:https://registry.npmjs.org/data-uri-to-buffer cache-hit
4102 silly fetch manifest degenerator@7.0.1
4103 silly packumentCache full:https://registry.npmjs.org/degenerator cache-hit
4104 silly placeDep node_modules/puppeteer-core data-uri-to-buffer@8.0.0 OK for: get-uri@8.0.0 want: 8.0.0
4105 silly placeDep node_modules/puppeteer-core degenerator@7.0.1 OK for: pac-resolver@9.0.1 want: 7.0.1
4106 silly placeDep node_modules/puppeteer-core cliui@8.0.1 OK for: yargs@17.7.2 want: ^8.0.1
4107 silly placeDep ROOT escalade@3.2.0 OK for: yargs@17.7.2 want: ^3.1.1
4108 silly placeDep node_modules/puppeteer-core y18n@5.0.8 OK for: yargs@17.7.2 want: ^5.0.5
4109 silly placeDep node_modules/puppeteer-core yargs-parser@21.1.1 OK for: yargs@17.7.2 want: ^21.1.1
4110 silly fetch manifest wrap-ansi@^7.0.0
4111 silly packumentCache full:https://registry.npmjs.org/wrap-ansi cache-miss
4112 http cache https://registry.npmjs.org/wrap-ansi 21ms (cache hit)
4113 silly packumentCache full:https://registry.npmjs.org/wrap-ansi set size:55299 disposed:false
4114 silly placeDep node_modules/puppeteer-core wrap-ansi@7.0.0 OK for: cliui@8.0.1 want: ^7.0.0
4115 silly placeDep node_modules/puppeteer debug@4.4.3 OK for: @puppeteer/browsers@3.0.3 want: ^4.4.3
4116 silly placeDep node_modules/puppeteer yargs@17.7.2 OK for: @puppeteer/browsers@3.0.3 want: ^17.7.2
4117 silly placeDep node_modules/puppeteer ms@2.1.3 OK for: debug@4.4.3 want: ^2.1.3
4118 silly placeDep node_modules/puppeteer http-proxy-agent@9.0.0 OK for: proxy-agent@8.0.1 want: 9.0.0
4119 silly placeDep node_modules/puppeteer https-proxy-agent@9.0.0 OK for: proxy-agent@8.0.1 want: 9.0.0
4120 silly placeDep node_modules/puppeteer pac-proxy-agent@9.0.1 OK for: proxy-agent@8.0.1 want: 9.0.1
4121 silly placeDep node_modules/puppeteer proxy-from-env@2.1.0 OK for: proxy-agent@8.0.1 want: ^2.0.0
4122 silly placeDep node_modules/puppeteer socks-proxy-agent@10.0.0 OK for: proxy-agent@8.0.1 want: 10.0.0
4123 silly placeDep node_modules/puppeteer get-uri@8.0.0 OK for: pac-proxy-agent@9.0.1 want: 8.0.0
4124 silly placeDep node_modules/puppeteer pac-resolver@9.0.1 OK for: pac-proxy-agent@9.0.1 want: 9.0.1
4125 silly placeDep node_modules/puppeteer data-uri-to-buffer@8.0.0 OK for: get-uri@8.0.0 want: 8.0.0
4126 silly placeDep node_modules/puppeteer degenerator@7.0.1 OK for: pac-resolver@9.0.1 want: 7.0.1
4127 silly placeDep node_modules/puppeteer cliui@8.0.1 OK for: yargs@17.7.2 want: ^8.0.1
4128 silly placeDep node_modules/puppeteer y18n@5.0.8 OK for: yargs@17.7.2 want: ^5.0.5
4129 silly placeDep node_modules/puppeteer yargs-parser@21.1.1 OK for: yargs@17.7.2 want: ^21.1.1
4130 silly placeDep node_modules/puppeteer wrap-ansi@7.0.0 OK for: cliui@8.0.1 want: ^7.0.0
4131 silly placeDep ROOT abort-controller@3.0.0 OK for: readable-stream@4.7.0 want: ^3.0.0
4132 silly placeDep node_modules/readable-web-to-node-stream buffer@6.0.3 OK for: readable-stream@4.7.0 want: ^6.0.3
4133 silly placeDep ROOT events@3.3.0 OK for: readable-stream@4.7.0 want: ^3.3.0
4134 silly placeDep node_modules/readable-web-to-node-stream string_decoder@1.3.0 OK for: readable-stream@4.7.0 want: ^1.3.0
4135 silly fetch manifest event-target-shim@^5.0.0
4136 silly packumentCache full:https://registry.npmjs.org/event-target-shim cache-miss
4137 http fetch GET 200 https://registry.npmjs.org/event-target-shim 588ms (cache miss)
4138 silly packumentCache full:https://registry.npmjs.org/event-target-shim set size:undefined disposed:false
4139 silly placeDep ROOT event-target-shim@5.0.1 OK for: abort-controller@3.0.0 want: ^5.0.0
4140 silly placeDep node_modules/require-in-the-middle ms@2.1.3 OK for: debug@4.4.3 want: ^2.1.3
4141 silly placeDep node_modules/sharp decompress-response@6.0.0 OK for: simple-get@4.0.1 want: ^6.0.0
4142 silly placeDep node_modules/sharp mimic-response@3.1.0 OK for: decompress-response@6.0.0 want: ^3.1.0
4143 silly placeDep node_modules/simple-git ms@2.1.3 OK for: debug@4.4.3 want: ^2.1.3
4144 silly placeDep node_modules/socks-proxy-agent ms@2.1.3 OK for: debug@4.4.3 want: ^2.1.3
4145 silly placeDep node_modules/wa-sticker-formatter node-addon-api@5.1.0 OK for: sharp@0.30.7 want: ^5.0.0
4146 silly placeDep node_modules/wa-sticker-formatter simple-get@4.0.1 OK for: sharp@0.30.7 want: ^4.0.1
4147 silly placeDep node_modules/wa-sticker-formatter tar-fs@2.1.4 OK for: sharp@0.30.7 want: ^2.1.1
4148 silly placeDep node_modules/wa-sticker-formatter decompress-response@6.0.0 OK for: simple-get@4.0.1 want: ^6.0.0
4149 silly placeDep node_modules/wa-sticker-formatter mimic-response@3.1.0 OK for: decompress-response@6.0.0 want: ^3.1.0
4150 silly placeDep node_modules/wa-sticker-formatter chownr@1.1.4 OK for: tar-fs@2.1.4 want: ^1.1.1
4151 silly placeDep node_modules/wa-sticker-formatter tar-stream@2.2.0 OK for: tar-fs@2.1.4 want: ^2.1.4
4152 silly placeDep node_modules/wa-sticker-formatter readable-stream@3.6.2 OK for: tar-stream@2.2.0 want: ^3.1.1
4153 silly reify moves {}
4154 silly audit bulk request {
4154 silly audit   '@adiwajshing/keyed-db': [ '0.2.4' ],
4154 silly audit   '@distube/ytdl-core': [ '4.16.12' ],
4154 silly audit   '@hapi/boom': [ '9.1.4' ],
4154 silly audit   '@whiskeysockets/baileys': [ '6.6.0' ],
4154 silly audit   acrcloud: [ '1.4.0' ],
4154 silly audit   'anime-character-random': [ '1.0.14' ],
4154 silly audit   'async-g-i-s': [ '1.5.5' ],
4154 silly audit   'node-fetch': [ '2.7.0' ],
4154 silly audit   axios: [ '0.24.0', '1.16.1', '0.21.4' ],
4154 silly audit   bcryptjs: [ '2.4.3' ],
4154 silly audit   canvas: [ '2.11.2' ],
4154 silly audit   cheerio: [ '1.2.0' ],
4154 silly audit   child_process: [ '1.0.2' ],
4154 silly audit   'connect-pg-simple': [ '9.0.1' ],
4154 silly audit   'cookie-parser': [ '1.4.7' ],
4154 silly audit   'crypto-js': [ '4.2.0' ],
4154 silly audit   dotenv: [ '16.6.1' ],
4154 silly audit   express: [ '4.22.2' ],
4154 silly audit   'express-session': [ '1.19.0' ],
4154 silly audit   ffmpeg: [ '0.0.4' ],
4154 silly audit   'file-type': [ '16.5.4' ],
4154 silly audit   'fluent-ffmpeg': [ '2.1.3' ],
4154 silly audit   'form-data': [ '4.0.5', '2.5.5', '3.0.4' ],
4154 silly audit   'fs-extra': [ '10.1.0' ],
4154 silly audit   'google-tts-api': [ '2.0.2' ],
4154 silly audit   jimp: [ '0.16.13' ],
4154 silly audit   jsdom: [ '16.7.0' ],
4154 silly audit   moment: [ '2.30.1' ],
4154 silly audit   'moment-timezone': [ '0.5.48' ],
4154 silly audit   mongoose: [ '6.13.9' ],
4154 silly audit   multer: [ '1.4.5-lts.2' ],
4154 silly audit   'node-cron': [ '3.0.3' ],
4154 silly audit   'node-webpmux': [ '3.2.1' ],
4154 silly audit   path: [ '0.12.7' ],
4154 silly audit   pg: [ '8.21.0' ],
4154 silly audit   pino: [ '7.11.0' ],
4154 silly audit   pm2: [ '5.4.3' ],
4154 silly audit   puppeteer: [ '25.0.4' ],
4154 silly audit   qrcode: [ '1.5.4' ],
4154 silly audit   'simple-git': [ '3.36.0' ],
4154 silly audit   translatte: [ '3.0.1' ],
4154 silly audit   util: [ '0.12.5', '0.10.4' ],
4154 silly audit   'wa-sticker-formatter': [ '4.4.4' ],
4154 silly audit   'ytdl-core': [ '4.11.5' ],
4154 silly audit   'http-cookie-agent': [ '7.0.4' ],
4154 silly audit   'tough-cookie': [ '5.1.2', '4.1.4' ],
4154 silly audit   'https-proxy-agent': [ '7.0.6', '5.0.1', '9.0.0' ],
4154 silly audit   m3u8stream: [ '0.8.6' ],
4154 silly audit   miniget: [ '4.2.3' ],
4154 silly audit   sax: [ '1.6.0' ],
4154 silly audit   undici: [ '7.25.0' ],
4154 silly audit   '@hapi/hoek': [ '9.3.0' ],
4154 silly audit   'audio-decode': [ '2.2.3' ],
4154 silly audit   'cache-manager': [ '4.0.1' ],
4154 silly audit   'futoin-hkdf': [ '1.5.3' ],
4154 silly audit   'libphonenumber-js': [ '1.13.2' ],
4154 silly audit   libsignal: [ '2.0.1' ],
4154 silly audit   'music-metadata': [ '7.14.0' ],
4154 silly audit   'node-cache': [ '5.1.2' ],
4154 silly audit   protobufjs: [ '7.6.0', '6.8.8' ],
4154 silly audit   uuid: [ '9.0.1', '8.3.2' ],
4154 silly audit   ws: [ '8.20.1', '7.5.10' ],
4154 silly audit   '@wasm-audio-decoders/flac': [ '0.2.10' ],
4154 silly audit   '@wasm-audio-decoders/ogg-vorbis': [ '0.1.20' ],
4154 silly audit   'audio-buffer': [ '5.0.0' ],
4154 silly audit   'audio-type': [ '2.4.1' ],
4154 silly audit   'mpg123-decoder': [ '1.0.3' ],
4154 silly audit   'node-wav': [ '0.0.2' ],
4154 silly audit   'ogg-opus-decoder': [ '1.7.3' ],
4154 silly audit   'qoa-format': [ '1.0.1' ],
4154 silly audit   '@wasm-audio-decoders/common': [ '9.0.7' ],
4154 silly audit   'codec-parser': [ '2.5.0' ],
4154 silly audit   '@eshaz/web-worker': [ '1.2.2' ],
4154 silly audit   'simple-yenc': [ '1.0.4' ],
4154 silly audit   'follow-redirects': [ '1.16.0' ],
4154 silly audit   async: [ '3.2.3', '0.2.10', '2.6.4' ],
4154 silly audit   'lodash.clonedeep': [ '4.5.0' ],
4154 silly audit   'lru-cache': [ '7.18.3', '6.0.0' ],
4154 silly audit   '@mapbox/node-pre-gyp': [ '1.0.11' ],
4154 silly audit   nan: [ '2.27.0' ],
4154 silly audit   'simple-get': [ '3.1.1', '4.0.1' ],
4154 silly audit   'detect-libc': [ '2.1.2' ],
4154 silly audit   'make-dir': [ '3.1.0', '1.3.0' ],
4154 silly audit   nopt: [ '5.0.0' ],
4154 silly audit   npmlog: [ '5.0.1' ],
4154 silly audit   rimraf: [ '3.0.2' ],
4154 silly audit   semver: [ '7.8.1', '6.3.1', '7.5.4' ],
4154 silly audit   tar: [ '6.2.1' ],
4154 silly audit   'cheerio-select': [ '2.1.0' ],
4154 silly audit   'dom-serializer': [ '2.0.0' ],
4154 silly audit   domhandler: [ '5.0.3' ],
4154 silly audit   domutils: [ '3.2.2' ],
4154 silly audit   'encoding-sniffer': [ '0.2.1' ],
4154 silly audit   htmlparser2: [ '10.1.0' ],
4154 silly audit   parse5: [ '7.3.0', '6.0.1' ],
4154 silly audit   'parse5-htmlparser2-tree-adapter': [ '7.1.0' ],
4154 silly audit   'parse5-parser-stream': [ '7.1.2' ],
4154 silly audit   'whatwg-mimetype': [ '4.0.0', '2.3.0' ],
4154 silly audit   boolbase: [ '1.0.0' ],
4154 silly audit   'css-select': [ '5.2.2' ],
4154 silly audit   'css-what': [ '6.2.2' ],
4154 silly audit   domelementtype: [ '2.3.0' ],
4154 silly audit   cookie: [ '0.7.2' ],
4154 silly audit   'cookie-signature': [ '1.0.6', '1.0.7' ],
4154 silly audit   'nth-check': [ '2.1.1' ],
4154 silly audit   entities: [ '4.5.0', '7.0.1', '6.0.1' ],
4154 silly audit   'iconv-lite': [ '0.6.3', '0.4.24' ],
4154 silly audit   'whatwg-encoding': [ '3.1.1', '1.0.5' ],
4154 silly audit   accepts: [ '1.3.8' ],
4154 silly audit   'array-flatten': [ '1.1.1' ],
4154 silly audit   'body-parser': [ '1.20.5' ],
4154 silly audit   'content-disposition': [ '0.5.4' ],
4154 silly audit   'content-type': [ '1.0.5' ],
4154 silly audit   debug: [ '2.6.9', '4.4.3', '4.3.7', '3.2.7' ],
4154 silly audit   depd: [ '2.0.0' ],
4154 silly audit   encodeurl: [ '2.0.0' ],
4154 silly audit   'escape-html': [ '1.0.3' ],
4154 silly audit   etag: [ '1.8.1' ],
4154 silly audit   finalhandler: [ '1.3.2' ],
4154 silly audit   fresh: [ '0.5.2' ],
4154 silly audit   'http-errors': [ '2.0.1' ],
4154 silly audit   'merge-descriptors': [ '1.0.3' ],
4154 silly audit   methods: [ '1.1.2' ],
4154 silly audit   'on-finished': [ '2.4.1' ],
4154 silly audit   parseurl: [ '1.3.3' ],
4154 silly audit   'path-to-regexp': [ '0.1.13' ],
4154 silly audit   'proxy-addr': [ '2.0.7' ],
4154 silly audit   qs: [ '6.15.2' ],
4154 silly audit   'range-parser': [ '1.2.1' ],
4154 silly audit   'safe-buffer': [ '5.2.1', '5.1.2' ],
4154 silly audit   send: [ '0.19.2' ],
4154 silly audit   'serve-static': [ '1.16.3' ],
4154 silly audit   setprototypeof: [ '1.2.0' ],
4154 silly audit   statuses: [ '2.0.2' ],
4154 silly audit   'type-is': [ '1.6.18' ],
4154 silly audit   'utils-merge': [ '1.0.1' ],
4154 silly audit   vary: [ '1.1.2' ],
4154 silly audit   'mime-types': [ '2.1.35' ],
4154 silly audit   negotiator: [ '0.6.3' ],
4154 silly audit   bytes: [ '3.1.2' ],
4154 silly audit   destroy: [ '1.2.0' ],
4154 silly audit   'raw-body': [ '2.5.3' ],
4154 silly audit   unpipe: [ '1.0.0' ],
4154 silly audit   ms: [ '2.0.0', '2.1.3' ],
4154 silly audit   'on-headers': [ '1.1.0' ],
4154 silly audit   'uid-safe': [ '2.1.5' ],
4154 silly audit   when: [ '3.7.8' ],
4154 silly audit   'readable-web-to-node-stream': [ '3.0.4' ],
4154 silly audit   strtok3: [ '6.3.0' ],
4154 silly audit   'token-types': [ '4.2.1' ],
4154 silly audit   which: [ '1.3.1' ],
4154 silly audit   asynckit: [ '0.4.0' ],
4154 silly audit   'combined-stream': [ '1.0.8' ],
4154 silly audit   'es-set-tostringtag': [ '2.1.0' ],
4154 silly audit   hasown: [ '2.0.3' ],
4154 silly audit   'delayed-stream': [ '1.0.0' ],
4154 silly audit   'es-errors': [ '1.3.0' ],
4154 silly audit   'get-intrinsic': [ '1.3.0' ],
4154 silly audit   'has-tostringtag': [ '1.0.2' ],
4154 silly audit   'graceful-fs': [ '4.2.11' ],
4154 silly audit   jsonfile: [ '6.2.1' ],
4154 silly audit   universalify: [ '2.0.1', '0.2.0' ],
4154 silly audit   'call-bind-apply-helpers': [ '1.0.2' ],
4154 silly audit   'es-define-property': [ '1.0.1' ],
4154 silly audit   'es-object-atoms': [ '1.1.1' ],
4154 silly audit   'function-bind': [ '1.1.2' ],
4154 silly audit   'get-proto': [ '1.0.1' ],
4154 silly audit   gopd: [ '1.2.0' ],
4154 silly audit   'has-symbols': [ '1.1.0' ],
4154 silly audit   'math-intrinsics': [ '1.1.0' ],
4154 silly audit   'dunder-proto': [ '1.0.1' ],
4154 silly audit   'agent-base': [ '9.0.0', '7.1.4', '6.0.2' ],
4154 silly audit   inherits: [ '2.0.4', '2.0.3' ],
4154 silly audit   toidentifier: [ '1.0.1' ],
4154 silly audit   'safer-buffer': [ '2.1.2' ],
4154 silly audit   '@babel/runtime': [ '7.29.2' ],
4154 silly audit   '@jimp/custom': [ '0.16.13' ],
4154 silly audit   '@jimp/plugins': [ '0.16.13' ],
4154 silly audit   '@jimp/types': [ '0.16.13' ],
4154 silly audit   'regenerator-runtime': [ '0.13.11' ],
4154 silly audit   '@jimp/core': [ '0.16.13' ],
4154 silly audit   '@jimp/utils': [ '0.16.13' ],
4154 silly audit   'any-base': [ '1.1.0' ],
4154 silly audit   buffer: [ '5.7.1', '6.0.3' ],
4154 silly audit   'exif-parser': [ '0.1.12' ],
4154 silly audit   'load-bmfont': [ '1.4.2' ],
4154 silly audit   mkdirp: [ '0.5.6', '1.0.4' ],
4154 silly audit   phin: [ '2.9.3', '3.7.1' ],
4154 silly audit   pixelmatch: [ '4.0.2' ],
4154 silly audit   tinycolor2: [ '1.6.0' ],
4154 silly audit   '@jimp/plugin-blit': [ '0.16.13' ],
4154 silly audit   '@jimp/plugin-blur': [ '0.16.13' ],
4154 silly audit   '@jimp/plugin-circle': [ '0.16.13' ],
4154 silly audit   '@jimp/plugin-color': [ '0.16.13' ],
4154 silly audit   '@jimp/plugin-contain': [ '0.16.13' ],
4154 silly audit   '@jimp/plugin-scale': [ '0.16.13' ],
4154 silly audit   '@jimp/plugin-resize': [ '0.16.13' ],
4154 silly audit   '@jimp/plugin-cover': [ '0.16.13' ],
4154 silly audit   '@jimp/plugin-crop': [ '0.16.13' ],
4154 silly audit   '@jimp/plugin-displace': [ '0.16.13' ],
4154 silly audit   '@jimp/plugin-dither': [ '0.16.13' ],
4154 silly audit   '@jimp/plugin-fisheye': [ '0.16.13' ],
4154 silly audit   '@jimp/plugin-flip': [ '0.16.13' ],
4154 silly audit   '@jimp/plugin-rotate': [ '0.16.13' ],
4154 silly audit   '@jimp/plugin-gaussian': [ '0.16.13' ],
4154 silly audit   '@jimp/plugin-invert': [ '0.16.13' ],
4154 silly audit   '@jimp/plugin-mask': [ '0.16.13' ],
4154 silly audit   '@jimp/plugin-normalize': [ '0.16.13' ],
4154 silly audit   '@jimp/plugin-print': [ '0.16.13' ],
4154 silly audit   '@jimp/plugin-shadow': [ '0.16.13' ],
4154 silly audit   '@jimp/plugin-threshold': [ '0.16.13' ],
4154 silly audit   timm: [ '1.7.1' ],
4154 silly audit   '@jimp/bmp': [ '0.16.13' ],
4154 silly audit   '@jimp/gif': [ '0.16.13' ],
4154 silly audit   '@jimp/jpeg': [ '0.16.13' ],
4154 silly audit   '@jimp/png': [ '0.16.13' ],
4154 silly audit   '@jimp/tiff': [ '0.16.13' ],
4154 silly audit   'bmp-js': [ '0.1.0' ],
4154 silly audit   gifwrap: [ '0.9.4' ],
4154 silly audit   omggif: [ '1.0.10' ],
4154 silly audit   'jpeg-js': [ '0.4.4' ],
4154 silly audit   pngjs: [ '3.4.0', '5.0.0' ],
4154 silly audit   utif: [ '2.0.1' ],
4154 silly audit   'base64-js': [ '1.5.1' ],
4154 silly audit   ieee754: [ '1.2.1' ],
4154 silly audit   'image-q': [ '4.0.0' ],
4154 silly audit   '@types/node': [ '16.9.1', '10.17.60' ],
4154 silly audit   abab: [ '2.0.6' ],
4154 silly audit   acorn: [ '8.16.0', '7.4.1' ],
4154 silly audit   'acorn-globals': [ '6.0.0' ],
4154 silly audit   cssom: [ '0.4.4', '0.3.8' ],
4154 silly audit   cssstyle: [ '2.3.0' ],
4154 silly audit   'data-urls': [ '2.0.0' ],
4154 silly audit   'decimal.js': [ '10.6.0' ],
4154 silly audit   domexception: [ '2.0.1' ],
4154 silly audit   escodegen: [ '2.1.0' ],
4154 silly audit   'html-encoding-sniffer': [ '2.0.1' ],
4154 silly audit   'http-proxy-agent': [ '4.0.1', '7.0.2', '9.0.0' ],
4154 silly audit   'is-potential-custom-element-name': [ '1.0.1' ],
4154 silly audit   nwsapi: [ '2.2.23' ],
4154 silly audit   saxes: [ '5.0.1' ],
4154 silly audit   'symbol-tree': [ '3.2.4' ],
4154 silly audit   'w3c-hr-time': [ '1.0.2' ],
4154 silly audit   'w3c-xmlserializer': [ '2.0.0' ],
4154 silly audit   'webidl-conversions': [ '6.1.0', '5.0.0', '7.0.0', '3.0.1' ],
4154 silly audit   'whatwg-url': [ '8.7.0', '11.0.0', '5.0.0' ],
4154 silly audit   'xml-name-validator': [ '3.0.0' ],
4154 silly audit   'acorn-walk': [ '7.2.0' ],
4154 silly audit   esprima: [ '4.0.1' ],
4154 silly audit   estraverse: [ '5.3.0' ],
4154 silly audit   esutils: [ '2.0.3' ],
4154 silly audit   'source-map': [ '0.6.1' ],
4154 silly audit   '@tootallnate/once': [ '1.1.2' ],
4154 silly audit   'curve25519-js': [ '0.0.4' ],
4154 silly audit   'buffer-equal': [ '0.0.1' ],
4154 silly audit   mime: [ '1.6.0' ],
4154 silly audit   'parse-bmfont-ascii': [ '1.0.6' ],
4154 silly audit   'parse-bmfont-binary': [ '1.0.6' ],
4154 silly audit   'parse-bmfont-xml': [ '1.1.6' ],
4154 silly audit   xhr: [ '2.6.0' ],
4154 silly audit   xtend: [ '4.0.2' ],
4154 silly audit   'mime-db': [ '1.52.0' ],
4154 silly audit   minimist: [ '1.2.8' ],
4154 silly audit   bson: [ '4.7.2' ],
4154 silly audit   kareem: [ '2.5.1' ],
4154 silly audit   mongodb: [ '4.17.2' ],
4154 silly audit   mpath: [ '0.9.0' ],
4154 silly audit   mquery: [ '4.0.3' ],
4154 silly audit   sift: [ '16.0.1' ],
4154 silly audit   '@aws-sdk/credential-providers': [ '3.1052.0' ],
4154 silly audit   '@mongodb-js/saslprep': [ '1.4.11' ],
4154 silly audit   'mongodb-connection-string-url': [ '2.6.0' ],
4154 silly audit   socks: [ '2.8.9' ],
4154 silly audit   '@aws-sdk/client-cognito-identity': [ '3.1052.0' ],
4154 silly audit   '@aws-sdk/core': [ '3.974.13' ],
4154 silly audit   '@aws-sdk/credential-provider-cognito-identity': [ '3.972.36' ],
4154 silly audit   '@aws-sdk/credential-provider-env': [ '3.972.39' ],
4154 silly audit   '@aws-sdk/credential-provider-http': [ '3.972.41' ],
4154 silly audit   '@aws-sdk/credential-provider-ini': [ '3.972.43' ],
4154 silly audit   '@aws-sdk/credential-provider-login': [ '3.972.43' ],
4154 silly audit   '@aws-sdk/credential-provider-node': [ '3.972.44' ],
4154 silly audit   '@aws-sdk/credential-provider-process': [ '3.972.39' ],
4154 silly audit   '@aws-sdk/credential-provider-sso': [ '3.972.43' ],
4154 silly audit   '@aws-sdk/credential-provider-web-identity': [ '3.972.43' ],
4154 silly audit   '@aws-sdk/nested-clients': [ '3.997.11' ],
4154 silly audit   '@aws-sdk/types': [ '3.973.9' ],
4154 silly audit   '@smithy/core': [ '3.24.4' ],
4154 silly audit   '@smithy/credential-provider-imds': [ '4.3.4' ],
4154 silly audit   '@smithy/types': [ '4.14.2' ],
4154 silly audit   tslib: [ '2.8.1', '1.9.3' ],
4154 silly audit   '@aws-crypto/sha256-browser': [ '5.2.0' ],
4154 silly audit   '@aws-crypto/sha256-js': [ '5.2.0' ],
4154 silly audit   '@smithy/fetch-http-handler': [ '5.4.4' ],
4154 silly audit   '@smithy/node-http-handler': [ '4.7.4' ],
4154 silly audit   '@aws-crypto/supports-web-crypto': [ '5.2.0' ],
4154 silly audit   '@aws-crypto/util': [ '5.2.0' ],
4154 silly audit   '@aws-sdk/util-locate-window': [ '3.965.5' ],
4154 silly audit   '@smithy/util-utf8': [ '2.3.0' ],
4154 silly audit   '@aws-sdk/xml-builder': [ '3.972.25' ],
4154 silly audit   '@aws/lambda-invoke-store': [ '0.2.4' ],
4154 silly audit   '@smithy/signature-v4': [ '5.4.4' ],
4154 silly audit   bowser: [ '2.14.1' ],
4154 silly audit   '@aws-sdk/token-providers': [ '3.1052.0' ],
4154 silly audit   '@aws-sdk/signature-v4-multi-region': [ '3.996.28' ],
4154 silly audit   '@nodable/entities': [ '2.1.0' ],
4154 silly audit   'fast-xml-parser': [ '5.7.3' ],
4154 silly audit   'sparse-bitfield': [ '3.0.3' ],
4154 silly audit   '@aws-crypto/crc32': [ '5.2.0' ],
4154 silly audit   '@smithy/util-buffer-from': [ '2.2.0' ],
4154 silly audit   '@smithy/is-array-buffer': [ '2.2.0' ],
4154 silly audit   'fast-xml-builder': [ '1.2.0' ],
4154 silly audit   'path-expression-matcher': [ '1.5.0' ],
4154 silly audit   strnum: [ '2.3.0' ],
4154 silly audit   'xml-naming': [ '0.1.0' ],
4154 silly audit   '@types/whatwg-url': [ '8.2.2' ],
4154 silly audit   '@types/webidl-conversions': [ '7.0.3' ],
4154 silly audit   'append-field': [ '1.0.0' ],
4154 silly audit   busboy: [ '1.6.0' ],
4154 silly audit   'concat-stream': [ '1.6.2' ],
4154 silly audit   'object-assign': [ '4.1.1' ],
4154 silly audit   streamsearch: [ '1.1.0' ],
4154 silly audit   'buffer-from': [ '1.1.2' ],
4154 silly audit   'readable-stream': [ '2.3.8', '3.6.2', '4.7.0' ],
4154 silly audit   typedarray: [ '0.0.6' ],
4154 silly audit   '@tokenizer/token': [ '0.3.0' ],
4154 silly audit   'media-typer': [ '1.1.0', '0.3.0' ],
4154 silly audit   clone: [ '2.1.2' ],
4154 silly audit   abbrev: [ '1.1.1' ],
4154 silly audit   'are-we-there-yet': [ '2.0.0' ],
4154 silly audit   'console-control-strings': [ '1.1.0' ],
4154 silly audit   gauge: [ '3.0.2' ],
4154 silly audit   'set-blocking': [ '2.0.0' ],
4154 silly audit   delegates: [ '1.0.0' ],
4154 silly audit   aproba: [ '2.1.0' ],
4154 silly audit   'color-support': [ '1.1.3' ],
4154 silly audit   'has-unicode': [ '2.0.1' ],
4154 silly audit   'signal-exit': [ '3.0.7' ],
4154 silly audit   'string-width': [ '4.2.3' ],
4154 silly audit   'strip-ansi': [ '6.0.1' ],
4154 silly audit   'wide-align': [ '1.1.5' ],
4154 silly audit   '@wasm-audio-decoders/opus-ml': [ '0.0.2' ],
4154 silly audit   'opus-decoder': [ '0.7.11' ],
4154 silly audit   'ee-first': [ '1.1.1' ],
4154 silly audit   'xml-parse-from-string': [ '1.0.1' ],
4154 silly audit   xml2js: [ '0.5.0' ],
4154 silly audit   process: [ '0.11.10' ],
4154 silly audit   'pg-cloudflare': [ '1.4.0' ],
4154 silly audit   'pg-connection-string': [ '2.13.0' ],
4154 silly audit   'pg-pool': [ '3.14.0' ],
4154 silly audit   'pg-protocol': [ '1.14.0' ],
4154 silly audit   'pg-types': [ '2.2.0' ],
4154 silly audit   pgpass: [ '1.0.5' ],
4154 silly audit   'pg-int8': [ '1.0.1' ],
4154 silly audit   'postgres-array': [ '2.0.0' ],
4154 silly audit   'postgres-bytea': [ '1.0.1' ],
4154 silly audit   'postgres-date': [ '1.0.7' ],
4154 silly audit   'postgres-interval': [ '1.2.0' ],
4154 silly audit   split2: [ '4.2.0' ],
4154 silly audit   'atomic-sleep': [ '1.0.0' ],
4154 silly audit   'fast-redact': [ '3.5.0' ],
4154 silly audit   'on-exit-leak-free': [ '0.2.0' ],
4154 silly audit   'pino-abstract-transport': [ '0.5.0' ],
4154 silly audit   'pino-std-serializers': [ '4.0.0' ],
4154 silly audit   'process-warning': [ '1.0.0' ],
4154 silly audit   'quick-format-unescaped': [ '4.0.4' ],
4154 silly audit   'real-require': [ '0.1.0' ],
4154 silly audit   'safe-stable-stringify': [ '2.5.0' ],
4154 silly audit   'sonic-boom': [ '2.8.0' ],
4154 silly audit   'thread-stream': [ '0.15.2' ],
4154 silly audit   duplexify: [ '4.1.3' ],
4154 silly audit   'end-of-stream': [ '1.4.5' ],
4154 silly audit   'stream-shift': [ '1.0.3' ],
4154 silly audit   once: [ '1.4.0' ],
4154 silly audit   wrappy: [ '1.0.2' ],
4154 silly audit   '@pm2/agent': [ '2.0.4' ],
4154 silly audit   '@pm2/io': [ '6.0.1' ],
4154 silly audit   '@pm2/js-api': [ '0.8.0' ],
4154 silly audit   '@pm2/pm2-version-check': [ '1.0.4' ],
4154 silly audit   blessed: [ '0.1.81' ],
4154 silly audit   chalk: [ '3.0.0' ],
4154 silly audit   chokidar: [ '3.6.0' ],
4154 silly audit   'cli-tableau': [ '2.0.1' ],
4154 silly audit   commander: [ '2.15.1' ],
4154 silly audit   croner: [ '4.1.97' ],
4154 silly audit   dayjs: [ '1.11.20', '1.8.36' ],
4154 silly audit   enquirer: [ '2.3.6' ],
4154 silly audit   eventemitter2: [ '5.0.1', '6.4.9', '0.4.14' ],
4154 silly audit   fclone: [ '1.0.11' ],
4154 silly audit   'js-yaml': [ '4.1.1' ],
4154 silly audit   needle: [ '2.4.0' ],
4154 silly audit   pidusage: [ '3.0.2', '2.0.21' ],
4154 silly audit   'pm2-axon': [ '4.0.1' ],
4154 silly audit   'pm2-axon-rpc': [ '0.7.1' ],
4154 silly audit   'pm2-deploy': [ '1.0.2' ],
4154 silly audit   'pm2-multimeter': [ '0.1.2' ],
4154 silly audit   'pm2-sysmonit': [ '1.2.8' ],
4154 silly audit   promptly: [ '2.2.0' ],
4154 silly audit   'source-map-support': [ '0.5.21' ],
4154 silly audit   'sprintf-js': [ '1.1.2' ],
4154 silly audit   vizion: [ '2.2.1' ],
4154 silly audit   'fast-json-patch': [ '3.1.1' ],
4154 silly audit   nssocket: [ '0.6.0' ],
4154 silly audit   'proxy-agent': [ '6.3.1', '8.0.1' ],
4154 silly audit   'require-in-the-middle': [ '5.2.0' ],
4154 silly audit   shimmer: [ '1.2.1' ],
4154 silly audit   extrareqp2: [ '1.0.0' ],
4154 silly audit   'ansi-styles': [ '4.3.0' ],
4154 silly audit   'supports-color': [ '7.2.0' ],
4154 silly audit   'color-convert': [ '2.0.1' ],
4154 silly audit   anymatch: [ '3.1.3' ],
4154 silly audit   braces: [ '3.0.3' ],
4154 silly audit   fsevents: [ '2.3.3' ],
4154 silly audit   'glob-parent': [ '5.1.2' ],
4154 silly audit   'is-binary-path': [ '2.1.0' ],
4154 silly audit   'is-glob': [ '4.0.3' ],
4154 silly audit   'normalize-path': [ '3.0.0' ],
4154 silly audit   readdirp: [ '3.6.0' ],
4154 silly audit   picomatch: [ '2.3.2' ],
4154 silly audit   'fill-range': [ '7.1.1' ],
4154 silly audit   'color-name': [ '1.1.4' ],
4154 silly audit   'ansi-colors': [ '4.1.3' ],
4154 silly audit   'to-regex-range': [ '5.0.1' ],
4154 silly audit   'binary-extensions': [ '2.3.0' ],
4154 silly audit   'is-extglob': [ '2.1.1' ],
4154 silly audit   argparse: [ '2.0.1' ],
4154 silly audit   lazy: [ '1.0.11' ],
4154 silly audit   amp: [ '0.3.1' ],
4154 silly audit   'amp-message': [ '0.1.2' ],
4154 silly audit   'escape-string-regexp': [ '4.0.0' ],
4154 silly audit   'run-series': [ '1.1.9' ],
4154 silly audit   tv4: [ '1.3.0' ],
4154 silly audit   charm: [ '0.1.2' ],
4154 silly audit   systeminformation: [ '5.31.6' ],
4154 silly audit   tx2: [ '1.0.5' ],
4154 silly audit   read: [ '1.0.7' ],
4154 silly audit   '@protobufjs/aspromise': [ '1.1.2' ],
4154 silly audit   '@protobufjs/base64': [ '1.1.2' ],
4154 silly audit   '@protobufjs/codegen': [ '2.0.5' ],
4154 silly audit   '@protobufjs/eventemitter': [ '1.1.0' ],
4154 silly audit   '@protobufjs/fetch': [ '1.1.1' ],
4154 silly audit   '@protobufjs/float': [ '1.0.2' ],
4154 silly audit   '@protobufjs/inquire': [ '1.1.2' ],
4154 silly audit   '@protobufjs/path': [ '1.1.2' ],
4154 silly audit   '@protobufjs/pool': [ '1.1.0' ],
4154 silly audit   '@protobufjs/utf8': [ '1.1.1' ],
4154 silly audit   long: [ '5.3.2', '4.0.0' ],
4154 silly audit   forwarded: [ '0.2.0' ],
4154 silly audit   'ipaddr.js': [ '1.9.1' ],
4154 silly audit   'pac-proxy-agent': [ '7.2.0', '9.0.1' ],
4154 silly audit   'proxy-from-env': [ '1.1.0', '2.1.0' ],
4154 silly audit   'socks-proxy-agent': [ '8.0.5', '10.0.0' ],
4154 silly audit   '@tootallnate/quickjs-emscripten': [ '0.23.0' ],
4154 silly audit   'get-uri': [ '6.0.5', '8.0.0' ],
4154 silly audit   'pac-resolver': [ '7.0.1', '9.0.1' ],
4154 silly audit   'basic-ftp': [ '5.3.1' ],
4154 silly audit   'data-uri-to-buffer': [ '6.0.2', '8.0.0' ],
4154 silly audit   degenerator: [ '5.0.1', '7.0.1' ],
4154 silly audit   netmask: [ '2.1.1' ],
4154 silly audit   'ast-types': [ '0.13.4' ],
4154 silly audit   '@puppeteer/browsers': [ '3.0.3' ],
4154 silly audit   'chromium-bidi': [ '16.0.1' ],
4154 silly audit   'devtools-protocol': [ '0.0.1608973' ],
4154 silly audit   cosmiconfig: [ '9.0.1' ],
4154 silly audit   'puppeteer-core': [ '25.0.4' ],
4154 silly audit   'typed-query-selector': [ '2.12.2' ],
4154 silly audit   mitt: [ '3.0.1' ],
4154 silly audit   zod: [ '3.25.76' ],
4154 silly audit   'env-paths': [ '2.2.1' ],
4154 silly audit   'import-fresh': [ '3.3.1' ],
4154 silly audit   'parse-json': [ '5.2.0' ],
4154 silly audit   'parent-module': [ '1.0.1' ],
4154 silly audit   'resolve-from': [ '4.0.0' ],
4154 silly audit   callsites: [ '3.1.0' ],
4154 silly audit   '@babel/code-frame': [ '7.29.0' ],
4154 silly audit   'error-ex': [ '1.3.4' ],
4154 silly audit   'json-parse-even-better-errors': [ '2.3.1' ],
4154 silly audit   'lines-and-columns': [ '1.2.4' ],
4154 silly audit   '@babel/helper-validator-identifier': [ '7.28.5' ],
4154 silly audit   'js-tokens': [ '4.0.0' ],
4154 silly audit   picocolors: [ '1.1.1' ],
4154 silly audit   'is-arrayish': [ '0.2.1', '0.3.4' ],
4154 silly audit   'webdriver-bidi-protocol': [ '0.4.1' ],
4154 silly audit   '@thi.ng/bitstream': [ '2.4.51' ],
4154 silly audit   '@thi.ng/errors': [ '2.6.13' ],
4154 silly audit   dijkstrajs: [ '1.0.3' ],
4154 silly audit   yargs: [ '15.4.1', '17.7.2' ],
4154 silly audit   'side-channel': [ '1.1.0' ],
4154 silly audit   'mute-stream': [ '0.0.8' ],
4154 silly audit   'core-util-is': [ '1.0.3' ],
4154 silly audit   isarray: [ '1.0.0' ],
4154 silly audit   'process-nextick-args': [ '2.0.1' ],
4154 silly audit   string_decoder: [ '1.1.1', '1.3.0' ],
4154 silly audit   'util-deprecate': [ '1.0.2' ],
4154 silly audit   'module-details-from-path': [ '1.0.4' ],
4154 silly audit   resolve: [ '1.22.12' ],
4154 silly audit   'is-core-module': [ '2.16.2' ],
4154 silly audit   'path-parse': [ '1.0.7' ],
4154 silly audit   'supports-preserve-symlinks-flag': [ '1.0.0' ],
4154 silly audit   glob: [ '7.2.3' ],
4154 silly audit   'fs.realpath': [ '1.0.0' ],
4154 silly audit   inflight: [ '1.0.6' ],
4154 silly audit   minimatch: [ '3.1.5' ],
4154 silly audit   'path-is-absolute': [ '1.0.1' ],
4154 silly audit   'brace-expansion': [ '1.1.14' ],
4154 silly audit   'balanced-match': [ '1.0.2' ],
4154 silly audit   'concat-map': [ '0.0.1' ],
4154 silly audit   xmlchars: [ '2.2.0' ],
4154 silly audit   'object-inspect': [ '1.13.4' ],
4154 silly audit   'side-channel-list': [ '1.0.1' ],
4154 silly audit   'side-channel-map': [ '1.0.1' ],
4154 silly audit   'side-channel-weakmap': [ '1.0.2' ],
4154 silly audit   'call-bound': [ '1.0.4' ],
4154 silly audit   'decompress-response': [ '4.2.1', '3.3.0', '6.0.0' ],
4154 silly audit   'simple-concat': [ '1.0.1' ],
4154 silly audit   'mimic-response': [ '2.1.0', '1.0.1', '3.1.0' ],
4154 silly audit   '@kwsites/file-exists': [ '1.1.1' ],
4154 silly audit   '@kwsites/promise-deferred': [ '1.1.1' ],
4154 silly audit   '@simple-git/args-pathspec': [ '1.0.3' ],
4154 silly audit   '@simple-git/argv-parser': [ '1.1.1' ],
4154 silly audit   'ip-address': [ '10.2.0' ],
4154 silly audit   'smart-buffer': [ '4.2.0' ],
4154 silly audit   'memory-pager': [ '1.5.0' ],
4154 silly audit   'emoji-regex': [ '8.0.0' ],
4154 silly audit   'is-fullwidth-code-point': [ '3.0.0' ],
4154 silly audit   'ansi-regex': [ '5.0.1' ],
4154 silly audit   'peek-readable': [ '4.1.0' ],
4154 silly audit   'has-flag': [ '4.0.0' ],
4154 silly audit   chownr: [ '2.0.0', '1.1.4' ],
4154 silly audit   'fs-minipass': [ '2.1.0' ],
4154 silly audit   minipass: [ '5.0.0', '3.3.6' ],
4154 silly audit   minizlib: [ '2.1.2' ],
4154 silly audit   yallist: [ '4.0.0' ],
4154 silly audit   'is-number': [ '7.0.0' ],
4154 silly audit   tldts: [ '6.1.86' ],
4154 silly audit   'tldts-core': [ '6.1.86' ],
4154 silly audit   configstore: [ '4.0.0' ],
4154 silly audit   got: [ '9.6.0' ],
4154 silly audit   'proxy-check': [ '1.0.8' ],
4154 silly audit   tunnel: [ '0.0.6' ],
4154 silly audit   'dot-prop': [ '4.2.1' ],
4154 silly audit   'unique-string': [ '1.0.0' ],
4154 silly audit   'write-file-atomic': [ '2.4.3' ],
4154 silly audit   'xdg-basedir': [ '3.0.0' ],
4154 silly audit   'is-obj': [ '1.0.1' ],
4154 silly audit   '@sindresorhus/is': [ '0.14.0' ],
4154 silly audit   '@szmarczak/http-timer': [ '1.1.2' ],
4154 silly audit   'cacheable-request': [ '6.1.0' ],
4154 silly audit   duplexer3: [ '0.1.5' ],
4154 silly audit   'get-stream': [ '4.1.0', '5.2.0' ],
4154 silly audit   'lowercase-keys': [ '1.0.1', '2.0.0' ],
4154 silly audit   'p-cancelable': [ '1.1.0' ],
4154 silly audit   'to-readable-stream': [ '1.0.0' ],
4154 silly audit   'url-parse-lax': [ '3.0.0' ],
4154 silly audit   'defer-to-connect': [ '1.1.3' ],
4154 silly audit   'clone-response': [ '1.0.3' ],
4154 silly audit   'http-cache-semantics': [ '4.2.0' ],
4154 silly audit   keyv: [ '3.1.0' ],
4154 silly audit   'normalize-url': [ '4.5.1' ],
4154 silly audit   responselike: [ '1.0.2' ],
4154 silly audit   pump: [ '3.0.4' ],
4154 silly audit   'json-buffer': [ '3.0.0' ],
4154 silly audit   'json-stringify-safe': [ '5.0.1' ],
4154 silly audit   'random-bytes': [ '1.0.0' ],
4154 silly audit   'crypto-random-string': [ '1.0.0' ],
4154 silly audit   'prepend-http': [ '2.0.0' ],
4154 silly audit   pako: [ '1.0.11', '0.2.9' ],
4154 silly audit   'is-arguments': [ '1.2.0' ],
4154 silly audit   'is-generator-function': [ '1.1.2' ],
4154 silly audit   'is-typed-array': [ '1.1.15' ],
4154 silly audit   'which-typed-array': [ '1.1.20' ],
4154 silly audit   'generator-function': [ '2.0.1' ],
4154 silly audit   'safe-regex-test': [ '1.1.0' ],
4154 silly audit   'is-regex': [ '1.2.1' ],
4154 silly audit   'git-node-fs': [ '1.0.0' ],
4154 silly audit   ini: [ '1.3.8' ],
4154 silly audit   'js-git': [ '0.7.8' ],
4154 silly audit   bodec: [ '0.1.0' ],
4154 silly audit   culvert: [ '0.1.2' ],
4154 silly audit   'git-sha1': [ '0.1.2' ],
4154 silly audit   'browser-process-hrtime': [ '1.0.0' ],
4154 silly audit   'image-size': [ '1.2.1' ],
4154 silly audit   sharp: [ '0.32.6', '0.30.7' ],
4154 silly audit   queue: [ '6.0.2' ],
4154 silly audit   color: [ '4.2.3' ],
4154 silly audit   'node-addon-api': [ '6.1.0', '5.1.0' ],
4154 silly audit   'prebuild-install': [ '7.1.3' ],
4154 silly audit   'tar-fs': [ '3.1.2', '2.1.4' ],
4154 silly audit   'tunnel-agent': [ '0.6.0' ],
4154 silly audit   'color-string': [ '1.9.1' ],
4154 silly audit   'simple-swizzle': [ '0.2.4' ],
4154 silly audit   'expand-template': [ '2.0.3' ],
4154 silly audit   'github-from-package': [ '0.0.0' ],
4154 silly audit   'mkdirp-classic': [ '0.5.3' ],
4154 silly audit   'napi-build-utils': [ '2.0.0' ],
4154 silly audit   'node-abi': [ '3.92.0' ],
4154 silly audit   rc: [ '1.2.8' ],
4154 silly audit   'deep-extend': [ '0.6.0' ],
4154 silly audit   'strip-json-comments': [ '2.0.1' ],
4154 silly audit   'bare-fs': [ '4.7.1' ],
4154 silly audit   'bare-path': [ '3.0.0' ],
4154 silly audit   'tar-stream': [ '3.2.0', '2.2.0' ],
4154 silly audit   'bare-events': [ '2.8.3' ],
4154 silly audit   'bare-stream': [ '2.13.1' ],
4154 silly audit   'bare-url': [ '2.4.3' ],
4154 silly audit   'fast-fifo': [ '1.3.2' ],
4154 silly audit   'bare-os': [ '3.9.1' ],
4154 silly audit   streamx: [ '2.25.0' ],
4154 silly audit   teex: [ '1.0.1' ],
4154 silly audit   'events-universal': [ '1.0.1' ],
4154 silly audit   'text-decoder': [ '1.2.7' ],
4154 silly audit   b4a: [ '1.8.1' ],
4154 silly audit   lodash: [ '4.18.1' ],
4154 silly audit   tr46: [ '2.1.0', '3.0.0', '0.0.3' ],
4154 silly audit   punycode: [ '2.3.1' ],
4154 silly audit   isexe: [ '2.0.0' ],
4154 silly audit   'available-typed-arrays': [ '1.0.7' ],
4154 silly audit   'call-bind': [ '1.0.9' ],
4154 silly audit   'for-each': [ '0.3.5' ],
4154 silly audit   'possible-typed-array-names': [ '1.1.0' ],
4154 silly audit   'set-function-length': [ '1.2.2' ],
4154 silly audit   'is-callable': [ '1.2.7' ],
4154 silly audit   'define-data-property': [ '1.1.4' ],
4154 silly audit   'has-property-descriptors': [ '1.0.2' ],
4154 silly audit   imurmurhash: [ '0.1.4' ],
4154 silly audit   global: [ '4.4.0' ],
4154 silly audit   'is-function': [ '1.0.2' ],
4154 silly audit   'parse-headers': [ '2.0.6' ],
4154 silly audit   'min-document': [ '2.19.2' ],
4154 silly audit   'dom-walk': [ '0.1.2' ],
4154 silly audit   xmlbuilder: [ '11.0.1' ],
4154 silly audit   cliui: [ '6.0.0', '8.0.1' ],
4154 silly audit   decamelize: [ '1.2.0' ],
4154 silly audit   'find-up': [ '4.1.0' ],
4154 silly audit   'get-caller-file': [ '2.0.5' ],
4154 silly audit   'require-directory': [ '2.1.1' ],
4154 silly audit   'require-main-filename': [ '2.0.0' ],
4154 silly audit   'which-module': [ '2.0.1' ],
4154 silly audit   y18n: [ '4.0.3', '5.0.8' ],
4154 silly audit   'yargs-parser': [ '18.1.3', '21.1.1' ],
4154 silly audit   'wrap-ansi': [ '6.2.0', '7.0.0' ],
4154 silly audit   'locate-path': [ '5.0.0' ],
4154 silly audit   'path-exists': [ '4.0.0' ],
4154 silly audit   'p-locate': [ '4.1.0' ],
4154 silly audit   'p-limit': [ '2.3.0' ],
4154 silly audit   'p-try': [ '2.2.0' ],
4154 silly audit   camelcase: [ '5.3.1' ],
4154 silly audit   pify: [ '3.0.0' ],
4154 silly audit   psl: [ '1.15.0' ],
4154 silly audit   'url-parse': [ '1.5.10' ],
4154 silly audit   querystringify: [ '2.2.0' ],
4154 silly audit   'requires-port': [ '1.0.0' ],
4154 silly audit   '@types/long': [ '4.0.2' ],
4154 silly audit   centra: [ '2.7.0' ],
4154 silly audit   bl: [ '4.1.0' ],
4154 silly audit   'fs-constants': [ '1.0.0' ],
4154 silly audit   progress: [ '2.0.3' ],
4154 silly audit   'quickjs-wasi': [ '2.2.0' ],
4154 silly audit   escalade: [ '3.2.0' ],
4154 silly audit   'abort-controller': [ '3.0.0' ],
4154 silly audit   events: [ '3.3.0' ],
4154 silly audit   'event-target-shim': [ '5.0.1' ]
4154 silly audit }
4155 http cache event-target-shim@https://registry.npmjs.org/event-target-shim/-/event-target-shim-5.0.1.tgz 0ms (cache hit)
4156 http cache abort-controller@https://registry.npmjs.org/abort-controller/-/abort-controller-3.0.0.tgz 0ms (cache hit)
4157 http cache events@https://registry.npmjs.org/events/-/events-3.3.0.tgz 0ms (cache hit)
4158 http cache escalade@https://registry.npmjs.org/escalade/-/escalade-3.2.0.tgz 1ms (cache hit)
4159 http cache quickjs-wasi@https://registry.npmjs.org/quickjs-wasi/-/quickjs-wasi-2.2.0.tgz 0ms (cache hit)
4160 http cache progress@https://registry.npmjs.org/progress/-/progress-2.0.3.tgz 0ms (cache hit)
4161 http cache fs-constants@https://registry.npmjs.org/fs-constants/-/fs-constants-1.0.0.tgz 0ms (cache hit)
4162 http cache bl@https://registry.npmjs.org/bl/-/bl-4.1.0.tgz 1ms (cache hit)
4163 http cache centra@https://registry.npmjs.org/centra/-/centra-2.7.0.tgz 0ms (cache hit)
4164 http cache @types/long@https://registry.npmjs.org/@types/long/-/long-4.0.2.tgz 1ms (cache hit)
4165 http cache requires-port@https://registry.npmjs.org/requires-port/-/requires-port-1.0.0.tgz 0ms (cache hit)
4166 http cache querystringify@https://registry.npmjs.org/querystringify/-/querystringify-2.2.0.tgz 0ms (cache hit)
4167 http cache url-parse@https://registry.npmjs.org/url-parse/-/url-parse-1.5.10.tgz 0ms (cache hit)
4168 http cache psl@https://registry.npmjs.org/psl/-/psl-1.15.0.tgz 1ms (cache hit)
4169 http cache pify@https://registry.npmjs.org/pify/-/pify-3.0.0.tgz 0ms (cache hit)
4170 http cache camelcase@https://registry.npmjs.org/camelcase/-/camelcase-5.3.1.tgz 0ms (cache hit)
4171 http cache p-limit@https://registry.npmjs.org/p-limit/-/p-limit-2.3.0.tgz 0ms (cache hit)
4172 http cache p-try@https://registry.npmjs.org/p-try/-/p-try-2.2.0.tgz 1ms (cache hit)
4173 http cache p-locate@https://registry.npmjs.org/p-locate/-/p-locate-4.1.0.tgz 0ms (cache hit)
4174 http cache path-exists@https://registry.npmjs.org/path-exists/-/path-exists-4.0.0.tgz 0ms (cache hit)
4175 http cache locate-path@https://registry.npmjs.org/locate-path/-/locate-path-5.0.0.tgz 0ms (cache hit)
4176 http cache wrap-ansi@https://registry.npmjs.org/wrap-ansi/-/wrap-ansi-6.2.0.tgz 0ms (cache hit)
4177 http cache yargs-parser@https://registry.npmjs.org/yargs-parser/-/yargs-parser-18.1.3.tgz 0ms (cache hit)
4178 http cache y18n@https://registry.npmjs.org/y18n/-/y18n-4.0.3.tgz 0ms (cache hit)
4179 http cache which-module@https://registry.npmjs.org/which-module/-/which-module-2.0.1.tgz 0ms (cache hit)
4180 http cache require-main-filename@https://registry.npmjs.org/require-main-filename/-/require-main-filename-2.0.0.tgz 0ms (cache hit)
4181 http cache require-directory@https://registry.npmjs.org/require-directory/-/require-directory-2.1.1.tgz 0ms (cache hit)
4182 http cache get-caller-file@https://registry.npmjs.org/get-caller-file/-/get-caller-file-2.0.5.tgz 0ms (cache hit)
4183 http cache find-up@https://registry.npmjs.org/find-up/-/find-up-4.1.0.tgz 0ms (cache hit)
4184 http cache decamelize@https://registry.npmjs.org/decamelize/-/decamelize-1.2.0.tgz 1ms (cache hit)
4185 http cache cliui@https://registry.npmjs.org/cliui/-/cliui-6.0.0.tgz 0ms (cache hit)
4186 http cache xmlbuilder@https://registry.npmjs.org/xmlbuilder/-/xmlbuilder-11.0.1.tgz 0ms (cache hit)
4187 http cache dom-walk@https://registry.npmjs.org/dom-walk/-/dom-walk-0.1.2.tgz 0ms (cache hit)
4188 http cache min-document@https://registry.npmjs.org/min-document/-/min-document-2.19.2.tgz 0ms (cache hit)
4189 http cache parse-headers@https://registry.npmjs.org/parse-headers/-/parse-headers-2.0.6.tgz 0ms (cache hit)
4190 http cache is-function@https://registry.npmjs.org/is-function/-/is-function-1.0.2.tgz 0ms (cache hit)
4191 http cache global@https://registry.npmjs.org/global/-/global-4.4.0.tgz 0ms (cache hit)
4192 http cache imurmurhash@https://registry.npmjs.org/imurmurhash/-/imurmurhash-0.1.4.tgz 1ms (cache hit)
4193 http cache has-property-descriptors@https://registry.npmjs.org/has-property-descriptors/-/has-property-descriptors-1.0.2.tgz 0ms (cache hit)
4194 http cache define-data-property@https://registry.npmjs.org/define-data-property/-/define-data-property-1.1.4.tgz 0ms (cache hit)
4195 http cache is-callable@https://registry.npmjs.org/is-callable/-/is-callable-1.2.7.tgz 0ms (cache hit)
4196 http cache set-function-length@https://registry.npmjs.org/set-function-length/-/set-function-length-1.2.2.tgz 1ms (cache hit)
4197 http cache possible-typed-array-names@https://registry.npmjs.org/possible-typed-array-names/-/possible-typed-array-names-1.1.0.tgz 0ms (cache hit)
4198 http cache for-each@https://registry.npmjs.org/for-each/-/for-each-0.3.5.tgz 0ms (cache hit)
4199 http cache call-bind@https://registry.npmjs.org/call-bind/-/call-bind-1.0.9.tgz 0ms (cache hit)
4200 http cache available-typed-arrays@https://registry.npmjs.org/available-typed-arrays/-/available-typed-arrays-1.0.7.tgz 1ms (cache hit)
4201 http cache isexe@https://registry.npmjs.org/isexe/-/isexe-2.0.0.tgz 0ms (cache hit)
4202 http cache punycode@https://registry.npmjs.org/punycode/-/punycode-2.3.1.tgz 0ms (cache hit)
4203 http cache tr46@https://registry.npmjs.org/tr46/-/tr46-2.1.0.tgz 0ms (cache hit)
4204 http cache lodash@https://registry.npmjs.org/lodash/-/lodash-4.18.1.tgz 0ms (cache hit)
4205 http cache b4a@https://registry.npmjs.org/b4a/-/b4a-1.8.1.tgz 0ms (cache hit)
4206 http cache text-decoder@https://registry.npmjs.org/text-decoder/-/text-decoder-1.2.7.tgz 0ms (cache hit)
4207 http cache events-universal@https://registry.npmjs.org/events-universal/-/events-universal-1.0.1.tgz 0ms (cache hit)
4208 http cache teex@https://registry.npmjs.org/teex/-/teex-1.0.1.tgz 0ms (cache hit)
4209 http cache streamx@https://registry.npmjs.org/streamx/-/streamx-2.25.0.tgz 0ms (cache hit)
4210 http cache bare-os@https://registry.npmjs.org/bare-os/-/bare-os-3.9.1.tgz 0ms (cache hit)
4211 http cache fast-fifo@https://registry.npmjs.org/fast-fifo/-/fast-fifo-1.3.2.tgz 0ms (cache hit)
4212 http cache bare-url@https://registry.npmjs.org/bare-url/-/bare-url-2.4.3.tgz 0ms (cache hit)
4213 http cache bare-stream@https://registry.npmjs.org/bare-stream/-/bare-stream-2.13.1.tgz 0ms (cache hit)
4214 http cache bare-events@https://registry.npmjs.org/bare-events/-/bare-events-2.8.3.tgz 1ms (cache hit)
4215 http cache tar-stream@https://registry.npmjs.org/tar-stream/-/tar-stream-3.2.0.tgz 0ms (cache hit)
4216 http cache bare-path@https://registry.npmjs.org/bare-path/-/bare-path-3.0.0.tgz 0ms (cache hit)
4217 http cache bare-fs@https://registry.npmjs.org/bare-fs/-/bare-fs-4.7.1.tgz 0ms (cache hit)
4218 http cache strip-json-comments@https://registry.npmjs.org/strip-json-comments/-/strip-json-comments-2.0.1.tgz 0ms (cache hit)
4219 http cache deep-extend@https://registry.npmjs.org/deep-extend/-/deep-extend-0.6.0.tgz 0ms (cache hit)
4220 http cache rc@https://registry.npmjs.org/rc/-/rc-1.2.8.tgz 1ms (cache hit)
4221 http cache node-abi@https://registry.npmjs.org/node-abi/-/node-abi-3.92.0.tgz 0ms (cache hit)
4222 http cache napi-build-utils@https://registry.npmjs.org/napi-build-utils/-/napi-build-utils-2.0.0.tgz 0ms (cache hit)
4223 http cache mkdirp-classic@https://registry.npmjs.org/mkdirp-classic/-/mkdirp-classic-0.5.3.tgz 0ms (cache hit)
4224 http cache github-from-package@https://registry.npmjs.org/github-from-package/-/github-from-package-0.0.0.tgz 0ms (cache hit)
4225 http cache expand-template@https://registry.npmjs.org/expand-template/-/expand-template-2.0.3.tgz 0ms (cache hit)
4226 http cache simple-swizzle@https://registry.npmjs.org/simple-swizzle/-/simple-swizzle-0.2.4.tgz 0ms (cache hit)
4227 http cache color-string@https://registry.npmjs.org/color-string/-/color-string-1.9.1.tgz 0ms (cache hit)
4228 http cache tunnel-agent@https://registry.npmjs.org/tunnel-agent/-/tunnel-agent-0.6.0.tgz 0ms (cache hit)
4229 http cache prebuild-install@https://registry.npmjs.org/prebuild-install/-/prebuild-install-7.1.3.tgz 0ms (cache hit)
4230 http cache tar-fs@https://registry.npmjs.org/tar-fs/-/tar-fs-3.1.2.tgz 0ms (cache hit)
4231 http cache node-addon-api@https://registry.npmjs.org/node-addon-api/-/node-addon-api-6.1.0.tgz 0ms (cache hit)
4232 http cache color@https://registry.npmjs.org/color/-/color-4.2.3.tgz 0ms (cache hit)
4233 http cache queue@https://registry.npmjs.org/queue/-/queue-6.0.2.tgz 0ms (cache hit)
4234 http cache sharp@https://registry.npmjs.org/sharp/-/sharp-0.32.6.tgz 1ms (cache hit)
4235 http cache image-size@https://registry.npmjs.org/image-size/-/image-size-1.2.1.tgz 0ms (cache hit)
4236 http cache browser-process-hrtime@https://registry.npmjs.org/browser-process-hrtime/-/browser-process-hrtime-1.0.0.tgz 0ms (cache hit)
4237 http cache git-sha1@https://registry.npmjs.org/git-sha1/-/git-sha1-0.1.2.tgz 0ms (cache hit)
4238 http cache bodec@https://registry.npmjs.org/bodec/-/bodec-0.1.0.tgz 0ms (cache hit)
4239 http cache culvert@https://registry.npmjs.org/culvert/-/culvert-0.1.2.tgz 0ms (cache hit)
4240 http cache js-git@https://registry.npmjs.org/js-git/-/js-git-0.7.8.tgz 0ms (cache hit)
4241 http cache ini@https://registry.npmjs.org/ini/-/ini-1.3.8.tgz 1ms (cache hit)
4242 http cache git-node-fs@https://registry.npmjs.org/git-node-fs/-/git-node-fs-1.0.0.tgz 0ms (cache hit)
4243 http cache is-regex@https://registry.npmjs.org/is-regex/-/is-regex-1.2.1.tgz 0ms (cache hit)
4244 http cache safe-regex-test@https://registry.npmjs.org/safe-regex-test/-/safe-regex-test-1.1.0.tgz 0ms (cache hit)
4245 http cache which-typed-array@https://registry.npmjs.org/which-typed-array/-/which-typed-array-1.1.20.tgz 0ms (cache hit)
4246 http cache generator-function@https://registry.npmjs.org/generator-function/-/generator-function-2.0.1.tgz 0ms (cache hit)
4247 http cache is-typed-array@https://registry.npmjs.org/is-typed-array/-/is-typed-array-1.1.15.tgz 0ms (cache hit)
4248 http cache is-generator-function@https://registry.npmjs.org/is-generator-function/-/is-generator-function-1.1.2.tgz 0ms (cache hit)
4249 http cache is-arguments@https://registry.npmjs.org/is-arguments/-/is-arguments-1.2.0.tgz 1ms (cache hit)
4250 http cache pako@https://registry.npmjs.org/pako/-/pako-1.0.11.tgz 0ms (cache hit)
4251 http cache prepend-http@https://registry.npmjs.org/prepend-http/-/prepend-http-2.0.0.tgz 0ms (cache hit)
4252 http cache crypto-random-string@https://registry.npmjs.org/crypto-random-string/-/crypto-random-string-1.0.0.tgz 1ms (cache hit)
4253 http cache random-bytes@https://registry.npmjs.org/random-bytes/-/random-bytes-1.0.0.tgz 0ms (cache hit)
4254 http cache json-stringify-safe@https://registry.npmjs.org/json-stringify-safe/-/json-stringify-safe-5.0.1.tgz 0ms (cache hit)
4255 http cache json-buffer@https://registry.npmjs.org/json-buffer/-/json-buffer-3.0.0.tgz 0ms (cache hit)
4256 http cache pump@https://registry.npmjs.org/pump/-/pump-3.0.4.tgz 0ms (cache hit)
4257 http cache responselike@https://registry.npmjs.org/responselike/-/responselike-1.0.2.tgz 0ms (cache hit)
4258 http cache normalize-url@https://registry.npmjs.org/normalize-url/-/normalize-url-4.5.1.tgz 0ms (cache hit)
4259 http cache keyv@https://registry.npmjs.org/keyv/-/keyv-3.1.0.tgz 0ms (cache hit)
4260 http cache http-cache-semantics@https://registry.npmjs.org/http-cache-semantics/-/http-cache-semantics-4.2.0.tgz 0ms (cache hit)
4261 http cache clone-response@https://registry.npmjs.org/clone-response/-/clone-response-1.0.3.tgz 0ms (cache hit)
4262 http cache defer-to-connect@https://registry.npmjs.org/defer-to-connect/-/defer-to-connect-1.1.3.tgz 0ms (cache hit)
4263 http cache url-parse-lax@https://registry.npmjs.org/url-parse-lax/-/url-parse-lax-3.0.0.tgz 0ms (cache hit)
4264 http cache to-readable-stream@https://registry.npmjs.org/to-readable-stream/-/to-readable-stream-1.0.0.tgz 0ms (cache hit)
4265 http cache p-cancelable@https://registry.npmjs.org/p-cancelable/-/p-cancelable-1.1.0.tgz 0ms (cache hit)
4266 http cache lowercase-keys@https://registry.npmjs.org/lowercase-keys/-/lowercase-keys-1.0.1.tgz 0ms (cache hit)
4267 http cache get-stream@https://registry.npmjs.org/get-stream/-/get-stream-4.1.0.tgz 0ms (cache hit)
4268 http cache duplexer3@https://registry.npmjs.org/duplexer3/-/duplexer3-0.1.5.tgz 0ms (cache hit)
4269 http cache cacheable-request@https://registry.npmjs.org/cacheable-request/-/cacheable-request-6.1.0.tgz 0ms (cache hit)
4270 http cache @szmarczak/http-timer@https://registry.npmjs.org/@szmarczak/http-timer/-/http-timer-1.1.2.tgz 1ms (cache hit)
4271 http cache @sindresorhus/is@https://registry.npmjs.org/@sindresorhus/is/-/is-0.14.0.tgz 0ms (cache hit)
4272 http cache is-obj@https://registry.npmjs.org/is-obj/-/is-obj-1.0.1.tgz 0ms (cache hit)
4273 http cache xdg-basedir@https://registry.npmjs.org/xdg-basedir/-/xdg-basedir-3.0.0.tgz 1ms (cache hit)
4274 http cache write-file-atomic@https://registry.npmjs.org/write-file-atomic/-/write-file-atomic-2.4.3.tgz 0ms (cache hit)
4275 http cache unique-string@https://registry.npmjs.org/unique-string/-/unique-string-1.0.0.tgz 0ms (cache hit)
4276 http cache tunnel@https://registry.npmjs.org/tunnel/-/tunnel-0.0.6.tgz 1ms (cache hit)
4277 http cache dot-prop@https://registry.npmjs.org/dot-prop/-/dot-prop-4.2.1.tgz 0ms (cache hit)
4278 http cache proxy-check@https://registry.npmjs.org/proxy-check/-/proxy-check-1.0.8.tgz 0ms (cache hit)
4279 http cache got@https://registry.npmjs.org/got/-/got-9.6.0.tgz 0ms (cache hit)
4280 http cache configstore@https://registry.npmjs.org/configstore/-/configstore-4.0.0.tgz 0ms (cache hit)
4281 http cache tldts-core@https://registry.npmjs.org/tldts-core/-/tldts-core-6.1.86.tgz 0ms (cache hit)
4282 http cache tldts@https://registry.npmjs.org/tldts/-/tldts-6.1.86.tgz 0ms (cache hit)
4283 http cache is-number@https://registry.npmjs.org/is-number/-/is-number-7.0.0.tgz 0ms (cache hit)
4284 http cache yallist@https://registry.npmjs.org/yallist/-/yallist-4.0.0.tgz 0ms (cache hit)
4285 http cache minizlib@https://registry.npmjs.org/minizlib/-/minizlib-2.1.2.tgz 0ms (cache hit)
4286 http cache minipass@https://registry.npmjs.org/minipass/-/minipass-5.0.0.tgz 0ms (cache hit)
4287 http cache fs-minipass@https://registry.npmjs.org/fs-minipass/-/fs-minipass-2.1.0.tgz 0ms (cache hit)
4288 http cache chownr@https://registry.npmjs.org/chownr/-/chownr-2.0.0.tgz 1ms (cache hit)
4289 http cache has-flag@https://registry.npmjs.org/has-flag/-/has-flag-4.0.0.tgz 0ms (cache hit)
4290 http cache peek-readable@https://registry.npmjs.org/peek-readable/-/peek-readable-4.1.0.tgz 0ms (cache hit)
4291 http cache ansi-regex@https://registry.npmjs.org/ansi-regex/-/ansi-regex-5.0.1.tgz 1ms (cache hit)
4292 http cache is-fullwidth-code-point@https://registry.npmjs.org/is-fullwidth-code-point/-/is-fullwidth-code-point-3.0.0.tgz 0ms (cache hit)
4293 http cache emoji-regex@https://registry.npmjs.org/emoji-regex/-/emoji-regex-8.0.0.tgz 0ms (cache hit)
4294 http cache memory-pager@https://registry.npmjs.org/memory-pager/-/memory-pager-1.5.0.tgz 0ms (cache hit)
4295 http cache smart-buffer@https://registry.npmjs.org/smart-buffer/-/smart-buffer-4.2.0.tgz 0ms (cache hit)
4296 http cache ip-address@https://registry.npmjs.org/ip-address/-/ip-address-10.2.0.tgz 0ms (cache hit)
4297 http cache @simple-git/argv-parser@https://registry.npmjs.org/@simple-git/argv-parser/-/argv-parser-1.1.1.tgz 0ms (cache hit)
4298 http cache @simple-git/args-pathspec@https://registry.npmjs.org/@simple-git/args-pathspec/-/args-pathspec-1.0.3.tgz 0ms (cache hit)
4299 http cache @kwsites/promise-deferred@https://registry.npmjs.org/@kwsites/promise-deferred/-/promise-deferred-1.1.1.tgz 0ms (cache hit)
4300 http cache @kwsites/file-exists@https://registry.npmjs.org/@kwsites/file-exists/-/file-exists-1.1.1.tgz 1ms (cache hit)
4301 http cache simple-concat@https://registry.npmjs.org/simple-concat/-/simple-concat-1.0.1.tgz 0ms (cache hit)
4302 http cache mimic-response@https://registry.npmjs.org/mimic-response/-/mimic-response-2.1.0.tgz 0ms (cache hit)
4303 http cache decompress-response@https://registry.npmjs.org/decompress-response/-/decompress-response-4.2.1.tgz 0ms (cache hit)
4304 http cache call-bound@https://registry.npmjs.org/call-bound/-/call-bound-1.0.4.tgz 0ms (cache hit)
4305 http cache side-channel-weakmap@https://registry.npmjs.org/side-channel-weakmap/-/side-channel-weakmap-1.0.2.tgz 0ms (cache hit)
4306 http cache side-channel-map@https://registry.npmjs.org/side-channel-map/-/side-channel-map-1.0.1.tgz 1ms (cache hit)
4307 http cache side-channel-list@https://registry.npmjs.org/side-channel-list/-/side-channel-list-1.0.1.tgz 0ms (cache hit)
4308 http cache object-inspect@https://registry.npmjs.org/object-inspect/-/object-inspect-1.13.4.tgz 0ms (cache hit)
4309 http cache xmlchars@https://registry.npmjs.org/xmlchars/-/xmlchars-2.2.0.tgz 1ms (cache hit)
4310 http cache concat-map@https://registry.npmjs.org/concat-map/-/concat-map-0.0.1.tgz 0ms (cache hit)
4311 http cache balanced-match@https://registry.npmjs.org/balanced-match/-/balanced-match-1.0.2.tgz 0ms (cache hit)
4312 http cache brace-expansion@https://registry.npmjs.org/brace-expansion/-/brace-expansion-1.1.14.tgz 0ms (cache hit)
4313 http cache path-is-absolute@https://registry.npmjs.org/path-is-absolute/-/path-is-absolute-1.0.1.tgz 1ms (cache hit)
4314 http cache minimatch@https://registry.npmjs.org/minimatch/-/minimatch-3.1.5.tgz 0ms (cache hit)
4315 http cache inflight@https://registry.npmjs.org/inflight/-/inflight-1.0.6.tgz 0ms (cache hit)
4316 http cache fs.realpath@https://registry.npmjs.org/fs.realpath/-/fs.realpath-1.0.0.tgz 0ms (cache hit)
4317 http cache glob@https://registry.npmjs.org/glob/-/glob-7.2.3.tgz 0ms (cache hit)
4318 http cache supports-preserve-symlinks-flag@https://registry.npmjs.org/supports-preserve-symlinks-flag/-/supports-preserve-symlinks-flag-1.0.0.tgz 0ms (cache hit)
4319 http cache path-parse@https://registry.npmjs.org/path-parse/-/path-parse-1.0.7.tgz 0ms (cache hit)
4320 http cache is-core-module@https://registry.npmjs.org/is-core-module/-/is-core-module-2.16.2.tgz 0ms (cache hit)
4321 http cache resolve@https://registry.npmjs.org/resolve/-/resolve-1.22.12.tgz 0ms (cache hit)
4322 http cache module-details-from-path@https://registry.npmjs.org/module-details-from-path/-/module-details-from-path-1.0.4.tgz 1ms (cache hit)
4323 http cache util-deprecate@https://registry.npmjs.org/util-deprecate/-/util-deprecate-1.0.2.tgz 1ms (cache hit)
4324 http cache string_decoder@https://registry.npmjs.org/string_decoder/-/string_decoder-1.1.1.tgz 0ms (cache hit)
4325 http cache process-nextick-args@https://registry.npmjs.org/process-nextick-args/-/process-nextick-args-2.0.1.tgz 1ms (cache hit)
4326 http cache isarray@https://registry.npmjs.org/isarray/-/isarray-1.0.0.tgz 0ms (cache hit)
4327 http cache core-util-is@https://registry.npmjs.org/core-util-is/-/core-util-is-1.0.3.tgz 0ms (cache hit)
4328 http cache mute-stream@https://registry.npmjs.org/mute-stream/-/mute-stream-0.0.8.tgz 0ms (cache hit)
4329 http cache yargs@https://registry.npmjs.org/yargs/-/yargs-15.4.1.tgz 0ms (cache hit)
4330 http cache side-channel@https://registry.npmjs.org/side-channel/-/side-channel-1.1.0.tgz 0ms (cache hit)
4331 http cache dijkstrajs@https://registry.npmjs.org/dijkstrajs/-/dijkstrajs-1.0.3.tgz 1ms (cache hit)
4332 http cache @thi.ng/bitstream@https://registry.npmjs.org/@thi.ng/bitstream/-/bitstream-2.4.51.tgz 0ms (cache hit)
4333 http cache @thi.ng/errors@https://registry.npmjs.org/@thi.ng/errors/-/errors-2.6.13.tgz 0ms (cache hit)
4334 http cache webdriver-bidi-protocol@https://registry.npmjs.org/webdriver-bidi-protocol/-/webdriver-bidi-protocol-0.4.1.tgz 0ms (cache hit)
4335 http cache is-arrayish@https://registry.npmjs.org/is-arrayish/-/is-arrayish-0.2.1.tgz 1ms (cache hit)
4336 http cache picocolors@https://registry.npmjs.org/picocolors/-/picocolors-1.1.1.tgz 0ms (cache hit)
4337 http cache js-tokens@https://registry.npmjs.org/js-tokens/-/js-tokens-4.0.0.tgz 0ms (cache hit)
4338 http cache @babel/helper-validator-identifier@https://registry.npmjs.org/@babel/helper-validator-identifier/-/helper-validator-identifier-7.28.5.tgz 0ms (cache hit)
4339 http cache lines-and-columns@https://registry.npmjs.org/lines-and-columns/-/lines-and-columns-1.2.4.tgz 0ms (cache hit)
4340 http cache json-parse-even-better-errors@https://registry.npmjs.org/json-parse-even-better-errors/-/json-parse-even-better-errors-2.3.1.tgz 0ms (cache hit)
4341 http cache error-ex@https://registry.npmjs.org/error-ex/-/error-ex-1.3.4.tgz 0ms (cache hit)
4342 http cache @babel/code-frame@https://registry.npmjs.org/@babel/code-frame/-/code-frame-7.29.0.tgz 0ms (cache hit)
4343 http cache callsites@https://registry.npmjs.org/callsites/-/callsites-3.1.0.tgz 0ms (cache hit)
4344 http cache resolve-from@https://registry.npmjs.org/resolve-from/-/resolve-from-4.0.0.tgz 0ms (cache hit)
4345 http cache parent-module@https://registry.npmjs.org/parent-module/-/parent-module-1.0.1.tgz 0ms (cache hit)
4346 http cache import-fresh@https://registry.npmjs.org/import-fresh/-/import-fresh-3.3.1.tgz 1ms (cache hit)
4347 http cache env-paths@https://registry.npmjs.org/env-paths/-/env-paths-2.2.1.tgz 1ms (cache hit)
4348 http cache mitt@https://registry.npmjs.org/mitt/-/mitt-3.0.1.tgz 0ms (cache hit)
4349 http cache zod@https://registry.npmjs.org/zod/-/zod-3.25.76.tgz 1ms (cache hit)
4350 http cache puppeteer-core@https://registry.npmjs.org/puppeteer-core/-/puppeteer-core-25.0.4.tgz 0ms (cache hit)
4351 http cache typed-query-selector@https://registry.npmjs.org/typed-query-selector/-/typed-query-selector-2.12.2.tgz 0ms (cache hit)
4352 http cache cosmiconfig@https://registry.npmjs.org/cosmiconfig/-/cosmiconfig-9.0.1.tgz 0ms (cache hit)
4353 http cache devtools-protocol@https://registry.npmjs.org/devtools-protocol/-/devtools-protocol-0.0.1608973.tgz 0ms (cache hit)
4354 http cache chromium-bidi@https://registry.npmjs.org/chromium-bidi/-/chromium-bidi-16.0.1.tgz 0ms (cache hit)
4355 http cache ast-types@https://registry.npmjs.org/ast-types/-/ast-types-0.13.4.tgz 0ms (cache hit)
4356 http cache netmask@https://registry.npmjs.org/netmask/-/netmask-2.1.1.tgz 1ms (cache hit)
4357 http cache degenerator@https://registry.npmjs.org/degenerator/-/degenerator-5.0.1.tgz 0ms (cache hit)
4358 http cache parse-json@https://registry.npmjs.org/parse-json/-/parse-json-5.2.0.tgz 0ms (cache hit)
4359 http cache data-uri-to-buffer@https://registry.npmjs.org/data-uri-to-buffer/-/data-uri-to-buffer-6.0.2.tgz 1ms (cache hit)
4360 http cache basic-ftp@https://registry.npmjs.org/basic-ftp/-/basic-ftp-5.3.1.tgz 0ms (cache hit)
4361 http cache pac-resolver@https://registry.npmjs.org/pac-resolver/-/pac-resolver-7.0.1.tgz 0ms (cache hit)
4362 http cache get-uri@https://registry.npmjs.org/get-uri/-/get-uri-6.0.5.tgz 1ms (cache hit)
4363 http cache @tootallnate/quickjs-emscripten@https://registry.npmjs.org/@tootallnate/quickjs-emscripten/-/quickjs-emscripten-0.23.0.tgz 0ms (cache hit)
4364 http cache socks-proxy-agent@https://registry.npmjs.org/socks-proxy-agent/-/socks-proxy-agent-8.0.5.tgz 0ms (cache hit)
4365 http cache proxy-from-env@https://registry.npmjs.org/proxy-from-env/-/proxy-from-env-1.1.0.tgz 1ms (cache hit)
4366 http cache pac-proxy-agent@https://registry.npmjs.org/pac-proxy-agent/-/pac-proxy-agent-7.2.0.tgz 0ms (cache hit)
4367 http cache ipaddr.js@https://registry.npmjs.org/ipaddr.js/-/ipaddr.js-1.9.1.tgz 0ms (cache hit)
4368 http cache forwarded@https://registry.npmjs.org/forwarded/-/forwarded-0.2.0.tgz 0ms (cache hit)
4369 http cache long@https://registry.npmjs.org/long/-/long-5.3.2.tgz 0ms (cache hit)
4370 http cache @protobufjs/utf8@https://registry.npmjs.org/@protobufjs/utf8/-/utf8-1.1.1.tgz 0ms (cache hit)
4371 http cache @protobufjs/inquire@https://registry.npmjs.org/@protobufjs/inquire/-/inquire-1.1.2.tgz 0ms (cache hit)
4372 http cache @protobufjs/path@https://registry.npmjs.org/@protobufjs/path/-/path-1.1.2.tgz 0ms (cache hit)
4373 http cache @protobufjs/pool@https://registry.npmjs.org/@protobufjs/pool/-/pool-1.1.0.tgz 0ms (cache hit)
4374 http cache @protobufjs/float@https://registry.npmjs.org/@protobufjs/float/-/float-1.0.2.tgz 0ms (cache hit)
4375 http cache @protobufjs/fetch@https://registry.npmjs.org/@protobufjs/fetch/-/fetch-1.1.1.tgz 0ms (cache hit)
4376 http cache @protobufjs/eventemitter@https://registry.npmjs.org/@protobufjs/eventemitter/-/eventemitter-1.1.0.tgz 0ms (cache hit)
4377 http cache @protobufjs/codegen@https://registry.npmjs.org/@protobufjs/codegen/-/codegen-2.0.5.tgz 0ms (cache hit)
4378 http cache @protobufjs/base64@https://registry.npmjs.org/@protobufjs/base64/-/base64-1.1.2.tgz 0ms (cache hit)
4379 http cache @protobufjs/aspromise@https://registry.npmjs.org/@protobufjs/aspromise/-/aspromise-1.1.2.tgz 0ms (cache hit)
4380 http cache read@https://registry.npmjs.org/read/-/read-1.0.7.tgz 1ms (cache hit)
4381 http cache tx2@https://registry.npmjs.org/tx2/-/tx2-1.0.5.tgz 0ms (cache hit)
4382 http cache systeminformation@https://registry.npmjs.org/systeminformation/-/systeminformation-5.31.6.tgz 0ms (cache hit)
4383 http cache charm@https://registry.npmjs.org/charm/-/charm-0.1.2.tgz 1ms (cache hit)
4384 http cache tv4@https://registry.npmjs.org/tv4/-/tv4-1.3.0.tgz 0ms (cache hit)
4385 http cache run-series@https://registry.npmjs.org/run-series/-/run-series-1.1.9.tgz 0ms (cache hit)
4386 http cache escape-string-regexp@https://registry.npmjs.org/escape-string-regexp/-/escape-string-regexp-4.0.0.tgz 1ms (cache hit)
4387 http cache amp-message@https://registry.npmjs.org/amp-message/-/amp-message-0.1.2.tgz 0ms (cache hit)
4388 http cache amp@https://registry.npmjs.org/amp/-/amp-0.3.1.tgz 0ms (cache hit)
4389 http cache lazy@https://registry.npmjs.org/lazy/-/lazy-1.0.11.tgz 0ms (cache hit)
4390 http cache argparse@https://registry.npmjs.org/argparse/-/argparse-2.0.1.tgz 0ms (cache hit)
4391 http cache is-extglob@https://registry.npmjs.org/is-extglob/-/is-extglob-2.1.1.tgz 0ms (cache hit)
4392 http cache binary-extensions@https://registry.npmjs.org/binary-extensions/-/binary-extensions-2.3.0.tgz 0ms (cache hit)
4393 http cache to-regex-range@https://registry.npmjs.org/to-regex-range/-/to-regex-range-5.0.1.tgz 1ms (cache hit)
4394 http cache ansi-colors@https://registry.npmjs.org/ansi-colors/-/ansi-colors-4.1.3.tgz 0ms (cache hit)
4395 http cache color-name@https://registry.npmjs.org/color-name/-/color-name-1.1.4.tgz 0ms (cache hit)
4396 http cache fill-range@https://registry.npmjs.org/fill-range/-/fill-range-7.1.1.tgz 1ms (cache hit)
4397 http cache picomatch@https://registry.npmjs.org/picomatch/-/picomatch-2.3.2.tgz 0ms (cache hit)
4398 http cache readdirp@https://registry.npmjs.org/readdirp/-/readdirp-3.6.0.tgz 0ms (cache hit)
4399 http cache normalize-path@https://registry.npmjs.org/normalize-path/-/normalize-path-3.0.0.tgz 1ms (cache hit)
4400 http cache is-glob@https://registry.npmjs.org/is-glob/-/is-glob-4.0.3.tgz 1ms (cache hit)
4401 http cache is-binary-path@https://registry.npmjs.org/is-binary-path/-/is-binary-path-2.1.0.tgz 0ms (cache hit)
4402 http cache glob-parent@https://registry.npmjs.org/glob-parent/-/glob-parent-5.1.2.tgz 0ms (cache hit)
4403 http cache braces@https://registry.npmjs.org/braces/-/braces-3.0.3.tgz 0ms (cache hit)
4404 http cache anymatch@https://registry.npmjs.org/anymatch/-/anymatch-3.1.3.tgz 0ms (cache hit)
4405 http cache color-convert@https://registry.npmjs.org/color-convert/-/color-convert-2.0.1.tgz 0ms (cache hit)
4406 http cache supports-color@https://registry.npmjs.org/supports-color/-/supports-color-7.2.0.tgz 0ms (cache hit)
4407 http cache ansi-styles@https://registry.npmjs.org/ansi-styles/-/ansi-styles-4.3.0.tgz 0ms (cache hit)
4408 http cache extrareqp2@https://registry.npmjs.org/extrareqp2/-/extrareqp2-1.0.0.tgz 1ms (cache hit)
4409 http cache shimmer@https://registry.npmjs.org/shimmer/-/shimmer-1.2.1.tgz 0ms (cache hit)
4410 http cache require-in-the-middle@https://registry.npmjs.org/require-in-the-middle/-/require-in-the-middle-5.2.0.tgz 0ms (cache hit)
4411 http cache proxy-agent@https://registry.npmjs.org/proxy-agent/-/proxy-agent-6.3.1.tgz 0ms (cache hit)
4412 http cache nssocket@https://registry.npmjs.org/nssocket/-/nssocket-0.6.0.tgz 0ms (cache hit)
4413 http cache fast-json-patch@https://registry.npmjs.org/fast-json-patch/-/fast-json-patch-3.1.1.tgz 0ms (cache hit)
4414 http cache vizion@https://registry.npmjs.org/vizion/-/vizion-2.2.1.tgz 0ms (cache hit)
4415 http cache sprintf-js@https://registry.npmjs.org/sprintf-js/-/sprintf-js-1.1.2.tgz 1ms (cache hit)
4416 http cache source-map-support@https://registry.npmjs.org/source-map-support/-/source-map-support-0.5.21.tgz 0ms (cache hit)
4417 http cache promptly@https://registry.npmjs.org/promptly/-/promptly-2.2.0.tgz 0ms (cache hit)
4418 http cache pm2-sysmonit@https://registry.npmjs.org/pm2-sysmonit/-/pm2-sysmonit-1.2.8.tgz 0ms (cache hit)
4419 http cache pm2-multimeter@https://registry.npmjs.org/pm2-multimeter/-/pm2-multimeter-0.1.2.tgz 0ms (cache hit)
4420 http cache pm2-deploy@https://registry.npmjs.org/pm2-deploy/-/pm2-deploy-1.0.2.tgz 0ms (cache hit)
4421 http cache pm2-axon-rpc@https://registry.npmjs.org/pm2-axon-rpc/-/pm2-axon-rpc-0.7.1.tgz 0ms (cache hit)
4422 http cache pm2-axon@https://registry.npmjs.org/pm2-axon/-/pm2-axon-4.0.1.tgz 0ms (cache hit)
4423 http cache pidusage@https://registry.npmjs.org/pidusage/-/pidusage-3.0.2.tgz 0ms (cache hit)
4424 http cache needle@https://registry.npmjs.org/needle/-/needle-2.4.0.tgz 0ms (cache hit)
4425 http cache js-yaml@https://registry.npmjs.org/js-yaml/-/js-yaml-4.1.1.tgz 0ms (cache hit)
4426 http cache fclone@https://registry.npmjs.org/fclone/-/fclone-1.0.11.tgz 0ms (cache hit)
4427 http cache eventemitter2@https://registry.npmjs.org/eventemitter2/-/eventemitter2-5.0.1.tgz 0ms (cache hit)
4428 http cache dayjs@https://registry.npmjs.org/dayjs/-/dayjs-1.11.20.tgz 0ms (cache hit)
4429 http cache croner@https://registry.npmjs.org/croner/-/croner-4.1.97.tgz 0ms (cache hit)
4430 http cache enquirer@https://registry.npmjs.org/enquirer/-/enquirer-2.3.6.tgz 0ms (cache hit)
4431 http cache commander@https://registry.npmjs.org/commander/-/commander-2.15.1.tgz 0ms (cache hit)
4432 http cache cli-tableau@https://registry.npmjs.org/cli-tableau/-/cli-tableau-2.0.1.tgz 0ms (cache hit)
4433 http cache chokidar@https://registry.npmjs.org/chokidar/-/chokidar-3.6.0.tgz 1ms (cache hit)
4434 http cache chalk@https://registry.npmjs.org/chalk/-/chalk-3.0.0.tgz 1ms (cache hit)
4435 http cache blessed@https://registry.npmjs.org/blessed/-/blessed-0.1.81.tgz 0ms (cache hit)
4436 http cache @pm2/pm2-version-check@https://registry.npmjs.org/@pm2/pm2-version-check/-/pm2-version-check-1.0.4.tgz 0ms (cache hit)
4437 http cache @pm2/js-api@https://registry.npmjs.org/@pm2/js-api/-/js-api-0.8.0.tgz 1ms (cache hit)
4438 http cache @pm2/io@https://registry.npmjs.org/@pm2/io/-/io-6.0.1.tgz 0ms (cache hit)
4439 http cache @pm2/agent@https://registry.npmjs.org/@pm2/agent/-/agent-2.0.4.tgz 0ms (cache hit)
4440 http cache wrappy@https://registry.npmjs.org/wrappy/-/wrappy-1.0.2.tgz 0ms (cache hit)
4441 http cache once@https://registry.npmjs.org/once/-/once-1.4.0.tgz 0ms (cache hit)
4442 http cache stream-shift@https://registry.npmjs.org/stream-shift/-/stream-shift-1.0.3.tgz 1ms (cache hit)
4443 http cache end-of-stream@https://registry.npmjs.org/end-of-stream/-/end-of-stream-1.4.5.tgz 0ms (cache hit)
4444 http cache duplexify@https://registry.npmjs.org/duplexify/-/duplexify-4.1.3.tgz 0ms (cache hit)
4445 http cache thread-stream@https://registry.npmjs.org/thread-stream/-/thread-stream-0.15.2.tgz 1ms (cache hit)
4446 http cache sonic-boom@https://registry.npmjs.org/sonic-boom/-/sonic-boom-2.8.0.tgz 0ms (cache hit)
4447 http cache safe-stable-stringify@https://registry.npmjs.org/safe-stable-stringify/-/safe-stable-stringify-2.5.0.tgz 0ms (cache hit)
4448 http cache real-require@https://registry.npmjs.org/real-require/-/real-require-0.1.0.tgz 1ms (cache hit)
4449 http cache quick-format-unescaped@https://registry.npmjs.org/quick-format-unescaped/-/quick-format-unescaped-4.0.4.tgz 1ms (cache hit)
4450 http cache process-warning@https://registry.npmjs.org/process-warning/-/process-warning-1.0.0.tgz 0ms (cache hit)
4451 http cache pino-std-serializers@https://registry.npmjs.org/pino-std-serializers/-/pino-std-serializers-4.0.0.tgz 0ms (cache hit)
4452 http cache pino-abstract-transport@https://registry.npmjs.org/pino-abstract-transport/-/pino-abstract-transport-0.5.0.tgz 0ms (cache hit)
4453 http cache on-exit-leak-free@https://registry.npmjs.org/on-exit-leak-free/-/on-exit-leak-free-0.2.0.tgz 0ms (cache hit)
4454 http cache fast-redact@https://registry.npmjs.org/fast-redact/-/fast-redact-3.5.0.tgz 0ms (cache hit)
4455 http cache atomic-sleep@https://registry.npmjs.org/atomic-sleep/-/atomic-sleep-1.0.0.tgz 0ms (cache hit)
4456 http cache split2@https://registry.npmjs.org/split2/-/split2-4.2.0.tgz 0ms (cache hit)
4457 http cache postgres-interval@https://registry.npmjs.org/postgres-interval/-/postgres-interval-1.2.0.tgz 0ms (cache hit)
4458 http cache postgres-date@https://registry.npmjs.org/postgres-date/-/postgres-date-1.0.7.tgz 0ms (cache hit)
4459 http cache postgres-bytea@https://registry.npmjs.org/postgres-bytea/-/postgres-bytea-1.0.1.tgz 0ms (cache hit)
4460 http cache postgres-array@https://registry.npmjs.org/postgres-array/-/postgres-array-2.0.0.tgz 0ms (cache hit)
4461 http cache pg-int8@https://registry.npmjs.org/pg-int8/-/pg-int8-1.0.1.tgz 0ms (cache hit)
4462 http cache pgpass@https://registry.npmjs.org/pgpass/-/pgpass-1.0.5.tgz 0ms (cache hit)
4463 http cache pg-types@https://registry.npmjs.org/pg-types/-/pg-types-2.2.0.tgz 0ms (cache hit)
4464 http cache pg-protocol@https://registry.npmjs.org/pg-protocol/-/pg-protocol-1.14.0.tgz 1ms (cache hit)
4465 http cache pg-pool@https://registry.npmjs.org/pg-pool/-/pg-pool-3.14.0.tgz 0ms (cache hit)
4466 http cache pg-connection-string@https://registry.npmjs.org/pg-connection-string/-/pg-connection-string-2.13.0.tgz 0ms (cache hit)
4467 http cache pg-cloudflare@https://registry.npmjs.org/pg-cloudflare/-/pg-cloudflare-1.4.0.tgz 0ms (cache hit)
4468 http cache process@https://registry.npmjs.org/process/-/process-0.11.10.tgz 0ms (cache hit)
4469 http cache xml2js@https://registry.npmjs.org/xml2js/-/xml2js-0.5.0.tgz 0ms (cache hit)
4470 http cache xml-parse-from-string@https://registry.npmjs.org/xml-parse-from-string/-/xml-parse-from-string-1.0.1.tgz 0ms (cache hit)
4471 http cache ee-first@https://registry.npmjs.org/ee-first/-/ee-first-1.1.1.tgz 0ms (cache hit)
4472 http cache opus-decoder@https://registry.npmjs.org/opus-decoder/-/opus-decoder-0.7.11.tgz 0ms (cache hit)
4473 http cache wide-align@https://registry.npmjs.org/wide-align/-/wide-align-1.1.5.tgz 0ms (cache hit)
4474 http cache @wasm-audio-decoders/opus-ml@https://registry.npmjs.org/@wasm-audio-decoders/opus-ml/-/opus-ml-0.0.2.tgz 0ms (cache hit)
4475 http cache strip-ansi@https://registry.npmjs.org/strip-ansi/-/strip-ansi-6.0.1.tgz 0ms (cache hit)
4476 http cache string-width@https://registry.npmjs.org/string-width/-/string-width-4.2.3.tgz 1ms (cache hit)
4477 http cache signal-exit@https://registry.npmjs.org/signal-exit/-/signal-exit-3.0.7.tgz 0ms (cache hit)
4478 http cache has-unicode@https://registry.npmjs.org/has-unicode/-/has-unicode-2.0.1.tgz 0ms (cache hit)
4479 http cache color-support@https://registry.npmjs.org/color-support/-/color-support-1.1.3.tgz 0ms (cache hit)
4480 http cache aproba@https://registry.npmjs.org/aproba/-/aproba-2.1.0.tgz 0ms (cache hit)
4481 http cache delegates@https://registry.npmjs.org/delegates/-/delegates-1.0.0.tgz 0ms (cache hit)
4482 http cache set-blocking@https://registry.npmjs.org/set-blocking/-/set-blocking-2.0.0.tgz 0ms (cache hit)
4483 http cache gauge@https://registry.npmjs.org/gauge/-/gauge-3.0.2.tgz 0ms (cache hit)
4484 http cache console-control-strings@https://registry.npmjs.org/console-control-strings/-/console-control-strings-1.1.0.tgz 0ms (cache hit)
4485 http cache are-we-there-yet@https://registry.npmjs.org/are-we-there-yet/-/are-we-there-yet-2.0.0.tgz 0ms (cache hit)
4486 http cache clone@https://registry.npmjs.org/clone/-/clone-2.1.2.tgz 0ms (cache hit)
4487 http cache abbrev@https://registry.npmjs.org/abbrev/-/abbrev-1.1.1.tgz 0ms (cache hit)
4488 http cache media-typer@https://registry.npmjs.org/media-typer/-/media-typer-1.1.0.tgz 0ms (cache hit)
4489 http cache @tokenizer/token@https://registry.npmjs.org/@tokenizer/token/-/token-0.3.0.tgz 1ms (cache hit)
4490 http cache typedarray@https://registry.npmjs.org/typedarray/-/typedarray-0.0.6.tgz 0ms (cache hit)
4491 http cache readable-stream@https://registry.npmjs.org/readable-stream/-/readable-stream-2.3.8.tgz 0ms (cache hit)
4492 http cache buffer-from@https://registry.npmjs.org/buffer-from/-/buffer-from-1.1.2.tgz 1ms (cache hit)
4493 http cache streamsearch@https://registry.npmjs.org/streamsearch/-/streamsearch-1.1.0.tgz 0ms (cache hit)
4494 http cache object-assign@https://registry.npmjs.org/object-assign/-/object-assign-4.1.1.tgz 0ms (cache hit)
4495 http cache concat-stream@https://registry.npmjs.org/concat-stream/-/concat-stream-1.6.2.tgz 0ms (cache hit)
4496 http cache busboy@https://registry.npmjs.org/busboy/-/busboy-1.6.0.tgz 0ms (cache hit)
4497 http cache append-field@https://registry.npmjs.org/append-field/-/append-field-1.0.0.tgz 0ms (cache hit)
4498 http cache @types/webidl-conversions@https://registry.npmjs.org/@types/webidl-conversions/-/webidl-conversions-7.0.3.tgz 0ms (cache hit)
4499 http cache @types/whatwg-url@https://registry.npmjs.org/@types/whatwg-url/-/whatwg-url-8.2.2.tgz 0ms (cache hit)
4500 http cache xml-naming@https://registry.npmjs.org/xml-naming/-/xml-naming-0.1.0.tgz 0ms (cache hit)
4501 http cache strnum@https://registry.npmjs.org/strnum/-/strnum-2.3.0.tgz 0ms (cache hit)
4502 http cache path-expression-matcher@https://registry.npmjs.org/path-expression-matcher/-/path-expression-matcher-1.5.0.tgz 0ms (cache hit)
4503 http cache fast-xml-builder@https://registry.npmjs.org/fast-xml-builder/-/fast-xml-builder-1.2.0.tgz 0ms (cache hit)
4504 http cache @smithy/is-array-buffer@https://registry.npmjs.org/@smithy/is-array-buffer/-/is-array-buffer-2.2.0.tgz 0ms (cache hit)
4505 http cache @smithy/util-buffer-from@https://registry.npmjs.org/@smithy/util-buffer-from/-/util-buffer-from-2.2.0.tgz 0ms (cache hit)
4506 http cache @aws-crypto/crc32@https://registry.npmjs.org/@aws-crypto/crc32/-/crc32-5.2.0.tgz 0ms (cache hit)
4507 http cache sparse-bitfield@https://registry.npmjs.org/sparse-bitfield/-/sparse-bitfield-3.0.3.tgz 0ms (cache hit)
4508 http cache fast-xml-parser@https://registry.npmjs.org/fast-xml-parser/-/fast-xml-parser-5.7.3.tgz 0ms (cache hit)
4509 http cache @nodable/entities@https://registry.npmjs.org/@nodable/entities/-/entities-2.1.0.tgz 1ms (cache hit)
4510 http cache @aws-sdk/signature-v4-multi-region@https://registry.npmjs.org/@aws-sdk/signature-v4-multi-region/-/signature-v4-multi-region-3.996.28.tgz 0ms (cache hit)
4511 http cache @aws-sdk/token-providers@https://registry.npmjs.org/@aws-sdk/token-providers/-/token-providers-3.1052.0.tgz 0ms (cache hit)
4512 http cache bowser@https://registry.npmjs.org/bowser/-/bowser-2.14.1.tgz 0ms (cache hit)
4513 http cache @smithy/signature-v4@https://registry.npmjs.org/@smithy/signature-v4/-/signature-v4-5.4.4.tgz 1ms (cache hit)
4514 http cache @aws/lambda-invoke-store@https://registry.npmjs.org/@aws/lambda-invoke-store/-/lambda-invoke-store-0.2.4.tgz 0ms (cache hit)
4515 http cache @aws-sdk/xml-builder@https://registry.npmjs.org/@aws-sdk/xml-builder/-/xml-builder-3.972.25.tgz 0ms (cache hit)
4516 http cache @smithy/util-utf8@https://registry.npmjs.org/@smithy/util-utf8/-/util-utf8-2.3.0.tgz 1ms (cache hit)
4517 http cache @aws-sdk/util-locate-window@https://registry.npmjs.org/@aws-sdk/util-locate-window/-/util-locate-window-3.965.5.tgz 0ms (cache hit)
4518 http cache @aws-crypto/util@https://registry.npmjs.org/@aws-crypto/util/-/util-5.2.0.tgz 0ms (cache hit)
4519 http cache @aws-crypto/supports-web-crypto@https://registry.npmjs.org/@aws-crypto/supports-web-crypto/-/supports-web-crypto-5.2.0.tgz 0ms (cache hit)
4520 http cache @aws-crypto/sha256-js@https://registry.npmjs.org/@aws-crypto/sha256-js/-/sha256-js-5.2.0.tgz 0ms (cache hit)
4521 http cache @smithy/node-http-handler@https://registry.npmjs.org/@smithy/node-http-handler/-/node-http-handler-4.7.4.tgz 1ms (cache hit)
4522 http cache @aws-crypto/sha256-browser@https://registry.npmjs.org/@aws-crypto/sha256-browser/-/sha256-browser-5.2.0.tgz 0ms (cache hit)
4523 http cache tslib@https://registry.npmjs.org/tslib/-/tslib-2.8.1.tgz 0ms (cache hit)
4524 http cache @smithy/types@https://registry.npmjs.org/@smithy/types/-/types-4.14.2.tgz 0ms (cache hit)
4525 http cache @smithy/credential-provider-imds@https://registry.npmjs.org/@smithy/credential-provider-imds/-/credential-provider-imds-4.3.4.tgz 0ms (cache hit)
4526 http cache @smithy/core@https://registry.npmjs.org/@smithy/core/-/core-3.24.4.tgz 0ms (cache hit)
4527 http cache @aws-sdk/types@https://registry.npmjs.org/@aws-sdk/types/-/types-3.973.9.tgz 1ms (cache hit)
4528 http cache @aws-sdk/credential-provider-web-identity@https://registry.npmjs.org/@aws-sdk/credential-provider-web-identity/-/credential-provider-web-identity-3.972.43.tgz 0ms (cache hit)
4529 http cache @aws-sdk/nested-clients@https://registry.npmjs.org/@aws-sdk/nested-clients/-/nested-clients-3.997.11.tgz 0ms (cache hit)
4530 http cache @aws-sdk/credential-provider-sso@https://registry.npmjs.org/@aws-sdk/credential-provider-sso/-/credential-provider-sso-3.972.43.tgz 1ms (cache hit)
4531 http cache @aws-sdk/credential-provider-process@https://registry.npmjs.org/@aws-sdk/credential-provider-process/-/credential-provider-process-3.972.39.tgz 0ms (cache hit)
4532 http cache @aws-sdk/credential-provider-node@https://registry.npmjs.org/@aws-sdk/credential-provider-node/-/credential-provider-node-3.972.44.tgz 0ms (cache hit)
4533 http cache @aws-sdk/credential-provider-login@https://registry.npmjs.org/@aws-sdk/credential-provider-login/-/credential-provider-login-3.972.43.tgz 0ms (cache hit)
4534 http cache @aws-sdk/credential-provider-ini@https://registry.npmjs.org/@aws-sdk/credential-provider-ini/-/credential-provider-ini-3.972.43.tgz 1ms (cache hit)
4535 http cache @aws-sdk/credential-provider-http@https://registry.npmjs.org/@aws-sdk/credential-provider-http/-/credential-provider-http-3.972.41.tgz 0ms (cache hit)
4536 http cache @aws-sdk/credential-provider-env@https://registry.npmjs.org/@aws-sdk/credential-provider-env/-/credential-provider-env-3.972.39.tgz 0ms (cache hit)
4537 http cache @aws-sdk/credential-provider-cognito-identity@https://registry.npmjs.org/@aws-sdk/credential-provider-cognito-identity/-/credential-provider-cognito-identity-3.972.36.tgz 1ms (cache hit)
4538 http cache @aws-sdk/core@https://registry.npmjs.org/@aws-sdk/core/-/core-3.974.13.tgz 0ms (cache hit)
4539 http cache @aws-sdk/client-cognito-identity@https://registry.npmjs.org/@aws-sdk/client-cognito-identity/-/client-cognito-identity-3.1052.0.tgz 0ms (cache hit)
4540 http cache socks@https://registry.npmjs.org/socks/-/socks-2.8.9.tgz 0ms (cache hit)
4541 http cache mongodb-connection-string-url@https://registry.npmjs.org/mongodb-connection-string-url/-/mongodb-connection-string-url-2.6.0.tgz 0ms (cache hit)
4542 http cache @mongodb-js/saslprep@https://registry.npmjs.org/@mongodb-js/saslprep/-/saslprep-1.4.11.tgz 0ms (cache hit)
4543 http cache @aws-sdk/credential-providers@https://registry.npmjs.org/@aws-sdk/credential-providers/-/credential-providers-3.1052.0.tgz 0ms (cache hit)
4544 http cache sift@https://registry.npmjs.org/sift/-/sift-16.0.1.tgz 0ms (cache hit)
4545 http cache mquery@https://registry.npmjs.org/mquery/-/mquery-4.0.3.tgz 0ms (cache hit)
4546 http cache mpath@https://registry.npmjs.org/mpath/-/mpath-0.9.0.tgz 1ms (cache hit)
4547 http cache mongodb@https://registry.npmjs.org/mongodb/-/mongodb-4.17.2.tgz 0ms (cache hit)
4548 http cache kareem@https://registry.npmjs.org/kareem/-/kareem-2.5.1.tgz 0ms (cache hit)
4549 http cache bson@https://registry.npmjs.org/bson/-/bson-4.7.2.tgz 0ms (cache hit)
4550 http cache minimist@https://registry.npmjs.org/minimist/-/minimist-1.2.8.tgz 0ms (cache hit)
4551 http cache mime-db@https://registry.npmjs.org/mime-db/-/mime-db-1.52.0.tgz 1ms (cache hit)
4552 http cache xtend@https://registry.npmjs.org/xtend/-/xtend-4.0.2.tgz 0ms (cache hit)
4553 http cache xhr@https://registry.npmjs.org/xhr/-/xhr-2.6.0.tgz 0ms (cache hit)
4554 http cache parse-bmfont-xml@https://registry.npmjs.org/parse-bmfont-xml/-/parse-bmfont-xml-1.1.6.tgz 0ms (cache hit)
4555 http cache parse-bmfont-binary@https://registry.npmjs.org/parse-bmfont-binary/-/parse-bmfont-binary-1.0.6.tgz 0ms (cache hit)
4556 http cache parse-bmfont-ascii@https://registry.npmjs.org/parse-bmfont-ascii/-/parse-bmfont-ascii-1.0.6.tgz 0ms (cache hit)
4557 http cache mime@https://registry.npmjs.org/mime/-/mime-1.6.0.tgz 0ms (cache hit)
4558 http cache buffer-equal@https://registry.npmjs.org/buffer-equal/-/buffer-equal-0.0.1.tgz 0ms (cache hit)
4559 http cache curve25519-js@https://registry.npmjs.org/curve25519-js/-/curve25519-js-0.0.4.tgz 0ms (cache hit)
4560 http cache source-map@https://registry.npmjs.org/source-map/-/source-map-0.6.1.tgz 0ms (cache hit)
4561 http cache @tootallnate/once@https://registry.npmjs.org/@tootallnate/once/-/once-1.1.2.tgz 0ms (cache hit)
4562 http cache esutils@https://registry.npmjs.org/esutils/-/esutils-2.0.3.tgz 1ms (cache hit)
4563 http cache estraverse@https://registry.npmjs.org/estraverse/-/estraverse-5.3.0.tgz 0ms (cache hit)
4564 http cache acorn-walk@https://registry.npmjs.org/acorn-walk/-/acorn-walk-7.2.0.tgz 0ms (cache hit)
4565 http cache xml-name-validator@https://registry.npmjs.org/xml-name-validator/-/xml-name-validator-3.0.0.tgz 1ms (cache hit)
4566 http cache esprima@https://registry.npmjs.org/esprima/-/esprima-4.0.1.tgz 0ms (cache hit)
4567 http cache whatwg-url@https://registry.npmjs.org/whatwg-url/-/whatwg-url-8.7.0.tgz 0ms (cache hit)
4568 http cache webidl-conversions@https://registry.npmjs.org/webidl-conversions/-/webidl-conversions-6.1.0.tgz 0ms (cache hit)
4569 http cache w3c-xmlserializer@https://registry.npmjs.org/w3c-xmlserializer/-/w3c-xmlserializer-2.0.0.tgz 1ms (cache hit)
4570 http cache w3c-hr-time@https://registry.npmjs.org/w3c-hr-time/-/w3c-hr-time-1.0.2.tgz 0ms (cache hit)
4571 http cache symbol-tree@https://registry.npmjs.org/symbol-tree/-/symbol-tree-3.2.4.tgz 0ms (cache hit)
4572 http cache saxes@https://registry.npmjs.org/saxes/-/saxes-5.0.1.tgz 0ms (cache hit)
4573 http cache nwsapi@https://registry.npmjs.org/nwsapi/-/nwsapi-2.2.23.tgz 0ms (cache hit)
4574 http cache is-potential-custom-element-name@https://registry.npmjs.org/is-potential-custom-element-name/-/is-potential-custom-element-name-1.0.1.tgz 0ms (cache hit)
4575 http cache http-proxy-agent@https://registry.npmjs.org/http-proxy-agent/-/http-proxy-agent-4.0.1.tgz 0ms (cache hit)
4576 http cache html-encoding-sniffer@https://registry.npmjs.org/html-encoding-sniffer/-/html-encoding-sniffer-2.0.1.tgz 0ms (cache hit)
4577 http cache escodegen@https://registry.npmjs.org/escodegen/-/escodegen-2.1.0.tgz 0ms (cache hit)
4578 http cache domexception@https://registry.npmjs.org/domexception/-/domexception-2.0.1.tgz 0ms (cache hit)
4579 http cache decimal.js@https://registry.npmjs.org/decimal.js/-/decimal.js-10.6.0.tgz 0ms (cache hit)
4580 http cache data-urls@https://registry.npmjs.org/data-urls/-/data-urls-2.0.0.tgz 0ms (cache hit)
4581 http cache cssstyle@https://registry.npmjs.org/cssstyle/-/cssstyle-2.3.0.tgz 0ms (cache hit)
4582 http cache cssom@https://registry.npmjs.org/cssom/-/cssom-0.4.4.tgz 0ms (cache hit)
4583 http cache acorn-globals@https://registry.npmjs.org/acorn-globals/-/acorn-globals-6.0.0.tgz 0ms (cache hit)
4584 http cache acorn@https://registry.npmjs.org/acorn/-/acorn-8.16.0.tgz 0ms (cache hit)
4585 http cache abab@https://registry.npmjs.org/abab/-/abab-2.0.6.tgz 0ms (cache hit)
4586 http cache @types/node@https://registry.npmjs.org/@types/node/-/node-16.9.1.tgz 0ms (cache hit)
4587 http cache image-q@https://registry.npmjs.org/image-q/-/image-q-4.0.0.tgz 0ms (cache hit)
4588 http cache ieee754@https://registry.npmjs.org/ieee754/-/ieee754-1.2.1.tgz 0ms (cache hit)
4589 http cache base64-js@https://registry.npmjs.org/base64-js/-/base64-js-1.5.1.tgz 0ms (cache hit)
4590 http cache utif@https://registry.npmjs.org/utif/-/utif-2.0.1.tgz 0ms (cache hit)
4591 http cache pngjs@https://registry.npmjs.org/pngjs/-/pngjs-3.4.0.tgz 1ms (cache hit)
4592 http cache jpeg-js@https://registry.npmjs.org/jpeg-js/-/jpeg-js-0.4.4.tgz 0ms (cache hit)
4593 http cache omggif@https://registry.npmjs.org/omggif/-/omggif-1.0.10.tgz 0ms (cache hit)
4594 http cache gifwrap@https://registry.npmjs.org/gifwrap/-/gifwrap-0.9.4.tgz 1ms (cache hit)
4595 http cache bmp-js@https://registry.npmjs.org/bmp-js/-/bmp-js-0.1.0.tgz 0ms (cache hit)
4596 http cache @jimp/tiff@https://registry.npmjs.org/@jimp/tiff/-/tiff-0.16.13.tgz 0ms (cache hit)
4597 http cache @jimp/png@https://registry.npmjs.org/@jimp/png/-/png-0.16.13.tgz 0ms (cache hit)
4598 http cache @jimp/jpeg@https://registry.npmjs.org/@jimp/jpeg/-/jpeg-0.16.13.tgz 0ms (cache hit)
4599 http cache @jimp/gif@https://registry.npmjs.org/@jimp/gif/-/gif-0.16.13.tgz 0ms (cache hit)
4600 http cache @jimp/bmp@https://registry.npmjs.org/@jimp/bmp/-/bmp-0.16.13.tgz 0ms (cache hit)
4601 http cache timm@https://registry.npmjs.org/timm/-/timm-1.7.1.tgz 0ms (cache hit)
4602 http cache @jimp/plugin-threshold@https://registry.npmjs.org/@jimp/plugin-threshold/-/plugin-threshold-0.16.13.tgz 0ms (cache hit)
4603 http cache @jimp/plugin-shadow@https://registry.npmjs.org/@jimp/plugin-shadow/-/plugin-shadow-0.16.13.tgz 0ms (cache hit)
4604 http cache @jimp/plugin-print@https://registry.npmjs.org/@jimp/plugin-print/-/plugin-print-0.16.13.tgz 1ms (cache hit)
4605 http cache @jimp/plugin-normalize@https://registry.npmjs.org/@jimp/plugin-normalize/-/plugin-normalize-0.16.13.tgz 0ms (cache hit)
4606 http cache @jimp/plugin-mask@https://registry.npmjs.org/@jimp/plugin-mask/-/plugin-mask-0.16.13.tgz 0ms (cache hit)
4607 http cache @jimp/plugin-invert@https://registry.npmjs.org/@jimp/plugin-invert/-/plugin-invert-0.16.13.tgz 0ms (cache hit)
4608 http cache @jimp/plugin-gaussian@https://registry.npmjs.org/@jimp/plugin-gaussian/-/plugin-gaussian-0.16.13.tgz 0ms (cache hit)
4609 http cache @jimp/plugin-rotate@https://registry.npmjs.org/@jimp/plugin-rotate/-/plugin-rotate-0.16.13.tgz 0ms (cache hit)
4610 http cache @jimp/plugin-flip@https://registry.npmjs.org/@jimp/plugin-flip/-/plugin-flip-0.16.13.tgz 0ms (cache hit)
4611 http cache @jimp/plugin-fisheye@https://registry.npmjs.org/@jimp/plugin-fisheye/-/plugin-fisheye-0.16.13.tgz 0ms (cache hit)
4612 http cache @jimp/plugin-dither@https://registry.npmjs.org/@jimp/plugin-dither/-/plugin-dither-0.16.13.tgz 0ms (cache hit)
4613 http cache @jimp/plugin-displace@https://registry.npmjs.org/@jimp/plugin-displace/-/plugin-displace-0.16.13.tgz 0ms (cache hit)
4614 http cache @jimp/plugin-crop@https://registry.npmjs.org/@jimp/plugin-crop/-/plugin-crop-0.16.13.tgz 0ms (cache hit)
4615 http cache @jimp/plugin-cover@https://registry.npmjs.org/@jimp/plugin-cover/-/plugin-cover-0.16.13.tgz 0ms (cache hit)
4616 http cache @jimp/plugin-resize@https://registry.npmjs.org/@jimp/plugin-resize/-/plugin-resize-0.16.13.tgz 0ms (cache hit)
4617 http cache @jimp/plugin-scale@https://registry.npmjs.org/@jimp/plugin-scale/-/plugin-scale-0.16.13.tgz 0ms (cache hit)
4618 http cache @jimp/plugin-contain@https://registry.npmjs.org/@jimp/plugin-contain/-/plugin-contain-0.16.13.tgz 0ms (cache hit)
4619 http cache @jimp/plugin-color@https://registry.npmjs.org/@jimp/plugin-color/-/plugin-color-0.16.13.tgz 0ms (cache hit)
4620 http cache @jimp/plugin-circle@https://registry.npmjs.org/@jimp/plugin-circle/-/plugin-circle-0.16.13.tgz 0ms (cache hit)
4621 http cache @jimp/plugin-blur@https://registry.npmjs.org/@jimp/plugin-blur/-/plugin-blur-0.16.13.tgz 0ms (cache hit)
4622 http cache @jimp/plugin-blit@https://registry.npmjs.org/@jimp/plugin-blit/-/plugin-blit-0.16.13.tgz 0ms (cache hit)
4623 http cache tinycolor2@https://registry.npmjs.org/tinycolor2/-/tinycolor2-1.6.0.tgz 0ms (cache hit)
4624 http cache pixelmatch@https://registry.npmjs.org/pixelmatch/-/pixelmatch-4.0.2.tgz 1ms (cache hit)
4625 http cache phin@https://registry.npmjs.org/phin/-/phin-2.9.3.tgz 0ms (cache hit)
4626 http cache mkdirp@https://registry.npmjs.org/mkdirp/-/mkdirp-0.5.6.tgz 0ms (cache hit)
4627 http cache load-bmfont@https://registry.npmjs.org/load-bmfont/-/load-bmfont-1.4.2.tgz 1ms (cache hit)
4628 http cache exif-parser@https://registry.npmjs.org/exif-parser/-/exif-parser-0.1.12.tgz 0ms (cache hit)
4629 http cache buffer@https://registry.npmjs.org/buffer/-/buffer-5.7.1.tgz 0ms (cache hit)
4630 http cache any-base@https://registry.npmjs.org/any-base/-/any-base-1.1.0.tgz 1ms (cache hit)
4631 http cache @jimp/utils@https://registry.npmjs.org/@jimp/utils/-/utils-0.16.13.tgz 0ms (cache hit)
4632 http cache @jimp/core@https://registry.npmjs.org/@jimp/core/-/core-0.16.13.tgz 0ms (cache hit)
4633 http cache regenerator-runtime@https://registry.npmjs.org/regenerator-runtime/-/regenerator-runtime-0.13.11.tgz 0ms (cache hit)
4634 http cache @jimp/types@https://registry.npmjs.org/@jimp/types/-/types-0.16.13.tgz 0ms (cache hit)
4635 http cache @jimp/plugins@https://registry.npmjs.org/@jimp/plugins/-/plugins-0.16.13.tgz 1ms (cache hit)
4636 http cache @jimp/custom@https://registry.npmjs.org/@jimp/custom/-/custom-0.16.13.tgz 0ms (cache hit)
4637 http cache @babel/runtime@https://registry.npmjs.org/@babel/runtime/-/runtime-7.29.2.tgz 0ms (cache hit)
4638 http cache safer-buffer@https://registry.npmjs.org/safer-buffer/-/safer-buffer-2.1.2.tgz 0ms (cache hit)
4639 http cache toidentifier@https://registry.npmjs.org/toidentifier/-/toidentifier-1.0.1.tgz 0ms (cache hit)
4640 http cache inherits@https://registry.npmjs.org/inherits/-/inherits-2.0.4.tgz 0ms (cache hit)
4641 http cache agent-base@https://registry.npmjs.org/agent-base/-/agent-base-9.0.0.tgz 0ms (cache hit)
4642 http cache dunder-proto@https://registry.npmjs.org/dunder-proto/-/dunder-proto-1.0.1.tgz 0ms (cache hit)
4643 http cache math-intrinsics@https://registry.npmjs.org/math-intrinsics/-/math-intrinsics-1.1.0.tgz 1ms (cache hit)
4644 http cache has-symbols@https://registry.npmjs.org/has-symbols/-/has-symbols-1.1.0.tgz 0ms (cache hit)
4645 http cache gopd@https://registry.npmjs.org/gopd/-/gopd-1.2.0.tgz 0ms (cache hit)
4646 http cache get-proto@https://registry.npmjs.org/get-proto/-/get-proto-1.0.1.tgz 1ms (cache hit)
4647 http cache function-bind@https://registry.npmjs.org/function-bind/-/function-bind-1.1.2.tgz 0ms (cache hit)
4648 http cache es-object-atoms@https://registry.npmjs.org/es-object-atoms/-/es-object-atoms-1.1.1.tgz 0ms (cache hit)
4649 http cache es-define-property@https://registry.npmjs.org/es-define-property/-/es-define-property-1.0.1.tgz 1ms (cache hit)
4650 http cache call-bind-apply-helpers@https://registry.npmjs.org/call-bind-apply-helpers/-/call-bind-apply-helpers-1.0.2.tgz 0ms (cache hit)
4651 http cache universalify@https://registry.npmjs.org/universalify/-/universalify-2.0.1.tgz 0ms (cache hit)
4652 http cache jsonfile@https://registry.npmjs.org/jsonfile/-/jsonfile-6.2.1.tgz 0ms (cache hit)
4653 http cache graceful-fs@https://registry.npmjs.org/graceful-fs/-/graceful-fs-4.2.11.tgz 1ms (cache hit)
4654 http cache has-tostringtag@https://registry.npmjs.org/has-tostringtag/-/has-tostringtag-1.0.2.tgz 0ms (cache hit)
4655 http cache get-intrinsic@https://registry.npmjs.org/get-intrinsic/-/get-intrinsic-1.3.0.tgz 0ms (cache hit)
4656 http cache es-errors@https://registry.npmjs.org/es-errors/-/es-errors-1.3.0.tgz 0ms (cache hit)
4657 http cache delayed-stream@https://registry.npmjs.org/delayed-stream/-/delayed-stream-1.0.0.tgz 0ms (cache hit)
4658 http cache hasown@https://registry.npmjs.org/hasown/-/hasown-2.0.3.tgz 0ms (cache hit)
4659 http cache es-set-tostringtag@https://registry.npmjs.org/es-set-tostringtag/-/es-set-tostringtag-2.1.0.tgz 0ms (cache hit)
4660 http cache combined-stream@https://registry.npmjs.org/combined-stream/-/combined-stream-1.0.8.tgz 0ms (cache hit)
4661 http cache asynckit@https://registry.npmjs.org/asynckit/-/asynckit-0.4.0.tgz 1ms (cache hit)
4662 http cache which@https://registry.npmjs.org/which/-/which-1.3.1.tgz 0ms (cache hit)
4663 http cache token-types@https://registry.npmjs.org/token-types/-/token-types-4.2.1.tgz 0ms (cache hit)
4664 http cache strtok3@https://registry.npmjs.org/strtok3/-/strtok3-6.3.0.tgz 0ms (cache hit)
4665 http cache readable-web-to-node-stream@https://registry.npmjs.org/readable-web-to-node-stream/-/readable-web-to-node-stream-3.0.4.tgz 0ms (cache hit)
4666 http cache when@https://registry.npmjs.org/when/-/when-3.7.8.tgz 0ms (cache hit)
4667 http cache uid-safe@https://registry.npmjs.org/uid-safe/-/uid-safe-2.1.5.tgz 1ms (cache hit)
4668 http cache on-headers@https://registry.npmjs.org/on-headers/-/on-headers-1.1.0.tgz 0ms (cache hit)
4669 http cache ms@https://registry.npmjs.org/ms/-/ms-2.0.0.tgz 0ms (cache hit)
4670 http cache unpipe@https://registry.npmjs.org/unpipe/-/unpipe-1.0.0.tgz 0ms (cache hit)
4671 http cache raw-body@https://registry.npmjs.org/raw-body/-/raw-body-2.5.3.tgz 0ms (cache hit)
4672 http cache destroy@https://registry.npmjs.org/destroy/-/destroy-1.2.0.tgz 0ms (cache hit)
4673 http cache bytes@https://registry.npmjs.org/bytes/-/bytes-3.1.2.tgz 0ms (cache hit)
4674 http cache negotiator@https://registry.npmjs.org/negotiator/-/negotiator-0.6.3.tgz 0ms (cache hit)
4675 http cache mime-types@https://registry.npmjs.org/mime-types/-/mime-types-2.1.35.tgz 0ms (cache hit)
4676 http cache vary@https://registry.npmjs.org/vary/-/vary-1.1.2.tgz 0ms (cache hit)
4677 http cache utils-merge@https://registry.npmjs.org/utils-merge/-/utils-merge-1.0.1.tgz 0ms (cache hit)
4678 http cache type-is@https://registry.npmjs.org/type-is/-/type-is-1.6.18.tgz 0ms (cache hit)
4679 http cache statuses@https://registry.npmjs.org/statuses/-/statuses-2.0.2.tgz 0ms (cache hit)
4680 http cache setprototypeof@https://registry.npmjs.org/setprototypeof/-/setprototypeof-1.2.0.tgz 0ms (cache hit)
4681 http cache serve-static@https://registry.npmjs.org/serve-static/-/serve-static-1.16.3.tgz 0ms (cache hit)
4682 http cache send@https://registry.npmjs.org/send/-/send-0.19.2.tgz 0ms (cache hit)
4683 http cache safe-buffer@https://registry.npmjs.org/safe-buffer/-/safe-buffer-5.2.1.tgz 0ms (cache hit)
4684 http cache range-parser@https://registry.npmjs.org/range-parser/-/range-parser-1.2.1.tgz 0ms (cache hit)
4685 http cache qs@https://registry.npmjs.org/qs/-/qs-6.15.2.tgz 0ms (cache hit)
4686 http cache proxy-addr@https://registry.npmjs.org/proxy-addr/-/proxy-addr-2.0.7.tgz 0ms (cache hit)
4687 http cache path-to-regexp@https://registry.npmjs.org/path-to-regexp/-/path-to-regexp-0.1.13.tgz 0ms (cache hit)
4688 http cache parseurl@https://registry.npmjs.org/parseurl/-/parseurl-1.3.3.tgz 1ms (cache hit)
4689 http cache on-finished@https://registry.npmjs.org/on-finished/-/on-finished-2.4.1.tgz 0ms (cache hit)
4690 http cache methods@https://registry.npmjs.org/methods/-/methods-1.1.2.tgz 0ms (cache hit)
4691 http cache merge-descriptors@https://registry.npmjs.org/merge-descriptors/-/merge-descriptors-1.0.3.tgz 0ms (cache hit)
4692 http cache http-errors@https://registry.npmjs.org/http-errors/-/http-errors-2.0.1.tgz 0ms (cache hit)
4693 http cache fresh@https://registry.npmjs.org/fresh/-/fresh-0.5.2.tgz 0ms (cache hit)
4694 http cache finalhandler@https://registry.npmjs.org/finalhandler/-/finalhandler-1.3.2.tgz 1ms (cache hit)
4695 http cache etag@https://registry.npmjs.org/etag/-/etag-1.8.1.tgz 0ms (cache hit)
4696 http cache escape-html@https://registry.npmjs.org/escape-html/-/escape-html-1.0.3.tgz 0ms (cache hit)
4697 http cache encodeurl@https://registry.npmjs.org/encodeurl/-/encodeurl-2.0.0.tgz 0ms (cache hit)
4698 http cache depd@https://registry.npmjs.org/depd/-/depd-2.0.0.tgz 0ms (cache hit)
4699 http cache debug@https://registry.npmjs.org/debug/-/debug-2.6.9.tgz 0ms (cache hit)
4700 http cache content-type@https://registry.npmjs.org/content-type/-/content-type-1.0.5.tgz 0ms (cache hit)
4701 http cache content-disposition@https://registry.npmjs.org/content-disposition/-/content-disposition-0.5.4.tgz 0ms (cache hit)
4702 http cache body-parser@https://registry.npmjs.org/body-parser/-/body-parser-1.20.5.tgz 0ms (cache hit)
4703 http cache array-flatten@https://registry.npmjs.org/array-flatten/-/array-flatten-1.1.1.tgz 1ms (cache hit)
4704 http cache accepts@https://registry.npmjs.org/accepts/-/accepts-1.3.8.tgz 0ms (cache hit)
4705 http cache whatwg-encoding@https://registry.npmjs.org/whatwg-encoding/-/whatwg-encoding-3.1.1.tgz 0ms (cache hit)
4706 http cache iconv-lite@https://registry.npmjs.org/iconv-lite/-/iconv-lite-0.6.3.tgz 0ms (cache hit)
4707 http cache entities@https://registry.npmjs.org/entities/-/entities-4.5.0.tgz 0ms (cache hit)
4708 http cache nth-check@https://registry.npmjs.org/nth-check/-/nth-check-2.1.1.tgz 0ms (cache hit)
4709 http cache cookie-signature@https://registry.npmjs.org/cookie-signature/-/cookie-signature-1.0.6.tgz 0ms (cache hit)
4710 http cache cookie@https://registry.npmjs.org/cookie/-/cookie-0.7.2.tgz 0ms (cache hit)
4711 http cache domelementtype@https://registry.npmjs.org/domelementtype/-/domelementtype-2.3.0.tgz 0ms (cache hit)
4712 http cache css-what@https://registry.npmjs.org/css-what/-/css-what-6.2.2.tgz 0ms (cache hit)
4713 http cache css-select@https://registry.npmjs.org/css-select/-/css-select-5.2.2.tgz 1ms (cache hit)
4714 http cache boolbase@https://registry.npmjs.org/boolbase/-/boolbase-1.0.0.tgz 0ms (cache hit)
4715 http cache whatwg-mimetype@https://registry.npmjs.org/whatwg-mimetype/-/whatwg-mimetype-4.0.0.tgz 0ms (cache hit)
4716 http cache parse5-parser-stream@https://registry.npmjs.org/parse5-parser-stream/-/parse5-parser-stream-7.1.2.tgz 0ms (cache hit)
4717 http cache parse5-htmlparser2-tree-adapter@https://registry.npmjs.org/parse5-htmlparser2-tree-adapter/-/parse5-htmlparser2-tree-adapter-7.1.0.tgz 0ms (cache hit)
4718 http cache parse5@https://registry.npmjs.org/parse5/-/parse5-7.3.0.tgz 0ms (cache hit)
4719 http cache htmlparser2@https://registry.npmjs.org/htmlparser2/-/htmlparser2-10.1.0.tgz 0ms (cache hit)
4720 http cache encoding-sniffer@https://registry.npmjs.org/encoding-sniffer/-/encoding-sniffer-0.2.1.tgz 0ms (cache hit)
4721 http cache domutils@https://registry.npmjs.org/domutils/-/domutils-3.2.2.tgz 0ms (cache hit)
4722 http cache domhandler@https://registry.npmjs.org/domhandler/-/domhandler-5.0.3.tgz 1ms (cache hit)
4723 http cache dom-serializer@https://registry.npmjs.org/dom-serializer/-/dom-serializer-2.0.0.tgz 0ms (cache hit)
4724 http cache cheerio-select@https://registry.npmjs.org/cheerio-select/-/cheerio-select-2.1.0.tgz 1ms (cache hit)
4725 http cache tar@https://registry.npmjs.org/tar/-/tar-6.2.1.tgz 0ms (cache hit)
4726 http cache semver@https://registry.npmjs.org/semver/-/semver-7.8.1.tgz 0ms (cache hit)
4727 http cache rimraf@https://registry.npmjs.org/rimraf/-/rimraf-3.0.2.tgz 0ms (cache hit)
4728 http cache npmlog@https://registry.npmjs.org/npmlog/-/npmlog-5.0.1.tgz 0ms (cache hit)
4729 http cache nopt@https://registry.npmjs.org/nopt/-/nopt-5.0.0.tgz 0ms (cache hit)
4730 http cache make-dir@https://registry.npmjs.org/make-dir/-/make-dir-3.1.0.tgz 0ms (cache hit)
4731 http cache detect-libc@https://registry.npmjs.org/detect-libc/-/detect-libc-2.1.2.tgz 0ms (cache hit)
4732 http cache simple-get@https://registry.npmjs.org/simple-get/-/simple-get-3.1.1.tgz 0ms (cache hit)
4733 http cache nan@https://registry.npmjs.org/nan/-/nan-2.27.0.tgz 0ms (cache hit)
4734 http cache @mapbox/node-pre-gyp@https://registry.npmjs.org/@mapbox/node-pre-gyp/-/node-pre-gyp-1.0.11.tgz 1ms (cache hit)
4735 http cache lru-cache@https://registry.npmjs.org/lru-cache/-/lru-cache-7.18.3.tgz 0ms (cache hit)
4736 http cache lodash.clonedeep@https://registry.npmjs.org/lodash.clonedeep/-/lodash.clonedeep-4.5.0.tgz 1ms (cache hit)
4737 http cache async@https://registry.npmjs.org/async/-/async-3.2.3.tgz 0ms (cache hit)
4738 http cache follow-redirects@https://registry.npmjs.org/follow-redirects/-/follow-redirects-1.16.0.tgz 1ms (cache hit)
4739 http cache simple-yenc@https://registry.npmjs.org/simple-yenc/-/simple-yenc-1.0.4.tgz 0ms (cache hit)
4740 http cache @eshaz/web-worker@https://registry.npmjs.org/@eshaz/web-worker/-/web-worker-1.2.2.tgz 0ms (cache hit)
4741 http cache codec-parser@https://registry.npmjs.org/codec-parser/-/codec-parser-2.5.0.tgz 0ms (cache hit)
4742 http cache @wasm-audio-decoders/common@https://registry.npmjs.org/@wasm-audio-decoders/common/-/common-9.0.7.tgz 0ms (cache hit)
4743 http cache qoa-format@https://registry.npmjs.org/qoa-format/-/qoa-format-1.0.1.tgz 0ms (cache hit)
4744 http cache ogg-opus-decoder@https://registry.npmjs.org/ogg-opus-decoder/-/ogg-opus-decoder-1.7.3.tgz 0ms (cache hit)
4745 http cache node-wav@https://registry.npmjs.org/node-wav/-/node-wav-0.0.2.tgz 0ms (cache hit)
4746 http cache mpg123-decoder@https://registry.npmjs.org/mpg123-decoder/-/mpg123-decoder-1.0.3.tgz 0ms (cache hit)
4747 http cache audio-type@https://registry.npmjs.org/audio-type/-/audio-type-2.4.1.tgz 1ms (cache hit)
4748 http cache audio-buffer@https://registry.npmjs.org/audio-buffer/-/audio-buffer-5.0.0.tgz 0ms (cache hit)
4749 http cache @wasm-audio-decoders/flac@https://registry.npmjs.org/@wasm-audio-decoders/flac/-/flac-0.2.10.tgz 1ms (cache hit)
4750 http cache @wasm-audio-decoders/ogg-vorbis@https://registry.npmjs.org/@wasm-audio-decoders/ogg-vorbis/-/ogg-vorbis-0.1.20.tgz 0ms (cache hit)
4751 http cache ws@https://registry.npmjs.org/ws/-/ws-8.20.1.tgz 1ms (cache hit)
4752 http cache uuid@https://registry.npmjs.org/uuid/-/uuid-9.0.1.tgz 0ms (cache hit)
4753 http cache protobufjs@https://registry.npmjs.org/protobufjs/-/protobufjs-7.6.0.tgz 0ms (cache hit)
4754 http cache node-cache@https://registry.npmjs.org/node-cache/-/node-cache-5.1.2.tgz 0ms (cache hit)
4755 http cache music-metadata@https://registry.npmjs.org/music-metadata/-/music-metadata-7.14.0.tgz 0ms (cache hit)
4756 http cache libphonenumber-js@https://registry.npmjs.org/libphonenumber-js/-/libphonenumber-js-1.13.2.tgz 0ms (cache hit)
4757 http cache futoin-hkdf@https://registry.npmjs.org/futoin-hkdf/-/futoin-hkdf-1.5.3.tgz 0ms (cache hit)
4758 http cache cache-manager@https://registry.npmjs.org/cache-manager/-/cache-manager-4.0.1.tgz 0ms (cache hit)
4759 http cache audio-decode@https://registry.npmjs.org/audio-decode/-/audio-decode-2.2.3.tgz 0ms (cache hit)
4760 http cache @hapi/hoek@https://registry.npmjs.org/@hapi/hoek/-/hoek-9.3.0.tgz 0ms (cache hit)
4761 http cache undici@https://registry.npmjs.org/undici/-/undici-7.25.0.tgz 0ms (cache hit)
4762 http cache sax@https://registry.npmjs.org/sax/-/sax-1.6.0.tgz 1ms (cache hit)
4763 http cache miniget@https://registry.npmjs.org/miniget/-/miniget-4.2.3.tgz 0ms (cache hit)
4764 http cache m3u8stream@https://registry.npmjs.org/m3u8stream/-/m3u8stream-0.8.6.tgz 1ms (cache hit)
4765 http cache https-proxy-agent@https://registry.npmjs.org/https-proxy-agent/-/https-proxy-agent-7.0.6.tgz 0ms (cache hit)
4766 http cache tough-cookie@https://registry.npmjs.org/tough-cookie/-/tough-cookie-5.1.2.tgz 0ms (cache hit)
4767 http cache http-cookie-agent@https://registry.npmjs.org/http-cookie-agent/-/http-cookie-agent-7.0.4.tgz 0ms (cache hit)
4768 http cache ytdl-core@https://registry.npmjs.org/ytdl-core/-/ytdl-core-4.11.5.tgz 0ms (cache hit)
4769 http cache wa-sticker-formatter@https://registry.npmjs.org/wa-sticker-formatter/-/wa-sticker-formatter-4.4.4.tgz 0ms (cache hit)
4770 http cache util@https://registry.npmjs.org/util/-/util-0.12.5.tgz 1ms (cache hit)
4771 http cache translatte@https://registry.npmjs.org/translatte/-/translatte-3.0.1.tgz 0ms (cache hit)
4772 http cache simple-git@https://registry.npmjs.org/simple-git/-/simple-git-3.36.0.tgz 0ms (cache hit)
4773 http cache qrcode@https://registry.npmjs.org/qrcode/-/qrcode-1.5.4.tgz 0ms (cache hit)
4774 http cache puppeteer@https://registry.npmjs.org/puppeteer/-/puppeteer-25.0.4.tgz 0ms (cache hit)
4775 http cache pm2@https://registry.npmjs.org/pm2/-/pm2-5.4.3.tgz 0ms (cache hit)
4776 http cache pino@https://registry.npmjs.org/pino/-/pino-7.11.0.tgz 0ms (cache hit)
4777 http cache pg@https://registry.npmjs.org/pg/-/pg-8.21.0.tgz 1ms (cache hit)
4778 http cache path@https://registry.npmjs.org/path/-/path-0.12.7.tgz 0ms (cache hit)
4779 http cache node-webpmux@https://registry.npmjs.org/node-webpmux/-/node-webpmux-3.2.1.tgz 0ms (cache hit)
4780 http cache node-cron@https://registry.npmjs.org/node-cron/-/node-cron-3.0.3.tgz 0ms (cache hit)
4781 http cache multer@https://registry.npmjs.org/multer/-/multer-1.4.5-lts.2.tgz 0ms (cache hit)
4782 http cache mongoose@https://registry.npmjs.org/mongoose/-/mongoose-6.13.9.tgz 0ms (cache hit)
4783 http cache moment-timezone@https://registry.npmjs.org/moment-timezone/-/moment-timezone-0.5.48.tgz 0ms (cache hit)
4784 http cache moment@https://registry.npmjs.org/moment/-/moment-2.30.1.tgz 0ms (cache hit)
4785 http cache jsdom@https://registry.npmjs.org/jsdom/-/jsdom-16.7.0.tgz 0ms (cache hit)
4786 http cache jimp@https://registry.npmjs.org/jimp/-/jimp-0.16.13.tgz 0ms (cache hit)
4787 http cache google-tts-api@https://registry.npmjs.org/google-tts-api/-/google-tts-api-2.0.2.tgz 0ms (cache hit)
4788 http cache fs-extra@https://registry.npmjs.org/fs-extra/-/fs-extra-10.1.0.tgz 0ms (cache hit)
4789 http cache form-data@https://registry.npmjs.org/form-data/-/form-data-4.0.5.tgz 1ms (cache hit)
4790 http cache fluent-ffmpeg@https://registry.npmjs.org/fluent-ffmpeg/-/fluent-ffmpeg-2.1.3.tgz 0ms (cache hit)
4791 http cache file-type@https://registry.npmjs.org/file-type/-/file-type-16.5.4.tgz 0ms (cache hit)
4792 http cache ffmpeg@https://registry.npmjs.org/ffmpeg/-/ffmpeg-0.0.4.tgz 0ms (cache hit)
4793 http cache express-session@https://registry.npmjs.org/express-session/-/express-session-1.19.0.tgz 0ms (cache hit)
4794 http cache express@https://registry.npmjs.org/express/-/express-4.22.2.tgz 1ms (cache hit)
4795 http cache dotenv@https://registry.npmjs.org/dotenv/-/dotenv-16.6.1.tgz 0ms (cache hit)
4796 http cache crypto-js@https://registry.npmjs.org/crypto-js/-/crypto-js-4.2.0.tgz 1ms (cache hit)
4797 http cache cookie-parser@https://registry.npmjs.org/cookie-parser/-/cookie-parser-1.4.7.tgz 0ms (cache hit)
4798 http cache connect-pg-simple@https://registry.npmjs.org/connect-pg-simple/-/connect-pg-simple-9.0.1.tgz 1ms (cache hit)
4799 http cache child_process@https://registry.npmjs.org/child_process/-/child_process-1.0.2.tgz 0ms (cache hit)
4800 http cache cheerio@https://registry.npmjs.org/cheerio/-/cheerio-1.2.0.tgz 1ms (cache hit)
4801 http cache canvas@https://registry.npmjs.org/canvas/-/canvas-2.11.2.tgz 0ms (cache hit)
4802 http cache bcryptjs@https://registry.npmjs.org/bcryptjs/-/bcryptjs-2.4.3.tgz 0ms (cache hit)
4803 http cache axios@https://registry.npmjs.org/axios/-/axios-0.24.0.tgz 0ms (cache hit)
4804 http cache node-fetch@https://registry.npmjs.org/node-fetch/-/node-fetch-2.7.0.tgz 0ms (cache hit)
4805 http cache async-g-i-s@https://registry.npmjs.org/async-g-i-s/-/async-g-i-s-1.5.5.tgz 0ms (cache hit)
4806 http cache anime-character-random@https://registry.npmjs.org/anime-character-random/-/anime-character-random-1.0.14.tgz 1ms (cache hit)
4807 http cache acrcloud@https://registry.npmjs.org/acrcloud/-/acrcloud-1.4.0.tgz 0ms (cache hit)
4808 http cache @whiskeysockets/baileys@https://registry.npmjs.org/@whiskeysockets/baileys/-/baileys-6.6.0.tgz 1ms (cache hit)
4809 http cache @hapi/boom@https://registry.npmjs.org/@hapi/boom/-/boom-9.1.4.tgz 0ms (cache hit)
4810 http cache @distube/ytdl-core@https://registry.npmjs.org/@distube/ytdl-core/-/ytdl-core-4.16.12.tgz 0ms (cache hit)
4811 http cache @adiwajshing/keyed-db@https://registry.npmjs.org/@adiwajshing/keyed-db/-/keyed-db-0.2.4.tgz 0ms (cache hit)
4812 http fetch POST 200 https://registry.npmjs.org/-/npm/v1/security/advisories/bulk 6323ms
4813 silly audit report {
4813 silly audit report   axios: [
4813 silly audit report     {
4813 silly audit report       id: 1111034,
4813 silly audit report       url: 'https://github.com/advisories/GHSA-jr5f-v2jv-69x6',
4813 silly audit report       title: 'axios Requests Vulnerable To Possible SSRF and Credential Leakage via Absolute URL',
4813 silly audit report       severity: 'high',
4813 silly audit report       vulnerable_versions: '<0.30.0',
4813 silly audit report       cwe: [Array],
4813 silly audit report       cvss: [Object]
4813 silly audit report     },
4813 silly audit report     {
4813 silly audit report       id: 1119403,
4813 silly audit report       url: 'https://github.com/advisories/GHSA-fvcv-3m26-pcqx',
4813 silly audit report       title: 'Axios has Unrestricted Cloud Metadata Exfiltration via Header Injection Chain',
4813 silly audit report       severity: 'moderate',
4813 silly audit report       vulnerable_versions: '<0.31.0',
4813 silly audit report       cwe: [Array],
4813 silly audit report       cvss: [Object]
4813 silly audit report     },
4813 silly audit report     {
4813 silly audit report       id: 1116672,
4813 silly audit report       url: 'https://github.com/advisories/GHSA-3p68-rc4w-qgx5',
4813 silly audit report       title: 'Axios has a NO_PROXY Hostname Normalization Bypass that Leads to SSRF',
4813 silly audit report       severity: 'moderate',
4813 silly audit report       vulnerable_versions: '<0.31.0',
4813 silly audit report       cwe: [Array],
4813 silly audit report       cvss: [Object]
4813 silly audit report     },
4813 silly audit report     {
4813 silly audit report       id: 1117573,
4813 silly audit report       url: 'https://github.com/advisories/GHSA-w9j2-pvgh-6h63',
4813 silly audit report       title: 'Axios: Authentication Bypass via Prototype Pollution Gadget in `validateStatus` Merge Strategy',
4813 silly audit report       severity: 'moderate',
4813 silly audit report       vulnerable_versions: '<=0.31.0',
4813 silly audit report       cwe: [Array],
4813 silly audit report       cvss: [Object]
4813 silly audit report     },
4813 silly audit report     {
4813 silly audit report       id: 1117575,
4813 silly audit report       url: 'https://github.com/advisories/GHSA-pmwg-cvhr-8vh7',
4813 silly audit report       title: 'Axios: Incomplete Fix for CVE-2025-62718 — NO_PROXY Protection Bypassed via RFC 1122 Loopback Subnet (127.0.0.0/8) in Axios 1.15.0',
4813 silly audit report       severity: 'high',
4813 silly audit report       vulnerable_versions: '<=0.31.0',
4813 silly audit report       cwe: [Array],
4813 silly audit report       cvss: [Object]
4813 silly audit report     },
4813 silly audit report     {
4813 silly audit report       id: 1117579,
4813 silly audit report       url: 'https://github.com/advisories/GHSA-xhjh-pmcv-23jw',
4813 silly audit report       title: 'Axios: Null Byte Injection via Reverse-Encoding in AxiosURLSearchParams',
4813 silly audit report       severity: 'low',
4813 silly audit report       vulnerable_versions: '<=0.31.0',
4813 silly audit report       cwe: [Array],
4813 silly audit report       cvss: [Object]
4813 silly audit report     },
4813 silly audit report     {
4813 silly audit report       id: 1117582,
4813 silly audit report       url: 'https://github.com/advisories/GHSA-m7pr-hjqh-92cm',
4813 silly audit report       title: 'Axios: no_proxy bypass via IP alias allows SSRF',
4813 silly audit report       severity: 'moderate',
4813 silly audit report       vulnerable_versions: '<=0.31.0',
4813 silly audit report       cwe: [Array],
4813 silly audit report       cvss: [Object]
4813 silly audit report     },
4813 silly audit report     {
4813 silly audit report       id: 1117584,
4813 silly audit report       url: 'https://github.com/advisories/GHSA-62hf-57xw-28j9',
4813 silly audit report       title: 'Axios: unbounded recursion in toFormData causes DoS via deeply nested request data',
4813 silly audit report       severity: 'moderate',
4813 silly audit report       vulnerable_versions: '<=0.31.0',
4813 silly audit report       cwe: [Array],
4813 silly audit report       cvss: [Object]
4813 silly audit report     },
4813 silly audit report     {
4813 silly audit report       id: 1117586,
4813 silly audit report       url: 'https://github.com/advisories/GHSA-5c9x-8gcm-mpgx',
4813 silly audit report       title: "Axios' HTTP adapter-streamed uploads bypass maxBodyLength when maxRedirects: 0",
4813 silly audit report       severity: 'moderate',
4813 silly audit report       vulnerable_versions: '<=0.31.0',
4813 silly audit report       cwe: [Array],
4813 silly audit report       cvss: [Object]
4813 silly audit report     },
4813 silly audit report     {
4813 silly audit report       id: 1117588,
4813 silly audit report       url: 'https://github.com/advisories/GHSA-vf2m-468p-8v99',
4813 silly audit report       title: 'Axios: HTTP adapter streamed responses bypass maxContentLength',
4813 silly audit report       severity: 'moderate',
4813 silly audit report       vulnerable_versions: '<=0.31.0',
4813 silly audit report       cwe: [Array],
4813 silly audit report       cvss: [Object]
4813 silly audit report     },
4813 silly audit report     {
4813 silly audit report       id: 1117590,
4813 silly audit report       url: 'https://github.com/advisories/GHSA-pf86-5x62-jrwf',
4813 silly audit report       title: 'Axios: Prototype Pollution Gadgets - Response Tampering, Data Exfiltration, and Request Hijacking',
4813 silly audit report       severity: 'high',
4813 silly audit report       vulnerable_versions: '<=0.31.0',
4813 silly audit report       cwe: [Array],
4813 silly audit report       cvss: [Object]
4813 silly audit report     },
4813 silly audit report     {
4813 silly audit report       id: 1117592,
4813 silly audit report       url: 'https://github.com/advisories/GHSA-6chq-wfr3-2hj9',
4813 silly audit report       title: 'Axios: Header Injection via Prototype Pollution',
4813 silly audit report       severity: 'high',
4813 silly audit report       vulnerable_versions: '<=0.31.0',
4813 silly audit report       cwe: [Array],
4813 silly audit report       cvss: [Object]
4813 silly audit report     },
4813 silly audit report     {
4813 silly audit report       id: 1117594,
4813 silly audit report       url: 'https://github.com/advisories/GHSA-xx6v-rp6x-q39c',
4813 silly audit report       title: 'Axios: XSRF Token Cross-Origin Leakage via Prototype Pollution Gadget in `withXSRFToken` Boolean Coercion',
4813 silly audit report       severity: 'moderate',
4813 silly audit report       vulnerable_versions: '<=0.31.0',
4813 silly audit report       cwe: [Array],
4813 silly audit report       cvss: [Object]
4813 silly audit report     },
4813 silly audit report     {
4813 silly audit report       id: 1117857,
4813 silly audit report       url: 'https://github.com/advisories/GHSA-43fc-jf86-j433',
4813 silly audit report       title: 'Axios is Vulnerable to Denial of Service via __proto__ Key in mergeConfig',
4813 silly audit report       severity: 'high',
4813 silly audit report       vulnerable_versions: '<=0.30.2',
4813 silly audit report       cwe: [Array],
4813 silly audit report       cvss: [Object]
4813 silly audit report     },
4813 silly audit report     {
4813 silly audit report       id: 1097679,
4813 silly audit report       url: 'https://github.com/advisories/GHSA-wf5p-g6vw-rhxx',
4813 silly audit report       title: 'Axios Cross-Site Request Forgery Vulnerability',
4813 silly audit report       severity: 'moderate',
4813 silly audit report       vulnerable_versions: '>=0.8.1 <0.28.0',
4813 silly audit report       cwe: [Array],
4813 silly audit report       cvss: [Object]
4813 silly audit report     }
4813 silly audit report   ],
4813 silly audit report   'file-type': [
4813 silly audit report     {
4813 silly audit report       id: 1114301,
4813 silly audit report       url: 'https://github.com/advisories/GHSA-5v7r-6r5c-r473',
4813 silly audit report       title: 'file-type affected by infinite loop in ASF parser on malformed input with zero-size sub-header',
4813 silly audit report       severity: 'moderate',
4813 silly audit report       vulnerable_versions: '>=13.0.0 <21.3.1',
4813 silly audit report       cwe: [Array],
4813 silly audit report       cvss: [Object]
4813 silly audit report     }
4813 silly audit report   ],
4813 silly audit report   pm2: [
4813 silly audit report     {
4813 silly audit report       id: 1119406,
4813 silly audit report       url: 'https://github.com/advisories/GHSA-x5gf-qvw8-r2rm',
4813 silly audit report       title: 'pm2 Regular Expression Denial of Service vulnerability',
4813 silly audit report       severity: 'low',
4813 silly audit report       vulnerable_versions: '<7.0.0',
4813 silly audit report       cwe: [Array],
4813 silly audit report       cvss: [Object]
4813 silly audit report     }
4813 silly audit report   ],
4813 silly audit report   'music-metadata': [
4813 silly audit report     {
4813 silly audit report       id: 1114969,
4813 silly audit report       url: 'https://github.com/advisories/GHSA-v6c2-xwv6-8xf7',
4813 silly audit report       title: 'music-metadata has an infinite loop vulnerability in ASF parser',
4813 silly audit report       severity: 'high',
4813 silly audit report       vulnerable_versions: '<=11.12.1',
4813 silly audit report       cwe: [Array],
4813 silly audit report       cvss: [Object]
4813 silly audit report     }
4813 silly audit report   ],
4813 silly audit report   protobufjs: [
4813 silly audit report     {
4813 silly audit report       id: 1118641,
4813 silly audit report       url: 'https://github.com/advisories/GHSA-66ff-xgx4-vchm',
4813 silly audit report       title: 'protobuf.js: Code injection through bytes field defaults in generated toObject code',
4813 silly audit report       severity: 'high',
4813 silly audit report       vulnerable_versions: '<=7.5.5',
4813 silly audit report       cwe: [Array],
4813 silly audit report       cvss: [Object]
4813 silly audit report     },
4813 silly audit report     {
4813 silly audit report       id: 1118924,
4813 silly audit report       url: 'https://github.com/advisories/GHSA-2pr8-phx7-x9h3',
4813 silly audit report       title: 'protobuf.js: Denial of service from crafted field names in generated code',
4813 silly audit report       severity: 'moderate',
4813 silly audit report       vulnerable_versions: '<=7.5.5',
4813 silly audit report       cwe: [Array],
4813 silly audit report       cvss: [Object]
4813 silly audit report     },
4813 silly audit report     {
4813 silly audit report       id: 1118926,
4813 silly audit report       url: 'https://github.com/advisories/GHSA-fx83-v9x8-x52w',
4813 silly audit report       title: 'protobuf.js: Prototype injection in generated message constructors',
4813 silly audit report       severity: 'moderate',
4813 silly audit report       vulnerable_versions: '<=7.5.5',
4813 silly audit report       cwe: [Array],
4813 silly audit report       cvss: [Object]
4813 silly audit report     },
4813 silly audit report     {
4813 silly audit report       id: 1118928,
4813 silly audit report       url: 'https://github.com/advisories/GHSA-75px-5xx7-5xc7',
4813 silly audit report       title: 'protobuf.js: Code generation gadget after prototype pollution',
4813 silly audit report       severity: 'high',
4813 silly audit report       vulnerable_versions: '<=7.5.5',
4813 silly audit report       cwe: [Array],
4813 silly audit report       cvss: [Object]
4813 silly audit report     },
4813 silly audit report     {
4813 silly audit report       id: 1118930,
4813 silly audit report       url: 'https://github.com/advisories/GHSA-jvwf-75h9-cwgg',
4813 silly audit report       title: 'protobuf.js: Process-wide denial of service through unsafe option paths',
4813 silly audit report       severity: 'high',
4813 silly audit report       vulnerable_versions: '<=7.5.5',
4813 silly audit report       cwe: [Array],
4813 silly audit report       cvss: [Object]
4813 silly audit report     },
4813 silly audit report     {
4813 silly audit report       id: 1118932,
4813 silly audit report       url: 'https://github.com/advisories/GHSA-685m-2w69-288q',
4813 silly audit report       title: 'protobuf.js: Denial of service through unbounded protobuf recursion',
4813 silly audit report       severity: 'high',
4813 silly audit report       vulnerable_versions: '<=7.5.5',
4813 silly audit report       cwe: [Array],
4813 silly audit report       cvss: [Object]
4813 silly audit report     },
4813 silly audit report     {
4813 silly audit report       id: 1118935,
4813 silly audit report       url: 'https://github.com/advisories/GHSA-q6x5-8v7m-xcrf',
4813 silly audit report       title: 'protobufjs has overlong UTF-8 decoding',
4813 silly audit report       severity: 'moderate',
4813 silly audit report       vulnerable_versions: '<=7.5.5',
4813 silly audit report       cwe: [Array],
4813 silly audit report       cvss: [Object]
4813 silly audit report     },
4813 silly audit report     {
4813 silly audit report       id: 1119378,
4813 silly audit report       url: 'https://github.com/advisories/GHSA-jggg-4jg4-v7c6',
4813 silly audit report       title: 'protobufjs: Denial of Service via unbounded recursive JSON descriptor expansion',
4813 silly audit report       severity: 'moderate',
4813 silly audit report       vulnerable_versions: '<=7.5.7',
4813 silly audit report       cwe: [Array],
4813 silly audit report       cvss: [Object]
4813 silly audit report     },
4813 silly audit report     {
4813 silly audit report       id: 1117571,
4813 silly audit report       url: 'https://github.com/advisories/GHSA-xq3m-2v4x-88gg',
4813 silly audit report       title: 'Arbitrary code execution in protobufjs',
4813 silly audit report       severity: 'critical',
4813 silly audit report       vulnerable_versions: '<7.5.5',
4813 silly audit report       cwe: [Array],
4813 silly audit report       cvss: [Object]
4813 silly audit report     }
4813 silly audit report   ],
4813 silly audit report   uuid: [
4813 silly audit report     {
4813 silly audit report       id: 1119441,
4813 silly audit report       url: 'https://github.com/advisories/GHSA-w5hq-g745-h8pq',
4813 silly audit report       title: 'uuid: Missing buffer bounds check in v3/v5/v6 when buf is provided',
4813 silly audit report       severity: 'moderate',
4813 silly audit report       vulnerable_versions: '<11.1.1',
4813 silly audit report       cwe: [Array],
4813 silly audit report       cvss: [Object]
4813 silly audit report     }
4813 silly audit report   ],
4813 silly audit report   tar: [
4813 silly audit report     {
4813 silly audit report       id: 1112659,
4813 silly audit report       url: 'https://github.com/advisories/GHSA-34x7-hfp2-rc4v',
4813 silly audit report       title: 'node-tar Vulnerable to Arbitrary File Creation/Overwrite via Hardlink Path Traversal',
4813 silly audit report       severity: 'high',
4813 silly audit report       vulnerable_versions: '<7.5.7',
4813 silly audit report       cwe: [Array],
4813 silly audit report       cvss: [Object]
4813 silly audit report     },
4813 silly audit report     {
4813 silly audit report       id: 1113300,
4813 silly audit report       url: 'https://github.com/advisories/GHSA-8qq5-rm4j-mr97',
4813 silly audit report       title: 'node-tar is Vulnerable to Arbitrary File Overwrite and Symlink Poisoning via Insufficient Path Sanitization',
4813 silly audit report       severity: 'high',
4813 silly audit report       vulnerable_versions: '<=7.5.2',
4813 silly audit report       cwe: [Array],
4813 silly audit report       cvss: [Object]
4813 silly audit report     },
4813 silly audit report     {
4813 silly audit report       id: 1113375,
4813 silly audit report       url: 'https://github.com/advisories/GHSA-83g3-92jg-28cx',
4813 silly audit report       title: 'Arbitrary File Read/Write via Hardlink Target Escape Through Symlink Chain in node-tar Extraction',
4813 silly audit report       severity: 'high',
4813 silly audit report       vulnerable_versions: '<7.5.8',
4813 silly audit report       cwe: [Array],
4813 silly audit report       cvss: [Object]
4813 silly audit report     },
4813 silly audit report     {
4813 silly audit report       id: 1114200,
4813 silly audit report       url: 'https://github.com/advisories/GHSA-qffp-2rhf-9h96',
4813 silly audit report       title: 'tar has Hardlink Path Traversal via Drive-Relative Linkpath',
4813 silly audit report       severity: 'high',
4813 silly audit report       vulnerable_versions: '<=7.5.9',
4813 silly audit report       cwe: [Array],
4813 silly audit report       cvss: [Object]
4813 silly audit report     },
4813 silly audit report     {
4813 silly audit report       id: 1114302,
4813 silly audit report       url: 'https://github.com/advisories/GHSA-9ppj-qmqm-q256',
4813 silly audit report       title: 'node-tar Symlink Path Traversal via Drive-Relative Linkpath',
4813 silly audit report       severity: 'high',
4813 silly audit report       vulnerable_versions: '<=7.5.10',
4813 silly audit report       cwe: [Array],
4813 silly audit report       cvss: [Object]
4813 silly audit report     },
4813 silly audit report     {
4813 silly audit report       id: 1114680,
4813 silly audit report       url: 'https://github.com/advisories/GHSA-r6q2-hw4h-h46w',
4813 silly audit report       title: 'Race Condition in node-tar Path Reservations via Unicode Ligature Collisions on macOS APFS',
4813 silly audit report       severity: 'high',
4813 silly audit report       vulnerable_versions: '<=7.5.3',
4813 silly audit report       cwe: [Array],
4813 silly audit report       cvss: [Object]
4813 silly audit report     }
4813 silly audit report   ],
4813 silly audit report   phin: [
4813 silly audit report     {
4813 silly audit report       id: 1096967,
4813 silly audit report       url: 'https://github.com/advisories/GHSA-x565-32qp-m3vf',
4813 silly audit report       title: 'phin may include sensitive headers in subsequent requests after redirect',
4813 silly audit report       severity: 'moderate',
4813 silly audit report       vulnerable_versions: '<3.7.1',
4813 silly audit report       cwe: [Array],
4813 silly audit report       cvss: [Object]
4813 silly audit report     }
4813 silly audit report   ],
4813 silly audit report   '@tootallnate/once': [
4813 silly audit report     {
4813 silly audit report       id: 1119438,
4813 silly audit report       url: 'https://github.com/advisories/GHSA-vpq2-c234-7xj6',
4813 silly audit report       title: '@tootallnate/once vulnerable to Incorrect Control Flow Scoping',
4813 silly audit report       severity: 'low',
4813 silly audit report       vulnerable_versions: '<2.0.1',
4813 silly audit report       cwe: [Array],
4813 silly audit report       cvss: [Object]
4813 silly audit report     }
4813 silly audit report   ],
4813 silly audit report   got: [
4813 silly audit report     {
4813 silly audit report       id: 1088948,
4813 silly audit report       url: 'https://github.com/advisories/GHSA-pfrx-2q88-qq97',
4813 silly audit report       title: 'Got allows a redirect to a UNIX socket',
4813 silly audit report       severity: 'moderate',
4813 silly audit report       vulnerable_versions: '<11.8.5',
4813 silly audit report       cwe: [],
4813 silly audit report       cvss: [Object]
4813 silly audit report     }
4813 silly audit report   ],
4813 silly audit report   sharp: [
4813 silly audit report     {
4813 silly audit report       id: 1094888,
4813 silly audit report       url: 'https://github.com/advisories/GHSA-54xq-cgqr-rpm3',
4813 silly audit report       title: 'sharp vulnerability in libwebp dependency CVE-2023-4863',
4813 silly audit report       severity: 'high',
4813 silly audit report       vulnerable_versions: '<0.32.6',
4813 silly audit report       cwe: [],
4813 silly audit report       cvss: [Object]
4813 silly audit report     }
4813 silly audit report   ]
4813 silly audit report }
4814 silly packumentCache corgi:https://registry.npmjs.org/axios cache-miss
4815 silly packumentCache corgi:https://registry.npmjs.org/file-type cache-miss
4816 silly packumentCache corgi:https://registry.npmjs.org/pm2 cache-miss
4817 silly packumentCache corgi:https://registry.npmjs.org/music-metadata cache-miss
4818 silly packumentCache corgi:https://registry.npmjs.org/protobufjs cache-miss
4819 silly packumentCache corgi:https://registry.npmjs.org/uuid cache-miss
4820 silly packumentCache corgi:https://registry.npmjs.org/tar cache-miss
4821 silly packumentCache corgi:https://registry.npmjs.org/phin cache-miss
4822 silly packumentCache corgi:https://registry.npmjs.org/@tootallnate%2fonce cache-miss
4823 silly packumentCache corgi:https://registry.npmjs.org/got cache-miss
4824 silly packumentCache corgi:https://registry.npmjs.org/sharp cache-miss
4825 http cache readable-stream@https://registry.npmjs.org/readable-stream/-/readable-stream-3.6.2.tgz 0ms (cache hit)
4826 http cache is-arrayish@https://registry.npmjs.org/is-arrayish/-/is-arrayish-0.3.4.tgz 1ms (cache hit)
4827 http cache readable-stream@https://registry.npmjs.org/readable-stream/-/readable-stream-3.6.2.tgz 0ms (cache hit)
4828 http cache tar-stream@https://registry.npmjs.org/tar-stream/-/tar-stream-2.2.0.tgz 0ms (cache hit)
4829 http cache chownr@https://registry.npmjs.org/chownr/-/chownr-1.1.4.tgz 0ms (cache hit)
4830 http cache mimic-response@https://registry.npmjs.org/mimic-response/-/mimic-response-3.1.0.tgz 0ms (cache hit)
4831 http cache decompress-response@https://registry.npmjs.org/decompress-response/-/decompress-response-6.0.0.tgz 0ms (cache hit)
4832 http cache tar-fs@https://registry.npmjs.org/tar-fs/-/tar-fs-2.1.4.tgz 0ms (cache hit)
4833 http cache simple-get@https://registry.npmjs.org/simple-get/-/simple-get-4.0.1.tgz 0ms (cache hit)
4834 http cache mimic-response@https://registry.npmjs.org/mimic-response/-/mimic-response-3.1.0.tgz 0ms (cache hit)
4835 http cache decompress-response@https://registry.npmjs.org/decompress-response/-/decompress-response-6.0.0.tgz 0ms (cache hit)
4836 http cache pako@https://registry.npmjs.org/pako/-/pako-0.2.9.tgz 0ms (cache hit)
4837 http cache simple-get@https://registry.npmjs.org/simple-get/-/simple-get-4.0.1.tgz 1ms (cache hit)
4838 http cache mimic-response@https://registry.npmjs.org/mimic-response/-/mimic-response-1.0.1.tgz 0ms (cache hit)
4839 http cache lowercase-keys@https://registry.npmjs.org/lowercase-keys/-/lowercase-keys-2.0.0.tgz 0ms (cache hit)
4840 http cache get-stream@https://registry.npmjs.org/get-stream/-/get-stream-5.2.0.tgz 0ms (cache hit)
4841 http cache mimic-response@https://registry.npmjs.org/mimic-response/-/mimic-response-1.0.1.tgz 0ms (cache hit)
4842 http cache decompress-response@https://registry.npmjs.org/decompress-response/-/decompress-response-3.3.0.tgz 0ms (cache hit)
4843 http cache minipass@https://registry.npmjs.org/minipass/-/minipass-3.3.6.tgz 0ms (cache hit)
4844 http cache make-dir@https://registry.npmjs.org/make-dir/-/make-dir-1.3.0.tgz 0ms (cache hit)
4845 http cache minipass@https://registry.npmjs.org/minipass/-/minipass-3.3.6.tgz 0ms (cache hit)
4846 http cache ms@https://registry.npmjs.org/ms/-/ms-2.1.3.tgz 0ms (cache hit)
4847 http cache debug@https://registry.npmjs.org/debug/-/debug-4.4.3.tgz 0ms (cache hit)
4848 http cache safe-buffer@https://registry.npmjs.org/safe-buffer/-/safe-buffer-5.1.2.tgz 0ms (cache hit)
4849 http cache wrap-ansi@https://registry.npmjs.org/wrap-ansi/-/wrap-ansi-7.0.0.tgz 1ms (cache hit)
4850 http cache yargs-parser@https://registry.npmjs.org/yargs-parser/-/yargs-parser-21.1.1.tgz 0ms (cache hit)
4851 http cache cliui@https://registry.npmjs.org/cliui/-/cliui-8.0.1.tgz 1ms (cache hit)
4852 http cache y18n@https://registry.npmjs.org/y18n/-/y18n-5.0.8.tgz 0ms (cache hit)
4853 http cache degenerator@https://registry.npmjs.org/degenerator/-/degenerator-7.0.1.tgz 1ms (cache hit)
4854 http cache data-uri-to-buffer@https://registry.npmjs.org/data-uri-to-buffer/-/data-uri-to-buffer-8.0.0.tgz 0ms (cache hit)
4855 http cache pac-resolver@https://registry.npmjs.org/pac-resolver/-/pac-resolver-9.0.1.tgz 0ms (cache hit)
4856 http cache get-uri@https://registry.npmjs.org/get-uri/-/get-uri-8.0.0.tgz 0ms (cache hit)
4857 http cache socks-proxy-agent@https://registry.npmjs.org/socks-proxy-agent/-/socks-proxy-agent-10.0.0.tgz 0ms (cache hit)
4858 http cache proxy-from-env@https://registry.npmjs.org/proxy-from-env/-/proxy-from-env-2.1.0.tgz 1ms (cache hit)
4859 http cache pac-proxy-agent@https://registry.npmjs.org/pac-proxy-agent/-/pac-proxy-agent-9.0.1.tgz 0ms (cache hit)
4860 http cache https-proxy-agent@https://registry.npmjs.org/https-proxy-agent/-/https-proxy-agent-9.0.0.tgz 0ms (cache hit)
4861 http cache http-proxy-agent@https://registry.npmjs.org/http-proxy-agent/-/http-proxy-agent-9.0.0.tgz 0ms (cache hit)
4862 http cache ms@https://registry.npmjs.org/ms/-/ms-2.1.3.tgz 0ms (cache hit)
4863 http cache yargs@https://registry.npmjs.org/yargs/-/yargs-17.7.2.tgz 0ms (cache hit)
4864 http cache debug@https://registry.npmjs.org/debug/-/debug-4.4.3.tgz 0ms (cache hit)
4865 http cache proxy-agent@https://registry.npmjs.org/proxy-agent/-/proxy-agent-8.0.1.tgz 0ms (cache hit)
4866 http cache @puppeteer/browsers@https://registry.npmjs.org/@puppeteer/browsers/-/browsers-3.0.3.tgz 0ms (cache hit)
4867 http cache ms@https://registry.npmjs.org/ms/-/ms-2.1.3.tgz 0ms (cache hit)
4868 http cache debug@https://registry.npmjs.org/debug/-/debug-4.4.3.tgz 0ms (cache hit)
4869 http cache ms@https://registry.npmjs.org/ms/-/ms-2.1.3.tgz 0ms (cache hit)
4870 http cache debug@https://registry.npmjs.org/debug/-/debug-4.4.3.tgz 0ms (cache hit)
4871 http cache agent-base@https://registry.npmjs.org/agent-base/-/agent-base-7.1.4.tgz 0ms (cache hit)
4872 http cache ms@https://registry.npmjs.org/ms/-/ms-2.1.3.tgz 1ms (cache hit)
4873 http cache http-proxy-agent@https://registry.npmjs.org/http-proxy-agent/-/http-proxy-agent-7.0.2.tgz 0ms (cache hit)
4874 http cache debug@https://registry.npmjs.org/debug/-/debug-4.4.3.tgz 1ms (cache hit)
4875 http cache agent-base@https://registry.npmjs.org/agent-base/-/agent-base-7.1.4.tgz 0ms (cache hit)
4876 http cache ms@https://registry.npmjs.org/ms/-/ms-2.1.3.tgz 1ms (cache hit)
4877 http cache debug@https://registry.npmjs.org/debug/-/debug-4.4.3.tgz 0ms (cache hit)
4878 http cache ms@https://registry.npmjs.org/ms/-/ms-2.1.3.tgz 0ms (cache hit)
4879 http cache http-proxy-agent@https://registry.npmjs.org/http-proxy-agent/-/http-proxy-agent-7.0.2.tgz 1ms (cache hit)
4880 http cache debug@https://registry.npmjs.org/debug/-/debug-4.4.3.tgz 0ms (cache hit)
4881 http cache agent-base@https://registry.npmjs.org/agent-base/-/agent-base-7.1.4.tgz 0ms (cache hit)
4882 http cache eventemitter2@https://registry.npmjs.org/eventemitter2/-/eventemitter2-0.4.14.tgz 0ms (cache hit)
4883 http cache async@https://registry.npmjs.org/async/-/async-2.6.4.tgz 0ms (cache hit)
4884 http cache ms@https://registry.npmjs.org/ms/-/ms-2.1.3.tgz 0ms (cache hit)
4885 http cache pidusage@https://registry.npmjs.org/pidusage/-/pidusage-2.0.21.tgz 0ms (cache hit)
4886 http cache debug@https://registry.npmjs.org/debug/-/debug-4.4.3.tgz 0ms (cache hit)
4887 http cache ms@https://registry.npmjs.org/ms/-/ms-2.1.3.tgz 1ms (cache hit)
4888 http cache debug@https://registry.npmjs.org/debug/-/debug-4.4.3.tgz 0ms (cache hit)
4889 http cache ms@https://registry.npmjs.org/ms/-/ms-2.1.3.tgz 1ms (cache hit)
4890 http cache debug@https://registry.npmjs.org/debug/-/debug-4.4.3.tgz 0ms (cache hit)
4891 http cache ms@https://registry.npmjs.org/ms/-/ms-2.1.3.tgz 0ms (cache hit)
4892 http cache iconv-lite@https://registry.npmjs.org/iconv-lite/-/iconv-lite-0.4.24.tgz 0ms (cache hit)
4893 http cache debug@https://registry.npmjs.org/debug/-/debug-3.2.7.tgz 1ms (cache hit)
4894 http cache ms@https://registry.npmjs.org/ms/-/ms-2.1.3.tgz 0ms (cache hit)
4895 http cache debug@https://registry.npmjs.org/debug/-/debug-4.4.3.tgz 1ms (cache hit)
4896 http cache ms@https://registry.npmjs.org/ms/-/ms-2.1.3.tgz 0ms (cache hit)
4897 http cache eventemitter2@https://registry.npmjs.org/eventemitter2/-/eventemitter2-6.4.9.tgz 0ms (cache hit)
4898 http cache ws@https://registry.npmjs.org/ws/-/ws-7.5.10.tgz 0ms (cache hit)
4899 http cache debug@https://registry.npmjs.org/debug/-/debug-4.3.7.tgz 1ms (cache hit)
4900 http cache async@https://registry.npmjs.org/async/-/async-2.6.4.tgz 0ms (cache hit)
4901 http cache lru-cache@https://registry.npmjs.org/lru-cache/-/lru-cache-6.0.0.tgz 1ms (cache hit)
4902 http cache ms@https://registry.npmjs.org/ms/-/ms-2.1.3.tgz 0ms (cache hit)
4903 http cache tslib@https://registry.npmjs.org/tslib/-/tslib-1.9.3.tgz 1ms (cache hit)
4904 http cache semver@https://registry.npmjs.org/semver/-/semver-7.5.4.tgz 0ms (cache hit)
4905 http cache eventemitter2@https://registry.npmjs.org/eventemitter2/-/eventemitter2-6.4.9.tgz 0ms (cache hit)
4906 http cache debug@https://registry.npmjs.org/debug/-/debug-4.3.7.tgz 0ms (cache hit)
4907 http cache async@https://registry.npmjs.org/async/-/async-2.6.4.tgz 0ms (cache hit)
4908 http cache lru-cache@https://registry.npmjs.org/lru-cache/-/lru-cache-6.0.0.tgz 0ms (cache hit)
4909 http cache ms@https://registry.npmjs.org/ms/-/ms-2.1.3.tgz 0ms (cache hit)
4910 http cache ws@https://registry.npmjs.org/ws/-/ws-7.5.10.tgz 0ms (cache hit)
4911 http cache semver@https://registry.npmjs.org/semver/-/semver-7.5.4.tgz 0ms (cache hit)
4912 http cache debug@https://registry.npmjs.org/debug/-/debug-4.3.7.tgz 0ms (cache hit)
4913 http cache dayjs@https://registry.npmjs.org/dayjs/-/dayjs-1.8.36.tgz 1ms (cache hit)
4914 http cache readable-stream@https://registry.npmjs.org/readable-stream/-/readable-stream-3.6.2.tgz 0ms (cache hit)
4915 http cache readable-stream@https://registry.npmjs.org/readable-stream/-/readable-stream-3.6.2.tgz 0ms (cache hit)
4916 http cache safe-buffer@https://registry.npmjs.org/safe-buffer/-/safe-buffer-5.1.2.tgz 0ms (cache hit)
4917 http cache webidl-conversions@https://registry.npmjs.org/webidl-conversions/-/webidl-conversions-7.0.0.tgz 1ms (cache hit)
4918 http cache tr46@https://registry.npmjs.org/tr46/-/tr46-3.0.0.tgz 0ms (cache hit)
4919 http cache whatwg-url@https://registry.npmjs.org/whatwg-url/-/whatwg-url-11.0.0.tgz 1ms (cache hit)
4920 http cache ms@https://registry.npmjs.org/ms/-/ms-2.1.3.tgz 0ms (cache hit)
4921 http cache debug@https://registry.npmjs.org/debug/-/debug-4.4.3.tgz 1ms (cache hit)
4922 http cache ms@https://registry.npmjs.org/ms/-/ms-2.1.3.tgz 0ms (cache hit)
4923 http cache debug@https://registry.npmjs.org/debug/-/debug-4.4.3.tgz 0ms (cache hit)
4924 http cache agent-base@https://registry.npmjs.org/agent-base/-/agent-base-6.0.2.tgz 0ms (cache hit)
4925 http cache iconv-lite@https://registry.npmjs.org/iconv-lite/-/iconv-lite-0.4.24.tgz 0ms (cache hit)
4926 http cache whatwg-encoding@https://registry.npmjs.org/whatwg-encoding/-/whatwg-encoding-1.0.5.tgz 0ms (cache hit)
4927 http cache webidl-conversions@https://registry.npmjs.org/webidl-conversions/-/webidl-conversions-5.0.0.tgz 0ms (cache hit)
4928 http cache whatwg-mimetype@https://registry.npmjs.org/whatwg-mimetype/-/whatwg-mimetype-2.3.0.tgz 0ms (cache hit)
4929 http cache cssom@https://registry.npmjs.org/cssom/-/cssom-0.3.8.tgz 0ms (cache hit)
4930 http cache acorn@https://registry.npmjs.org/acorn/-/acorn-7.4.1.tgz 0ms (cache hit)
4931 http cache phin@https://registry.npmjs.org/phin/-/phin-3.7.1.tgz 0ms (cache hit)
4932 http cache string_decoder@https://registry.npmjs.org/string_decoder/-/string_decoder-1.3.0.tgz 0ms (cache hit)
4933 http cache buffer@https://registry.npmjs.org/buffer/-/buffer-6.0.3.tgz 0ms (cache hit)
4934 http cache readable-stream@https://registry.npmjs.org/readable-stream/-/readable-stream-4.7.0.tgz 0ms (cache hit)
4935 http cache iconv-lite@https://registry.npmjs.org/iconv-lite/-/iconv-lite-0.4.24.tgz 0ms (cache hit)
4936 http cache media-typer@https://registry.npmjs.org/media-typer/-/media-typer-0.3.0.tgz 0ms (cache hit)
4937 http cache ms@https://registry.npmjs.org/ms/-/ms-2.1.3.tgz 0ms (cache hit)
4938 http cache iconv-lite@https://registry.npmjs.org/iconv-lite/-/iconv-lite-0.4.24.tgz 0ms (cache hit)
4939 http cache entities@https://registry.npmjs.org/entities/-/entities-6.0.1.tgz 0ms (cache hit)
4940 http cache entities@https://registry.npmjs.org/entities/-/entities-7.0.1.tgz 0ms (cache hit)
4941 http cache mkdirp@https://registry.npmjs.org/mkdirp/-/mkdirp-1.0.4.tgz 0ms (cache hit)
4942 http cache semver@https://registry.npmjs.org/semver/-/semver-6.3.1.tgz 0ms (cache hit)
4943 http cache ms@https://registry.npmjs.org/ms/-/ms-2.1.3.tgz 0ms (cache hit)
4944 http cache debug@https://registry.npmjs.org/debug/-/debug-4.4.3.tgz 0ms (cache hit)
4945 http cache agent-base@https://registry.npmjs.org/agent-base/-/agent-base-6.0.2.tgz 0ms (cache hit)
4946 http cache https-proxy-agent@https://registry.npmjs.org/https-proxy-agent/-/https-proxy-agent-5.0.1.tgz 0ms (cache hit)
4947 http cache ms@https://registry.npmjs.org/ms/-/ms-2.1.3.tgz 0ms (cache hit)
4948 http cache debug@https://registry.npmjs.org/debug/-/debug-4.4.3.tgz 0ms (cache hit)
4949 http cache long@https://registry.npmjs.org/long/-/long-4.0.0.tgz 0ms (cache hit)
4950 http cache @types/node@https://registry.npmjs.org/@types/node/-/node-10.17.60.tgz 0ms (cache hit)
4951 http cache protobufjs@https://registry.npmjs.org/protobufjs/-/protobufjs-6.8.8.tgz 0ms (cache hit)
4952 http cache ms@https://registry.npmjs.org/ms/-/ms-2.1.3.tgz 0ms (cache hit)
4953 http cache debug@https://registry.npmjs.org/debug/-/debug-4.4.3.tgz 0ms (cache hit)
4954 http cache agent-base@https://registry.npmjs.org/agent-base/-/agent-base-7.1.4.tgz 0ms (cache hit)
4955 http cache readable-stream@https://registry.npmjs.org/readable-stream/-/readable-stream-3.6.2.tgz 0ms (cache hit)
4956 http cache tar-stream@https://registry.npmjs.org/tar-stream/-/tar-stream-2.2.0.tgz 0ms (cache hit)
4957 http cache chownr@https://registry.npmjs.org/chownr/-/chownr-1.1.4.tgz 0ms (cache hit)
4958 http cache mimic-response@https://registry.npmjs.org/mimic-response/-/mimic-response-3.1.0.tgz 0ms (cache hit)
4959 http cache decompress-response@https://registry.npmjs.org/decompress-response/-/decompress-response-6.0.0.tgz 0ms (cache hit)
4960 http cache tar-fs@https://registry.npmjs.org/tar-fs/-/tar-fs-2.1.4.tgz 0ms (cache hit)
4961 http cache simple-get@https://registry.npmjs.org/simple-get/-/simple-get-4.0.1.tgz 0ms (cache hit)
4962 http cache node-addon-api@https://registry.npmjs.org/node-addon-api/-/node-addon-api-5.1.0.tgz 0ms (cache hit)
4963 http cache sharp@https://registry.npmjs.org/sharp/-/sharp-0.30.7.tgz 0ms (cache hit)
4964 http cache axios@https://registry.npmjs.org/axios/-/axios-0.21.4.tgz 0ms (cache hit)
4965 http cache ms@https://registry.npmjs.org/ms/-/ms-2.1.3.tgz 0ms (cache hit)
4966 http cache debug@https://registry.npmjs.org/debug/-/debug-4.4.3.tgz 0ms (cache hit)
4967 http cache pngjs@https://registry.npmjs.org/pngjs/-/pngjs-5.0.0.tgz 0ms (cache hit)
4968 http cache wrap-ansi@https://registry.npmjs.org/wrap-ansi/-/wrap-ansi-7.0.0.tgz 0ms (cache hit)
4969 http cache yargs-parser@https://registry.npmjs.org/yargs-parser/-/yargs-parser-21.1.1.tgz 0ms (cache hit)
4970 http cache y18n@https://registry.npmjs.org/y18n/-/y18n-5.0.8.tgz 0ms (cache hit)
4971 http cache cliui@https://registry.npmjs.org/cliui/-/cliui-8.0.1.tgz 0ms (cache hit)
4972 http cache degenerator@https://registry.npmjs.org/degenerator/-/degenerator-7.0.1.tgz 0ms (cache hit)
4973 http cache data-uri-to-buffer@https://registry.npmjs.org/data-uri-to-buffer/-/data-uri-to-buffer-8.0.0.tgz 0ms (cache hit)
4974 http cache pac-resolver@https://registry.npmjs.org/pac-resolver/-/pac-resolver-9.0.1.tgz 0ms (cache hit)
4975 http cache get-uri@https://registry.npmjs.org/get-uri/-/get-uri-8.0.0.tgz 0ms (cache hit)
4976 http cache socks-proxy-agent@https://registry.npmjs.org/socks-proxy-agent/-/socks-proxy-agent-10.0.0.tgz 0ms (cache hit)
4977 http cache proxy-from-env@https://registry.npmjs.org/proxy-from-env/-/proxy-from-env-2.1.0.tgz 0ms (cache hit)
4978 http cache pac-proxy-agent@https://registry.npmjs.org/pac-proxy-agent/-/pac-proxy-agent-9.0.1.tgz 0ms (cache hit)
4979 http cache https-proxy-agent@https://registry.npmjs.org/https-proxy-agent/-/https-proxy-agent-9.0.0.tgz 0ms (cache hit)
4980 http cache http-proxy-agent@https://registry.npmjs.org/http-proxy-agent/-/http-proxy-agent-9.0.0.tgz 0ms (cache hit)
4981 http cache ms@https://registry.npmjs.org/ms/-/ms-2.1.3.tgz 0ms (cache hit)
4982 http cache yargs@https://registry.npmjs.org/yargs/-/yargs-17.7.2.tgz 0ms (cache hit)
4983 http cache proxy-agent@https://registry.npmjs.org/proxy-agent/-/proxy-agent-8.0.1.tgz 0ms (cache hit)
4984 http cache debug@https://registry.npmjs.org/debug/-/debug-4.4.3.tgz 0ms (cache hit)
4985 http cache @puppeteer/browsers@https://registry.npmjs.org/@puppeteer/browsers/-/browsers-3.0.3.tgz 0ms (cache hit)
4986 http cache ms@https://registry.npmjs.org/ms/-/ms-2.1.3.tgz 1ms (cache hit)
4987 http cache mkdirp@https://registry.npmjs.org/mkdirp/-/mkdirp-1.0.4.tgz 0ms (cache hit)
4988 http cache debug@https://registry.npmjs.org/debug/-/debug-4.4.3.tgz 0ms (cache hit)
4989 http cache inherits@https://registry.npmjs.org/inherits/-/inherits-2.0.3.tgz 0ms (cache hit)
4990 http cache util@https://registry.npmjs.org/util/-/util-0.10.4.tgz 1ms (cache hit)
4991 http cache uuid@https://registry.npmjs.org/uuid/-/uuid-8.3.2.tgz 0ms (cache hit)
4992 http cache ms@https://registry.npmjs.org/ms/-/ms-2.1.3.tgz 1ms (cache hit)
4993 http cache iconv-lite@https://registry.npmjs.org/iconv-lite/-/iconv-lite-0.4.24.tgz 0ms (cache hit)
4994 http cache universalify@https://registry.npmjs.org/universalify/-/universalify-0.2.0.tgz 1ms (cache hit)
4995 http cache ms@https://registry.npmjs.org/ms/-/ms-2.1.3.tgz 0ms (cache hit)
4996 http cache debug@https://registry.npmjs.org/debug/-/debug-4.4.3.tgz 1ms (cache hit)
4997 http cache agent-base@https://registry.npmjs.org/agent-base/-/agent-base-6.0.2.tgz 0ms (cache hit)
4998 http cache ws@https://registry.npmjs.org/ws/-/ws-7.5.10.tgz 1ms (cache hit)
4999 http cache whatwg-mimetype@https://registry.npmjs.org/whatwg-mimetype/-/whatwg-mimetype-2.3.0.tgz 0ms (cache hit)
5000 http cache whatwg-encoding@https://registry.npmjs.org/whatwg-encoding/-/whatwg-encoding-1.0.5.tgz 1ms (cache hit)
5001 http cache tough-cookie@https://registry.npmjs.org/tough-cookie/-/tough-cookie-4.1.4.tgz 0ms (cache hit)
5002 http cache parse5@https://registry.npmjs.org/parse5/-/parse5-6.0.1.tgz 0ms (cache hit)
5003 http cache https-proxy-agent@https://registry.npmjs.org/https-proxy-agent/-/https-proxy-agent-5.0.1.tgz 0ms (cache hit)
5004 http cache form-data@https://registry.npmjs.org/form-data/-/form-data-3.0.4.tgz 0ms (cache hit)
5005 http cache axios@https://registry.npmjs.org/axios/-/axios-0.21.4.tgz 0ms (cache hit)
5006 http cache async@https://registry.npmjs.org/async/-/async-0.2.10.tgz 0ms (cache hit)
5007 http cache cookie-signature@https://registry.npmjs.org/cookie-signature/-/cookie-signature-1.0.7.tgz 0ms (cache hit)
5008 http cache webidl-conversions@https://registry.npmjs.org/webidl-conversions/-/webidl-conversions-3.0.1.tgz 0ms (cache hit)
5009 http cache tr46@https://registry.npmjs.org/tr46/-/tr46-0.0.3.tgz 0ms (cache hit)
5010 http cache whatwg-url@https://registry.npmjs.org/whatwg-url/-/whatwg-url-5.0.0.tgz 0ms (cache hit)
5011 http cache form-data@https://registry.npmjs.org/form-data/-/form-data-2.5.5.tgz 0ms (cache hit)
5012 http cache ms@https://registry.npmjs.org/ms/-/ms-2.1.3.tgz 0ms (cache hit)
5013 http cache debug@https://registry.npmjs.org/debug/-/debug-4.4.3.tgz 0ms (cache hit)
5014 http cache agent-base@https://registry.npmjs.org/agent-base/-/agent-base-6.0.2.tgz 0ms (cache hit)
5015 http cache proxy-from-env@https://registry.npmjs.org/proxy-from-env/-/proxy-from-env-2.1.0.tgz 0ms (cache hit)
5016 http cache https-proxy-agent@https://registry.npmjs.org/https-proxy-agent/-/https-proxy-agent-5.0.1.tgz 0ms (cache hit)
5017 http cache axios@https://registry.npmjs.org/axios/-/axios-1.16.1.tgz 0ms (cache hit)
5018 http cache @smithy/fetch-http-handler@https://registry.npmjs.org/@smithy/fetch-http-handler/-/fetch-http-handler-5.4.4.tgz 0ms (cache hit)
5019 silly tarball no local data for event-target-shim@https://registry.npmjs.org/event-target-shim/-/event-target-shim-5.0.1.tgz. Extracting by manifest.
5020 silly tarball no local data for abort-controller@https://registry.npmjs.org/abort-controller/-/abort-controller-3.0.0.tgz. Extracting by manifest.
5021 silly tarball no local data for events@https://registry.npmjs.org/events/-/events-3.3.0.tgz. Extracting by manifest.
5022 silly tarball no local data for escalade@https://registry.npmjs.org/escalade/-/escalade-3.2.0.tgz. Extracting by manifest.
5023 silly tarball no local data for quickjs-wasi@https://registry.npmjs.org/quickjs-wasi/-/quickjs-wasi-2.2.0.tgz. Extracting by manifest.
5024 silly tarball no local data for progress@https://registry.npmjs.org/progress/-/progress-2.0.3.tgz. Extracting by manifest.
5025 silly tarball no local data for fs-constants@https://registry.npmjs.org/fs-constants/-/fs-constants-1.0.0.tgz. Extracting by manifest.
5026 silly tarball no local data for bl@https://registry.npmjs.org/bl/-/bl-4.1.0.tgz. Extracting by manifest.
5027 silly tarball no local data for centra@https://registry.npmjs.org/centra/-/centra-2.7.0.tgz. Extracting by manifest.
5028 silly tarball no local data for @types/long@https://registry.npmjs.org/@types/long/-/long-4.0.2.tgz. Extracting by manifest.
5029 silly tarball no local data for requires-port@https://registry.npmjs.org/requires-port/-/requires-port-1.0.0.tgz. Extracting by manifest.
5030 silly tarball no local data for querystringify@https://registry.npmjs.org/querystringify/-/querystringify-2.2.0.tgz. Extracting by manifest.
5031 silly tarball no local data for url-parse@https://registry.npmjs.org/url-parse/-/url-parse-1.5.10.tgz. Extracting by manifest.
5032 silly tarball no local data for psl@https://registry.npmjs.org/psl/-/psl-1.15.0.tgz. Extracting by manifest.
5033 silly tarball no local data for pify@https://registry.npmjs.org/pify/-/pify-3.0.0.tgz. Extracting by manifest.
5034 silly tarball no local data for camelcase@https://registry.npmjs.org/camelcase/-/camelcase-5.3.1.tgz. Extracting by manifest.
5035 silly tarball no local data for p-limit@https://registry.npmjs.org/p-limit/-/p-limit-2.3.0.tgz. Extracting by manifest.
5036 silly tarball no local data for p-try@https://registry.npmjs.org/p-try/-/p-try-2.2.0.tgz. Extracting by manifest.
5037 silly tarball no local data for p-locate@https://registry.npmjs.org/p-locate/-/p-locate-4.1.0.tgz. Extracting by manifest.
5038 silly tarball no local data for path-exists@https://registry.npmjs.org/path-exists/-/path-exists-4.0.0.tgz. Extracting by manifest.
5039 silly tarball no local data for locate-path@https://registry.npmjs.org/locate-path/-/locate-path-5.0.0.tgz. Extracting by manifest.
5040 silly tarball no local data for wrap-ansi@https://registry.npmjs.org/wrap-ansi/-/wrap-ansi-6.2.0.tgz. Extracting by manifest.
5041 silly tarball no local data for yargs-parser@https://registry.npmjs.org/yargs-parser/-/yargs-parser-18.1.3.tgz. Extracting by manifest.
5042 silly tarball no local data for y18n@https://registry.npmjs.org/y18n/-/y18n-4.0.3.tgz. Extracting by manifest.
5043 silly tarball no local data for which-module@https://registry.npmjs.org/which-module/-/which-module-2.0.1.tgz. Extracting by manifest.
5044 silly tarball no local data for require-main-filename@https://registry.npmjs.org/require-main-filename/-/require-main-filename-2.0.0.tgz. Extracting by manifest.
5045 silly tarball no local data for require-directory@https://registry.npmjs.org/require-directory/-/require-directory-2.1.1.tgz. Extracting by manifest.
5046 silly tarball no local data for get-caller-file@https://registry.npmjs.org/get-caller-file/-/get-caller-file-2.0.5.tgz. Extracting by manifest.
5047 silly tarball no local data for find-up@https://registry.npmjs.org/find-up/-/find-up-4.1.0.tgz. Extracting by manifest.
5048 silly tarball no local data for decamelize@https://registry.npmjs.org/decamelize/-/decamelize-1.2.0.tgz. Extracting by manifest.
5049 silly tarball no local data for cliui@https://registry.npmjs.org/cliui/-/cliui-6.0.0.tgz. Extracting by manifest.
5050 silly tarball no local data for xmlbuilder@https://registry.npmjs.org/xmlbuilder/-/xmlbuilder-11.0.1.tgz. Extracting by manifest.
5051 silly tarball no local data for dom-walk@https://registry.npmjs.org/dom-walk/-/dom-walk-0.1.2.tgz. Extracting by manifest.
5052 silly tarball no local data for min-document@https://registry.npmjs.org/min-document/-/min-document-2.19.2.tgz. Extracting by manifest.
5053 silly tarball no local data for parse-headers@https://registry.npmjs.org/parse-headers/-/parse-headers-2.0.6.tgz. Extracting by manifest.
5054 silly tarball no local data for is-function@https://registry.npmjs.org/is-function/-/is-function-1.0.2.tgz. Extracting by manifest.
5055 silly tarball no local data for global@https://registry.npmjs.org/global/-/global-4.4.0.tgz. Extracting by manifest.
5056 silly tarball no local data for imurmurhash@https://registry.npmjs.org/imurmurhash/-/imurmurhash-0.1.4.tgz. Extracting by manifest.
5057 silly tarball no local data for has-property-descriptors@https://registry.npmjs.org/has-property-descriptors/-/has-property-descriptors-1.0.2.tgz. Extracting by manifest.
5058 silly tarball no local data for define-data-property@https://registry.npmjs.org/define-data-property/-/define-data-property-1.1.4.tgz. Extracting by manifest.
5059 silly tarball no local data for is-callable@https://registry.npmjs.org/is-callable/-/is-callable-1.2.7.tgz. Extracting by manifest.
5060 silly tarball no local data for set-function-length@https://registry.npmjs.org/set-function-length/-/set-function-length-1.2.2.tgz. Extracting by manifest.
5061 silly tarball no local data for possible-typed-array-names@https://registry.npmjs.org/possible-typed-array-names/-/possible-typed-array-names-1.1.0.tgz. Extracting by manifest.
5062 silly tarball no local data for for-each@https://registry.npmjs.org/for-each/-/for-each-0.3.5.tgz. Extracting by manifest.
5063 silly tarball no local data for call-bind@https://registry.npmjs.org/call-bind/-/call-bind-1.0.9.tgz. Extracting by manifest.
5064 silly tarball no local data for available-typed-arrays@https://registry.npmjs.org/available-typed-arrays/-/available-typed-arrays-1.0.7.tgz. Extracting by manifest.
5065 silly tarball no local data for isexe@https://registry.npmjs.org/isexe/-/isexe-2.0.0.tgz. Extracting by manifest.
5066 silly tarball no local data for punycode@https://registry.npmjs.org/punycode/-/punycode-2.3.1.tgz. Extracting by manifest.
5067 silly tarball no local data for tr46@https://registry.npmjs.org/tr46/-/tr46-2.1.0.tgz. Extracting by manifest.
5068 silly tarball no local data for b4a@https://registry.npmjs.org/b4a/-/b4a-1.8.1.tgz. Extracting by manifest.
5069 silly tarball no local data for text-decoder@https://registry.npmjs.org/text-decoder/-/text-decoder-1.2.7.tgz. Extracting by manifest.
5070 silly tarball no local data for events-universal@https://registry.npmjs.org/events-universal/-/events-universal-1.0.1.tgz. Extracting by manifest.
5071 silly tarball no local data for teex@https://registry.npmjs.org/teex/-/teex-1.0.1.tgz. Extracting by manifest.
5072 silly tarball no local data for streamx@https://registry.npmjs.org/streamx/-/streamx-2.25.0.tgz. Extracting by manifest.
5073 silly tarball no local data for bare-os@https://registry.npmjs.org/bare-os/-/bare-os-3.9.1.tgz. Extracting by manifest.
5074 silly tarball no local data for fast-fifo@https://registry.npmjs.org/fast-fifo/-/fast-fifo-1.3.2.tgz. Extracting by manifest.
5075 silly tarball no local data for bare-url@https://registry.npmjs.org/bare-url/-/bare-url-2.4.3.tgz. Extracting by manifest.
5076 silly tarball no local data for bare-stream@https://registry.npmjs.org/bare-stream/-/bare-stream-2.13.1.tgz. Extracting by manifest.
5077 silly tarball no local data for bare-events@https://registry.npmjs.org/bare-events/-/bare-events-2.8.3.tgz. Extracting by manifest.
5078 silly tarball no local data for tar-stream@https://registry.npmjs.org/tar-stream/-/tar-stream-3.2.0.tgz. Extracting by manifest.
5079 silly tarball no local data for bare-path@https://registry.npmjs.org/bare-path/-/bare-path-3.0.0.tgz. Extracting by manifest.
5080 silly tarball no local data for bare-fs@https://registry.npmjs.org/bare-fs/-/bare-fs-4.7.1.tgz. Extracting by manifest.
5081 silly tarball no local data for strip-json-comments@https://registry.npmjs.org/strip-json-comments/-/strip-json-comments-2.0.1.tgz. Extracting by manifest.
5082 silly tarball no local data for deep-extend@https://registry.npmjs.org/deep-extend/-/deep-extend-0.6.0.tgz. Extracting by manifest.
5083 silly tarball no local data for rc@https://registry.npmjs.org/rc/-/rc-1.2.8.tgz. Extracting by manifest.
5084 silly tarball no local data for node-abi@https://registry.npmjs.org/node-abi/-/node-abi-3.92.0.tgz. Extracting by manifest.
5085 silly tarball no local data for napi-build-utils@https://registry.npmjs.org/napi-build-utils/-/napi-build-utils-2.0.0.tgz. Extracting by manifest.
5086 silly tarball no local data for mkdirp-classic@https://registry.npmjs.org/mkdirp-classic/-/mkdirp-classic-0.5.3.tgz. Extracting by manifest.
5087 silly tarball no local data for github-from-package@https://registry.npmjs.org/github-from-package/-/github-from-package-0.0.0.tgz. Extracting by manifest.
5088 silly tarball no local data for expand-template@https://registry.npmjs.org/expand-template/-/expand-template-2.0.3.tgz. Extracting by manifest.
5089 silly tarball no local data for simple-swizzle@https://registry.npmjs.org/simple-swizzle/-/simple-swizzle-0.2.4.tgz. Extracting by manifest.
5090 silly tarball no local data for color-string@https://registry.npmjs.org/color-string/-/color-string-1.9.1.tgz. Extracting by manifest.
5091 silly tarball no local data for tunnel-agent@https://registry.npmjs.org/tunnel-agent/-/tunnel-agent-0.6.0.tgz. Extracting by manifest.
5092 silly tarball no local data for prebuild-install@https://registry.npmjs.org/prebuild-install/-/prebuild-install-7.1.3.tgz. Extracting by manifest.
5093 silly tarball no local data for tar-fs@https://registry.npmjs.org/tar-fs/-/tar-fs-3.1.2.tgz. Extracting by manifest.
5094 silly tarball no local data for node-addon-api@https://registry.npmjs.org/node-addon-api/-/node-addon-api-6.1.0.tgz. Extracting by manifest.
5095 silly tarball no local data for color@https://registry.npmjs.org/color/-/color-4.2.3.tgz. Extracting by manifest.
5096 silly tarball no local data for queue@https://registry.npmjs.org/queue/-/queue-6.0.2.tgz. Extracting by manifest.
5097 silly tarball no local data for sharp@https://registry.npmjs.org/sharp/-/sharp-0.32.6.tgz. Extracting by manifest.
5098 silly tarball no local data for image-size@https://registry.npmjs.org/image-size/-/image-size-1.2.1.tgz. Extracting by manifest.
5099 silly tarball no local data for browser-process-hrtime@https://registry.npmjs.org/browser-process-hrtime/-/browser-process-hrtime-1.0.0.tgz. Extracting by manifest.
5100 silly tarball no local data for is-regex@https://registry.npmjs.org/is-regex/-/is-regex-1.2.1.tgz. Extracting by manifest.
5101 silly tarball no local data for safe-regex-test@https://registry.npmjs.org/safe-regex-test/-/safe-regex-test-1.1.0.tgz. Extracting by manifest.
5102 silly tarball no local data for which-typed-array@https://registry.npmjs.org/which-typed-array/-/which-typed-array-1.1.20.tgz. Extracting by manifest.
5103 silly tarball no local data for generator-function@https://registry.npmjs.org/generator-function/-/generator-function-2.0.1.tgz. Extracting by manifest.
5104 silly tarball no local data for is-typed-array@https://registry.npmjs.org/is-typed-array/-/is-typed-array-1.1.15.tgz. Extracting by manifest.
5105 silly tarball no local data for is-generator-function@https://registry.npmjs.org/is-generator-function/-/is-generator-function-1.1.2.tgz. Extracting by manifest.
5106 silly tarball no local data for is-arguments@https://registry.npmjs.org/is-arguments/-/is-arguments-1.2.0.tgz. Extracting by manifest.
5107 silly tarball no local data for pako@https://registry.npmjs.org/pako/-/pako-1.0.11.tgz. Extracting by manifest.
5108 silly tarball no local data for prepend-http@https://registry.npmjs.org/prepend-http/-/prepend-http-2.0.0.tgz. Extracting by manifest.
5109 silly tarball no local data for crypto-random-string@https://registry.npmjs.org/crypto-random-string/-/crypto-random-string-1.0.0.tgz. Extracting by manifest.
5110 silly tarball no local data for random-bytes@https://registry.npmjs.org/random-bytes/-/random-bytes-1.0.0.tgz. Extracting by manifest.
5111 silly tarball no local data for json-buffer@https://registry.npmjs.org/json-buffer/-/json-buffer-3.0.0.tgz. Extracting by manifest.
5112 silly tarball no local data for pump@https://registry.npmjs.org/pump/-/pump-3.0.4.tgz. Extracting by manifest.
5113 silly tarball no local data for responselike@https://registry.npmjs.org/responselike/-/responselike-1.0.2.tgz. Extracting by manifest.
5114 silly tarball no local data for normalize-url@https://registry.npmjs.org/normalize-url/-/normalize-url-4.5.1.tgz. Extracting by manifest.
5115 silly tarball no local data for keyv@https://registry.npmjs.org/keyv/-/keyv-3.1.0.tgz. Extracting by manifest.
5116 silly tarball no local data for http-cache-semantics@https://registry.npmjs.org/http-cache-semantics/-/http-cache-semantics-4.2.0.tgz. Extracting by manifest.
5117 silly tarball no local data for clone-response@https://registry.npmjs.org/clone-response/-/clone-response-1.0.3.tgz. Extracting by manifest.
5118 silly tarball no local data for defer-to-connect@https://registry.npmjs.org/defer-to-connect/-/defer-to-connect-1.1.3.tgz. Extracting by manifest.
5119 silly tarball no local data for url-parse-lax@https://registry.npmjs.org/url-parse-lax/-/url-parse-lax-3.0.0.tgz. Extracting by manifest.
5120 silly tarball no local data for to-readable-stream@https://registry.npmjs.org/to-readable-stream/-/to-readable-stream-1.0.0.tgz. Extracting by manifest.
5121 silly tarball no local data for p-cancelable@https://registry.npmjs.org/p-cancelable/-/p-cancelable-1.1.0.tgz. Extracting by manifest.
5122 silly tarball no local data for lowercase-keys@https://registry.npmjs.org/lowercase-keys/-/lowercase-keys-1.0.1.tgz. Extracting by manifest.
5123 silly tarball no local data for get-stream@https://registry.npmjs.org/get-stream/-/get-stream-4.1.0.tgz. Extracting by manifest.
5124 silly tarball no local data for duplexer3@https://registry.npmjs.org/duplexer3/-/duplexer3-0.1.5.tgz. Extracting by manifest.
5125 silly tarball no local data for cacheable-request@https://registry.npmjs.org/cacheable-request/-/cacheable-request-6.1.0.tgz. Extracting by manifest.
5126 silly tarball no local data for @szmarczak/http-timer@https://registry.npmjs.org/@szmarczak/http-timer/-/http-timer-1.1.2.tgz. Extracting by manifest.
5127 silly tarball no local data for @sindresorhus/is@https://registry.npmjs.org/@sindresorhus/is/-/is-0.14.0.tgz. Extracting by manifest.
5128 silly tarball no local data for is-obj@https://registry.npmjs.org/is-obj/-/is-obj-1.0.1.tgz. Extracting by manifest.
5129 silly tarball no local data for xdg-basedir@https://registry.npmjs.org/xdg-basedir/-/xdg-basedir-3.0.0.tgz. Extracting by manifest.
5130 silly tarball no local data for write-file-atomic@https://registry.npmjs.org/write-file-atomic/-/write-file-atomic-2.4.3.tgz. Extracting by manifest.
5131 silly tarball no local data for unique-string@https://registry.npmjs.org/unique-string/-/unique-string-1.0.0.tgz. Extracting by manifest.
5132 silly tarball no local data for tunnel@https://registry.npmjs.org/tunnel/-/tunnel-0.0.6.tgz. Extracting by manifest.
5133 silly tarball no local data for dot-prop@https://registry.npmjs.org/dot-prop/-/dot-prop-4.2.1.tgz. Extracting by manifest.
5134 silly tarball no local data for proxy-check@https://registry.npmjs.org/proxy-check/-/proxy-check-1.0.8.tgz. Extracting by manifest.
5135 silly tarball no local data for got@https://registry.npmjs.org/got/-/got-9.6.0.tgz. Extracting by manifest.
5136 silly tarball no local data for configstore@https://registry.npmjs.org/configstore/-/configstore-4.0.0.tgz. Extracting by manifest.
5137 silly tarball no local data for tldts-core@https://registry.npmjs.org/tldts-core/-/tldts-core-6.1.86.tgz. Extracting by manifest.
5138 silly tarball no local data for tldts@https://registry.npmjs.org/tldts/-/tldts-6.1.86.tgz. Extracting by manifest.
5139 silly tarball no local data for yallist@https://registry.npmjs.org/yallist/-/yallist-4.0.0.tgz. Extracting by manifest.
5140 silly tarball no local data for minizlib@https://registry.npmjs.org/minizlib/-/minizlib-2.1.2.tgz. Extracting by manifest.
5141 silly tarball no local data for minipass@https://registry.npmjs.org/minipass/-/minipass-5.0.0.tgz. Extracting by manifest.
5142 silly tarball no local data for fs-minipass@https://registry.npmjs.org/fs-minipass/-/fs-minipass-2.1.0.tgz. Extracting by manifest.
5143 silly tarball no local data for chownr@https://registry.npmjs.org/chownr/-/chownr-2.0.0.tgz. Extracting by manifest.
5144 silly tarball no local data for peek-readable@https://registry.npmjs.org/peek-readable/-/peek-readable-4.1.0.tgz. Extracting by manifest.
5145 silly tarball no local data for ansi-regex@https://registry.npmjs.org/ansi-regex/-/ansi-regex-5.0.1.tgz. Extracting by manifest.
5146 silly tarball no local data for is-fullwidth-code-point@https://registry.npmjs.org/is-fullwidth-code-point/-/is-fullwidth-code-point-3.0.0.tgz. Extracting by manifest.
5147 silly tarball no local data for emoji-regex@https://registry.npmjs.org/emoji-regex/-/emoji-regex-8.0.0.tgz. Extracting by manifest.
5148 silly tarball no local data for memory-pager@https://registry.npmjs.org/memory-pager/-/memory-pager-1.5.0.tgz. Extracting by manifest.
5149 silly tarball no local data for @simple-git/argv-parser@https://registry.npmjs.org/@simple-git/argv-parser/-/argv-parser-1.1.1.tgz. Extracting by manifest.
5150 silly tarball no local data for @simple-git/args-pathspec@https://registry.npmjs.org/@simple-git/args-pathspec/-/args-pathspec-1.0.3.tgz. Extracting by manifest.
5151 silly tarball no local data for @kwsites/promise-deferred@https://registry.npmjs.org/@kwsites/promise-deferred/-/promise-deferred-1.1.1.tgz. Extracting by manifest.
5152 silly tarball no local data for @kwsites/file-exists@https://registry.npmjs.org/@kwsites/file-exists/-/file-exists-1.1.1.tgz. Extracting by manifest.
5153 silly tarball no local data for simple-concat@https://registry.npmjs.org/simple-concat/-/simple-concat-1.0.1.tgz. Extracting by manifest.
5154 silly tarball no local data for mimic-response@https://registry.npmjs.org/mimic-response/-/mimic-response-2.1.0.tgz. Extracting by manifest.
5155 silly tarball no local data for decompress-response@https://registry.npmjs.org/decompress-response/-/decompress-response-4.2.1.tgz. Extracting by manifest.
5156 silly tarball no local data for call-bound@https://registry.npmjs.org/call-bound/-/call-bound-1.0.4.tgz. Extracting by manifest.
5157 silly tarball no local data for side-channel-weakmap@https://registry.npmjs.org/side-channel-weakmap/-/side-channel-weakmap-1.0.2.tgz. Extracting by manifest.
5158 silly tarball no local data for side-channel-map@https://registry.npmjs.org/side-channel-map/-/side-channel-map-1.0.1.tgz. Extracting by manifest.
5159 silly tarball no local data for side-channel-list@https://registry.npmjs.org/side-channel-list/-/side-channel-list-1.0.1.tgz. Extracting by manifest.
5160 silly tarball no local data for object-inspect@https://registry.npmjs.org/object-inspect/-/object-inspect-1.13.4.tgz. Extracting by manifest.
5161 silly tarball no local data for xmlchars@https://registry.npmjs.org/xmlchars/-/xmlchars-2.2.0.tgz. Extracting by manifest.
5162 silly tarball no local data for concat-map@https://registry.npmjs.org/concat-map/-/concat-map-0.0.1.tgz. Extracting by manifest.
5163 silly tarball no local data for balanced-match@https://registry.npmjs.org/balanced-match/-/balanced-match-1.0.2.tgz. Extracting by manifest.
5164 silly tarball no local data for brace-expansion@https://registry.npmjs.org/brace-expansion/-/brace-expansion-1.1.14.tgz. Extracting by manifest.
5165 silly tarball no local data for path-is-absolute@https://registry.npmjs.org/path-is-absolute/-/path-is-absolute-1.0.1.tgz. Extracting by manifest.
5166 silly tarball no local data for minimatch@https://registry.npmjs.org/minimatch/-/minimatch-3.1.5.tgz. Extracting by manifest.
5167 silly tarball no local data for inflight@https://registry.npmjs.org/inflight/-/inflight-1.0.6.tgz. Extracting by manifest.
5168 silly tarball no local data for fs.realpath@https://registry.npmjs.org/fs.realpath/-/fs.realpath-1.0.0.tgz. Extracting by manifest.
5169 silly tarball no local data for glob@https://registry.npmjs.org/glob/-/glob-7.2.3.tgz. Extracting by manifest.
5170 silly tarball no local data for supports-preserve-symlinks-flag@https://registry.npmjs.org/supports-preserve-symlinks-flag/-/supports-preserve-symlinks-flag-1.0.0.tgz. Extracting by manifest.
5171 silly tarball no local data for path-parse@https://registry.npmjs.org/path-parse/-/path-parse-1.0.7.tgz. Extracting by manifest.
5172 silly tarball no local data for is-core-module@https://registry.npmjs.org/is-core-module/-/is-core-module-2.16.2.tgz. Extracting by manifest.
5173 silly tarball no local data for resolve@https://registry.npmjs.org/resolve/-/resolve-1.22.12.tgz. Extracting by manifest.
5174 silly tarball no local data for module-details-from-path@https://registry.npmjs.org/module-details-from-path/-/module-details-from-path-1.0.4.tgz. Extracting by manifest.
5175 silly tarball no local data for util-deprecate@https://registry.npmjs.org/util-deprecate/-/util-deprecate-1.0.2.tgz. Extracting by manifest.
5176 silly tarball no local data for string_decoder@https://registry.npmjs.org/string_decoder/-/string_decoder-1.1.1.tgz. Extracting by manifest.
5177 silly tarball no local data for process-nextick-args@https://registry.npmjs.org/process-nextick-args/-/process-nextick-args-2.0.1.tgz. Extracting by manifest.
5178 silly tarball no local data for isarray@https://registry.npmjs.org/isarray/-/isarray-1.0.0.tgz. Extracting by manifest.
5179 silly tarball no local data for core-util-is@https://registry.npmjs.org/core-util-is/-/core-util-is-1.0.3.tgz. Extracting by manifest.
5180 silly tarball no local data for mute-stream@https://registry.npmjs.org/mute-stream/-/mute-stream-0.0.8.tgz. Extracting by manifest.
5181 silly tarball no local data for yargs@https://registry.npmjs.org/yargs/-/yargs-15.4.1.tgz. Extracting by manifest.
5182 silly tarball no local data for side-channel@https://registry.npmjs.org/side-channel/-/side-channel-1.1.0.tgz. Extracting by manifest.
5183 silly tarball no local data for dijkstrajs@https://registry.npmjs.org/dijkstrajs/-/dijkstrajs-1.0.3.tgz. Extracting by manifest.
5184 silly tarball no local data for @thi.ng/bitstream@https://registry.npmjs.org/@thi.ng/bitstream/-/bitstream-2.4.51.tgz. Extracting by manifest.
5185 silly tarball no local data for @thi.ng/errors@https://registry.npmjs.org/@thi.ng/errors/-/errors-2.6.13.tgz. Extracting by manifest.
5186 silly tarball no local data for webdriver-bidi-protocol@https://registry.npmjs.org/webdriver-bidi-protocol/-/webdriver-bidi-protocol-0.4.1.tgz. Extracting by manifest.
5187 silly tarball no local data for is-arrayish@https://registry.npmjs.org/is-arrayish/-/is-arrayish-0.2.1.tgz. Extracting by manifest.
5188 silly tarball no local data for picocolors@https://registry.npmjs.org/picocolors/-/picocolors-1.1.1.tgz. Extracting by manifest.
5189 silly tarball no local data for js-tokens@https://registry.npmjs.org/js-tokens/-/js-tokens-4.0.0.tgz. Extracting by manifest.
5190 silly tarball no local data for @babel/helper-validator-identifier@https://registry.npmjs.org/@babel/helper-validator-identifier/-/helper-validator-identifier-7.28.5.tgz. Extracting by manifest.
5191 silly tarball no local data for lines-and-columns@https://registry.npmjs.org/lines-and-columns/-/lines-and-columns-1.2.4.tgz. Extracting by manifest.
5192 silly tarball no local data for json-parse-even-better-errors@https://registry.npmjs.org/json-parse-even-better-errors/-/json-parse-even-better-errors-2.3.1.tgz. Extracting by manifest.
5193 silly tarball no local data for error-ex@https://registry.npmjs.org/error-ex/-/error-ex-1.3.4.tgz. Extracting by manifest.
5194 silly tarball no local data for @babel/code-frame@https://registry.npmjs.org/@babel/code-frame/-/code-frame-7.29.0.tgz. Extracting by manifest.
5195 silly tarball no local data for callsites@https://registry.npmjs.org/callsites/-/callsites-3.1.0.tgz. Extracting by manifest.
5196 silly tarball no local data for resolve-from@https://registry.npmjs.org/resolve-from/-/resolve-from-4.0.0.tgz. Extracting by manifest.
5197 silly tarball no local data for parent-module@https://registry.npmjs.org/parent-module/-/parent-module-1.0.1.tgz. Extracting by manifest.
5198 silly tarball no local data for import-fresh@https://registry.npmjs.org/import-fresh/-/import-fresh-3.3.1.tgz. Extracting by manifest.
5199 silly tarball no local data for env-paths@https://registry.npmjs.org/env-paths/-/env-paths-2.2.1.tgz. Extracting by manifest.
5200 silly tarball no local data for mitt@https://registry.npmjs.org/mitt/-/mitt-3.0.1.tgz. Extracting by manifest.
5201 silly tarball no local data for zod@https://registry.npmjs.org/zod/-/zod-3.25.76.tgz. Extracting by manifest.
5202 silly tarball no local data for puppeteer-core@https://registry.npmjs.org/puppeteer-core/-/puppeteer-core-25.0.4.tgz. Extracting by manifest.
5203 silly tarball no local data for typed-query-selector@https://registry.npmjs.org/typed-query-selector/-/typed-query-selector-2.12.2.tgz. Extracting by manifest.
5204 silly tarball no local data for cosmiconfig@https://registry.npmjs.org/cosmiconfig/-/cosmiconfig-9.0.1.tgz. Extracting by manifest.
5205 silly tarball no local data for devtools-protocol@https://registry.npmjs.org/devtools-protocol/-/devtools-protocol-0.0.1608973.tgz. Extracting by manifest.
5206 silly tarball no local data for chromium-bidi@https://registry.npmjs.org/chromium-bidi/-/chromium-bidi-16.0.1.tgz. Extracting by manifest.
5207 silly tarball no local data for parse-json@https://registry.npmjs.org/parse-json/-/parse-json-5.2.0.tgz. Extracting by manifest.
5208 silly tarball no local data for ipaddr.js@https://registry.npmjs.org/ipaddr.js/-/ipaddr.js-1.9.1.tgz. Extracting by manifest.
5209 silly tarball no local data for forwarded@https://registry.npmjs.org/forwarded/-/forwarded-0.2.0.tgz. Extracting by manifest.
5210 silly tarball no local data for long@https://registry.npmjs.org/long/-/long-5.3.2.tgz. Extracting by manifest.
5211 silly tarball no local data for @protobufjs/utf8@https://registry.npmjs.org/@protobufjs/utf8/-/utf8-1.1.1.tgz. Extracting by manifest.
5212 silly tarball no local data for @protobufjs/inquire@https://registry.npmjs.org/@protobufjs/inquire/-/inquire-1.1.2.tgz. Extracting by manifest.
5213 silly tarball no local data for @protobufjs/path@https://registry.npmjs.org/@protobufjs/path/-/path-1.1.2.tgz. Extracting by manifest.
5214 silly tarball no local data for @protobufjs/pool@https://registry.npmjs.org/@protobufjs/pool/-/pool-1.1.0.tgz. Extracting by manifest.
5215 silly tarball no local data for @protobufjs/float@https://registry.npmjs.org/@protobufjs/float/-/float-1.0.2.tgz. Extracting by manifest.
5216 silly tarball no local data for @protobufjs/fetch@https://registry.npmjs.org/@protobufjs/fetch/-/fetch-1.1.1.tgz. Extracting by manifest.
5217 silly tarball no local data for @protobufjs/eventemitter@https://registry.npmjs.org/@protobufjs/eventemitter/-/eventemitter-1.1.0.tgz. Extracting by manifest.
5218 silly tarball no local data for @protobufjs/codegen@https://registry.npmjs.org/@protobufjs/codegen/-/codegen-2.0.5.tgz. Extracting by manifest.
5219 silly tarball no local data for @protobufjs/base64@https://registry.npmjs.org/@protobufjs/base64/-/base64-1.1.2.tgz. Extracting by manifest.
5220 silly tarball no local data for @protobufjs/aspromise@https://registry.npmjs.org/@protobufjs/aspromise/-/aspromise-1.1.2.tgz. Extracting by manifest.
5221 silly tarball no local data for read@https://registry.npmjs.org/read/-/read-1.0.7.tgz. Extracting by manifest.
5222 silly tarball no local data for charm@https://registry.npmjs.org/charm/-/charm-0.1.2.tgz. Extracting by manifest.
5223 silly tarball no local data for escape-string-regexp@https://registry.npmjs.org/escape-string-regexp/-/escape-string-regexp-4.0.0.tgz. Extracting by manifest.
5224 silly tarball no local data for lazy@https://registry.npmjs.org/lazy/-/lazy-1.0.11.tgz. Extracting by manifest.
5225 silly tarball no local data for ansi-colors@https://registry.npmjs.org/ansi-colors/-/ansi-colors-4.1.3.tgz. Extracting by manifest.
5226 silly tarball no local data for shimmer@https://registry.npmjs.org/shimmer/-/shimmer-1.2.1.tgz. Extracting by manifest.
5227 silly tarball no local data for require-in-the-middle@https://registry.npmjs.org/require-in-the-middle/-/require-in-the-middle-5.2.0.tgz. Extracting by manifest.
5228 silly tarball no local data for proxy-agent@https://registry.npmjs.org/proxy-agent/-/proxy-agent-6.3.1.tgz. Extracting by manifest.
5229 silly tarball no local data for nssocket@https://registry.npmjs.org/nssocket/-/nssocket-0.6.0.tgz. Extracting by manifest.
5230 silly tarball no local data for sprintf-js@https://registry.npmjs.org/sprintf-js/-/sprintf-js-1.1.2.tgz. Extracting by manifest.
5231 silly tarball no local data for source-map-support@https://registry.npmjs.org/source-map-support/-/source-map-support-0.5.21.tgz. Extracting by manifest.
5232 silly tarball no local data for promptly@https://registry.npmjs.org/promptly/-/promptly-2.2.0.tgz. Extracting by manifest.
5233 silly tarball no local data for pm2-multimeter@https://registry.npmjs.org/pm2-multimeter/-/pm2-multimeter-0.1.2.tgz. Extracting by manifest.
5234 silly tarball no local data for pm2-axon-rpc@https://registry.npmjs.org/pm2-axon-rpc/-/pm2-axon-rpc-0.7.1.tgz. Extracting by manifest.
5235 silly tarball no local data for pm2-axon@https://registry.npmjs.org/pm2-axon/-/pm2-axon-4.0.1.tgz. Extracting by manifest.
5236 silly tarball no local data for pidusage@https://registry.npmjs.org/pidusage/-/pidusage-3.0.2.tgz. Extracting by manifest.
5237 silly tarball no local data for needle@https://registry.npmjs.org/needle/-/needle-2.4.0.tgz. Extracting by manifest.
5238 silly tarball no local data for fclone@https://registry.npmjs.org/fclone/-/fclone-1.0.11.tgz. Extracting by manifest.
5239 silly tarball no local data for eventemitter2@https://registry.npmjs.org/eventemitter2/-/eventemitter2-5.0.1.tgz. Extracting by manifest.
5240 silly tarball no local data for dayjs@https://registry.npmjs.org/dayjs/-/dayjs-1.11.20.tgz. Extracting by manifest.
5241 silly tarball no local data for enquirer@https://registry.npmjs.org/enquirer/-/enquirer-2.3.6.tgz. Extracting by manifest.
5242 silly tarball no local data for blessed@https://registry.npmjs.org/blessed/-/blessed-0.1.81.tgz. Extracting by manifest.
5243 silly tarball no local data for @pm2/io@https://registry.npmjs.org/@pm2/io/-/io-6.0.1.tgz. Extracting by manifest.
5244 silly tarball no local data for @pm2/agent@https://registry.npmjs.org/@pm2/agent/-/agent-2.0.4.tgz. Extracting by manifest.
5245 silly tarball no local data for wrappy@https://registry.npmjs.org/wrappy/-/wrappy-1.0.2.tgz. Extracting by manifest.
5246 silly tarball no local data for once@https://registry.npmjs.org/once/-/once-1.4.0.tgz. Extracting by manifest.
5247 silly tarball no local data for stream-shift@https://registry.npmjs.org/stream-shift/-/stream-shift-1.0.3.tgz. Extracting by manifest.
5248 silly tarball no local data for end-of-stream@https://registry.npmjs.org/end-of-stream/-/end-of-stream-1.4.5.tgz. Extracting by manifest.
5249 silly tarball no local data for duplexify@https://registry.npmjs.org/duplexify/-/duplexify-4.1.3.tgz. Extracting by manifest.
5250 silly tarball no local data for thread-stream@https://registry.npmjs.org/thread-stream/-/thread-stream-0.15.2.tgz. Extracting by manifest.
5251 silly tarball no local data for sonic-boom@https://registry.npmjs.org/sonic-boom/-/sonic-boom-2.8.0.tgz. Extracting by manifest.
5252 silly tarball no local data for safe-stable-stringify@https://registry.npmjs.org/safe-stable-stringify/-/safe-stable-stringify-2.5.0.tgz. Extracting by manifest.
5253 silly tarball no local data for real-require@https://registry.npmjs.org/real-require/-/real-require-0.1.0.tgz. Extracting by manifest.
5254 silly tarball no local data for quick-format-unescaped@https://registry.npmjs.org/quick-format-unescaped/-/quick-format-unescaped-4.0.4.tgz. Extracting by manifest.
5255 silly tarball no local data for process-warning@https://registry.npmjs.org/process-warning/-/process-warning-1.0.0.tgz. Extracting by manifest.
5256 silly tarball no local data for pino-std-serializers@https://registry.npmjs.org/pino-std-serializers/-/pino-std-serializers-4.0.0.tgz. Extracting by manifest.
5257 silly tarball no local data for pino-abstract-transport@https://registry.npmjs.org/pino-abstract-transport/-/pino-abstract-transport-0.5.0.tgz. Extracting by manifest.
5258 silly tarball no local data for on-exit-leak-free@https://registry.npmjs.org/on-exit-leak-free/-/on-exit-leak-free-0.2.0.tgz. Extracting by manifest.
5259 silly tarball no local data for fast-redact@https://registry.npmjs.org/fast-redact/-/fast-redact-3.5.0.tgz. Extracting by manifest.
5260 silly tarball no local data for atomic-sleep@https://registry.npmjs.org/atomic-sleep/-/atomic-sleep-1.0.0.tgz. Extracting by manifest.
5261 silly tarball no local data for split2@https://registry.npmjs.org/split2/-/split2-4.2.0.tgz. Extracting by manifest.
5262 silly tarball no local data for postgres-interval@https://registry.npmjs.org/postgres-interval/-/postgres-interval-1.2.0.tgz. Extracting by manifest.
5263 silly tarball no local data for postgres-date@https://registry.npmjs.org/postgres-date/-/postgres-date-1.0.7.tgz. Extracting by manifest.
5264 silly tarball no local data for postgres-bytea@https://registry.npmjs.org/postgres-bytea/-/postgres-bytea-1.0.1.tgz. Extracting by manifest.
5265 silly tarball no local data for postgres-array@https://registry.npmjs.org/postgres-array/-/postgres-array-2.0.0.tgz. Extracting by manifest.
5266 silly tarball no local data for pg-int8@https://registry.npmjs.org/pg-int8/-/pg-int8-1.0.1.tgz. Extracting by manifest.
5267 silly tarball no local data for pgpass@https://registry.npmjs.org/pgpass/-/pgpass-1.0.5.tgz. Extracting by manifest.
5268 silly tarball no local data for pg-types@https://registry.npmjs.org/pg-types/-/pg-types-2.2.0.tgz. Extracting by manifest.
5269 silly tarball no local data for pg-protocol@https://registry.npmjs.org/pg-protocol/-/pg-protocol-1.14.0.tgz. Extracting by manifest.
5270 silly tarball no local data for pg-pool@https://registry.npmjs.org/pg-pool/-/pg-pool-3.14.0.tgz. Extracting by manifest.
5271 silly tarball no local data for pg-connection-string@https://registry.npmjs.org/pg-connection-string/-/pg-connection-string-2.13.0.tgz. Extracting by manifest.
5272 silly tarball no local data for pg-cloudflare@https://registry.npmjs.org/pg-cloudflare/-/pg-cloudflare-1.4.0.tgz. Extracting by manifest.
5273 silly tarball no local data for process@https://registry.npmjs.org/process/-/process-0.11.10.tgz. Extracting by manifest.
5274 silly tarball no local data for xml2js@https://registry.npmjs.org/xml2js/-/xml2js-0.5.0.tgz. Extracting by manifest.
5275 silly tarball no local data for xml-parse-from-string@https://registry.npmjs.org/xml-parse-from-string/-/xml-parse-from-string-1.0.1.tgz. Extracting by manifest.
5276 silly tarball no local data for ee-first@https://registry.npmjs.org/ee-first/-/ee-first-1.1.1.tgz. Extracting by manifest.
5277 silly tarball no local data for opus-decoder@https://registry.npmjs.org/opus-decoder/-/opus-decoder-0.7.11.tgz. Extracting by manifest.
5278 silly tarball no local data for wide-align@https://registry.npmjs.org/wide-align/-/wide-align-1.1.5.tgz. Extracting by manifest.
5279 silly tarball no local data for @wasm-audio-decoders/opus-ml@https://registry.npmjs.org/@wasm-audio-decoders/opus-ml/-/opus-ml-0.0.2.tgz. Extracting by manifest.
5280 silly tarball no local data for strip-ansi@https://registry.npmjs.org/strip-ansi/-/strip-ansi-6.0.1.tgz. Extracting by manifest.
5281 silly tarball no local data for string-width@https://registry.npmjs.org/string-width/-/string-width-4.2.3.tgz. Extracting by manifest.
5282 silly tarball no local data for signal-exit@https://registry.npmjs.org/signal-exit/-/signal-exit-3.0.7.tgz. Extracting by manifest.
5283 silly tarball no local data for has-unicode@https://registry.npmjs.org/has-unicode/-/has-unicode-2.0.1.tgz. Extracting by manifest.
5284 silly tarball no local data for color-support@https://registry.npmjs.org/color-support/-/color-support-1.1.3.tgz. Extracting by manifest.
5285 silly tarball no local data for aproba@https://registry.npmjs.org/aproba/-/aproba-2.1.0.tgz. Extracting by manifest.
5286 silly tarball no local data for delegates@https://registry.npmjs.org/delegates/-/delegates-1.0.0.tgz. Extracting by manifest.
5287 silly tarball no local data for set-blocking@https://registry.npmjs.org/set-blocking/-/set-blocking-2.0.0.tgz. Extracting by manifest.
5288 silly tarball no local data for gauge@https://registry.npmjs.org/gauge/-/gauge-3.0.2.tgz. Extracting by manifest.
5289 silly tarball no local data for console-control-strings@https://registry.npmjs.org/console-control-strings/-/console-control-strings-1.1.0.tgz. Extracting by manifest.
5290 silly tarball no local data for are-we-there-yet@https://registry.npmjs.org/are-we-there-yet/-/are-we-there-yet-2.0.0.tgz. Extracting by manifest.
5291 silly tarball no local data for clone@https://registry.npmjs.org/clone/-/clone-2.1.2.tgz. Extracting by manifest.
5292 silly tarball no local data for abbrev@https://registry.npmjs.org/abbrev/-/abbrev-1.1.1.tgz. Extracting by manifest.
5293 silly tarball no local data for media-typer@https://registry.npmjs.org/media-typer/-/media-typer-1.1.0.tgz. Extracting by manifest.
5294 silly tarball no local data for @tokenizer/token@https://registry.npmjs.org/@tokenizer/token/-/token-0.3.0.tgz. Extracting by manifest.
5295 silly tarball no local data for typedarray@https://registry.npmjs.org/typedarray/-/typedarray-0.0.6.tgz. Extracting by manifest.
5296 silly tarball no local data for readable-stream@https://registry.npmjs.org/readable-stream/-/readable-stream-2.3.8.tgz. Extracting by manifest.
5297 silly tarball no local data for buffer-from@https://registry.npmjs.org/buffer-from/-/buffer-from-1.1.2.tgz. Extracting by manifest.
5298 silly tarball no local data for streamsearch@https://registry.npmjs.org/streamsearch/-/streamsearch-1.1.0.tgz. Extracting by manifest.
5299 silly tarball no local data for object-assign@https://registry.npmjs.org/object-assign/-/object-assign-4.1.1.tgz. Extracting by manifest.
5300 silly tarball no local data for concat-stream@https://registry.npmjs.org/concat-stream/-/concat-stream-1.6.2.tgz. Extracting by manifest.
5301 silly tarball no local data for busboy@https://registry.npmjs.org/busboy/-/busboy-1.6.0.tgz. Extracting by manifest.
5302 silly tarball no local data for append-field@https://registry.npmjs.org/append-field/-/append-field-1.0.0.tgz. Extracting by manifest.
5303 silly tarball no local data for @types/webidl-conversions@https://registry.npmjs.org/@types/webidl-conversions/-/webidl-conversions-7.0.3.tgz. Extracting by manifest.
5304 silly tarball no local data for @types/whatwg-url@https://registry.npmjs.org/@types/whatwg-url/-/whatwg-url-8.2.2.tgz. Extracting by manifest.
5305 silly tarball no local data for xml-naming@https://registry.npmjs.org/xml-naming/-/xml-naming-0.1.0.tgz. Extracting by manifest.
5306 silly tarball no local data for strnum@https://registry.npmjs.org/strnum/-/strnum-2.3.0.tgz. Extracting by manifest.
5307 silly tarball no local data for path-expression-matcher@https://registry.npmjs.org/path-expression-matcher/-/path-expression-matcher-1.5.0.tgz. Extracting by manifest.
5308 silly tarball no local data for fast-xml-builder@https://registry.npmjs.org/fast-xml-builder/-/fast-xml-builder-1.2.0.tgz. Extracting by manifest.
5309 silly tarball no local data for @smithy/is-array-buffer@https://registry.npmjs.org/@smithy/is-array-buffer/-/is-array-buffer-2.2.0.tgz. Extracting by manifest.
5310 silly tarball no local data for @smithy/util-buffer-from@https://registry.npmjs.org/@smithy/util-buffer-from/-/util-buffer-from-2.2.0.tgz. Extracting by manifest.
5311 silly tarball no local data for @aws-crypto/crc32@https://registry.npmjs.org/@aws-crypto/crc32/-/crc32-5.2.0.tgz. Extracting by manifest.
5312 silly tarball no local data for sparse-bitfield@https://registry.npmjs.org/sparse-bitfield/-/sparse-bitfield-3.0.3.tgz. Extracting by manifest.
5313 silly tarball no local data for fast-xml-parser@https://registry.npmjs.org/fast-xml-parser/-/fast-xml-parser-5.7.3.tgz. Extracting by manifest.
5314 silly tarball no local data for @nodable/entities@https://registry.npmjs.org/@nodable/entities/-/entities-2.1.0.tgz. Extracting by manifest.
5315 silly tarball no local data for @aws-sdk/signature-v4-multi-region@https://registry.npmjs.org/@aws-sdk/signature-v4-multi-region/-/signature-v4-multi-region-3.996.28.tgz. Extracting by manifest.
5316 silly tarball no local data for @aws-sdk/token-providers@https://registry.npmjs.org/@aws-sdk/token-providers/-/token-providers-3.1052.0.tgz. Extracting by manifest.
5317 silly tarball no local data for bowser@https://registry.npmjs.org/bowser/-/bowser-2.14.1.tgz. Extracting by manifest.
5318 silly tarball no local data for @smithy/signature-v4@https://registry.npmjs.org/@smithy/signature-v4/-/signature-v4-5.4.4.tgz. Extracting by manifest.
5319 silly tarball no local data for @aws/lambda-invoke-store@https://registry.npmjs.org/@aws/lambda-invoke-store/-/lambda-invoke-store-0.2.4.tgz. Extracting by manifest.
5320 silly tarball no local data for @aws-sdk/xml-builder@https://registry.npmjs.org/@aws-sdk/xml-builder/-/xml-builder-3.972.25.tgz. Extracting by manifest.
5321 silly tarball no local data for @smithy/util-utf8@https://registry.npmjs.org/@smithy/util-utf8/-/util-utf8-2.3.0.tgz. Extracting by manifest.
5322 silly tarball no local data for @aws-sdk/util-locate-window@https://registry.npmjs.org/@aws-sdk/util-locate-window/-/util-locate-window-3.965.5.tgz. Extracting by manifest.
5323 silly tarball no local data for @aws-crypto/util@https://registry.npmjs.org/@aws-crypto/util/-/util-5.2.0.tgz. Extracting by manifest.
5324 silly tarball no local data for @aws-crypto/supports-web-crypto@https://registry.npmjs.org/@aws-crypto/supports-web-crypto/-/supports-web-crypto-5.2.0.tgz. Extracting by manifest.
5325 silly tarball no local data for @aws-crypto/sha256-js@https://registry.npmjs.org/@aws-crypto/sha256-js/-/sha256-js-5.2.0.tgz. Extracting by manifest.
5326 silly tarball no local data for @smithy/node-http-handler@https://registry.npmjs.org/@smithy/node-http-handler/-/node-http-handler-4.7.4.tgz. Extracting by manifest.
5327 silly tarball no local data for @aws-crypto/sha256-browser@https://registry.npmjs.org/@aws-crypto/sha256-browser/-/sha256-browser-5.2.0.tgz. Extracting by manifest.
5328 silly tarball no local data for @smithy/types@https://registry.npmjs.org/@smithy/types/-/types-4.14.2.tgz. Extracting by manifest.
5329 silly tarball no local data for @smithy/credential-provider-imds@https://registry.npmjs.org/@smithy/credential-provider-imds/-/credential-provider-imds-4.3.4.tgz. Extracting by manifest.
5330 silly tarball no local data for @smithy/core@https://registry.npmjs.org/@smithy/core/-/core-3.24.4.tgz. Extracting by manifest.
5331 silly tarball no local data for @aws-sdk/types@https://registry.npmjs.org/@aws-sdk/types/-/types-3.973.9.tgz. Extracting by manifest.
5332 silly tarball no local data for @aws-sdk/credential-provider-web-identity@https://registry.npmjs.org/@aws-sdk/credential-provider-web-identity/-/credential-provider-web-identity-3.972.43.tgz. Extracting by manifest.
5333 silly tarball no local data for @aws-sdk/nested-clients@https://registry.npmjs.org/@aws-sdk/nested-clients/-/nested-clients-3.997.11.tgz. Extracting by manifest.
5334 silly tarball no local data for @aws-sdk/credential-provider-sso@https://registry.npmjs.org/@aws-sdk/credential-provider-sso/-/credential-provider-sso-3.972.43.tgz. Extracting by manifest.
5335 silly tarball no local data for @aws-sdk/credential-provider-process@https://registry.npmjs.org/@aws-sdk/credential-provider-process/-/credential-provider-process-3.972.39.tgz. Extracting by manifest.
5336 silly tarball no local data for @aws-sdk/credential-provider-node@https://registry.npmjs.org/@aws-sdk/credential-provider-node/-/credential-provider-node-3.972.44.tgz. Extracting by manifest.
5337 silly tarball no local data for @aws-sdk/credential-provider-login@https://registry.npmjs.org/@aws-sdk/credential-provider-login/-/credential-provider-login-3.972.43.tgz. Extracting by manifest.
5338 silly tarball no local data for @aws-sdk/credential-provider-ini@https://registry.npmjs.org/@aws-sdk/credential-provider-ini/-/credential-provider-ini-3.972.43.tgz. Extracting by manifest.
5339 silly tarball no local data for @aws-sdk/credential-provider-http@https://registry.npmjs.org/@aws-sdk/credential-provider-http/-/credential-provider-http-3.972.41.tgz. Extracting by manifest.
5340 silly tarball no local data for @aws-sdk/credential-provider-env@https://registry.npmjs.org/@aws-sdk/credential-provider-env/-/credential-provider-env-3.972.39.tgz. Extracting by manifest.
5341 silly tarball no local data for @aws-sdk/credential-provider-cognito-identity@https://registry.npmjs.org/@aws-sdk/credential-provider-cognito-identity/-/credential-provider-cognito-identity-3.972.36.tgz. Extracting by manifest.
5342 silly tarball no local data for @aws-sdk/core@https://registry.npmjs.org/@aws-sdk/core/-/core-3.974.13.tgz. Extracting by manifest.
5343 silly tarball no local data for @aws-sdk/client-cognito-identity@https://registry.npmjs.org/@aws-sdk/client-cognito-identity/-/client-cognito-identity-3.1052.0.tgz. Extracting by manifest.
5344 silly tarball no local data for mongodb-connection-string-url@https://registry.npmjs.org/mongodb-connection-string-url/-/mongodb-connection-string-url-2.6.0.tgz. Extracting by manifest.
5345 silly tarball no local data for @mongodb-js/saslprep@https://registry.npmjs.org/@mongodb-js/saslprep/-/saslprep-1.4.11.tgz. Extracting by manifest.
5346 silly tarball no local data for @aws-sdk/credential-providers@https://registry.npmjs.org/@aws-sdk/credential-providers/-/credential-providers-3.1052.0.tgz. Extracting by manifest.
5347 silly tarball no local data for sift@https://registry.npmjs.org/sift/-/sift-16.0.1.tgz. Extracting by manifest.
5348 silly tarball no local data for mquery@https://registry.npmjs.org/mquery/-/mquery-4.0.3.tgz. Extracting by manifest.
5349 silly tarball no local data for mpath@https://registry.npmjs.org/mpath/-/mpath-0.9.0.tgz. Extracting by manifest.
5350 silly tarball no local data for mongodb@https://registry.npmjs.org/mongodb/-/mongodb-4.17.2.tgz. Extracting by manifest.
5351 silly tarball no local data for kareem@https://registry.npmjs.org/kareem/-/kareem-2.5.1.tgz. Extracting by manifest.
5352 silly tarball no local data for bson@https://registry.npmjs.org/bson/-/bson-4.7.2.tgz. Extracting by manifest.
5353 silly tarball no local data for minimist@https://registry.npmjs.org/minimist/-/minimist-1.2.8.tgz. Extracting by manifest.
5354 silly tarball no local data for mime-db@https://registry.npmjs.org/mime-db/-/mime-db-1.52.0.tgz. Extracting by manifest.
5355 silly tarball no local data for xtend@https://registry.npmjs.org/xtend/-/xtend-4.0.2.tgz. Extracting by manifest.
5356 silly tarball no local data for xhr@https://registry.npmjs.org/xhr/-/xhr-2.6.0.tgz. Extracting by manifest.
5357 silly tarball no local data for parse-bmfont-xml@https://registry.npmjs.org/parse-bmfont-xml/-/parse-bmfont-xml-1.1.6.tgz. Extracting by manifest.
5358 silly tarball no local data for parse-bmfont-binary@https://registry.npmjs.org/parse-bmfont-binary/-/parse-bmfont-binary-1.0.6.tgz. Extracting by manifest.
5359 silly tarball no local data for parse-bmfont-ascii@https://registry.npmjs.org/parse-bmfont-ascii/-/parse-bmfont-ascii-1.0.6.tgz. Extracting by manifest.
5360 silly tarball no local data for mime@https://registry.npmjs.org/mime/-/mime-1.6.0.tgz. Extracting by manifest.
5361 silly tarball no local data for buffer-equal@https://registry.npmjs.org/buffer-equal/-/buffer-equal-0.0.1.tgz. Extracting by manifest.
5362 silly tarball no local data for curve25519-js@https://registry.npmjs.org/curve25519-js/-/curve25519-js-0.0.4.tgz. Extracting by manifest.
5363 silly tarball no local data for @tootallnate/once@https://registry.npmjs.org/@tootallnate/once/-/once-1.1.2.tgz. Extracting by manifest.
5364 silly tarball no local data for acorn-walk@https://registry.npmjs.org/acorn-walk/-/acorn-walk-7.2.0.tgz. Extracting by manifest.
5365 silly tarball no local data for xml-name-validator@https://registry.npmjs.org/xml-name-validator/-/xml-name-validator-3.0.0.tgz. Extracting by manifest.
5366 silly tarball no local data for whatwg-url@https://registry.npmjs.org/whatwg-url/-/whatwg-url-8.7.0.tgz. Extracting by manifest.
5367 silly tarball no local data for webidl-conversions@https://registry.npmjs.org/webidl-conversions/-/webidl-conversions-6.1.0.tgz. Extracting by manifest.
5368 silly tarball no local data for w3c-xmlserializer@https://registry.npmjs.org/w3c-xmlserializer/-/w3c-xmlserializer-2.0.0.tgz. Extracting by manifest.
5369 silly tarball no local data for w3c-hr-time@https://registry.npmjs.org/w3c-hr-time/-/w3c-hr-time-1.0.2.tgz. Extracting by manifest.
5370 silly tarball no local data for symbol-tree@https://registry.npmjs.org/symbol-tree/-/symbol-tree-3.2.4.tgz. Extracting by manifest.
5371 silly tarball no local data for saxes@https://registry.npmjs.org/saxes/-/saxes-5.0.1.tgz. Extracting by manifest.
5372 silly tarball no local data for nwsapi@https://registry.npmjs.org/nwsapi/-/nwsapi-2.2.23.tgz. Extracting by manifest.
5373 silly tarball no local data for is-potential-custom-element-name@https://registry.npmjs.org/is-potential-custom-element-name/-/is-potential-custom-element-name-1.0.1.tgz. Extracting by manifest.
5374 silly tarball no local data for http-proxy-agent@https://registry.npmjs.org/http-proxy-agent/-/http-proxy-agent-4.0.1.tgz. Extracting by manifest.
5375 silly tarball no local data for html-encoding-sniffer@https://registry.npmjs.org/html-encoding-sniffer/-/html-encoding-sniffer-2.0.1.tgz. Extracting by manifest.
5376 silly tarball no local data for domexception@https://registry.npmjs.org/domexception/-/domexception-2.0.1.tgz. Extracting by manifest.
5377 silly tarball no local data for decimal.js@https://registry.npmjs.org/decimal.js/-/decimal.js-10.6.0.tgz. Extracting by manifest.
5378 silly tarball no local data for data-urls@https://registry.npmjs.org/data-urls/-/data-urls-2.0.0.tgz. Extracting by manifest.
5379 silly tarball no local data for cssstyle@https://registry.npmjs.org/cssstyle/-/cssstyle-2.3.0.tgz. Extracting by manifest.
5380 silly tarball no local data for cssom@https://registry.npmjs.org/cssom/-/cssom-0.4.4.tgz. Extracting by manifest.
5381 silly tarball no local data for acorn-globals@https://registry.npmjs.org/acorn-globals/-/acorn-globals-6.0.0.tgz. Extracting by manifest.
5382 silly tarball no local data for acorn@https://registry.npmjs.org/acorn/-/acorn-8.16.0.tgz. Extracting by manifest.
5383 silly tarball no local data for abab@https://registry.npmjs.org/abab/-/abab-2.0.6.tgz. Extracting by manifest.
5384 silly tarball no local data for @types/node@https://registry.npmjs.org/@types/node/-/node-16.9.1.tgz. Extracting by manifest.
5385 silly tarball no local data for image-q@https://registry.npmjs.org/image-q/-/image-q-4.0.0.tgz. Extracting by manifest.
5386 silly tarball no local data for ieee754@https://registry.npmjs.org/ieee754/-/ieee754-1.2.1.tgz. Extracting by manifest.
5387 silly tarball no local data for base64-js@https://registry.npmjs.org/base64-js/-/base64-js-1.5.1.tgz. Extracting by manifest.
5388 silly tarball no local data for utif@https://registry.npmjs.org/utif/-/utif-2.0.1.tgz. Extracting by manifest.
5389 silly tarball no local data for pngjs@https://registry.npmjs.org/pngjs/-/pngjs-3.4.0.tgz. Extracting by manifest.
5390 silly tarball no local data for jpeg-js@https://registry.npmjs.org/jpeg-js/-/jpeg-js-0.4.4.tgz. Extracting by manifest.
5391 silly tarball no local data for omggif@https://registry.npmjs.org/omggif/-/omggif-1.0.10.tgz. Extracting by manifest.
5392 silly tarball no local data for gifwrap@https://registry.npmjs.org/gifwrap/-/gifwrap-0.9.4.tgz. Extracting by manifest.
5393 silly tarball no local data for bmp-js@https://registry.npmjs.org/bmp-js/-/bmp-js-0.1.0.tgz. Extracting by manifest.
5394 silly tarball no local data for @jimp/tiff@https://registry.npmjs.org/@jimp/tiff/-/tiff-0.16.13.tgz. Extracting by manifest.
5395 silly tarball no local data for @jimp/png@https://registry.npmjs.org/@jimp/png/-/png-0.16.13.tgz. Extracting by manifest.
5396 silly tarball no local data for @jimp/jpeg@https://registry.npmjs.org/@jimp/jpeg/-/jpeg-0.16.13.tgz. Extracting by manifest.
5397 silly tarball no local data for @jimp/gif@https://registry.npmjs.org/@jimp/gif/-/gif-0.16.13.tgz. Extracting by manifest.
5398 silly tarball no local data for @jimp/bmp@https://registry.npmjs.org/@jimp/bmp/-/bmp-0.16.13.tgz. Extracting by manifest.
5399 silly tarball no local data for timm@https://registry.npmjs.org/timm/-/timm-1.7.1.tgz. Extracting by manifest.
5400 silly tarball no local data for @jimp/plugin-threshold@https://registry.npmjs.org/@jimp/plugin-threshold/-/plugin-threshold-0.16.13.tgz. Extracting by manifest.
5401 silly tarball no local data for @jimp/plugin-shadow@https://registry.npmjs.org/@jimp/plugin-shadow/-/plugin-shadow-0.16.13.tgz. Extracting by manifest.
5402 silly tarball no local data for @jimp/plugin-print@https://registry.npmjs.org/@jimp/plugin-print/-/plugin-print-0.16.13.tgz. Extracting by manifest.
5403 silly tarball no local data for @jimp/plugin-normalize@https://registry.npmjs.org/@jimp/plugin-normalize/-/plugin-normalize-0.16.13.tgz. Extracting by manifest.
5404 silly tarball no local data for @jimp/plugin-mask@https://registry.npmjs.org/@jimp/plugin-mask/-/plugin-mask-0.16.13.tgz. Extracting by manifest.
5405 silly tarball no local data for @jimp/plugin-invert@https://registry.npmjs.org/@jimp/plugin-invert/-/plugin-invert-0.16.13.tgz. Extracting by manifest.
5406 silly tarball no local data for @jimp/plugin-gaussian@https://registry.npmjs.org/@jimp/plugin-gaussian/-/plugin-gaussian-0.16.13.tgz. Extracting by manifest.
5407 silly tarball no local data for @jimp/plugin-rotate@https://registry.npmjs.org/@jimp/plugin-rotate/-/plugin-rotate-0.16.13.tgz. Extracting by manifest.
5408 silly tarball no local data for @jimp/plugin-flip@https://registry.npmjs.org/@jimp/plugin-flip/-/plugin-flip-0.16.13.tgz. Extracting by manifest.
5409 silly tarball no local data for @jimp/plugin-fisheye@https://registry.npmjs.org/@jimp/plugin-fisheye/-/plugin-fisheye-0.16.13.tgz. Extracting by manifest.
5410 silly tarball no local data for @jimp/plugin-dither@https://registry.npmjs.org/@jimp/plugin-dither/-/plugin-dither-0.16.13.tgz. Extracting by manifest.
5411 silly tarball no local data for @jimp/plugin-displace@https://registry.npmjs.org/@jimp/plugin-displace/-/plugin-displace-0.16.13.tgz. Extracting by manifest.
5412 silly tarball no local data for @jimp/plugin-crop@https://registry.npmjs.org/@jimp/plugin-crop/-/plugin-crop-0.16.13.tgz. Extracting by manifest.
5413 silly tarball no local data for @jimp/plugin-cover@https://registry.npmjs.org/@jimp/plugin-cover/-/plugin-cover-0.16.13.tgz. Extracting by manifest.
5414 silly tarball no local data for @jimp/plugin-resize@https://registry.npmjs.org/@jimp/plugin-resize/-/plugin-resize-0.16.13.tgz. Extracting by manifest.
5415 silly tarball no local data for @jimp/plugin-scale@https://registry.npmjs.org/@jimp/plugin-scale/-/plugin-scale-0.16.13.tgz. Extracting by manifest.
5416 silly tarball no local data for @jimp/plugin-contain@https://registry.npmjs.org/@jimp/plugin-contain/-/plugin-contain-0.16.13.tgz. Extracting by manifest.
5417 silly tarball no local data for @jimp/plugin-color@https://registry.npmjs.org/@jimp/plugin-color/-/plugin-color-0.16.13.tgz. Extracting by manifest.
5418 silly tarball no local data for @jimp/plugin-circle@https://registry.npmjs.org/@jimp/plugin-circle/-/plugin-circle-0.16.13.tgz. Extracting by manifest.
5419 silly tarball no local data for @jimp/plugin-blur@https://registry.npmjs.org/@jimp/plugin-blur/-/plugin-blur-0.16.13.tgz. Extracting by manifest.
5420 silly tarball no local data for @jimp/plugin-blit@https://registry.npmjs.org/@jimp/plugin-blit/-/plugin-blit-0.16.13.tgz. Extracting by manifest.
5421 silly tarball no local data for tinycolor2@https://registry.npmjs.org/tinycolor2/-/tinycolor2-1.6.0.tgz. Extracting by manifest.
5422 silly tarball no local data for pixelmatch@https://registry.npmjs.org/pixelmatch/-/pixelmatch-4.0.2.tgz. Extracting by manifest.
5423 silly tarball no local data for phin@https://registry.npmjs.org/phin/-/phin-2.9.3.tgz. Extracting by manifest.
5424 silly tarball no local data for mkdirp@https://registry.npmjs.org/mkdirp/-/mkdirp-0.5.6.tgz. Extracting by manifest.
5425 silly tarball no local data for load-bmfont@https://registry.npmjs.org/load-bmfont/-/load-bmfont-1.4.2.tgz. Extracting by manifest.
5426 silly tarball no local data for exif-parser@https://registry.npmjs.org/exif-parser/-/exif-parser-0.1.12.tgz. Extracting by manifest.
5427 silly tarball no local data for buffer@https://registry.npmjs.org/buffer/-/buffer-5.7.1.tgz. Extracting by manifest.
5428 silly tarball no local data for any-base@https://registry.npmjs.org/any-base/-/any-base-1.1.0.tgz. Extracting by manifest.
5429 silly tarball no local data for @jimp/utils@https://registry.npmjs.org/@jimp/utils/-/utils-0.16.13.tgz. Extracting by manifest.
5430 silly tarball no local data for @jimp/core@https://registry.npmjs.org/@jimp/core/-/core-0.16.13.tgz. Extracting by manifest.
5431 silly tarball no local data for regenerator-runtime@https://registry.npmjs.org/regenerator-runtime/-/regenerator-runtime-0.13.11.tgz. Extracting by manifest.
5432 silly tarball no local data for @jimp/types@https://registry.npmjs.org/@jimp/types/-/types-0.16.13.tgz. Extracting by manifest.
5433 silly tarball no local data for @jimp/plugins@https://registry.npmjs.org/@jimp/plugins/-/plugins-0.16.13.tgz. Extracting by manifest.
5434 silly tarball no local data for @jimp/custom@https://registry.npmjs.org/@jimp/custom/-/custom-0.16.13.tgz. Extracting by manifest.
5435 silly tarball no local data for @babel/runtime@https://registry.npmjs.org/@babel/runtime/-/runtime-7.29.2.tgz. Extracting by manifest.
5436 silly tarball no local data for safer-buffer@https://registry.npmjs.org/safer-buffer/-/safer-buffer-2.1.2.tgz. Extracting by manifest.
5437 silly tarball no local data for toidentifier@https://registry.npmjs.org/toidentifier/-/toidentifier-1.0.1.tgz. Extracting by manifest.
5438 silly tarball no local data for inherits@https://registry.npmjs.org/inherits/-/inherits-2.0.4.tgz. Extracting by manifest.
5439 silly tarball no local data for agent-base@https://registry.npmjs.org/agent-base/-/agent-base-9.0.0.tgz. Extracting by manifest.
5440 silly tarball no local data for dunder-proto@https://registry.npmjs.org/dunder-proto/-/dunder-proto-1.0.1.tgz. Extracting by manifest.
5441 silly tarball no local data for math-intrinsics@https://registry.npmjs.org/math-intrinsics/-/math-intrinsics-1.1.0.tgz. Extracting by manifest.
5442 silly tarball no local data for has-symbols@https://registry.npmjs.org/has-symbols/-/has-symbols-1.1.0.tgz. Extracting by manifest.
5443 silly tarball no local data for gopd@https://registry.npmjs.org/gopd/-/gopd-1.2.0.tgz. Extracting by manifest.
5444 silly tarball no local data for get-proto@https://registry.npmjs.org/get-proto/-/get-proto-1.0.1.tgz. Extracting by manifest.
5445 silly tarball no local data for function-bind@https://registry.npmjs.org/function-bind/-/function-bind-1.1.2.tgz. Extracting by manifest.
5446 silly tarball no local data for es-object-atoms@https://registry.npmjs.org/es-object-atoms/-/es-object-atoms-1.1.1.tgz. Extracting by manifest.
5447 silly tarball no local data for es-define-property@https://registry.npmjs.org/es-define-property/-/es-define-property-1.0.1.tgz. Extracting by manifest.
5448 silly tarball no local data for call-bind-apply-helpers@https://registry.npmjs.org/call-bind-apply-helpers/-/call-bind-apply-helpers-1.0.2.tgz. Extracting by manifest.
5449 silly tarball no local data for universalify@https://registry.npmjs.org/universalify/-/universalify-2.0.1.tgz. Extracting by manifest.
5450 silly tarball no local data for jsonfile@https://registry.npmjs.org/jsonfile/-/jsonfile-6.2.1.tgz. Extracting by manifest.
5451 silly tarball no local data for graceful-fs@https://registry.npmjs.org/graceful-fs/-/graceful-fs-4.2.11.tgz. Extracting by manifest.
5452 silly tarball no local data for has-tostringtag@https://registry.npmjs.org/has-tostringtag/-/has-tostringtag-1.0.2.tgz. Extracting by manifest.
5453 silly tarball no local data for get-intrinsic@https://registry.npmjs.org/get-intrinsic/-/get-intrinsic-1.3.0.tgz. Extracting by manifest.
5454 silly tarball no local data for es-errors@https://registry.npmjs.org/es-errors/-/es-errors-1.3.0.tgz. Extracting by manifest.
5455 silly tarball no local data for delayed-stream@https://registry.npmjs.org/delayed-stream/-/delayed-stream-1.0.0.tgz. Extracting by manifest.
5456 silly tarball no local data for hasown@https://registry.npmjs.org/hasown/-/hasown-2.0.3.tgz. Extracting by manifest.
5457 silly tarball no local data for es-set-tostringtag@https://registry.npmjs.org/es-set-tostringtag/-/es-set-tostringtag-2.1.0.tgz. Extracting by manifest.
5458 silly tarball no local data for combined-stream@https://registry.npmjs.org/combined-stream/-/combined-stream-1.0.8.tgz. Extracting by manifest.
5459 silly tarball no local data for asynckit@https://registry.npmjs.org/asynckit/-/asynckit-0.4.0.tgz. Extracting by manifest.
5460 silly tarball no local data for which@https://registry.npmjs.org/which/-/which-1.3.1.tgz. Extracting by manifest.
5461 silly tarball no local data for token-types@https://registry.npmjs.org/token-types/-/token-types-4.2.1.tgz. Extracting by manifest.
5462 silly tarball no local data for strtok3@https://registry.npmjs.org/strtok3/-/strtok3-6.3.0.tgz. Extracting by manifest.
5463 silly tarball no local data for readable-web-to-node-stream@https://registry.npmjs.org/readable-web-to-node-stream/-/readable-web-to-node-stream-3.0.4.tgz. Extracting by manifest.
5464 silly tarball no local data for when@https://registry.npmjs.org/when/-/when-3.7.8.tgz. Extracting by manifest.
5465 silly tarball no local data for uid-safe@https://registry.npmjs.org/uid-safe/-/uid-safe-2.1.5.tgz. Extracting by manifest.
5466 silly tarball no local data for on-headers@https://registry.npmjs.org/on-headers/-/on-headers-1.1.0.tgz. Extracting by manifest.
5467 silly tarball no local data for ms@https://registry.npmjs.org/ms/-/ms-2.0.0.tgz. Extracting by manifest.
5468 silly tarball no local data for unpipe@https://registry.npmjs.org/unpipe/-/unpipe-1.0.0.tgz. Extracting by manifest.
5469 silly tarball no local data for raw-body@https://registry.npmjs.org/raw-body/-/raw-body-2.5.3.tgz. Extracting by manifest.
5470 silly tarball no local data for destroy@https://registry.npmjs.org/destroy/-/destroy-1.2.0.tgz. Extracting by manifest.
5471 silly tarball no local data for bytes@https://registry.npmjs.org/bytes/-/bytes-3.1.2.tgz. Extracting by manifest.
5472 silly tarball no local data for negotiator@https://registry.npmjs.org/negotiator/-/negotiator-0.6.3.tgz. Extracting by manifest.
5473 silly tarball no local data for mime-types@https://registry.npmjs.org/mime-types/-/mime-types-2.1.35.tgz. Extracting by manifest.
5474 silly tarball no local data for vary@https://registry.npmjs.org/vary/-/vary-1.1.2.tgz. Extracting by manifest.
5475 silly tarball no local data for utils-merge@https://registry.npmjs.org/utils-merge/-/utils-merge-1.0.1.tgz. Extracting by manifest.
5476 silly tarball no local data for type-is@https://registry.npmjs.org/type-is/-/type-is-1.6.18.tgz. Extracting by manifest.
5477 silly tarball no local data for statuses@https://registry.npmjs.org/statuses/-/statuses-2.0.2.tgz. Extracting by manifest.
5478 silly tarball no local data for serve-static@https://registry.npmjs.org/serve-static/-/serve-static-1.16.3.tgz. Extracting by manifest.
5479 silly tarball no local data for setprototypeof@https://registry.npmjs.org/setprototypeof/-/setprototypeof-1.2.0.tgz. Extracting by manifest.
5480 silly tarball no local data for send@https://registry.npmjs.org/send/-/send-0.19.2.tgz. Extracting by manifest.
5481 silly tarball no local data for range-parser@https://registry.npmjs.org/range-parser/-/range-parser-1.2.1.tgz. Extracting by manifest.
5482 silly tarball no local data for qs@https://registry.npmjs.org/qs/-/qs-6.15.2.tgz. Extracting by manifest.
5483 silly tarball no local data for proxy-addr@https://registry.npmjs.org/proxy-addr/-/proxy-addr-2.0.7.tgz. Extracting by manifest.
5484 silly tarball no local data for path-to-regexp@https://registry.npmjs.org/path-to-regexp/-/path-to-regexp-0.1.13.tgz. Extracting by manifest.
5485 silly tarball no local data for parseurl@https://registry.npmjs.org/parseurl/-/parseurl-1.3.3.tgz. Extracting by manifest.
5486 silly tarball no local data for on-finished@https://registry.npmjs.org/on-finished/-/on-finished-2.4.1.tgz. Extracting by manifest.
5487 silly tarball no local data for methods@https://registry.npmjs.org/methods/-/methods-1.1.2.tgz. Extracting by manifest.
5488 silly tarball no local data for merge-descriptors@https://registry.npmjs.org/merge-descriptors/-/merge-descriptors-1.0.3.tgz. Extracting by manifest.
5489 silly tarball no local data for http-errors@https://registry.npmjs.org/http-errors/-/http-errors-2.0.1.tgz. Extracting by manifest.
5490 silly tarball no local data for fresh@https://registry.npmjs.org/fresh/-/fresh-0.5.2.tgz. Extracting by manifest.
5491 silly tarball no local data for finalhandler@https://registry.npmjs.org/finalhandler/-/finalhandler-1.3.2.tgz. Extracting by manifest.
5492 silly tarball no local data for etag@https://registry.npmjs.org/etag/-/etag-1.8.1.tgz. Extracting by manifest.
5493 silly tarball no local data for escape-html@https://registry.npmjs.org/escape-html/-/escape-html-1.0.3.tgz. Extracting by manifest.
5494 silly tarball no local data for encodeurl@https://registry.npmjs.org/encodeurl/-/encodeurl-2.0.0.tgz. Extracting by manifest.
5495 silly tarball no local data for depd@https://registry.npmjs.org/depd/-/depd-2.0.0.tgz. Extracting by manifest.
5496 silly tarball no local data for debug@https://registry.npmjs.org/debug/-/debug-2.6.9.tgz. Extracting by manifest.
5497 silly tarball no local data for content-type@https://registry.npmjs.org/content-type/-/content-type-1.0.5.tgz. Extracting by manifest.
5498 silly tarball no local data for content-disposition@https://registry.npmjs.org/content-disposition/-/content-disposition-0.5.4.tgz. Extracting by manifest.
5499 silly tarball no local data for body-parser@https://registry.npmjs.org/body-parser/-/body-parser-1.20.5.tgz. Extracting by manifest.
5500 silly tarball no local data for array-flatten@https://registry.npmjs.org/array-flatten/-/array-flatten-1.1.1.tgz. Extracting by manifest.
5501 silly tarball no local data for accepts@https://registry.npmjs.org/accepts/-/accepts-1.3.8.tgz. Extracting by manifest.
5502 silly tarball no local data for whatwg-encoding@https://registry.npmjs.org/whatwg-encoding/-/whatwg-encoding-3.1.1.tgz. Extracting by manifest.
5503 silly tarball no local data for iconv-lite@https://registry.npmjs.org/iconv-lite/-/iconv-lite-0.6.3.tgz. Extracting by manifest.
5504 silly tarball no local data for entities@https://registry.npmjs.org/entities/-/entities-4.5.0.tgz. Extracting by manifest.
5505 silly tarball no local data for nth-check@https://registry.npmjs.org/nth-check/-/nth-check-2.1.1.tgz. Extracting by manifest.
5506 silly tarball no local data for cookie-signature@https://registry.npmjs.org/cookie-signature/-/cookie-signature-1.0.6.tgz. Extracting by manifest.
5507 silly tarball no local data for cookie@https://registry.npmjs.org/cookie/-/cookie-0.7.2.tgz. Extracting by manifest.
5508 silly tarball no local data for domelementtype@https://registry.npmjs.org/domelementtype/-/domelementtype-2.3.0.tgz. Extracting by manifest.
5509 silly tarball no local data for css-what@https://registry.npmjs.org/css-what/-/css-what-6.2.2.tgz. Extracting by manifest.
5510 silly tarball no local data for css-select@https://registry.npmjs.org/css-select/-/css-select-5.2.2.tgz. Extracting by manifest.
5511 silly tarball no local data for boolbase@https://registry.npmjs.org/boolbase/-/boolbase-1.0.0.tgz. Extracting by manifest.
5512 silly tarball no local data for whatwg-mimetype@https://registry.npmjs.org/whatwg-mimetype/-/whatwg-mimetype-4.0.0.tgz. Extracting by manifest.
5513 silly tarball no local data for parse5-parser-stream@https://registry.npmjs.org/parse5-parser-stream/-/parse5-parser-stream-7.1.2.tgz. Extracting by manifest.
5514 silly tarball no local data for parse5-htmlparser2-tree-adapter@https://registry.npmjs.org/parse5-htmlparser2-tree-adapter/-/parse5-htmlparser2-tree-adapter-7.1.0.tgz. Extracting by manifest.
5515 silly tarball no local data for parse5@https://registry.npmjs.org/parse5/-/parse5-7.3.0.tgz. Extracting by manifest.
5516 silly tarball no local data for htmlparser2@https://registry.npmjs.org/htmlparser2/-/htmlparser2-10.1.0.tgz. Extracting by manifest.
5517 silly tarball no local data for encoding-sniffer@https://registry.npmjs.org/encoding-sniffer/-/encoding-sniffer-0.2.1.tgz. Extracting by manifest.
5518 silly tarball no local data for domutils@https://registry.npmjs.org/domutils/-/domutils-3.2.2.tgz. Extracting by manifest.
5519 silly tarball no local data for domhandler@https://registry.npmjs.org/domhandler/-/domhandler-5.0.3.tgz. Extracting by manifest.
5520 silly tarball no local data for dom-serializer@https://registry.npmjs.org/dom-serializer/-/dom-serializer-2.0.0.tgz. Extracting by manifest.
5521 silly tarball no local data for cheerio-select@https://registry.npmjs.org/cheerio-select/-/cheerio-select-2.1.0.tgz. Extracting by manifest.
5522 silly tarball no local data for tar@https://registry.npmjs.org/tar/-/tar-6.2.1.tgz. Extracting by manifest.
5523 silly tarball no local data for semver@https://registry.npmjs.org/semver/-/semver-7.8.1.tgz. Extracting by manifest.
5524 silly tarball no local data for rimraf@https://registry.npmjs.org/rimraf/-/rimraf-3.0.2.tgz. Extracting by manifest.
5525 silly tarball no local data for npmlog@https://registry.npmjs.org/npmlog/-/npmlog-5.0.1.tgz. Extracting by manifest.
5526 silly tarball no local data for nopt@https://registry.npmjs.org/nopt/-/nopt-5.0.0.tgz. Extracting by manifest.
5527 silly tarball no local data for make-dir@https://registry.npmjs.org/make-dir/-/make-dir-3.1.0.tgz. Extracting by manifest.
5528 silly tarball no local data for detect-libc@https://registry.npmjs.org/detect-libc/-/detect-libc-2.1.2.tgz. Extracting by manifest.
5529 silly tarball no local data for simple-get@https://registry.npmjs.org/simple-get/-/simple-get-3.1.1.tgz. Extracting by manifest.
5530 silly tarball no local data for nan@https://registry.npmjs.org/nan/-/nan-2.27.0.tgz. Extracting by manifest.
5531 silly tarball no local data for @mapbox/node-pre-gyp@https://registry.npmjs.org/@mapbox/node-pre-gyp/-/node-pre-gyp-1.0.11.tgz. Extracting by manifest.
5532 silly tarball no local data for lodash.clonedeep@https://registry.npmjs.org/lodash.clonedeep/-/lodash.clonedeep-4.5.0.tgz. Extracting by manifest.
5533 silly tarball no local data for async@https://registry.npmjs.org/async/-/async-3.2.3.tgz. Extracting by manifest.
5534 silly tarball no local data for simple-yenc@https://registry.npmjs.org/simple-yenc/-/simple-yenc-1.0.4.tgz. Extracting by manifest.
5535 silly tarball no local data for @eshaz/web-worker@https://registry.npmjs.org/@eshaz/web-worker/-/web-worker-1.2.2.tgz. Extracting by manifest.
5536 silly tarball no local data for codec-parser@https://registry.npmjs.org/codec-parser/-/codec-parser-2.5.0.tgz. Extracting by manifest.
5537 silly tarball no local data for @wasm-audio-decoders/common@https://registry.npmjs.org/@wasm-audio-decoders/common/-/common-9.0.7.tgz. Extracting by manifest.
5538 silly tarball no local data for qoa-format@https://registry.npmjs.org/qoa-format/-/qoa-format-1.0.1.tgz. Extracting by manifest.
5539 silly tarball no local data for ogg-opus-decoder@https://registry.npmjs.org/ogg-opus-decoder/-/ogg-opus-decoder-1.7.3.tgz. Extracting by manifest.
5540 silly tarball no local data for node-wav@https://registry.npmjs.org/node-wav/-/node-wav-0.0.2.tgz. Extracting by manifest.
5541 silly tarball no local data for mpg123-decoder@https://registry.npmjs.org/mpg123-decoder/-/mpg123-decoder-1.0.3.tgz. Extracting by manifest.
5542 silly tarball no local data for audio-type@https://registry.npmjs.org/audio-type/-/audio-type-2.4.1.tgz. Extracting by manifest.
5543 silly tarball no local data for audio-buffer@https://registry.npmjs.org/audio-buffer/-/audio-buffer-5.0.0.tgz. Extracting by manifest.
5544 silly tarball no local data for @wasm-audio-decoders/flac@https://registry.npmjs.org/@wasm-audio-decoders/flac/-/flac-0.2.10.tgz. Extracting by manifest.
5545 silly tarball no local data for @wasm-audio-decoders/ogg-vorbis@https://registry.npmjs.org/@wasm-audio-decoders/ogg-vorbis/-/ogg-vorbis-0.1.20.tgz. Extracting by manifest.
5546 silly tarball no local data for ws@https://registry.npmjs.org/ws/-/ws-8.20.1.tgz. Extracting by manifest.
5547 silly tarball no local data for uuid@https://registry.npmjs.org/uuid/-/uuid-9.0.1.tgz. Extracting by manifest.
5548 silly tarball no local data for protobufjs@https://registry.npmjs.org/protobufjs/-/protobufjs-7.6.0.tgz. Extracting by manifest.
5549 silly tarball no local data for node-cache@https://registry.npmjs.org/node-cache/-/node-cache-5.1.2.tgz. Extracting by manifest.
5550 silly tarball no local data for music-metadata@https://registry.npmjs.org/music-metadata/-/music-metadata-7.14.0.tgz. Extracting by manifest.
5551 silly tarball no local data for libphonenumber-js@https://registry.npmjs.org/libphonenumber-js/-/libphonenumber-js-1.13.2.tgz. Extracting by manifest.
5552 silly tarball no local data for futoin-hkdf@https://registry.npmjs.org/futoin-hkdf/-/futoin-hkdf-1.5.3.tgz. Extracting by manifest.
5553 silly tarball no local data for cache-manager@https://registry.npmjs.org/cache-manager/-/cache-manager-4.0.1.tgz. Extracting by manifest.
5554 silly tarball no local data for audio-decode@https://registry.npmjs.org/audio-decode/-/audio-decode-2.2.3.tgz. Extracting by manifest.
5555 silly tarball no local data for @hapi/hoek@https://registry.npmjs.org/@hapi/hoek/-/hoek-9.3.0.tgz. Extracting by manifest.
5556 silly tarball no local data for undici@https://registry.npmjs.org/undici/-/undici-7.25.0.tgz. Extracting by manifest.
5557 silly tarball no local data for sax@https://registry.npmjs.org/sax/-/sax-1.6.0.tgz. Extracting by manifest.
5558 silly tarball no local data for miniget@https://registry.npmjs.org/miniget/-/miniget-4.2.3.tgz. Extracting by manifest.
5559 silly tarball no local data for m3u8stream@https://registry.npmjs.org/m3u8stream/-/m3u8stream-0.8.6.tgz. Extracting by manifest.
5560 silly tarball no local data for tough-cookie@https://registry.npmjs.org/tough-cookie/-/tough-cookie-5.1.2.tgz. Extracting by manifest.
5561 silly tarball no local data for http-cookie-agent@https://registry.npmjs.org/http-cookie-agent/-/http-cookie-agent-7.0.4.tgz. Extracting by manifest.
5562 silly tarball no local data for ytdl-core@https://registry.npmjs.org/ytdl-core/-/ytdl-core-4.11.5.tgz. Extracting by manifest.
5563 silly tarball no local data for wa-sticker-formatter@https://registry.npmjs.org/wa-sticker-formatter/-/wa-sticker-formatter-4.4.4.tgz. Extracting by manifest.
5564 silly tarball no local data for util@https://registry.npmjs.org/util/-/util-0.12.5.tgz. Extracting by manifest.
5565 silly tarball no local data for translatte@https://registry.npmjs.org/translatte/-/translatte-3.0.1.tgz. Extracting by manifest.
5566 silly tarball no local data for simple-git@https://registry.npmjs.org/simple-git/-/simple-git-3.36.0.tgz. Extracting by manifest.
5567 silly tarball no local data for qrcode@https://registry.npmjs.org/qrcode/-/qrcode-1.5.4.tgz. Extracting by manifest.
5568 silly tarball no local data for puppeteer@https://registry.npmjs.org/puppeteer/-/puppeteer-25.0.4.tgz. Extracting by manifest.
5569 silly tarball no local data for pm2@https://registry.npmjs.org/pm2/-/pm2-5.4.3.tgz. Extracting by manifest.
5570 silly tarball no local data for pino@https://registry.npmjs.org/pino/-/pino-7.11.0.tgz. Extracting by manifest.
5571 silly tarball no local data for pg@https://registry.npmjs.org/pg/-/pg-8.21.0.tgz. Extracting by manifest.
5572 silly tarball no local data for path@https://registry.npmjs.org/path/-/path-0.12.7.tgz. Extracting by manifest.
5573 silly tarball no local data for node-webpmux@https://registry.npmjs.org/node-webpmux/-/node-webpmux-3.2.1.tgz. Extracting by manifest.
5574 silly tarball no local data for node-cron@https://registry.npmjs.org/node-cron/-/node-cron-3.0.3.tgz. Extracting by manifest.
5575 silly tarball no local data for multer@https://registry.npmjs.org/multer/-/multer-1.4.5-lts.2.tgz. Extracting by manifest.
5576 silly tarball no local data for mongoose@https://registry.npmjs.org/mongoose/-/mongoose-6.13.9.tgz. Extracting by manifest.
5577 silly tarball no local data for moment-timezone@https://registry.npmjs.org/moment-timezone/-/moment-timezone-0.5.48.tgz. Extracting by manifest.
5578 silly tarball no local data for moment@https://registry.npmjs.org/moment/-/moment-2.30.1.tgz. Extracting by manifest.
5579 silly tarball no local data for jsdom@https://registry.npmjs.org/jsdom/-/jsdom-16.7.0.tgz. Extracting by manifest.
5580 silly tarball no local data for jimp@https://registry.npmjs.org/jimp/-/jimp-0.16.13.tgz. Extracting by manifest.
5581 silly tarball no local data for google-tts-api@https://registry.npmjs.org/google-tts-api/-/google-tts-api-2.0.2.tgz. Extracting by manifest.
5582 silly tarball no local data for fs-extra@https://registry.npmjs.org/fs-extra/-/fs-extra-10.1.0.tgz. Extracting by manifest.
5583 silly tarball no local data for form-data@https://registry.npmjs.org/form-data/-/form-data-4.0.5.tgz. Extracting by manifest.
5584 silly tarball no local data for fluent-ffmpeg@https://registry.npmjs.org/fluent-ffmpeg/-/fluent-ffmpeg-2.1.3.tgz. Extracting by manifest.
5585 silly tarball no local data for file-type@https://registry.npmjs.org/file-type/-/file-type-16.5.4.tgz. Extracting by manifest.
5586 silly tarball no local data for ffmpeg@https://registry.npmjs.org/ffmpeg/-/ffmpeg-0.0.4.tgz. Extracting by manifest.
5587 silly tarball no local data for express-session@https://registry.npmjs.org/express-session/-/express-session-1.19.0.tgz. Extracting by manifest.
5588 silly tarball no local data for express@https://registry.npmjs.org/express/-/express-4.22.2.tgz. Extracting by manifest.
5589 silly tarball no local data for dotenv@https://registry.npmjs.org/dotenv/-/dotenv-16.6.1.tgz. Extracting by manifest.
5590 silly tarball no local data for crypto-js@https://registry.npmjs.org/crypto-js/-/crypto-js-4.2.0.tgz. Extracting by manifest.
5591 silly tarball no local data for cookie-parser@https://registry.npmjs.org/cookie-parser/-/cookie-parser-1.4.7.tgz. Extracting by manifest.
5592 silly tarball no local data for connect-pg-simple@https://registry.npmjs.org/connect-pg-simple/-/connect-pg-simple-9.0.1.tgz. Extracting by manifest.
5593 silly tarball no local data for child_process@https://registry.npmjs.org/child_process/-/child_process-1.0.2.tgz. Extracting by manifest.
5594 silly tarball no local data for cheerio@https://registry.npmjs.org/cheerio/-/cheerio-1.2.0.tgz. Extracting by manifest.
5595 silly tarball no local data for canvas@https://registry.npmjs.org/canvas/-/canvas-2.11.2.tgz. Extracting by manifest.
5596 silly tarball no local data for bcryptjs@https://registry.npmjs.org/bcryptjs/-/bcryptjs-2.4.3.tgz. Extracting by manifest.
5597 silly tarball no local data for axios@https://registry.npmjs.org/axios/-/axios-0.24.0.tgz. Extracting by manifest.
5598 silly tarball no local data for node-fetch@https://registry.npmjs.org/node-fetch/-/node-fetch-2.7.0.tgz. Extracting by manifest.
5599 silly tarball no local data for async-g-i-s@https://registry.npmjs.org/async-g-i-s/-/async-g-i-s-1.5.5.tgz. Extracting by manifest.
5600 silly tarball no local data for anime-character-random@https://registry.npmjs.org/anime-character-random/-/anime-character-random-1.0.14.tgz. Extracting by manifest.
5601 silly tarball no local data for acrcloud@https://registry.npmjs.org/acrcloud/-/acrcloud-1.4.0.tgz. Extracting by manifest.
5602 silly tarball no local data for @whiskeysockets/baileys@https://registry.npmjs.org/@whiskeysockets/baileys/-/baileys-6.6.0.tgz. Extracting by manifest.
5603 silly tarball no local data for @hapi/boom@https://registry.npmjs.org/@hapi/boom/-/boom-9.1.4.tgz. Extracting by manifest.
5604 silly tarball no local data for @distube/ytdl-core@https://registry.npmjs.org/@distube/ytdl-core/-/ytdl-core-4.16.12.tgz. Extracting by manifest.
5605 silly tarball no local data for @adiwajshing/keyed-db@https://registry.npmjs.org/@adiwajshing/keyed-db/-/keyed-db-0.2.4.tgz. Extracting by manifest.
5606 silly tarball no local data for readable-stream@https://registry.npmjs.org/readable-stream/-/readable-stream-3.6.2.tgz. Extracting by manifest.
5607 silly tarball no local data for is-arrayish@https://registry.npmjs.org/is-arrayish/-/is-arrayish-0.3.4.tgz. Extracting by manifest.
5608 silly tarball no local data for readable-stream@https://registry.npmjs.org/readable-stream/-/readable-stream-3.6.2.tgz. Extracting by manifest.
5609 silly tarball no local data for tar-stream@https://registry.npmjs.org/tar-stream/-/tar-stream-2.2.0.tgz. Extracting by manifest.
5610 silly tarball no local data for chownr@https://registry.npmjs.org/chownr/-/chownr-1.1.4.tgz. Extracting by manifest.
5611 silly tarball no local data for mimic-response@https://registry.npmjs.org/mimic-response/-/mimic-response-3.1.0.tgz. Extracting by manifest.
5612 silly tarball no local data for decompress-response@https://registry.npmjs.org/decompress-response/-/decompress-response-6.0.0.tgz. Extracting by manifest.
5613 silly tarball no local data for tar-fs@https://registry.npmjs.org/tar-fs/-/tar-fs-2.1.4.tgz. Extracting by manifest.
5614 silly tarball no local data for simple-get@https://registry.npmjs.org/simple-get/-/simple-get-4.0.1.tgz. Extracting by manifest.
5615 silly tarball no local data for mimic-response@https://registry.npmjs.org/mimic-response/-/mimic-response-3.1.0.tgz. Extracting by manifest.
5616 silly tarball no local data for decompress-response@https://registry.npmjs.org/decompress-response/-/decompress-response-6.0.0.tgz. Extracting by manifest.
5617 silly tarball no local data for simple-get@https://registry.npmjs.org/simple-get/-/simple-get-4.0.1.tgz. Extracting by manifest.
5618 silly tarball no local data for mimic-response@https://registry.npmjs.org/mimic-response/-/mimic-response-1.0.1.tgz. Extracting by manifest.
5619 silly tarball no local data for lowercase-keys@https://registry.npmjs.org/lowercase-keys/-/lowercase-keys-2.0.0.tgz. Extracting by manifest.
5620 silly tarball no local data for get-stream@https://registry.npmjs.org/get-stream/-/get-stream-5.2.0.tgz. Extracting by manifest.
5621 silly tarball no local data for mimic-response@https://registry.npmjs.org/mimic-response/-/mimic-response-1.0.1.tgz. Extracting by manifest.
5622 silly tarball no local data for decompress-response@https://registry.npmjs.org/decompress-response/-/decompress-response-3.3.0.tgz. Extracting by manifest.
5623 silly tarball no local data for minipass@https://registry.npmjs.org/minipass/-/minipass-3.3.6.tgz. Extracting by manifest.
5624 silly tarball no local data for make-dir@https://registry.npmjs.org/make-dir/-/make-dir-1.3.0.tgz. Extracting by manifest.
5625 silly tarball no local data for minipass@https://registry.npmjs.org/minipass/-/minipass-3.3.6.tgz. Extracting by manifest.
5626 silly tarball no local data for safe-buffer@https://registry.npmjs.org/safe-buffer/-/safe-buffer-5.1.2.tgz. Extracting by manifest.
5627 silly tarball no local data for wrap-ansi@https://registry.npmjs.org/wrap-ansi/-/wrap-ansi-7.0.0.tgz. Extracting by manifest.
5628 silly tarball no local data for yargs-parser@https://registry.npmjs.org/yargs-parser/-/yargs-parser-21.1.1.tgz. Extracting by manifest.
5629 silly tarball no local data for cliui@https://registry.npmjs.org/cliui/-/cliui-8.0.1.tgz. Extracting by manifest.
5630 silly tarball no local data for y18n@https://registry.npmjs.org/y18n/-/y18n-5.0.8.tgz. Extracting by manifest.
5631 silly tarball no local data for degenerator@https://registry.npmjs.org/degenerator/-/degenerator-7.0.1.tgz. Extracting by manifest.
5632 silly tarball no local data for data-uri-to-buffer@https://registry.npmjs.org/data-uri-to-buffer/-/data-uri-to-buffer-8.0.0.tgz. Extracting by manifest.
5633 silly tarball no local data for pac-resolver@https://registry.npmjs.org/pac-resolver/-/pac-resolver-9.0.1.tgz. Extracting by manifest.
5634 silly tarball no local data for get-uri@https://registry.npmjs.org/get-uri/-/get-uri-8.0.0.tgz. Extracting by manifest.
5635 silly tarball no local data for socks-proxy-agent@https://registry.npmjs.org/socks-proxy-agent/-/socks-proxy-agent-10.0.0.tgz. Extracting by manifest.
5636 silly tarball no local data for proxy-from-env@https://registry.npmjs.org/proxy-from-env/-/proxy-from-env-2.1.0.tgz. Extracting by manifest.
5637 silly tarball no local data for pac-proxy-agent@https://registry.npmjs.org/pac-proxy-agent/-/pac-proxy-agent-9.0.1.tgz. Extracting by manifest.
5638 silly tarball no local data for https-proxy-agent@https://registry.npmjs.org/https-proxy-agent/-/https-proxy-agent-9.0.0.tgz. Extracting by manifest.
5639 silly tarball no local data for http-proxy-agent@https://registry.npmjs.org/http-proxy-agent/-/http-proxy-agent-9.0.0.tgz. Extracting by manifest.
5640 silly tarball no local data for yargs@https://registry.npmjs.org/yargs/-/yargs-17.7.2.tgz. Extracting by manifest.
5641 silly tarball no local data for proxy-agent@https://registry.npmjs.org/proxy-agent/-/proxy-agent-8.0.1.tgz. Extracting by manifest.
5642 silly tarball no local data for @puppeteer/browsers@https://registry.npmjs.org/@puppeteer/browsers/-/browsers-3.0.3.tgz. Extracting by manifest.
5643 silly tarball no local data for eventemitter2@https://registry.npmjs.org/eventemitter2/-/eventemitter2-0.4.14.tgz. Extracting by manifest.
5644 silly tarball no local data for iconv-lite@https://registry.npmjs.org/iconv-lite/-/iconv-lite-0.4.24.tgz. Extracting by manifest.
5645 silly tarball no local data for debug@https://registry.npmjs.org/debug/-/debug-3.2.7.tgz. Extracting by manifest.
5646 silly tarball no local data for lru-cache@https://registry.npmjs.org/lru-cache/-/lru-cache-6.0.0.tgz. Extracting by manifest.
5647 silly tarball no local data for tslib@https://registry.npmjs.org/tslib/-/tslib-1.9.3.tgz. Extracting by manifest.
5648 silly tarball no local data for semver@https://registry.npmjs.org/semver/-/semver-7.5.4.tgz. Extracting by manifest.
5649 silly tarball no local data for lru-cache@https://registry.npmjs.org/lru-cache/-/lru-cache-6.0.0.tgz. Extracting by manifest.
5650 silly tarball no local data for semver@https://registry.npmjs.org/semver/-/semver-7.5.4.tgz. Extracting by manifest.
5651 silly tarball no local data for dayjs@https://registry.npmjs.org/dayjs/-/dayjs-1.8.36.tgz. Extracting by manifest.
5652 silly tarball no local data for readable-stream@https://registry.npmjs.org/readable-stream/-/readable-stream-3.6.2.tgz. Extracting by manifest.
5653 silly tarball no local data for readable-stream@https://registry.npmjs.org/readable-stream/-/readable-stream-3.6.2.tgz. Extracting by manifest.
5654 silly tarball no local data for safe-buffer@https://registry.npmjs.org/safe-buffer/-/safe-buffer-5.1.2.tgz. Extracting by manifest.
5655 silly tarball no local data for webidl-conversions@https://registry.npmjs.org/webidl-conversions/-/webidl-conversions-7.0.0.tgz. Extracting by manifest.
5656 silly tarball no local data for tr46@https://registry.npmjs.org/tr46/-/tr46-3.0.0.tgz. Extracting by manifest.
5657 silly tarball no local data for whatwg-url@https://registry.npmjs.org/whatwg-url/-/whatwg-url-11.0.0.tgz. Extracting by manifest.
5658 silly tarball no local data for agent-base@https://registry.npmjs.org/agent-base/-/agent-base-6.0.2.tgz. Extracting by manifest.
5659 silly tarball no local data for iconv-lite@https://registry.npmjs.org/iconv-lite/-/iconv-lite-0.4.24.tgz. Extracting by manifest.
5660 silly tarball no local data for whatwg-encoding@https://registry.npmjs.org/whatwg-encoding/-/whatwg-encoding-1.0.5.tgz. Extracting by manifest.
5661 silly tarball no local data for webidl-conversions@https://registry.npmjs.org/webidl-conversions/-/webidl-conversions-5.0.0.tgz. Extracting by manifest.
5662 silly tarball no local data for whatwg-mimetype@https://registry.npmjs.org/whatwg-mimetype/-/whatwg-mimetype-2.3.0.tgz. Extracting by manifest.
5663 silly tarball no local data for cssom@https://registry.npmjs.org/cssom/-/cssom-0.3.8.tgz. Extracting by manifest.
5664 silly tarball no local data for acorn@https://registry.npmjs.org/acorn/-/acorn-7.4.1.tgz. Extracting by manifest.
5665 silly tarball no local data for phin@https://registry.npmjs.org/phin/-/phin-3.7.1.tgz. Extracting by manifest.
5666 silly tarball no local data for string_decoder@https://registry.npmjs.org/string_decoder/-/string_decoder-1.3.0.tgz. Extracting by manifest.
5667 silly tarball no local data for buffer@https://registry.npmjs.org/buffer/-/buffer-6.0.3.tgz. Extracting by manifest.
5668 silly tarball no local data for readable-stream@https://registry.npmjs.org/readable-stream/-/readable-stream-4.7.0.tgz. Extracting by manifest.
5669 silly tarball no local data for iconv-lite@https://registry.npmjs.org/iconv-lite/-/iconv-lite-0.4.24.tgz. Extracting by manifest.
5670 silly tarball no local data for media-typer@https://registry.npmjs.org/media-typer/-/media-typer-0.3.0.tgz. Extracting by manifest.
5671 silly tarball no local data for iconv-lite@https://registry.npmjs.org/iconv-lite/-/iconv-lite-0.4.24.tgz. Extracting by manifest.
5672 silly tarball no local data for entities@https://registry.npmjs.org/entities/-/entities-6.0.1.tgz. Extracting by manifest.
5673 silly tarball no local data for entities@https://registry.npmjs.org/entities/-/entities-7.0.1.tgz. Extracting by manifest.
5674 silly tarball no local data for mkdirp@https://registry.npmjs.org/mkdirp/-/mkdirp-1.0.4.tgz. Extracting by manifest.
5675 silly tarball no local data for semver@https://registry.npmjs.org/semver/-/semver-6.3.1.tgz. Extracting by manifest.
5676 silly tarball no local data for agent-base@https://registry.npmjs.org/agent-base/-/agent-base-6.0.2.tgz. Extracting by manifest.
5677 silly tarball no local data for https-proxy-agent@https://registry.npmjs.org/https-proxy-agent/-/https-proxy-agent-5.0.1.tgz. Extracting by manifest.
5678 silly tarball no local data for long@https://registry.npmjs.org/long/-/long-4.0.0.tgz. Extracting by manifest.
5679 silly tarball no local data for @types/node@https://registry.npmjs.org/@types/node/-/node-10.17.60.tgz. Extracting by manifest.
5680 silly tarball no local data for protobufjs@https://registry.npmjs.org/protobufjs/-/protobufjs-6.8.8.tgz. Extracting by manifest.
5681 silly tarball no local data for readable-stream@https://registry.npmjs.org/readable-stream/-/readable-stream-3.6.2.tgz. Extracting by manifest.
5682 silly tarball no local data for tar-stream@https://registry.npmjs.org/tar-stream/-/tar-stream-2.2.0.tgz. Extracting by manifest.
5683 silly tarball no local data for chownr@https://registry.npmjs.org/chownr/-/chownr-1.1.4.tgz. Extracting by manifest.
5684 silly tarball no local data for mimic-response@https://registry.npmjs.org/mimic-response/-/mimic-response-3.1.0.tgz. Extracting by manifest.
5685 silly tarball no local data for decompress-response@https://registry.npmjs.org/decompress-response/-/decompress-response-6.0.0.tgz. Extracting by manifest.
5686 silly tarball no local data for tar-fs@https://registry.npmjs.org/tar-fs/-/tar-fs-2.1.4.tgz. Extracting by manifest.
5687 silly tarball no local data for simple-get@https://registry.npmjs.org/simple-get/-/simple-get-4.0.1.tgz. Extracting by manifest.
5688 silly tarball no local data for node-addon-api@https://registry.npmjs.org/node-addon-api/-/node-addon-api-5.1.0.tgz. Extracting by manifest.
5689 silly tarball no local data for sharp@https://registry.npmjs.org/sharp/-/sharp-0.30.7.tgz. Extracting by manifest.
5690 silly tarball no local data for axios@https://registry.npmjs.org/axios/-/axios-0.21.4.tgz. Extracting by manifest.
5691 silly tarball no local data for pngjs@https://registry.npmjs.org/pngjs/-/pngjs-5.0.0.tgz. Extracting by manifest.
5692 silly tarball no local data for wrap-ansi@https://registry.npmjs.org/wrap-ansi/-/wrap-ansi-7.0.0.tgz. Extracting by manifest.
5693 silly tarball no local data for yargs-parser@https://registry.npmjs.org/yargs-parser/-/yargs-parser-21.1.1.tgz. Extracting by manifest.
5694 silly tarball no local data for y18n@https://registry.npmjs.org/y18n/-/y18n-5.0.8.tgz. Extracting by manifest.
5695 silly tarball no local data for cliui@https://registry.npmjs.org/cliui/-/cliui-8.0.1.tgz. Extracting by manifest.
5696 silly tarball no local data for degenerator@https://registry.npmjs.org/degenerator/-/degenerator-7.0.1.tgz. Extracting by manifest.
5697 silly tarball no local data for data-uri-to-buffer@https://registry.npmjs.org/data-uri-to-buffer/-/data-uri-to-buffer-8.0.0.tgz. Extracting by manifest.
5698 silly tarball no local data for pac-resolver@https://registry.npmjs.org/pac-resolver/-/pac-resolver-9.0.1.tgz. Extracting by manifest.
5699 silly tarball no local data for get-uri@https://registry.npmjs.org/get-uri/-/get-uri-8.0.0.tgz. Extracting by manifest.
5700 silly tarball no local data for socks-proxy-agent@https://registry.npmjs.org/socks-proxy-agent/-/socks-proxy-agent-10.0.0.tgz. Extracting by manifest.
5701 silly tarball no local data for proxy-from-env@https://registry.npmjs.org/proxy-from-env/-/proxy-from-env-2.1.0.tgz. Extracting by manifest.
5702 silly tarball no local data for pac-proxy-agent@https://registry.npmjs.org/pac-proxy-agent/-/pac-proxy-agent-9.0.1.tgz. Extracting by manifest.
5703 silly tarball no local data for https-proxy-agent@https://registry.npmjs.org/https-proxy-agent/-/https-proxy-agent-9.0.0.tgz. Extracting by manifest.
5704 silly tarball no local data for http-proxy-agent@https://registry.npmjs.org/http-proxy-agent/-/http-proxy-agent-9.0.0.tgz. Extracting by manifest.
5705 silly tarball no local data for yargs@https://registry.npmjs.org/yargs/-/yargs-17.7.2.tgz. Extracting by manifest.
5706 silly tarball no local data for proxy-agent@https://registry.npmjs.org/proxy-agent/-/proxy-agent-8.0.1.tgz. Extracting by manifest.
5707 silly tarball no local data for @puppeteer/browsers@https://registry.npmjs.org/@puppeteer/browsers/-/browsers-3.0.3.tgz. Extracting by manifest.
5708 silly tarball no local data for mkdirp@https://registry.npmjs.org/mkdirp/-/mkdirp-1.0.4.tgz. Extracting by manifest.
5709 silly tarball no local data for inherits@https://registry.npmjs.org/inherits/-/inherits-2.0.3.tgz. Extracting by manifest.
5710 silly tarball no local data for util@https://registry.npmjs.org/util/-/util-0.10.4.tgz. Extracting by manifest.
5711 silly tarball no local data for uuid@https://registry.npmjs.org/uuid/-/uuid-8.3.2.tgz. Extracting by manifest.
5712 silly tarball no local data for iconv-lite@https://registry.npmjs.org/iconv-lite/-/iconv-lite-0.4.24.tgz. Extracting by manifest.
5713 silly tarball no local data for universalify@https://registry.npmjs.org/universalify/-/universalify-0.2.0.tgz. Extracting by manifest.
5714 silly tarball no local data for agent-base@https://registry.npmjs.org/agent-base/-/agent-base-6.0.2.tgz. Extracting by manifest.
5715 silly tarball no local data for whatwg-mimetype@https://registry.npmjs.org/whatwg-mimetype/-/whatwg-mimetype-2.3.0.tgz. Extracting by manifest.
5716 silly tarball no local data for whatwg-encoding@https://registry.npmjs.org/whatwg-encoding/-/whatwg-encoding-1.0.5.tgz. Extracting by manifest.
5717 silly tarball no local data for tough-cookie@https://registry.npmjs.org/tough-cookie/-/tough-cookie-4.1.4.tgz. Extracting by manifest.
5718 silly tarball no local data for parse5@https://registry.npmjs.org/parse5/-/parse5-6.0.1.tgz. Extracting by manifest.
5719 silly tarball no local data for https-proxy-agent@https://registry.npmjs.org/https-proxy-agent/-/https-proxy-agent-5.0.1.tgz. Extracting by manifest.
5720 silly tarball no local data for form-data@https://registry.npmjs.org/form-data/-/form-data-3.0.4.tgz. Extracting by manifest.
5721 silly tarball no local data for axios@https://registry.npmjs.org/axios/-/axios-0.21.4.tgz. Extracting by manifest.
5722 silly tarball no local data for async@https://registry.npmjs.org/async/-/async-0.2.10.tgz. Extracting by manifest.
5723 silly tarball no local data for cookie-signature@https://registry.npmjs.org/cookie-signature/-/cookie-signature-1.0.7.tgz. Extracting by manifest.
5724 silly tarball no local data for webidl-conversions@https://registry.npmjs.org/webidl-conversions/-/webidl-conversions-3.0.1.tgz. Extracting by manifest.
5725 silly tarball no local data for tr46@https://registry.npmjs.org/tr46/-/tr46-0.0.3.tgz. Extracting by manifest.
5726 silly tarball no local data for whatwg-url@https://registry.npmjs.org/whatwg-url/-/whatwg-url-5.0.0.tgz. Extracting by manifest.
5727 silly tarball no local data for form-data@https://registry.npmjs.org/form-data/-/form-data-2.5.5.tgz. Extracting by manifest.
5728 silly tarball no local data for agent-base@https://registry.npmjs.org/agent-base/-/agent-base-6.0.2.tgz. Extracting by manifest.
5729 silly tarball no local data for proxy-from-env@https://registry.npmjs.org/proxy-from-env/-/proxy-from-env-2.1.0.tgz. Extracting by manifest.
5730 silly tarball no local data for https-proxy-agent@https://registry.npmjs.org/https-proxy-agent/-/https-proxy-agent-5.0.1.tgz. Extracting by manifest.
5731 silly tarball no local data for axios@https://registry.npmjs.org/axios/-/axios-1.16.1.tgz. Extracting by manifest.
5732 silly tarball no local data for @smithy/fetch-http-handler@https://registry.npmjs.org/@smithy/fetch-http-handler/-/fetch-http-handler-5.4.4.tgz. Extracting by manifest.
5733 http fetch GET 200 https://registry.npmjs.org/progress/-/progress-2.0.3.tgz 14480ms (cache miss)
5734 http fetch GET 200 https://registry.npmjs.org/fs-constants/-/fs-constants-1.0.0.tgz 14480ms (cache miss)
5735 http fetch GET 200 https://registry.npmjs.org/p-limit/-/p-limit-2.3.0.tgz 14555ms (cache miss)
5736 http fetch GET 200 https://registry.npmjs.org/p-locate/-/p-locate-4.1.0.tgz 14546ms (cache miss)
5737 http fetch GET 200 https://registry.npmjs.org/p-try/-/p-try-2.2.0.tgz 14556ms (cache miss)
5738 http fetch GET 200 https://registry.npmjs.org/path-exists/-/path-exists-4.0.0.tgz 14547ms (cache miss)
5739 http fetch GET 200 https://registry.npmjs.org/escalade/-/escalade-3.2.0.tgz 14730ms (cache miss)
5740 http fetch GET 200 https://registry.npmjs.org/wrap-ansi/-/wrap-ansi-6.2.0.tgz 14620ms (cache miss)
5741 http fetch GET 200 https://registry.npmjs.org/y18n/-/y18n-4.0.3.tgz 14610ms (cache miss)
5742 http fetch GET 200 https://registry.npmjs.org/which-module/-/which-module-2.0.1.tgz 14606ms (cache miss)
5743 http fetch GET 200 https://registry.npmjs.org/require-main-filename/-/require-main-filename-2.0.0.tgz 14604ms (cache miss)
5744 http fetch GET 200 https://registry.npmjs.org/require-directory/-/require-directory-2.1.1.tgz 14602ms (cache miss)
5745 http fetch GET 200 https://registry.npmjs.org/get-caller-file/-/get-caller-file-2.0.5.tgz 14599ms (cache miss)
5746 http fetch GET 200 https://registry.npmjs.org/locate-path/-/locate-path-5.0.0.tgz 14735ms (cache miss)
5747 http fetch GET 200 https://registry.npmjs.org/yargs-parser/-/yargs-parser-18.1.3.tgz 14725ms (cache miss)
5748 http fetch GET 200 https://registry.npmjs.org/decamelize/-/decamelize-1.2.0.tgz 14685ms (cache miss)
5749 http fetch GET 200 https://registry.npmjs.org/camelcase/-/camelcase-5.3.1.tgz 14779ms (cache miss)
5750 http fetch GET 200 https://registry.npmjs.org/min-document/-/min-document-2.19.2.tgz 14667ms (cache miss)
5751 http fetch GET 200 https://registry.npmjs.org/find-up/-/find-up-4.1.0.tgz 14702ms (cache miss)
5752 http fetch GET 200 https://registry.npmjs.org/dom-walk/-/dom-walk-0.1.2.tgz 14682ms (cache miss)
5753 http fetch GET 200 https://registry.npmjs.org/is-function/-/is-function-1.0.2.tgz 15520ms (cache miss)
5754 http fetch GET 200 https://registry.npmjs.org/imurmurhash/-/imurmurhash-0.1.4.tgz 15512ms (cache miss)
5755 http fetch GET 200 https://registry.npmjs.org/has-property-descriptors/-/has-property-descriptors-1.0.2.tgz 15510ms (cache miss)
5756 http fetch GET 200 https://registry.npmjs.org/parse-headers/-/parse-headers-2.0.6.tgz 15539ms (cache miss)
5757 http fetch GET 200 https://registry.npmjs.org/cliui/-/cliui-6.0.0.tgz 16252ms (cache miss)
5758 http fetch GET 200 https://registry.npmjs.org/isexe/-/isexe-2.0.0.tgz 16167ms (cache miss)
5759 http fetch GET 200 https://registry.npmjs.org/set-function-length/-/set-function-length-1.2.2.tgz 16203ms (cache miss)
5760 http fetch GET 200 https://registry.npmjs.org/for-each/-/for-each-0.3.5.tgz 16256ms (cache miss)
5761 http fetch GET 200 https://registry.npmjs.org/available-typed-arrays/-/available-typed-arrays-1.0.7.tgz 16248ms (cache miss)
5762 http fetch GET 200 https://registry.npmjs.org/is-callable/-/is-callable-1.2.7.tgz 16389ms (cache miss)
5763 http fetch GET 200 https://registry.npmjs.org/punycode/-/punycode-2.3.1.tgz 16707ms (cache miss)
5764 http fetch GET 200 https://registry.npmjs.org/global/-/global-4.4.0.tgz 17282ms (cache miss)
5765 http fetch GET 200 https://registry.npmjs.org/possible-typed-array-names/-/possible-typed-array-names-1.1.0.tgz 17253ms (cache miss)
5766 http fetch GET 200 https://registry.npmjs.org/b4a/-/b4a-1.8.1.tgz 17324ms (cache miss)
5767 http fetch GET 200 https://registry.npmjs.org/fast-fifo/-/fast-fifo-1.3.2.tgz 17298ms (cache miss)
5768 http fetch GET 200 https://registry.npmjs.org/centra/-/centra-2.7.0.tgz 17923ms (cache miss)
5769 http fetch GET 200 https://registry.npmjs.org/streamx/-/streamx-2.25.0.tgz 17651ms (cache miss)
5770 http fetch GET 200 https://registry.npmjs.org/bare-events/-/bare-events-2.8.3.tgz 17631ms (cache miss)
5771 http fetch GET 200 https://registry.npmjs.org/define-data-property/-/define-data-property-1.1.4.tgz 18029ms (cache miss)
5772 http fetch GET 200 https://registry.npmjs.org/querystringify/-/querystringify-2.2.0.tgz 18255ms (cache miss)
5773 http fetch GET 200 https://registry.npmjs.org/teex/-/teex-1.0.1.tgz 18004ms (cache miss)
5774 http fetch GET 200 https://registry.npmjs.org/pify/-/pify-3.0.0.tgz 18246ms (cache miss)
5775 http fetch GET 200 https://registry.npmjs.org/requires-port/-/requires-port-1.0.0.tgz 18275ms (cache miss)
5776 http fetch GET 200 https://registry.npmjs.org/deep-extend/-/deep-extend-0.6.0.tgz 17962ms (cache miss)
5777 http fetch GET 200 https://registry.npmjs.org/events-universal/-/events-universal-1.0.1.tgz 18301ms (cache miss)
5778 http fetch GET 200 https://registry.npmjs.org/mkdirp-classic/-/mkdirp-classic-0.5.3.tgz 18226ms (cache miss)
5779 http fetch GET 200 https://registry.npmjs.org/call-bind/-/call-bind-1.0.9.tgz 18596ms (cache miss)
5780 http fetch GET 200 https://registry.npmjs.org/strip-json-comments/-/strip-json-comments-2.0.1.tgz 18554ms (cache miss)
5781 http fetch GET 200 https://registry.npmjs.org/text-decoder/-/text-decoder-1.2.7.tgz 19007ms (cache miss)
5782 http fetch GET 200 https://registry.npmjs.org/expand-template/-/expand-template-2.0.3.tgz 18925ms (cache miss)
5783 http fetch GET 200 https://registry.npmjs.org/napi-build-utils/-/napi-build-utils-2.0.0.tgz 18948ms (cache miss)
5784 http fetch GET 200 https://registry.npmjs.org/color-string/-/color-string-1.9.1.tgz 18924ms (cache miss)
5785 http fetch GET 200 https://registry.npmjs.org/@types/long/-/long-4.0.2.tgz 19310ms (cache miss)
5786 http fetch GET 200 https://registry.npmjs.org/simple-swizzle/-/simple-swizzle-0.2.4.tgz 18946ms (cache miss)
5787 http fetch GET 200 https://registry.npmjs.org/color/-/color-4.2.3.tgz 19195ms (cache miss)
5788 http fetch GET 200 https://registry.npmjs.org/github-from-package/-/github-from-package-0.0.0.tgz 19249ms (cache miss)
5789 http fetch GET 200 https://registry.npmjs.org/rc/-/rc-1.2.8.tgz 19410ms (cache miss)
5790 http fetch GET 200 https://registry.npmjs.org/queue/-/queue-6.0.2.tgz 19832ms (cache miss)
5791 http fetch GET 200 https://registry.npmjs.org/tunnel-agent/-/tunnel-agent-0.6.0.tgz 19870ms (cache miss)
5792 http fetch GET 200 https://registry.npmjs.org/safe-regex-test/-/safe-regex-test-1.1.0.tgz 19814ms (cache miss)
5793 http fetch GET 200 https://registry.npmjs.org/json-buffer/-/json-buffer-3.0.0.tgz 19768ms (cache miss)
5794 http fetch GET 200 https://registry.npmjs.org/abort-controller/-/abort-controller-3.0.0.tgz 20336ms (cache miss)
5795 http fetch GET 200 https://registry.npmjs.org/bare-stream/-/bare-stream-2.13.1.tgz 20215ms (cache miss)
5796 http fetch GET 200 https://registry.npmjs.org/tar-stream/-/tar-stream-3.2.0.tgz 20215ms (cache miss)
5797 http fetch GET 200 https://registry.npmjs.org/is-regex/-/is-regex-1.2.1.tgz 20121ms (cache miss)
5798 http fetch GET 200 https://registry.npmjs.org/browser-process-hrtime/-/browser-process-hrtime-1.0.0.tgz 20135ms (cache miss)
5799 http fetch GET 200 https://registry.npmjs.org/is-typed-array/-/is-typed-array-1.1.15.tgz 20125ms (cache miss)
5800 http fetch GET 200 https://registry.npmjs.org/keyv/-/keyv-3.1.0.tgz 20062ms (cache miss)
5801 http fetch GET 200 https://registry.npmjs.org/is-arguments/-/is-arguments-1.2.0.tgz 20125ms (cache miss)
5802 http fetch GET 200 https://registry.npmjs.org/url-parse-lax/-/url-parse-lax-3.0.0.tgz 20048ms (cache miss)
5803 http fetch GET 200 https://registry.npmjs.org/to-readable-stream/-/to-readable-stream-1.0.0.tgz 20049ms (cache miss)
5804 http fetch GET 200 https://registry.npmjs.org/pump/-/pump-3.0.4.tgz 20107ms (cache miss)
5805 http fetch GET 200 https://registry.npmjs.org/duplexer3/-/duplexer3-0.1.5.tgz 20035ms (cache miss)
5806 http fetch GET 200 https://registry.npmjs.org/get-stream/-/get-stream-4.1.0.tgz 20051ms (cache miss)
5807 http fetch GET 200 https://registry.npmjs.org/unique-string/-/unique-string-1.0.0.tgz 20002ms (cache miss)
5808 http fetch GET 200 https://registry.npmjs.org/dot-prop/-/dot-prop-4.2.1.tgz 20101ms (cache miss)
5809 http fetch GET 200 https://registry.npmjs.org/xdg-basedir/-/xdg-basedir-3.0.0.tgz 20154ms (cache miss)
5810 http fetch GET 200 https://registry.npmjs.org/chownr/-/chownr-2.0.0.tgz 20061ms (cache miss)
5811 http fetch GET 200 https://registry.npmjs.org/crypto-random-string/-/crypto-random-string-1.0.0.tgz 20337ms (cache miss)
5812 http fetch GET 200 https://registry.npmjs.org/node-abi/-/node-abi-3.92.0.tgz 20491ms (cache miss)
5813 http fetch GET 200 https://registry.npmjs.org/random-bytes/-/random-bytes-1.0.0.tgz 20338ms (cache miss)
5814 http fetch GET 200 https://registry.npmjs.org/prepend-http/-/prepend-http-2.0.0.tgz 20360ms (cache miss)
5815 http fetch GET 200 https://registry.npmjs.org/http-cache-semantics/-/http-cache-semantics-4.2.0.tgz 20312ms (cache miss)
5816 http fetch GET 200 https://registry.npmjs.org/normalize-url/-/normalize-url-4.5.1.tgz 20329ms (cache miss)
5817 http fetch GET 200 https://registry.npmjs.org/is-obj/-/is-obj-1.0.1.tgz 20391ms (cache miss)
5818 http fetch GET 200 https://registry.npmjs.org/is-fullwidth-code-point/-/is-fullwidth-code-point-3.0.0.tgz 20278ms (cache miss)
5819 http fetch GET 200 https://registry.npmjs.org/memory-pager/-/memory-pager-1.5.0.tgz 20267ms (cache miss)
5820 http fetch GET 200 https://registry.npmjs.org/clone-response/-/clone-response-1.0.3.tgz 20522ms (cache miss)
5821 http fetch GET 200 https://registry.npmjs.org/defer-to-connect/-/defer-to-connect-1.1.3.tgz 20519ms (cache miss)
5822 http fetch GET 200 https://registry.npmjs.org/lowercase-keys/-/lowercase-keys-1.0.1.tgz 20496ms (cache miss)
5823 http fetch GET 200 https://registry.npmjs.org/responselike/-/responselike-1.0.2.tgz 20559ms (cache miss)
5824 http fetch GET 200 https://registry.npmjs.org/simple-concat/-/simple-concat-1.0.1.tgz 20400ms (cache miss)
5825 http fetch GET 200 https://registry.npmjs.org/mimic-response/-/mimic-response-2.1.0.tgz 20397ms (cache miss)
5826 http fetch GET 200 https://registry.npmjs.org/decompress-response/-/decompress-response-4.2.1.tgz 20393ms (cache miss)
5827 http fetch GET 200 https://registry.npmjs.org/side-channel-weakmap/-/side-channel-weakmap-1.0.2.tgz 20384ms (cache miss)
5828 http fetch GET 200 https://registry.npmjs.org/side-channel-map/-/side-channel-map-1.0.1.tgz 20381ms (cache miss)
5829 http fetch GET 200 https://registry.npmjs.org/path-is-absolute/-/path-is-absolute-1.0.1.tgz 20347ms (cache miss)
5830 http fetch GET 200 https://registry.npmjs.org/concat-map/-/concat-map-0.0.1.tgz 20369ms (cache miss)
5831 http fetch GET 200 https://registry.npmjs.org/balanced-match/-/balanced-match-1.0.2.tgz 20365ms (cache miss)
5832 http fetch GET 200 https://registry.npmjs.org/supports-preserve-symlinks-flag/-/supports-preserve-symlinks-flag-1.0.0.tgz 20329ms (cache miss)
5833 http fetch GET 200 https://registry.npmjs.org/configstore/-/configstore-4.0.0.tgz 20561ms (cache miss)
5834 http fetch GET 200 https://registry.npmjs.org/path-parse/-/path-parse-1.0.7.tgz 20329ms (cache miss)
5835 http fetch GET 200 https://registry.npmjs.org/proxy-check/-/proxy-check-1.0.8.tgz 20582ms (cache miss)
5836 http fetch GET 200 https://registry.npmjs.org/xmlchars/-/xmlchars-2.2.0.tgz 20396ms (cache miss)
5837 http fetch GET 200 https://registry.npmjs.org/module-details-from-path/-/module-details-from-path-1.0.4.tgz 20320ms (cache miss)
5838 http fetch GET 200 https://registry.npmjs.org/fs.realpath/-/fs.realpath-1.0.0.tgz 20359ms (cache miss)
5839 http fetch GET 200 https://registry.npmjs.org/inflight/-/inflight-1.0.6.tgz 20367ms (cache miss)
5840 warn deprecated inflight@1.0.6: This module is not supported, and leaks memory. Do not use it. Check out lru-cache if you want a good and tested way to coalesce async requests by a key value, which is much more comprehensive and powerful.
5841 http fetch GET 200 https://registry.npmjs.org/process-nextick-args/-/process-nextick-args-2.0.1.tgz 20328ms (cache miss)
5842 http fetch GET 200 https://registry.npmjs.org/isarray/-/isarray-1.0.0.tgz 20325ms (cache miss)
5843 http fetch GET 200 https://registry.npmjs.org/mute-stream/-/mute-stream-0.0.8.tgz 20316ms (cache miss)
5844 http fetch GET 200 https://registry.npmjs.org/core-util-is/-/core-util-is-1.0.3.tgz 20325ms (cache miss)
5845 http fetch GET 200 https://registry.npmjs.org/util-deprecate/-/util-deprecate-1.0.2.tgz 20353ms (cache miss)
5846 http fetch GET 200 https://registry.npmjs.org/@szmarczak/http-timer/-/http-timer-1.1.2.tgz 20685ms (cache miss)
5847 http fetch GET 200 https://registry.npmjs.org/is-core-module/-/is-core-module-2.16.2.tgz 20378ms (cache miss)
5848 http fetch GET 200 https://registry.npmjs.org/tr46/-/tr46-2.1.0.tgz 21056ms (cache miss)
5849 http fetch GET 200 https://registry.npmjs.org/tar-fs/-/tar-fs-3.1.2.tgz 20917ms (cache miss)
5850 http fetch GET 200 https://registry.npmjs.org/p-cancelable/-/p-cancelable-1.1.0.tgz 20750ms (cache miss)
5851 http fetch GET 200 https://registry.npmjs.org/which-typed-array/-/which-typed-array-1.1.20.tgz 20874ms (cache miss)
5852 http fetch GET 200 https://registry.npmjs.org/side-channel-list/-/side-channel-list-1.0.1.tgz 20562ms (cache miss)
5853 http fetch GET 200 https://registry.npmjs.org/brace-expansion/-/brace-expansion-1.1.14.tgz 20535ms (cache miss)
5854 http fetch GET 200 https://registry.npmjs.org/yallist/-/yallist-4.0.0.tgz 20710ms (cache miss)
5855 http fetch GET 200 https://registry.npmjs.org/string_decoder/-/string_decoder-1.1.1.tgz 20475ms (cache miss)
5856 http fetch GET 200 https://registry.npmjs.org/picocolors/-/picocolors-1.1.1.tgz 20405ms (cache miss)
5857 http fetch GET 200 https://registry.npmjs.org/js-tokens/-/js-tokens-4.0.0.tgz 20402ms (cache miss)
5858 http fetch GET 200 https://registry.npmjs.org/lines-and-columns/-/lines-and-columns-1.2.4.tgz 20393ms (cache miss)
5859 http fetch GET 200 https://registry.npmjs.org/error-ex/-/error-ex-1.3.4.tgz 20383ms (cache miss)
5860 http fetch GET 200 https://registry.npmjs.org/callsites/-/callsites-3.1.0.tgz 20373ms (cache miss)
5861 http fetch GET 200 https://registry.npmjs.org/json-parse-even-better-errors/-/json-parse-even-better-errors-2.3.1.tgz 20395ms (cache miss)
5862 http fetch GET 200 https://registry.npmjs.org/parent-module/-/parent-module-1.0.1.tgz 20366ms (cache miss)
5863 http fetch GET 200 https://registry.npmjs.org/is-arrayish/-/is-arrayish-0.2.1.tgz 20441ms (cache miss)
5864 http fetch GET 200 https://registry.npmjs.org/cacheable-request/-/cacheable-request-6.1.0.tgz 20858ms (cache miss)
5865 http fetch GET 200 https://registry.npmjs.org/@babel/helper-validator-identifier/-/helper-validator-identifier-7.28.5.tgz 20437ms (cache miss)
5866 http fetch GET 200 https://registry.npmjs.org/ansi-regex/-/ansi-regex-5.0.1.tgz 20785ms (cache miss)
5867 http fetch GET 200 https://registry.npmjs.org/@sindresorhus/is/-/is-0.14.0.tgz 20918ms (cache miss)
5868 http fetch GET 200 https://registry.npmjs.org/minizlib/-/minizlib-2.1.2.tgz 20832ms (cache miss)
5869 http fetch GET 200 https://registry.npmjs.org/fs-minipass/-/fs-minipass-2.1.0.tgz 20821ms (cache miss)
5870 http fetch GET 200 https://registry.npmjs.org/@kwsites/promise-deferred/-/promise-deferred-1.1.1.tgz 20760ms (cache miss)
5871 http fetch GET 200 https://registry.npmjs.org/side-channel/-/side-channel-1.1.0.tgz 20573ms (cache miss)
5872 http fetch GET 200 https://registry.npmjs.org/dijkstrajs/-/dijkstrajs-1.0.3.tgz 20571ms (cache miss)
5873 http fetch GET 200 https://registry.npmjs.org/bare-path/-/bare-path-3.0.0.tgz 21253ms (cache miss)
5874 http fetch GET 200 https://registry.npmjs.org/event-target-shim/-/event-target-shim-5.0.1.tgz 21636ms (cache miss)
5875 http fetch GET 200 https://registry.npmjs.org/env-paths/-/env-paths-2.2.1.tgz 20504ms (cache miss)
5876 http fetch GET 200 https://registry.npmjs.org/mitt/-/mitt-3.0.1.tgz 20501ms (cache miss)
5877 http fetch GET 200 https://registry.npmjs.org/resolve-from/-/resolve-from-4.0.0.tgz 20600ms (cache miss)
5878 http fetch GET 200 https://registry.npmjs.org/@babel/code-frame/-/code-frame-7.29.0.tgz 20645ms (cache miss)
5879 http fetch GET 200 https://registry.npmjs.org/typed-query-selector/-/typed-query-selector-2.12.2.tgz 20594ms (cache miss)
5880 http fetch GET 200 https://registry.npmjs.org/import-fresh/-/import-fresh-3.3.1.tgz 20627ms (cache miss)
5881 http fetch GET 200 https://registry.npmjs.org/@thi.ng/bitstream/-/bitstream-2.4.51.tgz 20717ms (cache miss)
5882 http fetch GET 200 https://registry.npmjs.org/ipaddr.js/-/ipaddr.js-1.9.1.tgz 20566ms (cache miss)
5883 http fetch GET 200 https://registry.npmjs.org/forwarded/-/forwarded-0.2.0.tgz 20564ms (cache miss)
5884 http fetch GET 200 https://registry.npmjs.org/write-file-atomic/-/write-file-atomic-2.4.3.tgz 21261ms (cache miss)
5885 http fetch GET 200 https://registry.npmjs.org/generator-function/-/generator-function-2.0.1.tgz 21550ms (cache miss)
5886 http fetch GET 200 https://registry.npmjs.org/@simple-git/args-pathspec/-/args-pathspec-1.0.3.tgz 21240ms (cache miss)
5887 http fetch GET 200 https://registry.npmjs.org/parse-json/-/parse-json-5.2.0.tgz 20927ms (cache miss)
5888 http fetch GET 200 https://registry.npmjs.org/@protobufjs/pool/-/pool-1.1.0.tgz 20835ms (cache miss)
5889 http fetch GET 200 https://registry.npmjs.org/@protobufjs/path/-/path-1.1.2.tgz 20848ms (cache miss)
5890 http fetch GET 200 https://registry.npmjs.org/@protobufjs/inquire/-/inquire-1.1.2.tgz 21130ms (cache miss)
5891 http fetch GET 200 https://registry.npmjs.org/@protobufjs/eventemitter/-/eventemitter-1.1.0.tgz 21358ms (cache miss)
5892 http fetch GET 200 https://registry.npmjs.org/emoji-regex/-/emoji-regex-8.0.0.tgz 22416ms (cache miss)
5893 http fetch GET 200 https://registry.npmjs.org/@protobufjs/float/-/float-1.0.2.tgz 21999ms (cache miss)
5894 http fetch GET 200 https://registry.npmjs.org/read/-/read-1.0.7.tgz 21970ms (cache miss)
5895 http fetch GET 200 https://registry.npmjs.org/@protobufjs/fetch/-/fetch-1.1.1.tgz 22004ms (cache miss)
5896 http fetch GET 200 https://registry.npmjs.org/escape-string-regexp/-/escape-string-regexp-4.0.0.tgz 21967ms (cache miss)
5897 http fetch GET 200 https://registry.npmjs.org/ansi-colors/-/ansi-colors-4.1.3.tgz 21957ms (cache miss)
5898 http fetch GET 200 https://registry.npmjs.org/bl/-/bl-4.1.0.tgz 23559ms (cache miss)
5899 http fetch GET 200 https://registry.npmjs.org/minimatch/-/minimatch-3.1.5.tgz 22682ms (cache miss)
5900 http fetch GET 200 https://registry.npmjs.org/@protobufjs/codegen/-/codegen-2.0.5.tgz 22356ms (cache miss)
5901 http fetch GET 200 https://registry.npmjs.org/url-parse/-/url-parse-1.5.10.tgz 23904ms (cache miss)
5902 http fetch GET 200 https://registry.npmjs.org/@protobufjs/utf8/-/utf8-1.1.1.tgz 22824ms (cache miss)
5903 http fetch GET 200 https://registry.npmjs.org/require-in-the-middle/-/require-in-the-middle-5.2.0.tgz 22664ms (cache miss)
5904 http fetch GET 200 https://registry.npmjs.org/pm2-multimeter/-/pm2-multimeter-0.1.2.tgz 22633ms (cache miss)
5905 http fetch GET 200 https://registry.npmjs.org/call-bound/-/call-bound-1.0.4.tgz 23449ms (cache miss)
5906 http fetch GET 200 https://registry.npmjs.org/tunnel/-/tunnel-0.0.6.tgz 23631ms (cache miss)
5907 http fetch GET 200 https://registry.npmjs.org/@protobufjs/aspromise/-/aspromise-1.1.2.tgz 23053ms (cache miss)
5908 http fetch GET 200 https://registry.npmjs.org/pm2-axon-rpc/-/pm2-axon-rpc-0.7.1.tgz 23164ms (cache miss)
5909 http fetch GET 200 https://registry.npmjs.org/sprintf-js/-/sprintf-js-1.1.2.tgz 23196ms (cache miss)
5910 http fetch GET 200 https://registry.npmjs.org/pm2-axon/-/pm2-axon-4.0.1.tgz 23173ms (cache miss)
5911 http fetch GET 200 https://registry.npmjs.org/peek-readable/-/peek-readable-4.1.0.tgz 24112ms (cache miss)
5912 http fetch GET 200 https://registry.npmjs.org/minipass/-/minipass-5.0.0.tgz 24140ms (cache miss)
5913 http fetch GET 200 https://registry.npmjs.org/prebuild-install/-/prebuild-install-7.1.3.tgz 24496ms (cache miss)
5914 warn deprecated prebuild-install@7.1.3: No longer maintained. Please contact the author of the relevant native addon; alternatives are available.
5915 http fetch GET 200 https://registry.npmjs.org/promptly/-/promptly-2.2.0.tgz 23558ms (cache miss)
5916 http fetch GET 200 https://registry.npmjs.org/@thi.ng/errors/-/errors-2.6.13.tgz 24290ms (cache miss)
5917 http fetch GET 200 https://registry.npmjs.org/wrappy/-/wrappy-1.0.2.tgz 23851ms (cache miss)
5918 http fetch GET 200 https://registry.npmjs.org/stream-shift/-/stream-shift-1.0.3.tgz 23844ms (cache miss)
5919 http fetch GET 200 https://registry.npmjs.org/once/-/once-1.4.0.tgz 23852ms (cache miss)
5920 http fetch GET 200 https://registry.npmjs.org/end-of-stream/-/end-of-stream-1.4.5.tgz 23949ms (cache miss)
5921 http fetch GET 200 https://registry.npmjs.org/source-map-support/-/source-map-support-0.5.21.tgz 24200ms (cache miss)
5922 http fetch GET 200 https://registry.npmjs.org/@protobufjs/base64/-/base64-1.1.2.tgz 24298ms (cache miss)
5923 http fetch GET 200 https://registry.npmjs.org/duplexify/-/duplexify-4.1.3.tgz 24104ms (cache miss)
5924 http fetch GET 200 https://registry.npmjs.org/glob/-/glob-7.2.3.tgz 24757ms (cache miss)
5925 warn deprecated glob@7.2.3: Old versions of glob are not supported, and contain widely publicized security vulnerabilities, which have been fixed in the current version. Please update. Support for old versions may be purchased (at exorbitant rates) by contacting i@izs.me
5926 http fetch GET 200 https://registry.npmjs.org/shimmer/-/shimmer-1.2.1.tgz 24556ms (cache miss)
5927 http fetch GET 200 https://registry.npmjs.org/long/-/long-5.3.2.tgz 24732ms (cache miss)
5928 http fetch GET 200 https://registry.npmjs.org/pino-std-serializers/-/pino-std-serializers-4.0.0.tgz 24396ms (cache miss)
5929 http fetch GET 200 https://registry.npmjs.org/on-exit-leak-free/-/on-exit-leak-free-0.2.0.tgz 24525ms (cache miss)
5930 http fetch GET 200 https://registry.npmjs.org/quick-format-unescaped/-/quick-format-unescaped-4.0.4.tgz 24552ms (cache miss)
5931 http fetch GET 200 https://registry.npmjs.org/is-generator-function/-/is-generator-function-1.1.2.tgz 25655ms (cache miss)
5932 http fetch GET 200 https://registry.npmjs.org/proxy-agent/-/proxy-agent-6.3.1.tgz 24801ms (cache miss)
5933 http fetch GET 200 https://registry.npmjs.org/safe-stable-stringify/-/safe-stable-stringify-2.5.0.tgz 24666ms (cache miss)
5934 http fetch GET 200 https://registry.npmjs.org/process-warning/-/process-warning-1.0.0.tgz 24652ms (cache miss)
5935 http fetch GET 200 https://registry.npmjs.org/real-require/-/real-require-0.1.0.tgz 24669ms (cache miss)
5936 http fetch GET 200 https://registry.npmjs.org/atomic-sleep/-/atomic-sleep-1.0.0.tgz 24632ms (cache miss)
5937 http fetch GET 200 https://registry.npmjs.org/postgres-interval/-/postgres-interval-1.2.0.tgz 24625ms (cache miss)
5938 http fetch GET 200 https://registry.npmjs.org/split2/-/split2-4.2.0.tgz 24634ms (cache miss)
5939 http fetch GET 200 https://registry.npmjs.org/postgres-array/-/postgres-array-2.0.0.tgz 24674ms (cache miss)
5940 http fetch GET 200 https://registry.npmjs.org/pg-int8/-/pg-int8-1.0.1.tgz 24672ms (cache miss)
5941 http fetch GET 200 https://registry.npmjs.org/pgpass/-/pgpass-1.0.5.tgz 24670ms (cache miss)
5942 http fetch GET 200 https://registry.npmjs.org/pg-types/-/pg-types-2.2.0.tgz 24667ms (cache miss)
5943 http fetch GET 200 https://registry.npmjs.org/postgres-date/-/postgres-date-1.0.7.tgz 24702ms (cache miss)
5944 http fetch GET 200 https://registry.npmjs.org/postgres-bytea/-/postgres-bytea-1.0.1.tgz 24700ms (cache miss)
5945 http fetch GET 200 https://registry.npmjs.org/process/-/process-0.11.10.tgz 24730ms (cache miss)
5946 http fetch GET 200 https://registry.npmjs.org/xml2js/-/xml2js-0.5.0.tgz 24729ms (cache miss)
5947 http fetch GET 200 https://registry.npmjs.org/xml-parse-from-string/-/xml-parse-from-string-1.0.1.tgz 24726ms (cache miss)
5948 http fetch GET 200 https://registry.npmjs.org/pg-connection-string/-/pg-connection-string-2.13.0.tgz 24754ms (cache miss)
5949 http fetch GET 200 https://registry.npmjs.org/pino-abstract-transport/-/pino-abstract-transport-0.5.0.tgz 24979ms (cache miss)
5950 http fetch GET 200 https://registry.npmjs.org/pg-pool/-/pg-pool-3.14.0.tgz 24911ms (cache miss)
5951 http fetch GET 200 https://registry.npmjs.org/strip-ansi/-/strip-ansi-6.0.1.tgz 24856ms (cache miss)
5952 http fetch GET 200 https://registry.npmjs.org/string-width/-/string-width-4.2.3.tgz 24854ms (cache miss)
5953 http fetch GET 200 https://registry.npmjs.org/signal-exit/-/signal-exit-3.0.7.tgz 24851ms (cache miss)
5954 http fetch GET 200 https://registry.npmjs.org/has-unicode/-/has-unicode-2.0.1.tgz 24850ms (cache miss)
5955 http fetch GET 200 https://registry.npmjs.org/ee-first/-/ee-first-1.1.1.tgz 24894ms (cache miss)
5956 http fetch GET 200 https://registry.npmjs.org/wide-align/-/wide-align-1.1.5.tgz 24886ms (cache miss)
5957 http fetch GET 200 https://registry.npmjs.org/charm/-/charm-0.1.2.tgz 25359ms (cache miss)
5958 http fetch GET 200 https://registry.npmjs.org/console-control-strings/-/console-control-strings-1.1.0.tgz 24970ms (cache miss)
5959 http fetch GET 200 https://registry.npmjs.org/are-we-there-yet/-/are-we-there-yet-2.0.0.tgz 24970ms (cache miss)
5960 http fetch GET 200 https://registry.npmjs.org/clone/-/clone-2.1.2.tgz 24967ms (cache miss)
5961 http fetch GET 200 https://registry.npmjs.org/color-support/-/color-support-1.1.3.tgz 25013ms (cache miss)
5962 http fetch GET 200 https://registry.npmjs.org/aproba/-/aproba-2.1.0.tgz 25011ms (cache miss)
5963 http fetch GET 200 https://registry.npmjs.org/delegates/-/delegates-1.0.0.tgz 25011ms (cache miss)
5964 http fetch GET 200 https://registry.npmjs.org/set-blocking/-/set-blocking-2.0.0.tgz 25139ms (cache miss)
5965 http fetch GET 200 https://registry.npmjs.org/abbrev/-/abbrev-1.1.1.tgz 25119ms (cache miss)
5966 http fetch GET 200 https://registry.npmjs.org/fclone/-/fclone-1.0.11.tgz 25517ms (cache miss)
5967 http fetch GET 200 https://registry.npmjs.org/media-typer/-/media-typer-1.1.0.tgz 25209ms (cache miss)
5968 http fetch GET 200 https://registry.npmjs.org/append-field/-/append-field-1.0.0.tgz 25161ms (cache miss)
5969 http fetch GET 200 https://registry.npmjs.org/typedarray/-/typedarray-0.0.6.tgz 25206ms (cache miss)
5970 http fetch GET 200 https://registry.npmjs.org/concat-stream/-/concat-stream-1.6.2.tgz 25182ms (cache miss)
5971 http fetch GET 200 https://registry.npmjs.org/object-assign/-/object-assign-4.1.1.tgz 25190ms (cache miss)
5972 http fetch GET 200 https://registry.npmjs.org/buffer-from/-/buffer-from-1.1.2.tgz 25207ms (cache miss)
5973 http fetch GET 200 https://registry.npmjs.org/eventemitter2/-/eventemitter2-5.0.1.tgz 25611ms (cache miss)
5974 http fetch GET 200 https://registry.npmjs.org/xml-naming/-/xml-naming-0.1.0.tgz 25231ms (cache miss)
5975 http fetch GET 200 https://registry.npmjs.org/strnum/-/strnum-2.3.0.tgz 25230ms (cache miss)
5976 http fetch GET 200 https://registry.npmjs.org/@types/webidl-conversions/-/webidl-conversions-7.0.3.tgz 25257ms (cache miss)
5977 http fetch GET 200 https://registry.npmjs.org/sparse-bitfield/-/sparse-bitfield-3.0.3.tgz 25259ms (cache miss)
5978 http fetch GET 200 https://registry.npmjs.org/@tokenizer/token/-/token-0.3.0.tgz 25367ms (cache miss)
5979 http fetch GET 200 https://registry.npmjs.org/sonic-boom/-/sonic-boom-2.8.0.tgz 25656ms (cache miss)
5980 http fetch GET 200 https://registry.npmjs.org/streamsearch/-/streamsearch-1.1.0.tgz 25446ms (cache miss)
5981 http fetch GET 200 https://registry.npmjs.org/@types/whatwg-url/-/whatwg-url-8.2.2.tgz 25416ms (cache miss)
5982 http fetch GET 200 https://registry.npmjs.org/@smithy/util-buffer-from/-/util-buffer-from-2.2.0.tgz 25384ms (cache miss)
5983 http fetch GET 200 https://registry.npmjs.org/@smithy/is-array-buffer/-/is-array-buffer-2.2.0.tgz 25393ms (cache miss)
5984 http fetch GET 200 https://registry.npmjs.org/pidusage/-/pidusage-3.0.2.tgz 25859ms (cache miss)
5985 warn deprecated are-we-there-yet@2.0.0: This package is no longer supported.
5986 http fetch GET 200 https://registry.npmjs.org/gauge/-/gauge-3.0.2.tgz 25793ms (cache miss)
5987 http fetch GET 200 https://registry.npmjs.org/@aws-sdk/signature-v4-multi-region/-/signature-v4-multi-region-3.996.28.tgz 25700ms (cache miss)
5988 warn deprecated gauge@3.0.2: This package is no longer supported.
5989 http fetch GET 200 https://registry.npmjs.org/node-addon-api/-/node-addon-api-6.1.0.tgz 27490ms (cache miss)
5990 http fetch GET 200 https://registry.npmjs.org/@aws-sdk/util-locate-window/-/util-locate-window-3.965.5.tgz 26040ms (cache miss)
5991 http fetch GET 200 https://registry.npmjs.org/@aws-crypto/util/-/util-5.2.0.tgz 26038ms (cache miss)
5992 http fetch GET 200 https://registry.npmjs.org/@aws-sdk/token-providers/-/token-providers-3.1052.0.tgz 26083ms (cache miss)
5993 http fetch GET 200 https://registry.npmjs.org/@aws-crypto/supports-web-crypto/-/supports-web-crypto-5.2.0.tgz 26158ms (cache miss)
5994 http fetch GET 200 https://registry.npmjs.org/@smithy/util-utf8/-/util-utf8-2.3.0.tgz 26179ms (cache miss)
5995 http fetch GET 200 https://registry.npmjs.org/@aws/lambda-invoke-store/-/lambda-invoke-store-0.2.4.tgz 26289ms (cache miss)
5996 http fetch GET 200 https://registry.npmjs.org/pg-cloudflare/-/pg-cloudflare-1.4.0.tgz 26672ms (cache miss)
5997 http fetch GET 200 https://registry.npmjs.org/@kwsites/file-exists/-/file-exists-1.1.1.tgz 27645ms (cache miss)
5998 http fetch GET 200 https://registry.npmjs.org/events/-/events-3.3.0.tgz 28630ms (cache miss)
5999 http fetch GET 200 https://registry.npmjs.org/opus-decoder/-/opus-decoder-0.7.11.tgz 27047ms (cache miss)
6000 http fetch GET 200 https://registry.npmjs.org/@aws-sdk/credential-provider-sso/-/credential-provider-sso-3.972.43.tgz 26908ms (cache miss)
6001 http fetch GET 200 https://registry.npmjs.org/@smithy/credential-provider-imds/-/credential-provider-imds-4.3.4.tgz 26949ms (cache miss)
6002 http fetch GET 200 https://registry.npmjs.org/@nodable/entities/-/entities-2.1.0.tgz 27141ms (cache miss)
6003 http fetch GET 200 https://registry.npmjs.org/@aws-crypto/sha256-browser/-/sha256-browser-5.2.0.tgz 27146ms (cache miss)
6004 http fetch GET 200 https://registry.npmjs.org/got/-/got-9.6.0.tgz 28436ms (cache miss)
6005 http fetch GET 200 https://registry.npmjs.org/@aws-sdk/types/-/types-3.973.9.tgz 27502ms (cache miss)
6006 http fetch GET 200 https://registry.npmjs.org/path-expression-matcher/-/path-expression-matcher-1.5.0.tgz 27684ms (cache miss)
6007 http fetch GET 200 https://registry.npmjs.org/nssocket/-/nssocket-0.6.0.tgz 28299ms (cache miss)
6008 http fetch GET 200 https://registry.npmjs.org/@aws-sdk/credential-provider-process/-/credential-provider-process-3.972.39.tgz 27828ms (cache miss)
6009 http fetch GET 200 https://registry.npmjs.org/@aws-sdk/credential-provider-login/-/credential-provider-login-3.972.43.tgz 27821ms (cache miss)
6010 http fetch GET 200 https://registry.npmjs.org/@aws-sdk/credential-provider-node/-/credential-provider-node-3.972.44.tgz 27917ms (cache miss)
6011 http fetch GET 200 https://registry.npmjs.org/lazy/-/lazy-1.0.11.tgz 28626ms (cache miss)
6012 http fetch GET 200 https://registry.npmjs.org/mongodb-connection-string-url/-/mongodb-connection-string-url-2.6.0.tgz 28023ms (cache miss)
6013 http fetch GET 200 https://registry.npmjs.org/@aws-sdk/credential-provider-http/-/credential-provider-http-3.972.41.tgz 28056ms (cache miss)
6014 http fetch GET 200 https://registry.npmjs.org/@aws-sdk/credential-provider-env/-/credential-provider-env-3.972.39.tgz 28055ms (cache miss)
6015 http fetch GET 200 https://registry.npmjs.org/fast-xml-builder/-/fast-xml-builder-1.2.0.tgz 28356ms (cache miss)
6016 http fetch GET 200 https://registry.npmjs.org/xtend/-/xtend-4.0.2.tgz 28204ms (cache miss)
6017 http fetch GET 200 https://registry.npmjs.org/fast-redact/-/fast-redact-3.5.0.tgz 29240ms (cache miss)
6018 http fetch GET 200 https://registry.npmjs.org/bowser/-/bowser-2.14.1.tgz 29130ms (cache miss)
6019 http fetch GET 200 https://registry.npmjs.org/mpath/-/mpath-0.9.0.tgz 28970ms (cache miss)
6020 http fetch GET 200 https://registry.npmjs.org/kareem/-/kareem-2.5.1.tgz 28964ms (cache miss)
6021 http fetch GET 200 https://registry.npmjs.org/xhr/-/xhr-2.6.0.tgz 29007ms (cache miss)
6022 http fetch GET 200 https://registry.npmjs.org/parse-bmfont-xml/-/parse-bmfont-xml-1.1.6.tgz 29007ms (cache miss)
6023 http fetch GET 200 https://registry.npmjs.org/parse-bmfont-binary/-/parse-bmfont-binary-1.0.6.tgz 29004ms (cache miss)
6024 http fetch GET 200 https://registry.npmjs.org/buffer-equal/-/buffer-equal-0.0.1.tgz 29050ms (cache miss)
6025 http fetch GET 200 https://registry.npmjs.org/parse-bmfont-ascii/-/parse-bmfont-ascii-1.0.6.tgz 29268ms (cache miss)
6026 http fetch GET 200 https://registry.npmjs.org/xml-name-validator/-/xml-name-validator-3.0.0.tgz 29490ms (cache miss)
6027 http fetch GET 200 https://registry.npmjs.org/object-inspect/-/object-inspect-1.13.4.tgz 30912ms (cache miss)
6028 http fetch GET 200 https://registry.npmjs.org/symbol-tree/-/symbol-tree-3.2.4.tgz 29636ms (cache miss)
6029 http fetch GET 200 https://registry.npmjs.org/@tootallnate/once/-/once-1.1.2.tgz 29684ms (cache miss)
6030 http fetch GET 200 https://registry.npmjs.org/readable-stream/-/readable-stream-2.3.8.tgz 30232ms (cache miss)
6031 http fetch GET 200 https://registry.npmjs.org/webidl-conversions/-/webidl-conversions-6.1.0.tgz 29975ms (cache miss)
6032 http fetch GET 200 https://registry.npmjs.org/w3c-xmlserializer/-/w3c-xmlserializer-2.0.0.tgz 29977ms (cache miss)
6033 http fetch GET 200 https://registry.npmjs.org/html-encoding-sniffer/-/html-encoding-sniffer-2.0.1.tgz 30093ms (cache miss)
6034 http fetch GET 200 https://registry.npmjs.org/is-potential-custom-element-name/-/is-potential-custom-element-name-1.0.1.tgz 30109ms (cache miss)
6035 http fetch GET 200 https://registry.npmjs.org/http-proxy-agent/-/http-proxy-agent-4.0.1.tgz 30108ms (cache miss)
6036 http fetch GET 200 https://registry.npmjs.org/domexception/-/domexception-2.0.1.tgz 30099ms (cache miss)
6037 http fetch GET 200 https://registry.npmjs.org/mime-db/-/mime-db-1.52.0.tgz 30381ms (cache miss)
6038 http fetch GET 200 https://registry.npmjs.org/acorn-globals/-/acorn-globals-6.0.0.tgz 30237ms (cache miss)
6039 http fetch GET 200 https://registry.npmjs.org/data-urls/-/data-urls-2.0.0.tgz 30258ms (cache miss)
6040 http fetch GET 200 https://registry.npmjs.org/@aws-sdk/credential-provider-web-identity/-/credential-provider-web-identity-3.972.43.tgz 30612ms (cache miss)
6041 http fetch GET 200 https://registry.npmjs.org/curve25519-js/-/curve25519-js-0.0.4.tgz 30453ms (cache miss)
6042 http fetch GET 200 https://registry.npmjs.org/saxes/-/saxes-5.0.1.tgz 30607ms (cache miss)
6043 http fetch GET 200 https://registry.npmjs.org/mime/-/mime-1.6.0.tgz 30680ms (cache miss)
6044 http fetch GET 200 https://registry.npmjs.org/w3c-hr-time/-/w3c-hr-time-1.0.2.tgz 30729ms (cache miss)
6045 http fetch GET 200 https://registry.npmjs.org/utif/-/utif-2.0.1.tgz 30701ms (cache miss)
6046 http fetch GET 200 https://registry.npmjs.org/acorn-walk/-/acorn-walk-7.2.0.tgz 30892ms (cache miss)
6047 warn deprecated domexception@2.0.1: Use your platform's native DOMException instead
6048 http fetch GET 200 https://codeload.github.com/adiwajshing/libsignal-node/tar.gz/11dbd962ea108187c79a7c46fe4d6f790e23da97 21252ms (cache miss)
6049 http fetch GET 200 https://registry.npmjs.org/ieee754/-/ieee754-1.2.1.tgz 30855ms (cache miss)
6050 http fetch GET 200 https://registry.npmjs.org/abab/-/abab-2.0.6.tgz 30875ms (cache miss)
6051 warn deprecated abab@2.0.6: Use your platform's native atob() and btoa() methods instead
6052 http fetch GET 200 https://registry.npmjs.org/busboy/-/busboy-1.6.0.tgz 31431ms (cache miss)
6053 http fetch GET 200 https://registry.npmjs.org/base64-js/-/base64-js-1.5.1.tgz 30934ms (cache miss)
6054 http fetch GET 200 https://registry.npmjs.org/omggif/-/omggif-1.0.10.tgz 30917ms (cache miss)
6055 http fetch GET 200 https://registry.npmjs.org/webdriver-bidi-protocol/-/webdriver-bidi-protocol-0.4.1.tgz 32250ms (cache miss)
6056 http fetch GET 200 https://registry.npmjs.org/nwsapi/-/nwsapi-2.2.23.tgz 31088ms (cache miss)
6057 http fetch GET 200 https://registry.npmjs.org/psl/-/psl-1.15.0.tgz 33283ms (cache miss)
6058 http fetch GET 200 https://registry.npmjs.org/@aws-crypto/crc32/-/crc32-5.2.0.tgz 31593ms (cache miss)
6059 http fetch GET 200 https://registry.npmjs.org/cosmiconfig/-/cosmiconfig-9.0.1.tgz 32484ms (cache miss)
6060 http fetch GET 200 https://registry.npmjs.org/decimal.js/-/decimal.js-10.6.0.tgz 31391ms (cache miss)
6061 warn deprecated w3c-hr-time@1.0.2: Use your platform's native performance.now() and performance.timeOrigin.
6062 silly packumentCache heap:1071644672 maxSize:267911168 maxEntrySize:133955584
6063 http fetch GET 200 https://registry.npmjs.org/@jimp/plugin-shadow/-/plugin-shadow-0.16.13.tgz 37239ms (cache miss)
6064 http fetch GET 200 https://registry.npmjs.org/@pm2/agent/-/agent-2.0.4.tgz 38285ms (cache miss)
6065 http fetch GET 200 https://registry.npmjs.org/jpeg-js/-/jpeg-js-0.4.4.tgz 37450ms (cache miss)
6066 http fetch GET 200 https://registry.npmjs.org/xmlbuilder/-/xmlbuilder-11.0.1.tgz 40138ms (cache miss)
6067 http fetch GET 200 https://registry.npmjs.org/timm/-/timm-1.7.1.tgz 38470ms (cache miss)
6068 http fetch GET 200 https://registry.npmjs.org/whatwg-url/-/whatwg-url-8.7.0.tgz 39115ms (cache miss)
6069 http fetch GET 200 https://registry.npmjs.org/bare-os/-/bare-os-3.9.1.tgz 41222ms (cache miss)
6070 http fetch GET 200 https://registry.npmjs.org/@jimp/plugin-mask/-/plugin-mask-0.16.13.tgz 39687ms (cache miss)
6071 http fetch GET 200 https://registry.npmjs.org/@jimp/plugin-normalize/-/plugin-normalize-0.16.13.tgz 39697ms (cache miss)
6072 http fetch GET 200 https://registry.npmjs.org/@jimp/plugin-invert/-/plugin-invert-0.16.13.tgz 39695ms (cache miss)
6073 http fetch GET 200 https://registry.npmjs.org/@jimp/plugin-rotate/-/plugin-rotate-0.16.13.tgz 39689ms (cache miss)
6074 http fetch GET 200 https://registry.npmjs.org/@jimp/plugin-displace/-/plugin-displace-0.16.13.tgz 39680ms (cache miss)
6075 http fetch GET 200 https://registry.npmjs.org/@jimp/plugin-dither/-/plugin-dither-0.16.13.tgz 39705ms (cache miss)
6076 http fetch GET 200 https://registry.npmjs.org/@jimp/plugin-crop/-/plugin-crop-0.16.13.tgz 39698ms (cache miss)
6077 http fetch GET 200 https://registry.npmjs.org/@jimp/plugin-circle/-/plugin-circle-0.16.13.tgz 39676ms (cache miss)
6078 http fetch GET 200 https://registry.npmjs.org/@jimp/plugin-scale/-/plugin-scale-0.16.13.tgz 39700ms (cache miss)
6079 http fetch GET 200 https://registry.npmjs.org/@jimp/plugin-blur/-/plugin-blur-0.16.13.tgz 39683ms (cache miss)
6080 http fetch GET 200 https://registry.npmjs.org/phin/-/phin-2.9.3.tgz 39665ms (cache miss)
6081 warn deprecated phin@2.9.3: Package no longer supported. Contact Support at https://www.npmjs.com/support for more info.
6082 http fetch GET 200 https://registry.npmjs.org/mkdirp/-/mkdirp-0.5.6.tgz 39676ms (cache miss)
6083 http fetch GET 200 https://registry.npmjs.org/load-bmfont/-/load-bmfont-1.4.2.tgz 39677ms (cache miss)
6084 http fetch GET 200 https://registry.npmjs.org/any-base/-/any-base-1.1.0.tgz 39674ms (cache miss)
6085 http fetch GET 200 https://registry.npmjs.org/@jimp/gif/-/gif-0.16.13.tgz 39862ms (cache miss)
6086 http fetch GET 200 https://registry.npmjs.org/@jimp/plugin-gaussian/-/plugin-gaussian-0.16.13.tgz 39826ms (cache miss)
6087 http fetch GET 200 https://registry.npmjs.org/@jimp/plugin-contain/-/plugin-contain-0.16.13.tgz 39784ms (cache miss)
6088 http fetch GET 200 https://registry.npmjs.org/@jimp/utils/-/utils-0.16.13.tgz 40035ms (cache miss)
6089 http fetch GET 200 https://registry.npmjs.org/@jimp/types/-/types-0.16.13.tgz 40096ms (cache miss)
6090 http fetch GET 200 https://registry.npmjs.org/regenerator-runtime/-/regenerator-runtime-0.13.11.tgz 40387ms (cache miss)
6091 http fetch GET 200 https://registry.npmjs.org/@jimp/plugin-flip/-/plugin-flip-0.16.13.tgz 40554ms (cache miss)
6092 http fetch GET 200 https://registry.npmjs.org/@jimp/plugin-cover/-/plugin-cover-0.16.13.tgz 40537ms (cache miss)
6093 http fetch GET 200 https://registry.npmjs.org/@jimp/plugin-fisheye/-/plugin-fisheye-0.16.13.tgz 40936ms (cache miss)
6094 http fetch GET 200 https://registry.npmjs.org/safer-buffer/-/safer-buffer-2.1.2.tgz 40897ms (cache miss)
6095 http fetch GET 200 https://registry.npmjs.org/@jimp/jpeg/-/jpeg-0.16.13.tgz 41281ms (cache miss)
6096 http fetch GET 200 https://registry.npmjs.org/toidentifier/-/toidentifier-1.0.1.tgz 41056ms (cache miss)
6097 http fetch GET 200 https://registry.npmjs.org/dunder-proto/-/dunder-proto-1.0.1.tgz 41047ms (cache miss)
6098 http fetch GET 200 https://registry.npmjs.org/@jimp/custom/-/custom-0.16.13.tgz 41086ms (cache miss)
6099 http fetch GET 200 https://registry.npmjs.org/agent-base/-/agent-base-9.0.0.tgz 41062ms (cache miss)
6100 http fetch GET 200 https://registry.npmjs.org/inherits/-/inherits-2.0.4.tgz 41073ms (cache miss)
6101 http fetch GET 200 https://registry.npmjs.org/has-symbols/-/has-symbols-1.1.0.tgz 41663ms (cache miss)
6102 http fetch GET 200 https://registry.npmjs.org/gopd/-/gopd-1.2.0.tgz 41663ms (cache miss)
6103 http fetch GET 200 https://registry.npmjs.org/@jimp/plugins/-/plugins-0.16.13.tgz 41830ms (cache miss)
6104 http fetch GET 200 https://registry.npmjs.org/get-proto/-/get-proto-1.0.1.tgz 41821ms (cache miss)
6105 http fetch GET 200 https://registry.npmjs.org/function-bind/-/function-bind-1.1.2.tgz 41820ms (cache miss)
6106 http fetch GET 200 https://registry.npmjs.org/@simple-git/argv-parser/-/argv-parser-1.1.1.tgz 43671ms (cache miss)
6107 http fetch GET 200 https://registry.npmjs.org/es-object-atoms/-/es-object-atoms-1.1.1.tgz 42110ms (cache miss)
6108 http fetch GET 200 https://registry.npmjs.org/call-bind-apply-helpers/-/call-bind-apply-helpers-1.0.2.tgz 42103ms (cache miss)
6109 http fetch GET 200 https://registry.npmjs.org/es-define-property/-/es-define-property-1.0.1.tgz 42114ms (cache miss)
6110 http fetch GET 200 https://registry.npmjs.org/universalify/-/universalify-2.0.1.tgz 42110ms (cache miss)
6111 http fetch GET 200 https://registry.npmjs.org/graceful-fs/-/graceful-fs-4.2.11.tgz 42577ms (cache miss)
6112 http fetch GET 200 https://registry.npmjs.org/minimist/-/minimist-1.2.8.tgz 43323ms (cache miss)
6113 http fetch GET 200 https://registry.npmjs.org/jsonfile/-/jsonfile-6.2.1.tgz 43184ms (cache miss)
6114 http fetch GET 200 https://registry.npmjs.org/es-errors/-/es-errors-1.3.0.tgz 43174ms (cache miss)
6115 http fetch GET 200 https://registry.npmjs.org/delayed-stream/-/delayed-stream-1.0.0.tgz 43175ms (cache miss)
6116 http fetch GET 200 https://registry.npmjs.org/has-tostringtag/-/has-tostringtag-1.0.2.tgz 43210ms (cache miss)
6117 http fetch GET 200 https://registry.npmjs.org/buffer/-/buffer-5.7.1.tgz 44016ms (cache miss)
6118 http fetch GET 200 https://registry.npmjs.org/mquery/-/mquery-4.0.3.tgz 44481ms (cache miss)
6119 http fetch GET 200 https://registry.npmjs.org/get-intrinsic/-/get-intrinsic-1.3.0.tgz 46943ms (cache miss)
6120 http fetch GET 200 https://registry.npmjs.org/es-set-tostringtag/-/es-set-tostringtag-2.1.0.tgz 46925ms (cache miss)
6121 http fetch GET 200 https://registry.npmjs.org/hasown/-/hasown-2.0.3.tgz 46939ms (cache miss)
6122 http fetch GET 200 https://registry.npmjs.org/combined-stream/-/combined-stream-1.0.8.tgz 46938ms (cache miss)
6123 http fetch GET 200 https://registry.npmjs.org/which/-/which-1.3.1.tgz 46933ms (cache miss)
6124 http fetch GET 200 https://registry.npmjs.org/asynckit/-/asynckit-0.4.0.tgz 46944ms (cache miss)
6125 http fetch GET 200 https://registry.npmjs.org/@jimp/png/-/png-0.16.13.tgz 47456ms (cache miss)
6126 http fetch GET 200 https://registry.npmjs.org/token-types/-/token-types-4.2.1.tgz 47155ms (cache miss)
6127 http fetch GET 200 https://registry.npmjs.org/uid-safe/-/uid-safe-2.1.5.tgz 47681ms (cache miss)
6128 http fetch GET 200 https://registry.npmjs.org/ms/-/ms-2.0.0.tgz 47680ms (cache miss)
6129 http fetch GET 200 https://registry.npmjs.org/on-headers/-/on-headers-1.1.0.tgz 47694ms (cache miss)
6130 http fetch GET 200 https://registry.npmjs.org/readable-web-to-node-stream/-/readable-web-to-node-stream-3.0.4.tgz 47721ms (cache miss)
6131 http fetch GET 200 https://registry.npmjs.org/bytes/-/bytes-3.1.2.tgz 47981ms (cache miss)
6132 http fetch GET 200 https://registry.npmjs.org/thread-stream/-/thread-stream-0.15.2.tgz 49499ms (cache miss)
6133 http fetch GET 200 https://registry.npmjs.org/raw-body/-/raw-body-2.5.3.tgz 48233ms (cache miss)
6134 http fetch GET 200 https://registry.npmjs.org/negotiator/-/negotiator-0.6.3.tgz 48224ms (cache miss)
6135 http fetch GET 200 https://registry.npmjs.org/destroy/-/destroy-1.2.0.tgz 48240ms (cache miss)
6136 http fetch GET 200 https://registry.npmjs.org/mime-types/-/mime-types-2.1.35.tgz 48568ms (cache miss)
6137 http fetch GET 200 https://registry.npmjs.org/vary/-/vary-1.1.2.tgz 48573ms (cache miss)
6138 http fetch GET 200 https://registry.npmjs.org/unpipe/-/unpipe-1.0.0.tgz 48615ms (cache miss)
6139 http fetch GET 200 https://registry.npmjs.org/strtok3/-/strtok3-6.3.0.tgz 48664ms (cache miss)
6140 http fetch GET 200 https://registry.npmjs.org/type-is/-/type-is-1.6.18.tgz 48882ms (cache miss)
6141 http fetch GET 200 https://registry.npmjs.org/utils-merge/-/utils-merge-1.0.1.tgz 48896ms (cache miss)
6142 http fetch GET 200 https://registry.npmjs.org/statuses/-/statuses-2.0.2.tgz 48893ms (cache miss)
6143 http fetch GET 200 https://registry.npmjs.org/acorn/-/acorn-8.16.0.tgz 49464ms (cache miss)
6144 http fetch GET 200 https://registry.npmjs.org/@smithy/signature-v4/-/signature-v4-5.4.4.tgz 49954ms (cache miss)
6145 http fetch GET 200 https://registry.npmjs.org/serve-static/-/serve-static-1.16.3.tgz 50003ms (cache miss)
6146 http fetch GET 200 https://registry.npmjs.org/setprototypeof/-/setprototypeof-1.2.0.tgz 50008ms (cache miss)
6147 http fetch GET 200 https://registry.npmjs.org/range-parser/-/range-parser-1.2.1.tgz 50010ms (cache miss)
6148 http fetch GET 200 https://registry.npmjs.org/parseurl/-/parseurl-1.3.3.tgz 50431ms (cache miss)
6149 http fetch GET 200 https://registry.npmjs.org/on-finished/-/on-finished-2.4.1.tgz 50431ms (cache miss)
6150 http fetch GET 200 https://registry.npmjs.org/methods/-/methods-1.1.2.tgz 50430ms (cache miss)
6151 http fetch GET 200 https://registry.npmjs.org/path-to-regexp/-/path-to-regexp-0.1.13.tgz 50452ms (cache miss)
6152 http fetch GET 200 https://registry.npmjs.org/merge-descriptors/-/merge-descriptors-1.0.3.tgz 50845ms (cache miss)
6153 http fetch GET 200 https://registry.npmjs.org/escape-html/-/escape-html-1.0.3.tgz 51572ms (cache miss)
6154 http fetch GET 200 https://registry.npmjs.org/proxy-addr/-/proxy-addr-2.0.7.tgz 51683ms (cache miss)
6155 http fetch GET 200 https://registry.npmjs.org/etag/-/etag-1.8.1.tgz 51610ms (cache miss)
6156 http fetch GET 200 https://registry.npmjs.org/encodeurl/-/encodeurl-2.0.0.tgz 51634ms (cache miss)
6157 http fetch GET 200 https://registry.npmjs.org/content-type/-/content-type-1.0.5.tgz 52228ms (cache miss)
6158 http fetch GET 200 https://registry.npmjs.org/http-errors/-/http-errors-2.0.1.tgz 52349ms (cache miss)
6159 http fetch GET 200 https://registry.npmjs.org/fresh/-/fresh-0.5.2.tgz 56217ms (cache miss)
6160 http fetch GET 200 https://registry.npmjs.org/content-disposition/-/content-disposition-0.5.4.tgz 56128ms (cache miss)
6161 http fetch GET 200 https://registry.npmjs.org/array-flatten/-/array-flatten-1.1.1.tgz 56123ms (cache miss)
6162 http fetch GET 200 https://registry.npmjs.org/accepts/-/accepts-1.3.8.tgz 56124ms (cache miss)
6163 http fetch GET 200 https://registry.npmjs.org/finalhandler/-/finalhandler-1.3.2.tgz 56246ms (cache miss)
6164 http fetch GET 200 https://registry.npmjs.org/nth-check/-/nth-check-2.1.1.tgz 56402ms (cache miss)
6165 http fetch GET 200 https://registry.npmjs.org/whatwg-encoding/-/whatwg-encoding-3.1.1.tgz 56427ms (cache miss)
6166 warn deprecated whatwg-encoding@3.1.1: Use @exodus/bytes instead for a more spec-conformant and faster implementation
6167 http fetch GET 200 https://registry.npmjs.org/depd/-/depd-2.0.0.tgz 56497ms (cache miss)
6168 http fetch GET 200 https://registry.npmjs.org/cookie/-/cookie-0.7.2.tgz 56439ms (cache miss)
6169 http fetch GET 200 https://registry.npmjs.org/whatwg-mimetype/-/whatwg-mimetype-4.0.0.tgz 56727ms (cache miss)
6170 http fetch GET 200 https://registry.npmjs.org/domelementtype/-/domelementtype-2.3.0.tgz 56760ms (cache miss)
6171 http fetch GET 200 https://registry.npmjs.org/boolbase/-/boolbase-1.0.0.tgz 56753ms (cache miss)
6172 http fetch GET 200 https://registry.npmjs.org/css-what/-/css-what-6.2.2.tgz 56788ms (cache miss)
6173 http fetch GET 200 https://registry.npmjs.org/cookie-signature/-/cookie-signature-1.0.6.tgz 56814ms (cache miss)
6174 http fetch GET 200 https://registry.npmjs.org/parse5-parser-stream/-/parse5-parser-stream-7.1.2.tgz 56915ms (cache miss)
6175 http fetch GET 200 https://registry.npmjs.org/dom-serializer/-/dom-serializer-2.0.0.tgz 56880ms (cache miss)
6176 http fetch GET 200 https://registry.npmjs.org/make-dir/-/make-dir-3.1.0.tgz 56919ms (cache miss)
6177 http fetch GET 200 https://registry.npmjs.org/parse5-htmlparser2-tree-adapter/-/parse5-htmlparser2-tree-adapter-7.1.0.tgz 56999ms (cache miss)
6178 http fetch GET 200 https://registry.npmjs.org/simple-get/-/simple-get-3.1.1.tgz 56922ms (cache miss)
6179 http fetch GET 200 https://registry.npmjs.org/audio-type/-/audio-type-2.4.1.tgz 56857ms (cache miss)
6180 http fetch GET 200 https://registry.npmjs.org/qoa-format/-/qoa-format-1.0.1.tgz 56894ms (cache miss)
6181 http fetch GET 200 https://registry.npmjs.org/domhandler/-/domhandler-5.0.3.tgz 57021ms (cache miss)
6182 http fetch GET 200 https://registry.npmjs.org/simple-yenc/-/simple-yenc-1.0.4.tgz 56952ms (cache miss)
6183 http fetch GET 200 https://registry.npmjs.org/@eshaz/web-worker/-/web-worker-1.2.2.tgz 56954ms (cache miss)
6184 http fetch GET 200 https://registry.npmjs.org/npmlog/-/npmlog-5.0.1.tgz 57021ms (cache miss)
6185 warn deprecated npmlog@5.0.1: This package is no longer supported.
6186 http fetch GET 200 https://registry.npmjs.org/audio-buffer/-/audio-buffer-5.0.0.tgz 56941ms (cache miss)
6187 http fetch GET 200 https://registry.npmjs.org/send/-/send-0.19.2.tgz 57496ms (cache miss)
6188 http fetch GET 200 https://registry.npmjs.org/nopt/-/nopt-5.0.0.tgz 57378ms (cache miss)
6189 http fetch GET 200 https://registry.npmjs.org/rimraf/-/rimraf-3.0.2.tgz 57405ms (cache miss)
6190 warn deprecated rimraf@3.0.2: Rimraf versions prior to v4 are no longer supported
6191 http fetch GET 200 https://registry.npmjs.org/lodash.clonedeep/-/lodash.clonedeep-4.5.0.tgz 57403ms (cache miss)
6192 http fetch GET 200 https://registry.npmjs.org/needle/-/needle-2.4.0.tgz 59177ms (cache miss)
6193 http fetch GET 200 https://registry.npmjs.org/detect-libc/-/detect-libc-2.1.2.tgz 57745ms (cache miss)
6194 http fetch GET 200 https://registry.npmjs.org/cssom/-/cssom-0.4.4.tgz 58949ms (cache miss)
6195 http fetch GET 200 https://registry.npmjs.org/@jimp/bmp/-/bmp-0.16.13.tgz 58854ms (cache miss)
6196 http fetch GET 200 https://registry.npmjs.org/futoin-hkdf/-/futoin-hkdf-1.5.3.tgz 57965ms (cache miss)
6197 http fetch GET 200 https://registry.npmjs.org/node-cache/-/node-cache-5.1.2.tgz 58199ms (cache miss)
6198 http fetch GET 200 https://registry.npmjs.org/sax/-/sax-1.6.0.tgz 58167ms (cache miss)
6199 http fetch GET 200 https://registry.npmjs.org/audio-decode/-/audio-decode-2.2.3.tgz 58385ms (cache miss)
6200 http fetch GET 200 https://registry.npmjs.org/miniget/-/miniget-4.2.3.tgz 58456ms (cache miss)
6201 http fetch GET 200 https://registry.npmjs.org/http-cookie-agent/-/http-cookie-agent-7.0.4.tgz 58464ms (cache miss)
6202 http fetch GET 200 https://registry.npmjs.org/wa-sticker-formatter/-/wa-sticker-formatter-4.4.4.tgz 58464ms (cache miss)
6203 http fetch GET 200 https://registry.npmjs.org/util/-/util-0.12.5.tgz 58472ms (cache miss)
6204 http fetch GET 200 https://registry.npmjs.org/path/-/path-0.12.7.tgz 58898ms (cache miss)
6205 http fetch GET 200 https://registry.npmjs.org/node-cron/-/node-cron-3.0.3.tgz 58895ms (cache miss)
6206 http fetch GET 200 https://registry.npmjs.org/multer/-/multer-1.4.5-lts.2.tgz 58896ms (cache miss)
6207 http fetch GET 200 https://registry.npmjs.org/tinycolor2/-/tinycolor2-1.6.0.tgz 59986ms (cache miss)
6208 http fetch GET 200 https://registry.npmjs.org/google-tts-api/-/google-tts-api-2.0.2.tgz 59226ms (cache miss)
6209 http fetch GET 200 https://registry.npmjs.org/ffmpeg/-/ffmpeg-0.0.4.tgz 59203ms (cache miss)
6210 http fetch GET 200 https://registry.npmjs.org/cookie-parser/-/cookie-parser-1.4.7.tgz 59182ms (cache miss)
6211 http fetch GET 200 https://registry.npmjs.org/child_process/-/child_process-1.0.2.tgz 59177ms (cache miss)
6212 http fetch GET 200 https://registry.npmjs.org/file-type/-/file-type-16.5.4.tgz 59642ms (cache miss)
6213 http fetch GET 200 https://registry.npmjs.org/math-intrinsics/-/math-intrinsics-1.1.0.tgz 60545ms (cache miss)
6214 http fetch GET 200 https://registry.npmjs.org/body-parser/-/body-parser-1.20.5.tgz 60173ms (cache miss)
6215 http fetch GET 200 https://registry.npmjs.org/debug/-/debug-2.6.9.tgz 60195ms (cache miss)
6216 http fetch GET 200 https://registry.npmjs.org/@aws-sdk/xml-builder/-/xml-builder-3.972.25.tgz 61292ms (cache miss)
6217 http fetch GET 200 https://registry.npmjs.org/connect-pg-simple/-/connect-pg-simple-9.0.1.tgz 59708ms (cache miss)
6218 http fetch GET 200 https://registry.npmjs.org/pg-protocol/-/pg-protocol-1.14.0.tgz 61760ms (cache miss)
6219 http fetch GET 200 https://registry.npmjs.org/@jimp/plugin-resize/-/plugin-resize-0.16.13.tgz 60936ms (cache miss)
6220 http fetch GET 200 https://registry.npmjs.org/form-data/-/form-data-4.0.5.tgz 60021ms (cache miss)
6221 http fetch GET 200 https://registry.npmjs.org/sharp/-/sharp-0.32.6.tgz 63106ms (cache miss)
6222 http fetch GET 200 https://registry.npmjs.org/@wasm-audio-decoders/common/-/common-9.0.7.tgz 60371ms (cache miss)
6223 http fetch GET 200 https://registry.npmjs.org/express-session/-/express-session-1.19.0.tgz 60142ms (cache miss)
6224 http fetch GET 200 https://registry.npmjs.org/@wasm-audio-decoders/flac/-/flac-0.2.10.tgz 60405ms (cache miss)
6225 http fetch GET 200 https://registry.npmjs.org/mpg123-decoder/-/mpg123-decoder-1.0.3.tgz 60671ms (cache miss)
6226 http fetch GET 200 https://registry.npmjs.org/async-g-i-s/-/async-g-i-s-1.5.5.tgz 60408ms (cache miss)
6227 http fetch GET 200 https://registry.npmjs.org/@aws-sdk/credential-provider-ini/-/credential-provider-ini-3.972.43.tgz 62020ms (cache miss)
6228 warn deprecated multer@1.4.5-lts.2: Multer 1.x is impacted by a number of vulnerabilities, which have been patched in 2.x. You should upgrade to the latest 2.x version.
6229 http fetch GET 200 https://registry.npmjs.org/bare-fs/-/bare-fs-4.7.1.tgz 63726ms (cache miss)
6230 http fetch GET 200 https://registry.npmjs.org/dotenv/-/dotenv-16.6.1.tgz 60585ms (cache miss)
6231 http fetch GET 200 https://registry.npmjs.org/@jimp/plugin-color/-/plugin-color-0.16.13.tgz 61676ms (cache miss)
6232 http fetch GET 200 https://registry.npmjs.org/sift/-/sift-16.0.1.tgz 62162ms (cache miss)
6233 http fetch GET 200 https://registry.npmjs.org/bare-url/-/bare-url-2.4.3.tgz 63917ms (cache miss)
6234 http fetch GET 200 https://registry.npmjs.org/anime-character-random/-/anime-character-random-1.0.14.tgz 60774ms (cache miss)
6235 http fetch GET 200 https://registry.npmjs.org/pako/-/pako-1.0.11.tgz 63884ms (cache miss)
6236 http fetch GET 200 https://registry.npmjs.org/acrcloud/-/acrcloud-1.4.0.tgz 60858ms (cache miss)
6237 http fetch GET 200 https://registry.npmjs.org/@jimp/plugin-threshold/-/plugin-threshold-0.16.13.tgz 62214ms (cache miss)
6238 http fetch GET 200 https://registry.npmjs.org/node-fetch/-/node-fetch-2.7.0.tgz 61264ms (cache miss)
6239 http fetch GET 200 https://registry.npmjs.org/ytdl-core/-/ytdl-core-4.11.5.tgz 61478ms (cache miss)
6240 http fetch GET 200 https://registry.npmjs.org/cache-manager/-/cache-manager-4.0.1.tgz 61628ms (cache miss)
6241 http fetch GET 200 https://registry.npmjs.org/@wasm-audio-decoders/ogg-vorbis/-/ogg-vorbis-0.1.20.tgz 61892ms (cache miss)
6242 http fetch GET 200 https://registry.npmjs.org/@aws-sdk/credential-provider-cognito-identity/-/credential-provider-cognito-identity-3.972.36.tgz 63132ms (cache miss)
6243 http fetch GET 200 https://registry.npmjs.org/@smithy/node-http-handler/-/node-http-handler-4.7.4.tgz 63232ms (cache miss)
6244 http fetch GET 200 https://registry.npmjs.org/@adiwajshing/keyed-db/-/keyed-db-0.2.4.tgz 61704ms (cache miss)
6245 http fetch GET 200 https://registry.npmjs.org/@hapi/boom/-/boom-9.1.4.tgz 61922ms (cache miss)
6246 http fetch GET 200 https://registry.npmjs.org/ws/-/ws-8.20.1.tgz 62791ms (cache miss)
6247 http fetch GET 200 https://registry.npmjs.org/is-arrayish/-/is-arrayish-0.3.4.tgz 62630ms (cache miss)
6248 http fetch GET 200 https://registry.npmjs.org/tar-stream/-/tar-stream-2.2.0.tgz 62649ms (cache miss)
6249 http fetch GET 200 https://registry.npmjs.org/chownr/-/chownr-1.1.4.tgz 62649ms (cache miss)
6250 http fetch GET 200 https://registry.npmjs.org/mimic-response/-/mimic-response-3.1.0.tgz 62714ms (cache miss)
6251 http fetch GET 200 https://registry.npmjs.org/decompress-response/-/decompress-response-6.0.0.tgz 62712ms (cache miss)
6252 http fetch GET 200 https://registry.npmjs.org/simple-get/-/simple-get-4.0.1.tgz 62761ms (cache miss)
6253 http fetch GET 200 https://registry.npmjs.org/tar-fs/-/tar-fs-2.1.4.tgz 62769ms (cache miss)
6254 http fetch GET 200 https://registry.npmjs.org/qs/-/qs-6.15.2.tgz 63627ms (cache miss)
6255 http fetch GET 200 https://registry.npmjs.org/pngjs/-/pngjs-3.4.0.tgz 64176ms (cache miss)
6256 http fetch GET 200 https://registry.npmjs.org/exif-parser/-/exif-parser-0.1.12.tgz 63969ms (cache miss)
6257 http fetch GET 200 https://registry.npmjs.org/mimic-response/-/mimic-response-3.1.0.tgz 62928ms (cache miss)
6258 http fetch GET 200 https://registry.npmjs.org/decompress-response/-/decompress-response-6.0.0.tgz 62926ms (cache miss)
6259 http fetch GET 200 https://registry.npmjs.org/lowercase-keys/-/lowercase-keys-2.0.0.tgz 62915ms (cache miss)
6260 http fetch GET 200 https://registry.npmjs.org/m3u8stream/-/m3u8stream-0.8.6.tgz 63343ms (cache miss)
6261 http fetch GET 200 https://registry.npmjs.org/translatte/-/translatte-3.0.1.tgz 63593ms (cache miss)
6262 http fetch GET 200 https://registry.npmjs.org/get-stream/-/get-stream-5.2.0.tgz 63270ms (cache miss)
6263 http fetch GET 200 https://registry.npmjs.org/mimic-response/-/mimic-response-1.0.1.tgz 63283ms (cache miss)
6264 http fetch GET 200 https://registry.npmjs.org/decompress-response/-/decompress-response-3.3.0.tgz 63372ms (cache miss)
6265 http fetch GET 200 https://registry.npmjs.org/make-dir/-/make-dir-1.3.0.tgz 63366ms (cache miss)
6266 http fetch GET 200 https://registry.npmjs.org/enquirer/-/enquirer-2.3.6.tgz 65726ms (cache miss)
6267 http fetch GET 200 https://registry.npmjs.org/mimic-response/-/mimic-response-1.0.1.tgz 63497ms (cache miss)
6268 http fetch GET 200 https://registry.npmjs.org/pg/-/pg-8.21.0.tgz 63849ms (cache miss)
6269 http fetch GET 200 https://registry.npmjs.org/node-webpmux/-/node-webpmux-3.2.1.tgz 63865ms (cache miss)
6270 http fetch GET 200 https://registry.npmjs.org/@mongodb-js/saslprep/-/saslprep-1.4.11.tgz 65531ms (cache miss)
6271 http fetch GET 200 https://registry.npmjs.org/express/-/express-4.22.2.tgz 64129ms (cache miss)
6272 http fetch GET 200 https://registry.npmjs.org/minipass/-/minipass-3.3.6.tgz 63935ms (cache miss)
6273 http fetch GET 200 https://registry.npmjs.org/safe-buffer/-/safe-buffer-5.1.2.tgz 63983ms (cache miss)
6274 http fetch GET 200 https://registry.npmjs.org/wrap-ansi/-/wrap-ansi-7.0.0.tgz 63982ms (cache miss)
6275 http fetch GET 200 https://registry.npmjs.org/@distube/ytdl-core/-/ytdl-core-4.16.12.tgz 64157ms (cache miss)
6276 http fetch GET 200 https://registry.npmjs.org/minipass/-/minipass-3.3.6.tgz 64241ms (cache miss)
6277 http fetch GET 200 https://registry.npmjs.org/@jimp/plugin-blit/-/plugin-blit-0.16.13.tgz 65471ms (cache miss)
6278 http fetch GET 200 https://registry.npmjs.org/@jimp/core/-/core-0.16.13.tgz 65428ms (cache miss)
6279 http fetch GET 200 https://registry.npmjs.org/@hapi/hoek/-/hoek-9.3.0.tgz 64731ms (cache miss)
6280 http fetch GET 200 https://registry.npmjs.org/@aws-crypto/sha256-js/-/sha256-js-5.2.0.tgz 66345ms (cache miss)
6281 http fetch GET 200 https://registry.npmjs.org/bmp-js/-/bmp-js-0.1.0.tgz 65959ms (cache miss)
6282 http fetch GET 200 https://registry.npmjs.org/tar/-/tar-6.2.1.tgz 65274ms (cache miss)
6283 http fetch GET 200 https://registry.npmjs.org/cliui/-/cliui-8.0.1.tgz 64749ms (cache miss)
6284 warn deprecated tar@6.2.1: Old versions of tar are not supported, and contain widely publicized security vulnerabilities, which have been fixed in the current version. Please update. Support for old versions may be purchased (at exorbitant rates) by contacting i@izs.me
6285 http fetch GET 200 https://registry.npmjs.org/simple-get/-/simple-get-4.0.1.tgz 65006ms (cache miss)
6286 http fetch GET 200 https://registry.npmjs.org/encoding-sniffer/-/encoding-sniffer-0.2.1.tgz 65789ms (cache miss)
6287 http fetch GET 200 https://registry.npmjs.org/y18n/-/y18n-5.0.8.tgz 65150ms (cache miss)
6288 http fetch GET 200 https://registry.npmjs.org/cheerio-select/-/cheerio-select-2.1.0.tgz 65894ms (cache miss)
6289 http fetch GET 200 https://registry.npmjs.org/crypto-js/-/crypto-js-4.2.0.tgz 65551ms (cache miss)
6290 http fetch GET 200 https://registry.npmjs.org/degenerator/-/degenerator-7.0.1.tgz 65371ms (cache miss)
6291 http fetch GET 200 https://registry.npmjs.org/data-uri-to-buffer/-/data-uri-to-buffer-8.0.0.tgz 65674ms (cache miss)
6292 http fetch GET 200 https://registry.npmjs.org/@mapbox/node-pre-gyp/-/node-pre-gyp-1.0.11.tgz 66360ms (cache miss)
6293 http fetch GET 200 https://registry.npmjs.org/get-uri/-/get-uri-8.0.0.tgz 65902ms (cache miss)
6294 http fetch GET 200 https://registry.npmjs.org/http-proxy-agent/-/http-proxy-agent-9.0.0.tgz 66045ms (cache miss)
6295 http fetch GET 200 https://registry.npmjs.org/puppeteer/-/puppeteer-25.0.4.tgz 66608ms (cache miss)
6296 http fetch GET 200 https://registry.npmjs.org/yargs/-/yargs-15.4.1.tgz 69019ms (cache miss)
6297 http fetch GET 200 https://registry.npmjs.org/socks-proxy-agent/-/socks-proxy-agent-10.0.0.tgz 66261ms (cache miss)
6298 http fetch GET 200 https://registry.npmjs.org/bcryptjs/-/bcryptjs-2.4.3.tgz 66616ms (cache miss)
6299 http fetch GET 200 https://registry.npmjs.org/image-size/-/image-size-1.2.1.tgz 69944ms (cache miss)
6300 http fetch GET 200 https://registry.npmjs.org/proxy-agent/-/proxy-agent-8.0.1.tgz 66673ms (cache miss)
6301 http fetch GET 200 https://registry.npmjs.org/https-proxy-agent/-/https-proxy-agent-9.0.0.tgz 66700ms (cache miss)
6302 http fetch GET 200 https://registry.npmjs.org/proxy-from-env/-/proxy-from-env-2.1.0.tgz 66715ms (cache miss)
6303 http fetch GET 200 https://registry.npmjs.org/@types/node/-/node-16.9.1.tgz 68340ms (cache miss)
6304 http fetch GET 200 https://registry.npmjs.org/eventemitter2/-/eventemitter2-0.4.14.tgz 66811ms (cache miss)
6305 http fetch GET 200 https://registry.npmjs.org/nan/-/nan-2.27.0.tgz 67551ms (cache miss)
6306 http fetch GET 200 https://registry.npmjs.org/pixelmatch/-/pixelmatch-4.0.2.tgz 68244ms (cache miss)
6307 http fetch GET 200 https://registry.npmjs.org/yargs-parser/-/yargs-parser-21.1.1.tgz 67052ms (cache miss)
6308 http fetch GET 200 https://registry.npmjs.org/iconv-lite/-/iconv-lite-0.6.3.tgz 68044ms (cache miss)
6309 http fetch GET 200 https://registry.npmjs.org/pac-proxy-agent/-/pac-proxy-agent-9.0.1.tgz 67299ms (cache miss)
6310 http fetch GET 200 https://registry.npmjs.org/debug/-/debug-3.2.7.tgz 67327ms (cache miss)
6311 http fetch GET 200 https://registry.npmjs.org/lru-cache/-/lru-cache-6.0.0.tgz 67442ms (cache miss)
6312 http fetch GET 200 https://registry.npmjs.org/readable-stream/-/readable-stream-3.6.2.tgz 67713ms (cache miss)
6313 http fetch GET 200 https://registry.npmjs.org/tslib/-/tslib-1.9.3.tgz 67494ms (cache miss)
6314 http fetch GET 200 https://registry.npmjs.org/@jimp/tiff/-/tiff-0.16.13.tgz 69115ms (cache miss)
6315 http fetch GET 200 https://registry.npmjs.org/fs-extra/-/fs-extra-10.1.0.tgz 68052ms (cache miss)
6316 http fetch GET 200 https://registry.npmjs.org/lru-cache/-/lru-cache-6.0.0.tgz 67671ms (cache miss)
6317 http fetch GET 200 https://registry.npmjs.org/readable-stream/-/readable-stream-3.6.2.tgz 67962ms (cache miss)
6318 http fetch GET 200 https://registry.npmjs.org/semver/-/semver-7.8.1.tgz 68468ms (cache miss)
6319 http fetch GET 200 https://registry.npmjs.org/safe-buffer/-/safe-buffer-5.1.2.tgz 68402ms (cache miss)
6320 http fetch GET 200 https://registry.npmjs.org/webidl-conversions/-/webidl-conversions-7.0.0.tgz 68466ms (cache miss)
6321 http fetch GET 200 https://registry.npmjs.org/whatwg-encoding/-/whatwg-encoding-1.0.5.tgz 69217ms (cache miss)
6322 warn deprecated whatwg-encoding@1.0.5: Use @exodus/bytes instead for a more spec-conformant and faster implementation
6323 http fetch GET 200 https://registry.npmjs.org/webidl-conversions/-/webidl-conversions-5.0.0.tgz 69346ms (cache miss)
6324 http fetch GET 200 https://registry.npmjs.org/whatwg-mimetype/-/whatwg-mimetype-2.3.0.tgz 69345ms (cache miss)
6325 http fetch GET 200 https://registry.npmjs.org/codec-parser/-/codec-parser-2.5.0.tgz 70286ms (cache miss)
6326 http fetch GET 200 https://registry.npmjs.org/tough-cookie/-/tough-cookie-5.1.2.tgz 70158ms (cache miss)
6327 http fetch GET 200 https://registry.npmjs.org/qrcode/-/qrcode-1.5.4.tgz 70456ms (cache miss)
6328 http fetch GET 200 https://registry.npmjs.org/tr46/-/tr46-3.0.0.tgz 70254ms (cache miss)
6329 http fetch GET 200 https://registry.npmjs.org/tldts/-/tldts-6.1.86.tgz 73535ms (cache miss)
6330 http fetch GET 200 https://registry.npmjs.org/@aws-sdk/credential-providers/-/credential-providers-3.1052.0.tgz 72208ms (cache miss)
6331 http fetch GET 200 https://registry.npmjs.org/whatwg-url/-/whatwg-url-11.0.0.tgz 70418ms (cache miss)
6332 http fetch GET 200 https://registry.npmjs.org/phin/-/phin-3.7.1.tgz 70419ms (cache miss)
6333 warn deprecated phin@3.7.1: Package no longer supported. Contact Support at https://www.npmjs.com/support for more info.
6334 http fetch GET 200 https://registry.npmjs.org/htmlparser2/-/htmlparser2-10.1.0.tgz 71339ms (cache miss)
6335 http fetch GET 200 https://registry.npmjs.org/quickjs-wasi/-/quickjs-wasi-2.2.0.tgz 74523ms (cache miss)
6336 http fetch GET 200 https://registry.npmjs.org/fast-xml-parser/-/fast-xml-parser-5.7.3.tgz 72715ms (cache miss)
6337 http fetch GET 200 https://registry.npmjs.org/string_decoder/-/string_decoder-1.3.0.tgz 70620ms (cache miss)
6338 http fetch GET 200 https://registry.npmjs.org/cssom/-/cssom-0.3.8.tgz 70742ms (cache miss)
6339 http fetch GET 200 https://registry.npmjs.org/media-typer/-/media-typer-0.3.0.tgz 70972ms (cache miss)
6340 http fetch GET 200 https://registry.npmjs.org/when/-/when-3.7.8.tgz 72309ms (cache miss)
6341 http fetch GET 200 https://registry.npmjs.org/axios/-/axios-0.24.0.tgz 71824ms (cache miss)
6342 http fetch GET 200 https://registry.npmjs.org/iconv-lite/-/iconv-lite-0.4.24.tgz 71801ms (cache miss)
6343 http fetch GET 200 https://registry.npmjs.org/buffer/-/buffer-6.0.3.tgz 71707ms (cache miss)
6344 http fetch GET 200 https://registry.npmjs.org/moment-timezone/-/moment-timezone-0.5.48.tgz 72279ms (cache miss)
6345 http fetch GET 200 https://registry.npmjs.org/canvas/-/canvas-2.11.2.tgz 72362ms (cache miss)
6346 http fetch GET 200 https://registry.npmjs.org/readable-stream/-/readable-stream-3.6.2.tgz 72131ms (cache miss)
6347 http fetch GET 200 https://registry.npmjs.org/readable-stream/-/readable-stream-3.6.2.tgz 72215ms (cache miss)
6348 http fetch GET 200 https://registry.npmjs.org/mkdirp/-/mkdirp-1.0.4.tgz 72149ms (cache miss)
6349 http fetch GET 200 https://registry.npmjs.org/async/-/async-3.2.3.tgz 73177ms (cache miss)
6350 http fetch GET 200 https://registry.npmjs.org/agent-base/-/agent-base-6.0.2.tgz 72500ms (cache miss)
6351 http fetch GET 200 https://registry.npmjs.org/semver/-/semver-6.3.1.tgz 78406ms (cache miss)
6352 http fetch GET 200 https://registry.npmjs.org/domutils/-/domutils-3.2.2.tgz 79364ms (cache miss)
6353 http fetch GET 200 https://registry.npmjs.org/agent-base/-/agent-base-6.0.2.tgz 78659ms (cache miss)
6354 http fetch GET 200 https://registry.npmjs.org/https-proxy-agent/-/https-proxy-agent-5.0.1.tgz 78658ms (cache miss)
6355 http fetch GET 200 https://registry.npmjs.org/chownr/-/chownr-1.1.4.tgz 78629ms (cache miss)
6356 http fetch GET 200 https://registry.npmjs.org/mimic-response/-/mimic-response-3.1.0.tgz 78626ms (cache miss)
6357 http fetch GET 200 https://registry.npmjs.org/decompress-response/-/decompress-response-6.0.0.tgz 78652ms (cache miss)
6358 http fetch GET 200 https://registry.npmjs.org/simple-get/-/simple-get-4.0.1.tgz 78645ms (cache miss)
6359 http fetch GET 200 https://registry.npmjs.org/tar-fs/-/tar-fs-2.1.4.tgz 78654ms (cache miss)
6360 http fetch GET 200 https://registry.npmjs.org/wrap-ansi/-/wrap-ansi-7.0.0.tgz 78624ms (cache miss)
6361 http fetch GET 200 https://registry.npmjs.org/y18n/-/y18n-5.0.8.tgz 78619ms (cache miss)
6362 http fetch GET 200 https://registry.npmjs.org/degenerator/-/degenerator-7.0.1.tgz 78612ms (cache miss)
6363 http fetch GET 200 https://registry.npmjs.org/data-uri-to-buffer/-/data-uri-to-buffer-8.0.0.tgz 78610ms (cache miss)
6364 http fetch GET 200 https://registry.npmjs.org/socks-proxy-agent/-/socks-proxy-agent-10.0.0.tgz 78600ms (cache miss)
6365 http fetch GET 200 https://registry.npmjs.org/proxy-agent/-/proxy-agent-8.0.1.tgz 78573ms (cache miss)
6366 http fetch GET 200 https://registry.npmjs.org/pac-proxy-agent/-/pac-proxy-agent-9.0.1.tgz 78597ms (cache miss)
6367 http fetch GET 200 https://registry.npmjs.org/mkdirp/-/mkdirp-1.0.4.tgz 78569ms (cache miss)
6368 http fetch GET 200 https://registry.npmjs.org/https-proxy-agent/-/https-proxy-agent-9.0.0.tgz 78600ms (cache miss)
6369 http fetch GET 200 https://registry.npmjs.org/inherits/-/inherits-2.0.3.tgz 78569ms (cache miss)
6370 http fetch GET 200 https://registry.npmjs.org/tar-stream/-/tar-stream-2.2.0.tgz 78753ms (cache miss)
6371 http fetch GET 200 https://registry.npmjs.org/util/-/util-0.10.4.tgz 78607ms (cache miss)
6372 http fetch GET 200 https://registry.npmjs.org/universalify/-/universalify-0.2.0.tgz 78601ms (cache miss)
6373 http fetch GET 200 https://registry.npmjs.org/proxy-from-env/-/proxy-from-env-2.1.0.tgz 78676ms (cache miss)
6374 http fetch GET 200 https://registry.npmjs.org/whatwg-mimetype/-/whatwg-mimetype-2.3.0.tgz 78611ms (cache miss)
6375 http fetch GET 200 https://registry.npmjs.org/semver/-/semver-7.5.4.tgz 79013ms (cache miss)
6376 http fetch GET 200 https://registry.npmjs.org/iconv-lite/-/iconv-lite-0.4.24.tgz 79053ms (cache miss)
6377 http fetch GET 200 https://registry.npmjs.org/http-proxy-agent/-/http-proxy-agent-9.0.0.tgz 78912ms (cache miss)
6378 http fetch GET 200 https://registry.npmjs.org/whatwg-encoding/-/whatwg-encoding-1.0.5.tgz 78850ms (cache miss)
6379 warn deprecated whatwg-encoding@1.0.5: Use @exodus/bytes instead for a more spec-conformant and faster implementation
6380 http fetch GET 200 https://registry.npmjs.org/cliui/-/cliui-8.0.1.tgz 79321ms (cache miss)
6381 http fetch GET 200 https://registry.npmjs.org/long/-/long-4.0.0.tgz 79772ms (cache miss)
6382 http fetch GET 200 https://registry.npmjs.org/https-proxy-agent/-/https-proxy-agent-5.0.1.tgz 79789ms (cache miss)
6383 http fetch GET 200 https://registry.npmjs.org/acorn/-/acorn-7.4.1.tgz 80173ms (cache miss)
6384 http fetch GET 200 https://registry.npmjs.org/cookie-signature/-/cookie-signature-1.0.7.tgz 79908ms (cache miss)
6385 http fetch GET 200 https://registry.npmjs.org/semver/-/semver-7.5.4.tgz 80315ms (cache miss)
6386 http fetch GET 200 https://registry.npmjs.org/async/-/async-0.2.10.tgz 79980ms (cache miss)
6387 http fetch GET 200 https://registry.npmjs.org/webidl-conversions/-/webidl-conversions-3.0.1.tgz 80035ms (cache miss)
6388 http fetch GET 200 https://registry.npmjs.org/pac-resolver/-/pac-resolver-9.0.1.tgz 80587ms (cache miss)
6389 http fetch GET 200 https://registry.npmjs.org/whatwg-url/-/whatwg-url-5.0.0.tgz 80099ms (cache miss)
6390 http fetch GET 200 https://registry.npmjs.org/form-data/-/form-data-3.0.4.tgz 80185ms (cache miss)
6391 http fetch GET 200 https://registry.npmjs.org/agent-base/-/agent-base-6.0.2.tgz 80405ms (cache miss)
6392 http fetch GET 200 https://registry.npmjs.org/yargs-parser/-/yargs-parser-21.1.1.tgz 80548ms (cache miss)
6393 http fetch GET 200 https://registry.npmjs.org/tldts-core/-/tldts-core-6.1.86.tgz 84116ms (cache miss)
6394 http fetch GET 200 https://registry.npmjs.org/proxy-from-env/-/proxy-from-env-2.1.0.tgz 80631ms (cache miss)
6395 http fetch GET 200 https://registry.npmjs.org/uuid/-/uuid-9.0.1.tgz 82048ms (cache miss)
6396 http fetch GET 200 https://registry.npmjs.org/node-addon-api/-/node-addon-api-5.1.0.tgz 81260ms (cache miss)
6397 http fetch GET 200 https://registry.npmjs.org/tough-cookie/-/tough-cookie-4.1.4.tgz 81139ms (cache miss)
6398 warn deprecated uuid@9.0.1: uuid@10 and below is no longer supported.  For ESM codebases, update to uuid@latest.  For CommonJS codebases, use uuid@11 (but be aware this version will likely be deprecated in 2028).
6399 http fetch GET 200 https://registry.npmjs.org/tr46/-/tr46-0.0.3.tgz 81220ms (cache miss)
6400 http fetch GET 200 https://registry.npmjs.org/agent-base/-/agent-base-6.0.2.tgz 81287ms (cache miss)
6401 http fetch GET 200 https://registry.npmjs.org/blessed/-/blessed-0.1.81.tgz 84463ms (cache miss)
6402 http fetch GET 200 https://registry.npmjs.org/@smithy/fetch-http-handler/-/fetch-http-handler-5.4.4.tgz 81664ms (cache miss)
6403 http fetch GET 200 https://registry.npmjs.org/iconv-lite/-/iconv-lite-0.4.24.tgz 82117ms (cache miss)
6404 http fetch GET 200 https://registry.npmjs.org/https-proxy-agent/-/https-proxy-agent-5.0.1.tgz 81859ms (cache miss)
6405 http fetch GET 200 https://registry.npmjs.org/axios 86950ms (cache miss)
6406 silly packumentCache corgi:https://registry.npmjs.org/axios set size:undefined disposed:false
6407 http fetch GET 200 https://registry.npmjs.org/iconv-lite/-/iconv-lite-0.4.24.tgz 82797ms (cache miss)
6408 http fetch GET 200 https://registry.npmjs.org/file-type 87666ms (cache miss)
6409 silly packumentCache corgi:https://registry.npmjs.org/file-type set size:undefined disposed:false
6410 http fetch GET 200 https://registry.npmjs.org/uuid 87745ms (cache miss)
6411 silly packumentCache corgi:https://registry.npmjs.org/uuid set size:undefined disposed:false
6412 http fetch GET 200 https://registry.npmjs.org/@jimp/plugin-print/-/plugin-print-0.16.13.tgz 84818ms (cache miss)
6413 http fetch GET 200 https://registry.npmjs.org/phin 87790ms (cache miss)
6414 silly packumentCache corgi:https://registry.npmjs.org/phin set size:undefined disposed:false
6415 http fetch GET 200 https://registry.npmjs.org/entities/-/entities-4.5.0.tgz 84331ms (cache miss)
6416 http fetch GET 200 https://registry.npmjs.org/protobufjs 87950ms (cache miss)
6417 silly packumentCache corgi:https://registry.npmjs.org/protobufjs set size:undefined disposed:false
6418 http fetch GET 200 https://registry.npmjs.org/@tootallnate%2fonce 88309ms (cache miss)
6419 silly packumentCache corgi:https://registry.npmjs.org/@tootallnate%2fonce set size:undefined disposed:false
6420 http fetch GET 200 https://registry.npmjs.org/form-data/-/form-data-2.5.5.tgz 83498ms (cache miss)
6421 http fetch GET 200 https://registry.npmjs.org/tar 91735ms (cache miss)
6422 silly packumentCache corgi:https://registry.npmjs.org/tar set size:undefined disposed:false
6423 http fetch GET 200 https://registry.npmjs.org/pm2 92280ms (cache miss)
6424 silly packumentCache corgi:https://registry.npmjs.org/pm2 set size:undefined disposed:false
6425 http fetch GET 200 https://registry.npmjs.org/yargs/-/yargs-17.7.2.tgz 88192ms (cache miss)
6426 http fetch GET 200 https://registry.npmjs.org/got 92561ms (cache miss)
6427 silly packumentCache corgi:https://registry.npmjs.org/got set size:undefined disposed:false
6428 http fetch GET 200 https://registry.npmjs.org/readable-stream/-/readable-stream-3.6.2.tgz 88084ms (cache miss)
6429 http fetch GET 200 https://registry.npmjs.org/sharp 92758ms (cache miss)
6430 silly packumentCache corgi:https://registry.npmjs.org/sharp set size:undefined disposed:false
6431 http fetch GET 200 https://registry.npmjs.org/@types/node/-/node-10.17.60.tgz 88433ms (cache miss)
6432 http fetch GET 200 https://registry.npmjs.org/music-metadata 93258ms (cache miss)
6433 silly packumentCache corgi:https://registry.npmjs.org/music-metadata set size:undefined disposed:false
6434 http fetch GET 200 https://registry.npmjs.org/get-uri/-/get-uri-8.0.0.tgz 89107ms (cache miss)
6435 http fetch GET 200 https://registry.npmjs.org/iconv-lite/-/iconv-lite-0.4.24.tgz 89042ms (cache miss)
6436 http fetch GET 200 https://registry.npmjs.org/jimp/-/jimp-0.16.13.tgz 89887ms (cache miss)
6437 http fetch GET 200 https://registry.npmjs.org/resolve/-/resolve-1.22.12.tgz 93089ms (cache miss)
6438 http fetch GET 200 https://registry.npmjs.org/cssstyle/-/cssstyle-2.3.0.tgz 92459ms (cache miss)
6439 http fetch GET 200 https://registry.npmjs.org/devtools-protocol/-/devtools-protocol-0.0.1608973.tgz 93594ms (cache miss)
6440 silly packumentCache corgi:https://registry.npmjs.org/google-tts-api cache-miss
6441 silly packumentCache corgi:https://registry.npmjs.org/wa-sticker-formatter cache-miss
6442 http fetch GET 200 https://registry.npmjs.org/parse5/-/parse5-7.3.0.tgz 92533ms (cache miss)
6443 http fetch GET 200 https://registry.npmjs.org/readable-stream/-/readable-stream-4.7.0.tgz 92543ms (cache miss)
6444 http fetch GET 200 https://registry.npmjs.org/bson/-/bson-4.7.2.tgz 95219ms (cache miss)
6445 http fetch GET 200 https://registry.npmjs.org/parse5/-/parse5-6.0.1.tgz 93631ms (cache miss)
6446 http fetch GET 200 https://registry.npmjs.org/sharp/-/sharp-0.30.7.tgz 93918ms (cache miss)
6447 http fetch GET 200 https://registry.npmjs.org/google-tts-api 3439ms (cache miss)
6448 silly packumentCache corgi:https://registry.npmjs.org/google-tts-api set size:undefined disposed:false
6449 http fetch GET 200 https://registry.npmjs.org/wa-sticker-formatter 6659ms (cache miss)
6450 silly packumentCache corgi:https://registry.npmjs.org/wa-sticker-formatter set size:undefined disposed:false
6451 http fetch GET 200 https://registry.npmjs.org/pac-resolver/-/pac-resolver-9.0.1.tgz 97589ms (cache miss)
6452 http fetch GET 200 https://registry.npmjs.org/axios/-/axios-0.21.4.tgz 98058ms (cache miss)
6453 http fetch GET 200 https://registry.npmjs.org/@pm2/io/-/io-6.0.1.tgz 100727ms (cache miss)
6454 silly packumentCache corgi:https://registry.npmjs.org/@jimp%2fcore cache-miss
6455 http fetch GET 200 https://registry.npmjs.org/axios/-/axios-0.21.4.tgz 99385ms (cache miss)
6456 http fetch GET 200 https://registry.npmjs.org/protobufjs/-/protobufjs-7.6.0.tgz 100436ms (cache miss)
6457 http fetch GET 200 https://registry.npmjs.org/yargs/-/yargs-17.7.2.tgz 100562ms (cache miss)
6458 http fetch GET 200 https://registry.npmjs.org/@smithy/types/-/types-4.14.2.tgz 102824ms (cache miss)
6459 http fetch GET 200 https://registry.npmjs.org/uuid/-/uuid-8.3.2.tgz 101192ms (cache miss)
6460 warn deprecated uuid@8.3.2: uuid@10 and below is no longer supported.  For ESM codebases, update to uuid@latest.  For CommonJS codebases, use uuid@11 (but be aware this version will likely be deprecated in 2028).
6461 http fetch GET 200 https://registry.npmjs.org/@puppeteer/browsers/-/browsers-3.0.3.tgz 101748ms (cache miss)
6462 http fetch GET 200 https://registry.npmjs.org/node-wav/-/node-wav-0.0.2.tgz 102345ms (cache miss)
6463 http fetch GET 200 https://registry.npmjs.org/pngjs/-/pngjs-5.0.0.tgz 101978ms (cache miss)
6464 http fetch GET 200 https://registry.npmjs.org/@jimp%2fcore 4311ms (cache miss)
6465 silly packumentCache corgi:https://registry.npmjs.org/@jimp%2fcore set size:undefined disposed:false
6466 http fetch GET 200 https://registry.npmjs.org/css-select/-/css-select-5.2.2.tgz 103954ms (cache miss)
6467 silly packumentCache corgi:https://registry.npmjs.org/@whiskeysockets%2fbaileys cache-miss
6468 http fetch GET 200 https://registry.npmjs.org/@whiskeysockets%2fbaileys 1176ms (cache miss)
6469 silly packumentCache corgi:https://registry.npmjs.org/@whiskeysockets%2fbaileys set size:undefined disposed:false
6470 http fetch GET 200 https://registry.npmjs.org/@puppeteer/browsers/-/browsers-3.0.3.tgz 104448ms (cache miss)
6471 silly packumentCache corgi:https://registry.npmjs.org/libsignal cache-miss
6472 http fetch GET 200 https://registry.npmjs.org/@wasm-audio-decoders/opus-ml/-/opus-ml-0.0.2.tgz 107317ms (cache miss)
6473 http fetch GET 200 https://registry.npmjs.org/entities/-/entities-6.0.1.tgz 105170ms (cache miss)
6474 http fetch GET 200 https://registry.npmjs.org/pm2/-/pm2-5.4.3.tgz 105963ms (cache miss)
6475 http fetch GET 200 https://registry.npmjs.org/@aws-sdk/client-cognito-identity/-/client-cognito-identity-3.1052.0.tgz 107486ms (cache miss)
6476 http fetch GET 200 https://registry.npmjs.org/libsignal 744ms (cache miss)
6477 silly packumentCache corgi:https://registry.npmjs.org/libsignal set size:undefined disposed:false
6478 silly packumentCache corgi:https://registry.npmjs.org/node-cron cache-miss
6479 http fetch GET 200 https://registry.npmjs.org/gifwrap/-/gifwrap-0.9.4.tgz 108293ms (cache miss)
6480 http fetch GET 200 https://registry.npmjs.org/node-cron 1410ms (cache miss)
6481 silly packumentCache corgi:https://registry.npmjs.org/node-cron set size:undefined disposed:false
6482 silly packumentCache corgi:https://registry.npmjs.org/@mapbox%2fnode-pre-gyp cache-miss
6483 http fetch GET 200 https://registry.npmjs.org/music-metadata/-/music-metadata-7.14.0.tgz 108706ms (cache miss)
6484 http fetch GET 200 https://registry.npmjs.org/pino/-/pino-7.11.0.tgz 108806ms (cache miss)
6485 http fetch GET 200 https://registry.npmjs.org/entities/-/entities-7.0.1.tgz 108301ms (cache miss)
6486 http fetch GET 200 https://registry.npmjs.org/@mapbox%2fnode-pre-gyp 1270ms (cache miss)
6487 silly packumentCache corgi:https://registry.npmjs.org/@mapbox%2fnode-pre-gyp set size:undefined disposed:false
6488 http fetch GET 200 https://registry.npmjs.org/axios/-/axios-1.16.1.tgz 108849ms (cache miss)
6489 silly packumentCache corgi:https://registry.npmjs.org/http-proxy-agent cache-miss
6490 http fetch GET 200 https://registry.npmjs.org/protobufjs/-/protobufjs-6.8.8.tgz 109706ms (cache miss)
6491 http fetch GET 200 https://registry.npmjs.org/ogg-opus-decoder/-/ogg-opus-decoder-1.7.3.tgz 110863ms (cache miss)
6492 http fetch GET 200 https://registry.npmjs.org/@babel/runtime/-/runtime-7.29.2.tgz 111521ms (cache miss)
6493 http fetch GET 200 https://registry.npmjs.org/simple-git/-/simple-git-3.36.0.tgz 110976ms (cache miss)
6494 http fetch GET 200 https://registry.npmjs.org/http-proxy-agent 702ms (cache miss)
6495 silly packumentCache corgi:https://registry.npmjs.org/http-proxy-agent set size:undefined disposed:false
6496 silly packumentCache corgi:https://registry.npmjs.org/translatte cache-miss
6497 http fetch GET 200 https://registry.npmjs.org/image-q/-/image-q-4.0.0.tgz 112768ms (cache miss)
6498 http fetch GET 200 https://registry.npmjs.org/translatte 1056ms (cache miss)
6499 silly packumentCache corgi:https://registry.npmjs.org/translatte set size:undefined disposed:false
6500 silly packumentCache corgi:https://registry.npmjs.org/@jimp%2fcustom cache-miss
6501 http fetch GET 200 https://registry.npmjs.org/undici/-/undici-7.25.0.tgz 114176ms (cache miss)
6502 http fetch GET 200 https://registry.npmjs.org/@whiskeysockets/baileys/-/baileys-6.6.0.tgz 113938ms (cache miss)
6503 warn deprecated @whiskeysockets/baileys@6.6.0: This version is affected by a zero-day vulnerability that allows spoofing of messages, please update to
6503 warn deprecated   the latest versions (6.7.22^ or 7.0.0-rc12^)! For more information, check out the public advisory at
6503 warn deprecated   https://github.com/WhiskeySockets/Baileys/security/advisories/GHSA-qvv5-jq5g-4cgg
6504 http fetch GET 200 https://registry.npmjs.org/cheerio/-/cheerio-1.2.0.tgz 114867ms (cache miss)
6505 http fetch GET 200 https://registry.npmjs.org/@jimp%2fcustom 2369ms (cache miss)
6506 silly packumentCache corgi:https://registry.npmjs.org/@jimp%2fcustom set size:undefined disposed:false
6507 silly packumentCache corgi:https://registry.npmjs.org/canvas cache-miss
6508 http fetch GET 200 https://registry.npmjs.org/canvas 997ms (cache miss)
6509 silly packumentCache corgi:https://registry.npmjs.org/canvas set size:undefined disposed:false
6510 silly packumentCache corgi:https://registry.npmjs.org/jsdom cache-miss
6511 http fetch GET 200 https://registry.npmjs.org/fluent-ffmpeg/-/fluent-ffmpeg-2.1.3.tgz 117787ms (cache miss)
6512 warn deprecated fluent-ffmpeg@2.1.3: Package no longer supported. Contact Support at https://www.npmjs.com/support for more info.
6513 http fetch GET 200 https://registry.npmjs.org/jsdom 1185ms (cache miss)
6514 silly packumentCache corgi:https://registry.npmjs.org/jsdom set size:undefined disposed:false
6515 silly packumentCache corgi:https://registry.npmjs.org/jimp cache-miss
6516 silly packumentCache corgi:https://registry.npmjs.org/@jimp%2fplugins cache-miss
6517 silly packumentCache corgi:https://registry.npmjs.org/@jimp%2ftypes cache-miss
6518 silly packumentCache corgi:https://registry.npmjs.org/@jimp%2fplugin-blit cache-miss
6519 silly packumentCache corgi:https://registry.npmjs.org/@jimp%2fplugin-blur cache-miss
6520 silly packumentCache corgi:https://registry.npmjs.org/@jimp%2fplugin-circle cache-miss
6521 silly packumentCache corgi:https://registry.npmjs.org/@jimp%2fplugin-color cache-miss
6522 silly packumentCache corgi:https://registry.npmjs.org/@jimp%2fplugin-contain cache-miss
6523 silly packumentCache corgi:https://registry.npmjs.org/@jimp%2fplugin-scale cache-miss
6524 silly packumentCache corgi:https://registry.npmjs.org/@jimp%2fplugin-resize cache-miss
6525 silly packumentCache corgi:https://registry.npmjs.org/@jimp%2fplugin-cover cache-miss
6526 silly packumentCache corgi:https://registry.npmjs.org/@jimp%2fplugin-crop cache-miss
6527 silly packumentCache corgi:https://registry.npmjs.org/@jimp%2fplugin-displace cache-miss
6528 silly packumentCache corgi:https://registry.npmjs.org/@jimp%2fplugin-dither cache-miss
6529 silly packumentCache corgi:https://registry.npmjs.org/@jimp%2fplugin-fisheye cache-miss
6530 silly packumentCache corgi:https://registry.npmjs.org/@jimp%2fplugin-flip cache-miss
6531 silly packumentCache corgi:https://registry.npmjs.org/@jimp%2fplugin-rotate cache-miss
6532 silly packumentCache corgi:https://registry.npmjs.org/@jimp%2fplugin-gaussian cache-miss
6533 silly packumentCache corgi:https://registry.npmjs.org/@jimp%2fplugin-invert cache-miss
6534 silly packumentCache corgi:https://registry.npmjs.org/@jimp%2fplugin-mask cache-miss
6535 silly packumentCache corgi:https://registry.npmjs.org/@jimp%2fplugin-normalize cache-miss
6536 silly packumentCache corgi:https://registry.npmjs.org/@jimp%2fplugin-print cache-miss
6537 silly packumentCache corgi:https://registry.npmjs.org/@jimp%2fplugin-shadow cache-miss
6538 silly packumentCache corgi:https://registry.npmjs.org/@jimp%2fplugin-threshold cache-miss
6539 silly packumentCache corgi:https://registry.npmjs.org/@jimp%2fbmp cache-miss
6540 silly packumentCache corgi:https://registry.npmjs.org/@jimp%2fgif cache-miss
6541 silly packumentCache corgi:https://registry.npmjs.org/@jimp%2fjpeg cache-miss
6542 silly packumentCache corgi:https://registry.npmjs.org/@jimp%2fpng cache-miss
6543 silly packumentCache corgi:https://registry.npmjs.org/@jimp%2ftiff cache-miss
6544 http fetch GET 200 https://registry.npmjs.org/mongodb/-/mongodb-4.17.2.tgz 126288ms (cache miss)
6545 http fetch GET 200 https://registry.npmjs.org/mongoose/-/mongoose-6.13.9.tgz 125553ms (cache miss)
6546 http fetch GET 200 https://registry.npmjs.org/dayjs/-/dayjs-1.11.20.tgz 128293ms (cache miss)
6547 http fetch GET 200 https://registry.npmjs.org/@jimp%2fplugin-mask 7596ms (cache miss)
6548 silly packumentCache corgi:https://registry.npmjs.org/@jimp%2fplugin-mask set size:undefined disposed:false
6549 http fetch GET 200 https://registry.npmjs.org/@jimp%2fplugin-circle 8025ms (cache miss)
6550 silly packumentCache corgi:https://registry.npmjs.org/@jimp%2fplugin-circle set size:undefined disposed:false
6551 http fetch GET 200 https://registry.npmjs.org/@jimp%2fplugin-cover 8121ms (cache miss)
6552 silly packumentCache corgi:https://registry.npmjs.org/@jimp%2fplugin-cover set size:undefined disposed:false
6553 http fetch GET 200 https://registry.npmjs.org/dayjs/-/dayjs-1.8.36.tgz 126879ms (cache miss)
6554 http fetch GET 200 https://registry.npmjs.org/@jimp%2fplugin-resize 9310ms (cache miss)
6555 silly packumentCache corgi:https://registry.npmjs.org/@jimp%2fplugin-resize set size:undefined disposed:false
6556 http fetch GET 200 https://registry.npmjs.org/@jimp%2fplugin-rotate 9418ms (cache miss)
6557 silly packumentCache corgi:https://registry.npmjs.org/@jimp%2fplugin-rotate set size:undefined disposed:false
6558 http fetch GET 200 https://registry.npmjs.org/@jimp%2fplugin-flip 9669ms (cache miss)
6559 silly packumentCache corgi:https://registry.npmjs.org/@jimp%2fplugin-flip set size:undefined disposed:false
6560 http fetch GET 200 https://registry.npmjs.org/@jimp%2fplugin-scale 9878ms (cache miss)
6561 silly packumentCache corgi:https://registry.npmjs.org/@jimp%2fplugin-scale set size:undefined disposed:false
6562 http fetch GET 200 https://registry.npmjs.org/@jimp%2fplugin-blur 10082ms (cache miss)
6563 silly packumentCache corgi:https://registry.npmjs.org/@jimp%2fplugin-blur set size:undefined disposed:false
6564 http fetch GET 200 https://registry.npmjs.org/@jimp%2fplugin-color 10204ms (cache miss)
6565 silly packumentCache corgi:https://registry.npmjs.org/@jimp%2fplugin-color set size:undefined disposed:false
6566 http fetch GET 200 https://registry.npmjs.org/@jimp%2fplugin-gaussian 10384ms (cache miss)
6567 silly packumentCache corgi:https://registry.npmjs.org/@jimp%2fplugin-gaussian set size:undefined disposed:false
6568 http fetch GET 200 https://registry.npmjs.org/@jimp%2fplugin-blit 10778ms (cache miss)
6569 silly packumentCache corgi:https://registry.npmjs.org/@jimp%2fplugin-blit set size:undefined disposed:false
6570 http fetch GET 200 https://registry.npmjs.org/@jimp%2ftypes 10858ms (cache miss)
6571 silly packumentCache corgi:https://registry.npmjs.org/@jimp%2ftypes set size:undefined disposed:false
6572 http fetch GET 200 https://registry.npmjs.org/@jimp%2fplugin-crop 10949ms (cache miss)
6573 silly packumentCache corgi:https://registry.npmjs.org/@jimp%2fplugin-crop set size:undefined disposed:false
6574 http fetch GET 200 https://registry.npmjs.org/@jimp%2fplugin-threshold 11261ms (cache miss)
6575 silly packumentCache corgi:https://registry.npmjs.org/@jimp%2fplugin-threshold set size:undefined disposed:false
6576 http fetch GET 200 https://registry.npmjs.org/@jimp%2fplugin-print 11391ms (cache miss)
6577 silly packumentCache corgi:https://registry.npmjs.org/@jimp%2fplugin-print set size:undefined disposed:false
6578 http fetch GET 200 https://registry.npmjs.org/@jimp%2fplugins 13783ms (cache miss)
6579 silly packumentCache corgi:https://registry.npmjs.org/@jimp%2fplugins set size:undefined disposed:false
6580 http fetch GET 200 https://registry.npmjs.org/@jimp%2fplugin-displace 13841ms (cache miss)
6581 silly packumentCache corgi:https://registry.npmjs.org/@jimp%2fplugin-displace set size:undefined disposed:false
6582 http fetch GET 200 https://registry.npmjs.org/@jimp%2ftiff 13869ms (cache miss)
6583 silly packumentCache corgi:https://registry.npmjs.org/@jimp%2ftiff set size:undefined disposed:false
6584 http fetch GET 200 https://registry.npmjs.org/@jimp%2fgif 14496ms (cache miss)
6585 silly packumentCache corgi:https://registry.npmjs.org/@jimp%2fgif set size:undefined disposed:false
6586 http fetch GET 200 https://registry.npmjs.org/@jimp%2fplugin-normalize 14796ms (cache miss)
6587 silly packumentCache corgi:https://registry.npmjs.org/@jimp%2fplugin-normalize set size:undefined disposed:false
6588 http fetch GET 200 https://registry.npmjs.org/@jimp%2fplugin-contain 14974ms (cache miss)
6589 silly packumentCache corgi:https://registry.npmjs.org/@jimp%2fplugin-contain set size:undefined disposed:false
6590 http fetch GET 200 https://registry.npmjs.org/@jimp%2fplugin-shadow 15133ms (cache miss)
6591 silly packumentCache corgi:https://registry.npmjs.org/@jimp%2fplugin-shadow set size:undefined disposed:false
6592 http fetch GET 200 https://registry.npmjs.org/jimp 15576ms (cache miss)
6593 silly packumentCache corgi:https://registry.npmjs.org/jimp set size:undefined disposed:false
6594 http fetch GET 200 https://registry.npmjs.org/@jimp%2fplugin-fisheye 16183ms (cache miss)
6595 silly packumentCache corgi:https://registry.npmjs.org/@jimp%2fplugin-fisheye set size:undefined disposed:false
6596 http fetch GET 200 https://registry.npmjs.org/@jimp%2fjpeg 16225ms (cache miss)
6597 silly packumentCache corgi:https://registry.npmjs.org/@jimp%2fjpeg set size:undefined disposed:false
6598 http fetch GET 200 https://registry.npmjs.org/@jimp%2fplugin-invert 16345ms (cache miss)
6599 silly packumentCache corgi:https://registry.npmjs.org/@jimp%2fplugin-invert set size:undefined disposed:false
6600 http fetch GET 200 https://registry.npmjs.org/@jimp%2fpng 16459ms (cache miss)
6601 silly packumentCache corgi:https://registry.npmjs.org/@jimp%2fpng set size:undefined disposed:false
6602 http fetch GET 200 https://registry.npmjs.org/@jimp%2fbmp 16602ms (cache miss)
6603 silly packumentCache corgi:https://registry.npmjs.org/@jimp%2fbmp set size:undefined disposed:false
6604 http fetch GET 200 https://registry.npmjs.org/@jimp%2fplugin-dither 16838ms (cache miss)
6605 silly packumentCache corgi:https://registry.npmjs.org/@jimp%2fplugin-dither set size:undefined disposed:false
6606 http fetch GET 200 https://registry.npmjs.org/chromium-bidi/-/chromium-bidi-16.0.1.tgz 139144ms (cache miss)
6607 http fetch GET 200 https://registry.npmjs.org/@aws-sdk/nested-clients/-/nested-clients-3.997.11.tgz 138787ms (cache miss)
6608 http fetch GET 200 https://registry.npmjs.org/moment/-/moment-2.30.1.tgz 137869ms (cache miss)
6609 http fetch GET 200 https://registry.npmjs.org/@aws-sdk/core/-/core-3.974.13.tgz 139460ms (cache miss)
6610 http fetch GET 200 https://registry.npmjs.org/zod/-/zod-3.25.76.tgz 141783ms (cache miss)
6611 http fetch GET 200 https://registry.npmjs.org/jsdom/-/jsdom-16.7.0.tgz 143518ms (cache miss)
6612 http fetch GET 200 https://registry.npmjs.org/libphonenumber-js/-/libphonenumber-js-1.13.2.tgz 145002ms (cache miss)
6613 http fetch GET 200 https://registry.npmjs.org/@smithy/core/-/core-3.24.4.tgz 148751ms (cache miss)
6614 http fetch GET 200 https://registry.npmjs.org/puppeteer-core/-/puppeteer-core-25.0.4.tgz 150173ms (cache miss)
6615 info run canvas@2.11.2 install node_modules/canvas node-pre-gyp install --fallback-to-build --update-binary
6616 info run sharp@0.32.6 install node_modules/sharp (node install/libvips && node install/dll-copy && prebuild-install) || (node install/can-compile && node-gyp rebuild && node install/dll-copy)
6617 info run sharp@0.30.7 install node_modules/wa-sticker-formatter/node_modules/sharp (node install/libvips && node install/dll-copy && prebuild-install) || (node install/can-compile && node-gyp rebuild && node install/dll-copy)
6618 info run sharp@0.30.7 install { code: 1, signal: null }
6619 info run sharp@0.32.6 install { code: 1, signal: null }
6620 verbose reify failed optional dependency /data/data/com.termux/files/home/xavi-bot-v1.5/node_modules/sharp
6621 silly reify mark deleted [ '/data/data/com.termux/files/home/xavi-bot-v1.5/node_modules/sharp' ]
6622 verbose reify failed optional dependency /data/data/com.termux/files/home/xavi-bot-v1.5/node_modules/sharp/node_modules/simple-get
6623 silly reify mark deleted [
6623 silly reify   '/data/data/com.termux/files/home/xavi-bot-v1.5/node_modules/sharp/node_modules/simple-get'
6623 silly reify ]
6624 verbose reify failed optional dependency /data/data/com.termux/files/home/xavi-bot-v1.5/node_modules/node-addon-api
6625 silly reify mark deleted [
6625 silly reify   '/data/data/com.termux/files/home/xavi-bot-v1.5/node_modules/node-addon-api'
6625 silly reify ]
6626 verbose reify failed optional dependency /data/data/com.termux/files/home/xavi-bot-v1.5/node_modules/sharp/node_modules/decompress-response
6627 silly reify mark deleted [
6627 silly reify   '/data/data/com.termux/files/home/xavi-bot-v1.5/node_modules/sharp/node_modules/decompress-response'
6627 silly reify ]
6628 verbose reify failed optional dependency /data/data/com.termux/files/home/xavi-bot-v1.5/node_modules/sharp/node_modules/mimic-response
6629 silly reify mark deleted [
6629 silly reify   '/data/data/com.termux/files/home/xavi-bot-v1.5/node_modules/sharp/node_modules/mimic-response'
6629 silly reify ]
6630 verbose stack Error: command failed
6630 verbose stack     at promiseSpawn (/data/data/com.termux/files/usr/lib/node_modules/npm/node_modules/@npmcli/promise-spawn/lib/index.js:22:22)
6630 verbose stack     at spawnWithShell (/data/data/com.termux/files/usr/lib/node_modules/npm/node_modules/@npmcli/promise-spawn/lib/index.js:124:10)
6630 verbose stack     at promiseSpawn (/data/data/com.termux/files/usr/lib/node_modules/npm/node_modules/@npmcli/promise-spawn/lib/index.js:12:12)
6630 verbose stack     at runScriptPkg (/data/data/com.termux/files/usr/lib/node_modules/npm/node_modules/@npmcli/run-script/lib/run-script-pkg.js:79:13)
6630 verbose stack     at runScript (/data/data/com.termux/files/usr/lib/node_modules/npm/node_modules/@npmcli/run-script/lib/run-script.js:9:12)
6630 verbose stack     at /data/data/com.termux/files/usr/lib/node_modules/npm/node_modules/@npmcli/arborist/lib/arborist/rebuild.js:328:17
6630 verbose stack     at run (/data/data/com.termux/files/usr/lib/node_modules/npm/node_modules/promise-call-limit/dist/commonjs/index.js:67:22)
6630 verbose stack     at /data/data/com.termux/files/usr/lib/node_modules/npm/node_modules/promise-call-limit/dist/commonjs/index.js:84:9
6630 verbose stack     at new Promise (<anonymous>)
6630 verbose stack     at callLimit (/data/data/com.termux/files/usr/lib/node_modules/npm/node_modules/promise-call-limit/dist/commonjs/index.js:35:69)
6631 verbose pkgid sharp@0.30.7
6632 error code 1
6633 error path /data/data/com.termux/files/home/xavi-bot-v1.5/node_modules/wa-sticker-formatter/node_modules/sharp
6634 error command failed
6635 error command sh -c (node install/libvips && node install/dll-copy && prebuild-install) || (node install/can-compile && node-gyp rebuild && node install/dll-copy)
6636 error sharp: Downloading https://github.com/lovell/sharp-libvips/releases/download/v8.12.2/libvips-8.12.2-android-arm64v8.tar.br
6636 error sharp: Please see https://sharp.pixelplumbing.com/install for required dependencies
6637 error sharp: Installation error: Prebuilt libvips 8.12.2 binaries are not yet available for android-arm64v8
6638 silly unfinished npm timer reify 1779408221035
6639 silly unfinished npm timer reify:build 1779408587040
6640 silly unfinished npm timer build 1779408587058
6641 silly unfinished npm timer build:deps 1779408587063
6642 silly unfinished npm timer build:run:install 1779408588172
6643 silly unfinished npm timer build:run:install:node_modules/canvas 1779408588176
6644 silly unfinished npm timer build:run:install:node_modules/wa-sticker-formatter/node_modules/sharp 1779408588565
6645 verbose cwd /data/data/com.termux/files/home/xavi-bot-v1.5
6646 verbose os Linux 4.19.111-27127798
6647 verbose node v26.1.0
6648 verbose npm  v11.15.0
6649 verbose exit 1
6650 verbose code 1
6651 error A complete log of this run can be found in: /data/data/com.termux/files/home/.npm/_logs/2026-05-22T00_03_36_240Z-debug-0.log
